ISO-10303-21;
HEADER;
FILE_DESCRIPTION(('KiCad electronic assembly'),'2;1');
FILE_NAME('GAUGE_Analog Instruments.step','2026-08-08T07:15:53',(
    'Pcbnew'),('Kicad'),'Open CASCADE STEP processor 7.8',
  'KiCad to STEP converter','Unknown');
FILE_SCHEMA(('AUTOMOTIVE_DESIGN { 1 0 10303 214 1 1 1 1 }'));
ENDSEC;
DATA;
#1 = APPLICATION_PROTOCOL_DEFINITION('international standard',
  'automotive_design',2000,#2);
#2 = APPLICATION_CONTEXT(
  'core data for automotive mechanical design processes');
#3 = SHAPE_DEFINITION_REPRESENTATION(#4,#10);
#4 = PRODUCT_DEFINITION_SHAPE('','',#5);
#5 = PRODUCT_DEFINITION('design','',#6,#9);
#6 = PRODUCT_DEFINITION_FORMATION('','',#7);
#7 = PRODUCT('GAUGE_Analog Instruments 1','GAUGE_Analog Instruments 1',
  '',(#8));
#8 = PRODUCT_CONTEXT('',#2,'mechanical');
#9 = PRODUCT_DEFINITION_CONTEXT('part definition',#2,'design');
#10 = SHAPE_REPRESENTATION('',(#11,#15,#19,#23,#27,#31,#35),#39);
#11 = AXIS2_PLACEMENT_3D('',#12,#13,#14);
#12 = CARTESIAN_POINT('',(0.,0.,0.));
#13 = DIRECTION('',(0.,0.,1.));
#14 = DIRECTION('',(1.,0.,-0.));
#15 = AXIS2_PLACEMENT_3D('',#16,#17,#18);
#16 = CARTESIAN_POINT('',(180.0155,-94.0119,-3.605));
#17 = DIRECTION('',(0.,-1.224646799147E-16,-1.));
#18 = DIRECTION('',(1.,0.,0.));
#19 = AXIS2_PLACEMENT_3D('',#20,#21,#22);
#20 = CARTESIAN_POINT('',(192.0155,-117.4396,1.595));
#21 = DIRECTION('',(-0.,0.,1.));
#22 = DIRECTION('',(1.110223024625E-16,-1.,0.));
#23 = AXIS2_PLACEMENT_3D('',#24,#25,#26);
#24 = CARTESIAN_POINT('',(173.6355,-118.6646,1.595));
#25 = DIRECTION('',(0.,0.,1.));
#26 = DIRECTION('',(1.,0.,0.));
#27 = AXIS2_PLACEMENT_3D('',#28,#29,#30);
#28 = CARTESIAN_POINT('',(161.0105,-80.6146,-8.5E-02));
#29 = DIRECTION('',(1.499759782662E-32,1.224646799147E-16,-1.));
#30 = DIRECTION('',(-1.,1.224646799147E-16,0.));
#31 = AXIS2_PLACEMENT_3D('',#32,#33,#34);
#32 = CARTESIAN_POINT('',(201.6655,-80.6846,-8.5E-02));
#33 = DIRECTION('',(1.499759782662E-32,1.224646799147E-16,-1.));
#34 = DIRECTION('',(-1.,1.224646799147E-16,0.));
#35 = AXIS2_PLACEMENT_3D('',#36,#37,#38);
#36 = CARTESIAN_POINT('',(0.,0.,0.));
#37 = DIRECTION('',(0.,0.,1.));
#38 = DIRECTION('',(1.,0.,-0.));
#39 = ( GEOMETRIC_REPRESENTATION_CONTEXT(3) 
GLOBAL_UNCERTAINTY_ASSIGNED_CONTEXT((#43)) GLOBAL_UNIT_ASSIGNED_CONTEXT(
(#40,#41,#42)) REPRESENTATION_CONTEXT('Context #1',
  '3D Context with UNIT and UNCERTAINTY') );
#40 = ( LENGTH_UNIT() NAMED_UNIT(*) SI_UNIT(.MILLI.,.METRE.) );
#41 = ( NAMED_UNIT(*) PLANE_ANGLE_UNIT() SI_UNIT($,.RADIAN.) );
#42 = ( NAMED_UNIT(*) SI_UNIT($,.STERADIAN.) SOLID_ANGLE_UNIT() );
#43 = UNCERTAINTY_MEASURE_WITH_UNIT(LENGTH_MEASURE(2.E-04),#40,
  'distance_accuracy_value','confusion accuracy');
#44 = PRODUCT_RELATED_PRODUCT_CATEGORY('part',$,(#7));
#45 = SHAPE_DEFINITION_REPRESENTATION(#46,#52);
#46 = PRODUCT_DEFINITION_SHAPE('','',#47);
#47 = PRODUCT_DEFINITION('design','',#48,#51);
#48 = PRODUCT_DEFINITION_FORMATION('','',#49);
#49 = PRODUCT('VID29-02P v1','VID29-02P v1','',(#50));
#50 = PRODUCT_CONTEXT('',#2,'mechanical');
#51 = PRODUCT_DEFINITION_CONTEXT('part definition',#2,'design');
#52 = SHAPE_REPRESENTATION('',(#11,#53,#1479),#4349);
#53 = MANIFOLD_SOLID_BREP('',#54);
#54 = CLOSED_SHELL('',(#55,#138,#155,#180,#205,#225,#250,#292,#318,#360,
    #402,#583,#625,#667,#695,#752,#780,#837,#859,#902,#929,#957,#985,
    #1013,#1025,#1052,#1079,#1091,#1103,#1121,#1138,#1156,#1173,#1198,
    #1207,#1232,#1241,#1266,#1275,#1300,#1309,#1334,#1343,#1368,#1377,
    #1402,#1411,#1436,#1445,#1470));
#55 = ADVANCED_FACE('',(#56,#111,#122),#133,.T.);
#56 = FACE_BOUND('',#57,.T.);
#57 = EDGE_LOOP('',(#58,#69,#78,#87,#96,#104));
#58 = ORIENTED_EDGE('',*,*,#59,.T.);
#59 = EDGE_CURVE('',#60,#62,#64,.T.);
#60 = VERTEX_POINT('',#61);
#61 = CARTESIAN_POINT('',(-14.78509259259,-1.846899301116,-2.2));
#62 = VERTEX_POINT('',#63);
#63 = CARTESIAN_POINT('',(-14.78509259259,1.846899301116,-2.2));
#64 = CIRCLE('',#65,2.25);
#65 = AXIS2_PLACEMENT_3D('',#66,#67,#68);
#66 = CARTESIAN_POINT('',(-13.5,4.884981308351E-16,-2.2));
#67 = DIRECTION('',(0.,2.22044604925E-16,-1.));
#68 = DIRECTION('',(0.,1.,2.22044604925E-16));
#69 = ORIENTED_EDGE('',*,*,#70,.T.);
#70 = EDGE_CURVE('',#62,#71,#73,.T.);
#71 = VERTEX_POINT('',#72);
#72 = CARTESIAN_POINT('',(14.785092592593,1.846899301116,-2.2));
#73 = CIRCLE('',#74,14.9);
#74 = AXIS2_PLACEMENT_3D('',#75,#76,#77);
#75 = CARTESIAN_POINT('',(0.,4.884981308351E-16,-2.2));
#76 = DIRECTION('',(0.,2.22044604925E-16,-1.));
#77 = DIRECTION('',(0.,1.,2.22044604925E-16));
#78 = ORIENTED_EDGE('',*,*,#79,.T.);
#79 = EDGE_CURVE('',#71,#80,#82,.T.);
#80 = VERTEX_POINT('',#81);
#81 = CARTESIAN_POINT('',(14.785092592593,-1.846899301116,-2.2));
#82 = CIRCLE('',#83,2.25);
#83 = AXIS2_PLACEMENT_3D('',#84,#85,#86);
#84 = CARTESIAN_POINT('',(13.5,3.795044488533E-15,-2.2));
#85 = DIRECTION('',(0.,2.22044604925E-16,-1.));
#86 = DIRECTION('',(0.,1.,2.22044604925E-16));
#87 = ORIENTED_EDGE('',*,*,#88,.T.);
#88 = EDGE_CURVE('',#80,#89,#91,.T.);
#89 = VERTEX_POINT('',#90);
#90 = CARTESIAN_POINT('',(4.513313638559,-14.2,-2.2));
#91 = CIRCLE('',#92,14.9);
#92 = AXIS2_PLACEMENT_3D('',#93,#94,#95);
#93 = CARTESIAN_POINT('',(0.,4.884981308351E-16,-2.2));
#94 = DIRECTION('',(0.,2.22044604925E-16,-1.));
#95 = DIRECTION('',(0.,1.,2.22044604925E-16));
#96 = ORIENTED_EDGE('',*,*,#97,.T.);
#97 = EDGE_CURVE('',#89,#98,#100,.T.);
#98 = VERTEX_POINT('',#99);
#99 = CARTESIAN_POINT('',(-4.513313638559,-14.2,-2.2));
#100 = LINE('',#101,#102);
#101 = CARTESIAN_POINT('',(4.513313638559,-14.2,-2.2));
#102 = VECTOR('',#103,1.);
#103 = DIRECTION('',(-1.,0.,0.));
#104 = ORIENTED_EDGE('',*,*,#105,.T.);
#105 = EDGE_CURVE('',#98,#60,#106,.T.);
#106 = CIRCLE('',#107,14.9);
#107 = AXIS2_PLACEMENT_3D('',#108,#109,#110);
#108 = CARTESIAN_POINT('',(0.,4.884981308351E-16,-2.2));
#109 = DIRECTION('',(0.,2.22044604925E-16,-1.));
#110 = DIRECTION('',(0.,1.,2.22044604925E-16));
#111 = FACE_BOUND('',#112,.T.);
#112 = EDGE_LOOP('',(#113));
#113 = ORIENTED_EDGE('',*,*,#114,.F.);
#114 = EDGE_CURVE('',#115,#115,#117,.T.);
#115 = VERTEX_POINT('',#116);
#116 = CARTESIAN_POINT('',(13.5,-1.3,-2.2));
#117 = CIRCLE('',#118,1.3);
#118 = AXIS2_PLACEMENT_3D('',#119,#120,#121);
#119 = CARTESIAN_POINT('',(13.5,3.795044488533E-15,-2.2));
#120 = DIRECTION('',(0.,2.22044604925E-16,-1.));
#121 = DIRECTION('',(0.,1.,2.22044604925E-16));
#122 = FACE_BOUND('',#123,.T.);
#123 = EDGE_LOOP('',(#124));
#124 = ORIENTED_EDGE('',*,*,#125,.F.);
#125 = EDGE_CURVE('',#126,#126,#128,.T.);
#126 = VERTEX_POINT('',#127);
#127 = CARTESIAN_POINT('',(-13.5,-1.3,-2.2));
#128 = CIRCLE('',#129,1.3);
#129 = AXIS2_PLACEMENT_3D('',#130,#131,#132);
#130 = CARTESIAN_POINT('',(-13.5,4.884981308351E-16,-2.2));
#131 = DIRECTION('',(0.,2.22044604925E-16,-1.));
#132 = DIRECTION('',(0.,1.,2.22044604925E-16));
#133 = PLANE('',#134);
#134 = AXIS2_PLACEMENT_3D('',#135,#136,#137);
#135 = CARTESIAN_POINT('',(-16.5154448309,15.01,-2.2));
#136 = DIRECTION('',(0.,2.22044604925E-16,-1.));
#137 = DIRECTION('',(0.,1.,2.22044604925E-16));
#138 = ADVANCED_FACE('',(#139),#150,.F.);
#139 = FACE_BOUND('',#140,.T.);
#140 = EDGE_LOOP('',(#141));
#141 = ORIENTED_EDGE('',*,*,#142,.F.);
#142 = EDGE_CURVE('',#143,#143,#145,.T.);
#143 = VERTEX_POINT('',#144);
#144 = CARTESIAN_POINT('',(-4.286263797016E-17,5.65,14.1));
#145 = CIRCLE('',#146,0.35);
#146 = AXIS2_PLACEMENT_3D('',#147,#148,#149);
#147 = CARTESIAN_POINT('',(0.,6.,14.1));
#148 = DIRECTION('',(0.,2.22044604925E-16,-1.));
#149 = DIRECTION('',(0.,1.,2.22044604925E-16));
#150 = PLANE('',#151);
#151 = AXIS2_PLACEMENT_3D('',#152,#153,#154);
#152 = CARTESIAN_POINT('',(0.,6.,14.1));
#153 = DIRECTION('',(0.,2.22044604925E-16,-1.));
#154 = DIRECTION('',(0.,1.,2.22044604925E-16));
#155 = ADVANCED_FACE('',(#156),#175,.T.);
#156 = FACE_BOUND('',#157,.T.);
#157 = EDGE_LOOP('',(#158,#167,#173,#174));
#158 = ORIENTED_EDGE('',*,*,#159,.F.);
#159 = EDGE_CURVE('',#160,#160,#162,.T.);
#160 = VERTEX_POINT('',#161);
#161 = CARTESIAN_POINT('',(-6.123233995737E-17,5.5,14.04540446486));
#162 = CIRCLE('',#163,0.5);
#163 = AXIS2_PLACEMENT_3D('',#164,#165,#166);
#164 = CARTESIAN_POINT('',(0.,6.,14.04540446486));
#165 = DIRECTION('',(0.,2.22044604925E-16,-1.));
#166 = DIRECTION('',(0.,1.,2.22044604925E-16));
#167 = ORIENTED_EDGE('',*,*,#168,.T.);
#168 = EDGE_CURVE('',#160,#143,#169,.T.);
#169 = LINE('',#170,#171);
#170 = CARTESIAN_POINT('',(-6.123233995737E-17,5.5,14.04540446486));
#171 = VECTOR('',#172,1.);
#172 = DIRECTION('',(1.150791560228E-16,0.939692620786,0.342020143326));
#173 = ORIENTED_EDGE('',*,*,#142,.T.);
#174 = ORIENTED_EDGE('',*,*,#168,.F.);
#175 = CONICAL_SURFACE('',#176,0.5,1.221730476396);
#176 = AXIS2_PLACEMENT_3D('',#177,#178,#179);
#177 = CARTESIAN_POINT('',(0.,6.,14.04540446486));
#178 = DIRECTION('',(0.,2.22044604925E-16,-1.));
#179 = DIRECTION('',(0.,1.,2.22044604925E-16));
#180 = ADVANCED_FACE('',(#181),#200,.T.);
#181 = FACE_BOUND('',#182,.T.);
#182 = EDGE_LOOP('',(#183,#192,#198,#199));
#183 = ORIENTED_EDGE('',*,*,#184,.F.);
#184 = EDGE_CURVE('',#185,#185,#187,.T.);
#185 = VERTEX_POINT('',#186);
#186 = CARTESIAN_POINT('',(-6.123233995737E-17,5.5,5.8));
#187 = CIRCLE('',#188,0.5);
#188 = AXIS2_PLACEMENT_3D('',#189,#190,#191);
#189 = CARTESIAN_POINT('',(0.,6.,5.8));
#190 = DIRECTION('',(0.,2.22044604925E-16,-1.));
#191 = DIRECTION('',(0.,1.,2.22044604925E-16));
#192 = ORIENTED_EDGE('',*,*,#193,.T.);
#193 = EDGE_CURVE('',#185,#160,#194,.T.);
#194 = LINE('',#195,#196);
#195 = CARTESIAN_POINT('',(-6.123233995737E-17,5.5,3.2));
#196 = VECTOR('',#197,1.);
#197 = DIRECTION('',(0.,-2.22044604925E-16,1.));
#198 = ORIENTED_EDGE('',*,*,#159,.T.);
#199 = ORIENTED_EDGE('',*,*,#193,.F.);
#200 = CYLINDRICAL_SURFACE('',#201,0.5);
#201 = AXIS2_PLACEMENT_3D('',#202,#203,#204);
#202 = CARTESIAN_POINT('',(0.,6.,3.2));
#203 = DIRECTION('',(0.,2.22044604925E-16,-1.));
#204 = DIRECTION('',(0.,1.,2.22044604925E-16));
#205 = ADVANCED_FACE('',(#206,#217),#220,.F.);
#206 = FACE_BOUND('',#207,.T.);
#207 = EDGE_LOOP('',(#208));
#208 = ORIENTED_EDGE('',*,*,#209,.F.);
#209 = EDGE_CURVE('',#210,#210,#212,.T.);
#210 = VERTEX_POINT('',#211);
#211 = CARTESIAN_POINT('',(-1.224646799147E-16,5.,5.8));
#212 = CIRCLE('',#213,1.);
#213 = AXIS2_PLACEMENT_3D('',#214,#215,#216);
#214 = CARTESIAN_POINT('',(0.,6.,5.8));
#215 = DIRECTION('',(0.,2.22044604925E-16,-1.));
#216 = DIRECTION('',(0.,1.,2.22044604925E-16));
#217 = FACE_BOUND('',#218,.T.);
#218 = EDGE_LOOP('',(#219));
#219 = ORIENTED_EDGE('',*,*,#184,.T.);
#220 = PLANE('',#221);
#221 = AXIS2_PLACEMENT_3D('',#222,#223,#224);
#222 = CARTESIAN_POINT('',(-0.5,6.,5.8));
#223 = DIRECTION('',(0.,2.22044604925E-16,-1.));
#224 = DIRECTION('',(0.,1.,2.22044604925E-16));
#225 = ADVANCED_FACE('',(#226),#245,.T.);
#226 = FACE_BOUND('',#227,.T.);
#227 = EDGE_LOOP('',(#228,#237,#243,#244));
#228 = ORIENTED_EDGE('',*,*,#229,.F.);
#229 = EDGE_CURVE('',#230,#230,#232,.T.);
#230 = VERTEX_POINT('',#231);
#231 = CARTESIAN_POINT('',(-1.224646799147E-16,5.,3.9));
#232 = CIRCLE('',#233,1.);
#233 = AXIS2_PLACEMENT_3D('',#234,#235,#236);
#234 = CARTESIAN_POINT('',(0.,6.,3.9));
#235 = DIRECTION('',(0.,2.22044604925E-16,-1.));
#236 = DIRECTION('',(0.,1.,2.22044604925E-16));
#237 = ORIENTED_EDGE('',*,*,#238,.T.);
#238 = EDGE_CURVE('',#230,#210,#239,.T.);
#239 = LINE('',#240,#241);
#240 = CARTESIAN_POINT('',(-1.224646799147E-16,5.,3.2));
#241 = VECTOR('',#242,1.);
#242 = DIRECTION('',(0.,-2.22044604925E-16,1.));
#243 = ORIENTED_EDGE('',*,*,#209,.T.);
#244 = ORIENTED_EDGE('',*,*,#238,.F.);
#245 = CYLINDRICAL_SURFACE('',#246,1.);
#246 = AXIS2_PLACEMENT_3D('',#247,#248,#249);
#247 = CARTESIAN_POINT('',(0.,6.,3.2));
#248 = DIRECTION('',(0.,2.22044604925E-16,-1.));
#249 = DIRECTION('',(0.,1.,2.22044604925E-16));
#250 = ADVANCED_FACE('',(#251),#287,.F.);
#251 = FACE_BOUND('',#252,.F.);
#252 = EDGE_LOOP('',(#253,#263,#270,#271,#280));
#253 = ORIENTED_EDGE('',*,*,#254,.T.);
#254 = EDGE_CURVE('',#255,#257,#259,.T.);
#255 = VERTEX_POINT('',#256);
#256 = CARTESIAN_POINT('',(-13.5,1.15,-2.05));
#257 = VERTEX_POINT('',#258);
#258 = CARTESIAN_POINT('',(-13.5,1.15,3.35));
#259 = LINE('',#260,#261);
#260 = CARTESIAN_POINT('',(-13.5,1.15,-3.5));
#261 = VECTOR('',#262,1.);
#262 = DIRECTION('',(0.,-2.22044604925E-16,1.));
#263 = ORIENTED_EDGE('',*,*,#264,.F.);
#264 = EDGE_CURVE('',#257,#257,#265,.T.);
#265 = CIRCLE('',#266,1.15);
#266 = AXIS2_PLACEMENT_3D('',#267,#268,#269);
#267 = CARTESIAN_POINT('',(-13.5,-7.438494264989E-16,3.35));
#268 = DIRECTION('',(0.,-2.22044604925E-16,1.));
#269 = DIRECTION('',(0.,-1.,-2.22044604925E-16));
#270 = ORIENTED_EDGE('',*,*,#254,.F.);
#271 = ORIENTED_EDGE('',*,*,#272,.F.);
#272 = EDGE_CURVE('',#273,#255,#275,.T.);
#273 = VERTEX_POINT('',#274);
#274 = CARTESIAN_POINT('',(-13.5,-1.15,-2.05));
#275 = CIRCLE('',#276,1.15);
#276 = AXIS2_PLACEMENT_3D('',#277,#278,#279);
#277 = CARTESIAN_POINT('',(-13.5,4.551914400963E-16,-2.05));
#278 = DIRECTION('',(0.,2.22044604925E-16,-1.));
#279 = DIRECTION('',(0.,1.,2.22044604925E-16));
#280 = ORIENTED_EDGE('',*,*,#281,.F.);
#281 = EDGE_CURVE('',#255,#273,#282,.T.);
#282 = CIRCLE('',#283,1.15);
#283 = AXIS2_PLACEMENT_3D('',#284,#285,#286);
#284 = CARTESIAN_POINT('',(-13.5,4.551914400963E-16,-2.05));
#285 = DIRECTION('',(0.,2.22044604925E-16,-1.));
#286 = DIRECTION('',(0.,1.,2.22044604925E-16));
#287 = CYLINDRICAL_SURFACE('',#288,1.15);
#288 = AXIS2_PLACEMENT_3D('',#289,#290,#291);
#289 = CARTESIAN_POINT('',(-13.5,7.771561172376E-16,-3.5));
#290 = DIRECTION('',(0.,-2.22044604925E-16,1.));
#291 = DIRECTION('',(0.,-1.,-2.22044604925E-16));
#292 = ADVANCED_FACE('',(#293),#313,.F.);
#293 = FACE_BOUND('',#294,.F.);
#294 = EDGE_LOOP('',(#295,#304,#305,#306));
#295 = ORIENTED_EDGE('',*,*,#296,.T.);
#296 = EDGE_CURVE('',#297,#230,#299,.T.);
#297 = VERTEX_POINT('',#298);
#298 = CARTESIAN_POINT('',(-2.081899558551E-16,4.3,3.2));
#299 = CIRCLE('',#300,0.7);
#300 = AXIS2_PLACEMENT_3D('',#301,#302,#303);
#301 = CARTESIAN_POINT('',(-2.081899558551E-16,4.3,3.9));
#302 = DIRECTION('',(1.,-1.224646799147E-16,-2.719262146894E-32));
#303 = DIRECTION('',(-1.224646799147E-16,-1.,-2.312964634636E-16));
#304 = ORIENTED_EDGE('',*,*,#229,.F.);
#305 = ORIENTED_EDGE('',*,*,#296,.F.);
#306 = ORIENTED_EDGE('',*,*,#307,.T.);
#307 = EDGE_CURVE('',#297,#297,#308,.T.);
#308 = CIRCLE('',#309,1.7);
#309 = AXIS2_PLACEMENT_3D('',#310,#311,#312);
#310 = CARTESIAN_POINT('',(0.,6.,3.2));
#311 = DIRECTION('',(0.,2.22044604925E-16,-1.));
#312 = DIRECTION('',(0.,1.,2.22044604925E-16));
#313 = TOROIDAL_SURFACE('',#314,1.7,0.7);
#314 = AXIS2_PLACEMENT_3D('',#315,#316,#317);
#315 = CARTESIAN_POINT('',(0.,6.,3.9));
#316 = DIRECTION('',(0.,2.22044604925E-16,-1.));
#317 = DIRECTION('',(0.,1.,2.22044604925E-16));
#318 = ADVANCED_FACE('',(#319),#355,.F.);
#319 = FACE_BOUND('',#320,.F.);
#320 = EDGE_LOOP('',(#321,#331,#338,#339,#348));
#321 = ORIENTED_EDGE('',*,*,#322,.T.);
#322 = EDGE_CURVE('',#323,#325,#327,.T.);
#323 = VERTEX_POINT('',#324);
#324 = CARTESIAN_POINT('',(13.5,1.15,-2.05));
#325 = VERTEX_POINT('',#326);
#326 = CARTESIAN_POINT('',(13.5,1.15,3.35));
#327 = LINE('',#328,#329);
#328 = CARTESIAN_POINT('',(13.5,1.15,-3.5));
#329 = VECTOR('',#330,1.);
#330 = DIRECTION('',(0.,-2.22044604925E-16,1.));
#331 = ORIENTED_EDGE('',*,*,#332,.F.);
#332 = EDGE_CURVE('',#325,#325,#333,.T.);
#333 = CIRCLE('',#334,1.15);
#334 = AXIS2_PLACEMENT_3D('',#335,#336,#337);
#335 = CARTESIAN_POINT('',(13.5,2.562696931199E-15,3.35));
#336 = DIRECTION('',(0.,-2.22044604925E-16,1.));
#337 = DIRECTION('',(0.,-1.,-2.22044604925E-16));
#338 = ORIENTED_EDGE('',*,*,#322,.F.);
#339 = ORIENTED_EDGE('',*,*,#340,.F.);
#340 = EDGE_CURVE('',#341,#323,#343,.T.);
#341 = VERTEX_POINT('',#342);
#342 = CARTESIAN_POINT('',(13.5,-1.15,-2.05));
#343 = CIRCLE('',#344,1.15);
#344 = AXIS2_PLACEMENT_3D('',#345,#346,#347);
#345 = CARTESIAN_POINT('',(13.5,3.761737797794E-15,-2.05));
#346 = DIRECTION('',(0.,2.22044604925E-16,-1.));
#347 = DIRECTION('',(0.,1.,2.22044604925E-16));
#348 = ORIENTED_EDGE('',*,*,#349,.F.);
#349 = EDGE_CURVE('',#323,#341,#350,.T.);
#350 = CIRCLE('',#351,1.15);
#351 = AXIS2_PLACEMENT_3D('',#352,#353,#354);
#352 = CARTESIAN_POINT('',(13.5,3.761737797794E-15,-2.05));
#353 = DIRECTION('',(0.,2.22044604925E-16,-1.));
#354 = DIRECTION('',(0.,1.,2.22044604925E-16));
#355 = CYLINDRICAL_SURFACE('',#356,1.15);
#356 = AXIS2_PLACEMENT_3D('',#357,#358,#359);
#357 = CARTESIAN_POINT('',(13.5,4.083702474935E-15,-3.5));
#358 = DIRECTION('',(0.,-2.22044604925E-16,1.));
#359 = DIRECTION('',(0.,-1.,-2.22044604925E-16));
#360 = ADVANCED_FACE('',(#361),#397,.T.);
#361 = FACE_BOUND('',#362,.T.);
#362 = EDGE_LOOP('',(#363,#373,#382,#390));
#363 = ORIENTED_EDGE('',*,*,#364,.F.);
#364 = EDGE_CURVE('',#365,#367,#369,.T.);
#365 = VERTEX_POINT('',#366);
#366 = CARTESIAN_POINT('',(-14.87879629629,-1.903003093355,-2.1));
#367 = VERTEX_POINT('',#368);
#368 = CARTESIAN_POINT('',(-14.87879629629,-1.903003093355,3.1));
#369 = LINE('',#370,#371);
#370 = CARTESIAN_POINT('',(-14.87879629629,-1.903003093355,-2.1));
#371 = VECTOR('',#372,1.);
#372 = DIRECTION('',(0.,-2.22044604925E-16,1.));
#373 = ORIENTED_EDGE('',*,*,#374,.F.);
#374 = EDGE_CURVE('',#375,#365,#377,.T.);
#375 = VERTEX_POINT('',#376);
#376 = CARTESIAN_POINT('',(-4.52879674969,-14.3,-2.1));
#377 = CIRCLE('',#378,15.);
#378 = AXIS2_PLACEMENT_3D('',#379,#380,#381);
#379 = CARTESIAN_POINT('',(0.,4.662936703426E-16,-2.1));
#380 = DIRECTION('',(0.,2.22044604925E-16,-1.));
#381 = DIRECTION('',(0.,1.,2.22044604925E-16));
#382 = ORIENTED_EDGE('',*,*,#383,.F.);
#383 = EDGE_CURVE('',#384,#375,#386,.T.);
#384 = VERTEX_POINT('',#385);
#385 = CARTESIAN_POINT('',(-4.52879674969,-14.3,3.1));
#386 = LINE('',#387,#388);
#387 = CARTESIAN_POINT('',(-4.52879674969,-14.3,3.1));
#388 = VECTOR('',#389,1.);
#389 = DIRECTION('',(0.,2.22044604925E-16,-1.));
#390 = ORIENTED_EDGE('',*,*,#391,.F.);
#391 = EDGE_CURVE('',#367,#384,#392,.T.);
#392 = CIRCLE('',#393,15.);
#393 = AXIS2_PLACEMENT_3D('',#394,#395,#396);
#394 = CARTESIAN_POINT('',(0.,-6.883382752676E-16,3.1));
#395 = DIRECTION('',(0.,-2.22044604925E-16,1.));
#396 = DIRECTION('',(0.,-1.,-2.22044604925E-16));
#397 = CYLINDRICAL_SURFACE('',#398,15.);
#398 = AXIS2_PLACEMENT_3D('',#399,#400,#401);
#399 = CARTESIAN_POINT('',(0.,-7.105427357601E-16,3.2));
#400 = DIRECTION('',(0.,2.22044604925E-16,-1.));
#401 = DIRECTION('',(0.,1.,2.22044604925E-16));
#402 = ADVANCED_FACE('',(#403,#476,#479,#490,#501,#512,#523,#534,#545,
    #556,#567),#578,.T.);
#403 = FACE_BOUND('',#404,.T.);
#404 = EDGE_LOOP('',(#405,#416,#425,#434,#443,#452,#460,#469));
#405 = ORIENTED_EDGE('',*,*,#406,.F.);
#406 = EDGE_CURVE('',#407,#409,#411,.T.);
#407 = VERTEX_POINT('',#408);
#408 = CARTESIAN_POINT('',(14.768055555556,1.978518412354,3.2));
#409 = VERTEX_POINT('',#410);
#410 = CARTESIAN_POINT('',(13.5,2.35,3.2));
#411 = CIRCLE('',#412,2.35);
#412 = AXIS2_PLACEMENT_3D('',#413,#414,#415);
#413 = CARTESIAN_POINT('',(13.5,2.596003621938E-15,3.2));
#414 = DIRECTION('',(0.,-2.22044604925E-16,1.));
#415 = DIRECTION('',(0.,-1.,-2.22044604925E-16));
#416 = ORIENTED_EDGE('',*,*,#417,.T.);
#417 = EDGE_CURVE('',#407,#418,#420,.T.);
#418 = VERTEX_POINT('',#419);
#419 = CARTESIAN_POINT('',(-14.76805555555,1.978518412354,3.2));
#420 = CIRCLE('',#421,14.9);
#421 = AXIS2_PLACEMENT_3D('',#422,#423,#424);
#422 = CARTESIAN_POINT('',(0.,-7.105427357601E-16,3.2));
#423 = DIRECTION('',(0.,-2.22044604925E-16,1.));
#424 = DIRECTION('',(0.,-1.,-2.22044604925E-16));
#425 = ORIENTED_EDGE('',*,*,#426,.F.);
#426 = EDGE_CURVE('',#427,#418,#429,.T.);
#427 = VERTEX_POINT('',#428);
#428 = CARTESIAN_POINT('',(-13.5,2.35,3.2));
#429 = CIRCLE('',#430,2.35);
#430 = AXIS2_PLACEMENT_3D('',#431,#432,#433);
#431 = CARTESIAN_POINT('',(-13.5,-7.105427357601E-16,3.2));
#432 = DIRECTION('',(0.,-2.22044604925E-16,1.));
#433 = DIRECTION('',(0.,-1.,-2.22044604925E-16));
#434 = ORIENTED_EDGE('',*,*,#435,.F.);
#435 = EDGE_CURVE('',#436,#427,#438,.T.);
#436 = VERTEX_POINT('',#437);
#437 = CARTESIAN_POINT('',(-14.76805555555,-1.978518412354,3.2));
#438 = CIRCLE('',#439,2.35);
#439 = AXIS2_PLACEMENT_3D('',#440,#441,#442);
#440 = CARTESIAN_POINT('',(-13.5,-7.105427357601E-16,3.2));
#441 = DIRECTION('',(0.,-2.22044604925E-16,1.));
#442 = DIRECTION('',(0.,-1.,-2.22044604925E-16));
#443 = ORIENTED_EDGE('',*,*,#444,.T.);
#444 = EDGE_CURVE('',#436,#445,#447,.T.);
#445 = VERTEX_POINT('',#446);
#446 = CARTESIAN_POINT('',(-4.513313638559,-14.2,3.2));
#447 = CIRCLE('',#448,14.9);
#448 = AXIS2_PLACEMENT_3D('',#449,#450,#451);
#449 = CARTESIAN_POINT('',(0.,-7.105427357601E-16,3.2));
#450 = DIRECTION('',(0.,-2.22044604925E-16,1.));
#451 = DIRECTION('',(0.,-1.,-2.22044604925E-16));
#452 = ORIENTED_EDGE('',*,*,#453,.T.);
#453 = EDGE_CURVE('',#445,#454,#456,.T.);
#454 = VERTEX_POINT('',#455);
#455 = CARTESIAN_POINT('',(4.513313638559,-14.2,3.2));
#456 = LINE('',#457,#458);
#457 = CARTESIAN_POINT('',(-4.513313638559,-14.2,3.2));
#458 = VECTOR('',#459,1.);
#459 = DIRECTION('',(1.,0.,0.));
#460 = ORIENTED_EDGE('',*,*,#461,.T.);
#461 = EDGE_CURVE('',#454,#462,#464,.T.);
#462 = VERTEX_POINT('',#463);
#463 = CARTESIAN_POINT('',(14.768055555556,-1.978518412354,3.2));
#464 = CIRCLE('',#465,14.9);
#465 = AXIS2_PLACEMENT_3D('',#466,#467,#468);
#466 = CARTESIAN_POINT('',(0.,-7.105427357601E-16,3.2));
#467 = DIRECTION('',(0.,-2.22044604925E-16,1.));
#468 = DIRECTION('',(0.,-1.,-2.22044604925E-16));
#469 = ORIENTED_EDGE('',*,*,#470,.F.);
#470 = EDGE_CURVE('',#409,#462,#471,.T.);
#471 = CIRCLE('',#472,2.35);
#472 = AXIS2_PLACEMENT_3D('',#473,#474,#475);
#473 = CARTESIAN_POINT('',(13.5,2.596003621938E-15,3.2));
#474 = DIRECTION('',(0.,-2.22044604925E-16,1.));
#475 = DIRECTION('',(0.,-1.,-2.22044604925E-16));
#476 = FACE_BOUND('',#477,.T.);
#477 = EDGE_LOOP('',(#478));
#478 = ORIENTED_EDGE('',*,*,#307,.T.);
#479 = FACE_BOUND('',#480,.T.);
#480 = EDGE_LOOP('',(#481));
#481 = ORIENTED_EDGE('',*,*,#482,.F.);
#482 = EDGE_CURVE('',#483,#483,#485,.T.);
#483 = VERTEX_POINT('',#484);
#484 = CARTESIAN_POINT('',(2.015653442962,-13.55904118155,3.2));
#485 = CIRCLE('',#486,0.5);
#486 = AXIS2_PLACEMENT_3D('',#487,#488,#489);
#487 = CARTESIAN_POINT('',(2.015653442962,-13.05904118155,3.2));
#488 = DIRECTION('',(0.,-2.22044604925E-16,1.));
#489 = DIRECTION('',(0.,1.,2.22044604925E-16));
#490 = FACE_BOUND('',#491,.T.);
#491 = EDGE_LOOP('',(#492));
#492 = ORIENTED_EDGE('',*,*,#493,.F.);
#493 = EDGE_CURVE('',#494,#494,#496,.T.);
#494 = VERTEX_POINT('',#495);
#495 = CARTESIAN_POINT('',(-2.015653442962,-13.55904118155,3.2));
#496 = CIRCLE('',#497,0.5);
#497 = AXIS2_PLACEMENT_3D('',#498,#499,#500);
#498 = CARTESIAN_POINT('',(-2.015653442962,-13.05904118155,3.2));
#499 = DIRECTION('',(0.,-2.22044604925E-16,1.));
#500 = DIRECTION('',(0.,-1.,-2.22044604925E-16));
#501 = FACE_BOUND('',#502,.T.);
#502 = EDGE_LOOP('',(#503));
#503 = ORIENTED_EDGE('',*,*,#504,.F.);
#504 = EDGE_CURVE('',#505,#505,#507,.T.);
#505 = VERTEX_POINT('',#506);
#506 = CARTESIAN_POINT('',(0.,-2.014694675165,3.2));
#507 = CIRCLE('',#508,0.5);
#508 = AXIS2_PLACEMENT_3D('',#509,#510,#511);
#509 = CARTESIAN_POINT('',(0.,-1.514694675165,3.2));
#510 = DIRECTION('',(0.,-2.22044604925E-16,1.));
#511 = DIRECTION('',(0.,-1.,-2.22044604925E-16));
#512 = FACE_BOUND('',#513,.T.);
#513 = EDGE_LOOP('',(#514));
#514 = ORIENTED_EDGE('',*,*,#515,.F.);
#515 = EDGE_CURVE('',#516,#516,#518,.T.);
#516 = VERTEX_POINT('',#517);
#517 = CARTESIAN_POINT('',(-13.10784345232,-4.038249143739,3.2));
#518 = CIRCLE('',#519,0.5);
#519 = AXIS2_PLACEMENT_3D('',#520,#521,#522);
#520 = CARTESIAN_POINT('',(-13.10784345232,-3.538249143739,3.2));
#521 = DIRECTION('',(0.,-2.22044604925E-16,1.));
#522 = DIRECTION('',(0.,1.,2.22044604925E-16));
#523 = FACE_BOUND('',#524,.T.);
#524 = EDGE_LOOP('',(#525));
#525 = ORIENTED_EDGE('',*,*,#526,.F.);
#526 = EDGE_CURVE('',#527,#527,#529,.T.);
#527 = VERTEX_POINT('',#528);
#528 = CARTESIAN_POINT('',(13.107843452322,-4.038249143739,3.2));
#529 = CIRCLE('',#530,0.5);
#530 = AXIS2_PLACEMENT_3D('',#531,#532,#533);
#531 = CARTESIAN_POINT('',(13.107843452322,-3.538249143739,3.2));
#532 = DIRECTION('',(0.,-2.22044604925E-16,1.));
#533 = DIRECTION('',(0.,-1.,-2.22044604925E-16));
#534 = FACE_BOUND('',#535,.T.);
#535 = EDGE_LOOP('',(#536));
#536 = ORIENTED_EDGE('',*,*,#537,.F.);
#537 = EDGE_CURVE('',#538,#538,#540,.T.);
#538 = VERTEX_POINT('',#539);
#539 = CARTESIAN_POINT('',(13.107843452322,3.038249143739,3.2));
#540 = CIRCLE('',#541,0.5);
#541 = AXIS2_PLACEMENT_3D('',#542,#543,#544);
#542 = CARTESIAN_POINT('',(13.107843452322,3.538249143739,3.2));
#543 = DIRECTION('',(0.,-2.22044604925E-16,1.));
#544 = DIRECTION('',(0.,1.,2.22044604925E-16));
#545 = FACE_BOUND('',#546,.T.);
#546 = EDGE_LOOP('',(#547));
#547 = ORIENTED_EDGE('',*,*,#548,.F.);
#548 = EDGE_CURVE('',#549,#549,#551,.T.);
#549 = VERTEX_POINT('',#550);
#550 = CARTESIAN_POINT('',(6.556772799595,11.578138301642,3.2));
#551 = CIRCLE('',#552,0.5);
#552 = AXIS2_PLACEMENT_3D('',#553,#554,#555);
#553 = CARTESIAN_POINT('',(6.556772799595,12.078138301642,3.2));
#554 = DIRECTION('',(0.,-2.22044604925E-16,1.));
#555 = DIRECTION('',(0.,1.,2.22044604925E-16));
#556 = FACE_BOUND('',#557,.T.);
#557 = EDGE_LOOP('',(#558));
#558 = ORIENTED_EDGE('',*,*,#559,.F.);
#559 = EDGE_CURVE('',#560,#560,#562,.T.);
#560 = VERTEX_POINT('',#561);
#561 = CARTESIAN_POINT('',(-13.10784345232,3.038249143739,3.2));
#562 = CIRCLE('',#563,0.5);
#563 = AXIS2_PLACEMENT_3D('',#564,#565,#566);
#564 = CARTESIAN_POINT('',(-13.10784345232,3.538249143739,3.2));
#565 = DIRECTION('',(0.,-2.22044604925E-16,1.));
#566 = DIRECTION('',(0.,-1.,-2.22044604925E-16));
#567 = FACE_BOUND('',#568,.T.);
#568 = EDGE_LOOP('',(#569));
#569 = ORIENTED_EDGE('',*,*,#570,.F.);
#570 = EDGE_CURVE('',#571,#571,#573,.T.);
#571 = VERTEX_POINT('',#572);
#572 = CARTESIAN_POINT('',(-6.556772799595,11.578138301642,3.2));
#573 = CIRCLE('',#574,0.5);
#574 = AXIS2_PLACEMENT_3D('',#575,#576,#577);
#575 = CARTESIAN_POINT('',(-6.556772799595,12.078138301642,3.2));
#576 = DIRECTION('',(0.,-2.22044604925E-16,1.));
#577 = DIRECTION('',(0.,-1.,-2.22044604925E-16));
#578 = PLANE('',#579);
#579 = AXIS2_PLACEMENT_3D('',#580,#581,#582);
#580 = CARTESIAN_POINT('',(0.,-7.105427357601E-16,3.2));
#581 = DIRECTION('',(0.,-2.22044604925E-16,1.));
#582 = DIRECTION('',(0.,-1.,-2.22044604925E-16));
#583 = ADVANCED_FACE('',(#584),#620,.T.);
#584 = FACE_BOUND('',#585,.T.);
#585 = EDGE_LOOP('',(#586,#596,#605,#613));
#586 = ORIENTED_EDGE('',*,*,#587,.T.);
#587 = EDGE_CURVE('',#588,#590,#592,.T.);
#588 = VERTEX_POINT('',#589);
#589 = CARTESIAN_POINT('',(-14.87879629629,1.903003093355,-2.1));
#590 = VERTEX_POINT('',#591);
#591 = CARTESIAN_POINT('',(-14.87879629629,1.903003093355,3.1));
#592 = LINE('',#593,#594);
#593 = CARTESIAN_POINT('',(-14.87879629629,1.903003093355,-2.1));
#594 = VECTOR('',#595,1.);
#595 = DIRECTION('',(0.,-2.22044604925E-16,1.));
#596 = ORIENTED_EDGE('',*,*,#597,.F.);
#597 = EDGE_CURVE('',#598,#590,#600,.T.);
#598 = VERTEX_POINT('',#599);
#599 = CARTESIAN_POINT('',(14.878796296296,1.903003093355,3.1));
#600 = CIRCLE('',#601,15.);
#601 = AXIS2_PLACEMENT_3D('',#602,#603,#604);
#602 = CARTESIAN_POINT('',(0.,-6.883382752676E-16,3.1));
#603 = DIRECTION('',(0.,-2.22044604925E-16,1.));
#604 = DIRECTION('',(0.,-1.,-2.22044604925E-16));
#605 = ORIENTED_EDGE('',*,*,#606,.F.);
#606 = EDGE_CURVE('',#607,#598,#609,.T.);
#607 = VERTEX_POINT('',#608);
#608 = CARTESIAN_POINT('',(14.878796296296,1.903003093355,-2.1));
#609 = LINE('',#610,#611);
#610 = CARTESIAN_POINT('',(14.878796296296,1.903003093355,-2.1));
#611 = VECTOR('',#612,1.);
#612 = DIRECTION('',(0.,-2.22044604925E-16,1.));
#613 = ORIENTED_EDGE('',*,*,#614,.F.);
#614 = EDGE_CURVE('',#588,#607,#615,.T.);
#615 = CIRCLE('',#616,15.);
#616 = AXIS2_PLACEMENT_3D('',#617,#618,#619);
#617 = CARTESIAN_POINT('',(0.,4.662936703426E-16,-2.1));
#618 = DIRECTION('',(0.,2.22044604925E-16,-1.));
#619 = DIRECTION('',(0.,1.,2.22044604925E-16));
#620 = CYLINDRICAL_SURFACE('',#621,15.);
#621 = AXIS2_PLACEMENT_3D('',#622,#623,#624);
#622 = CARTESIAN_POINT('',(0.,-7.105427357601E-16,3.2));
#623 = DIRECTION('',(0.,2.22044604925E-16,-1.));
#624 = DIRECTION('',(0.,1.,2.22044604925E-16));
#625 = ADVANCED_FACE('',(#626),#662,.T.);
#626 = FACE_BOUND('',#627,.T.);
#627 = EDGE_LOOP('',(#628,#638,#647,#655));
#628 = ORIENTED_EDGE('',*,*,#629,.T.);
#629 = EDGE_CURVE('',#630,#632,#634,.T.);
#630 = VERTEX_POINT('',#631);
#631 = CARTESIAN_POINT('',(4.52879674969,-14.3,3.1));
#632 = VERTEX_POINT('',#633);
#633 = CARTESIAN_POINT('',(4.52879674969,-14.3,-2.1));
#634 = LINE('',#635,#636);
#635 = CARTESIAN_POINT('',(4.52879674969,-14.3,3.1));
#636 = VECTOR('',#637,1.);
#637 = DIRECTION('',(0.,2.22044604925E-16,-1.));
#638 = ORIENTED_EDGE('',*,*,#639,.F.);
#639 = EDGE_CURVE('',#640,#632,#642,.T.);
#640 = VERTEX_POINT('',#641);
#641 = CARTESIAN_POINT('',(14.878796296296,-1.903003093355,-2.1));
#642 = CIRCLE('',#643,15.);
#643 = AXIS2_PLACEMENT_3D('',#644,#645,#646);
#644 = CARTESIAN_POINT('',(0.,4.662936703426E-16,-2.1));
#645 = DIRECTION('',(0.,2.22044604925E-16,-1.));
#646 = DIRECTION('',(0.,1.,2.22044604925E-16));
#647 = ORIENTED_EDGE('',*,*,#648,.T.);
#648 = EDGE_CURVE('',#640,#649,#651,.T.);
#649 = VERTEX_POINT('',#650);
#650 = CARTESIAN_POINT('',(14.878796296296,-1.903003093355,3.1));
#651 = LINE('',#652,#653);
#652 = CARTESIAN_POINT('',(14.878796296296,-1.903003093355,-2.1));
#653 = VECTOR('',#654,1.);
#654 = DIRECTION('',(0.,-2.22044604925E-16,1.));
#655 = ORIENTED_EDGE('',*,*,#656,.F.);
#656 = EDGE_CURVE('',#630,#649,#657,.T.);
#657 = CIRCLE('',#658,15.);
#658 = AXIS2_PLACEMENT_3D('',#659,#660,#661);
#659 = CARTESIAN_POINT('',(0.,-6.883382752676E-16,3.1));
#660 = DIRECTION('',(0.,-2.22044604925E-16,1.));
#661 = DIRECTION('',(0.,-1.,-2.22044604925E-16));
#662 = CYLINDRICAL_SURFACE('',#663,15.);
#663 = AXIS2_PLACEMENT_3D('',#664,#665,#666);
#664 = CARTESIAN_POINT('',(0.,-7.105427357601E-16,3.2));
#665 = DIRECTION('',(0.,2.22044604925E-16,-1.));
#666 = DIRECTION('',(0.,1.,2.22044604925E-16));
#667 = ADVANCED_FACE('',(#668,#679),#690,.T.);
#668 = FACE_BOUND('',#669,.T.);
#669 = EDGE_LOOP('',(#670));
#670 = ORIENTED_EDGE('',*,*,#671,.T.);
#671 = EDGE_CURVE('',#672,#672,#674,.T.);
#672 = VERTEX_POINT('',#673);
#673 = CARTESIAN_POINT('',(13.5,2.35,3.5));
#674 = CIRCLE('',#675,2.35);
#675 = AXIS2_PLACEMENT_3D('',#676,#677,#678);
#676 = CARTESIAN_POINT('',(13.5,2.52939024046E-15,3.5));
#677 = DIRECTION('',(0.,-2.22044604925E-16,1.));
#678 = DIRECTION('',(0.,-1.,-2.22044604925E-16));
#679 = FACE_BOUND('',#680,.T.);
#680 = EDGE_LOOP('',(#681));
#681 = ORIENTED_EDGE('',*,*,#682,.F.);
#682 = EDGE_CURVE('',#683,#683,#685,.T.);
#683 = VERTEX_POINT('',#684);
#684 = CARTESIAN_POINT('',(13.5,1.3,3.5));
#685 = CIRCLE('',#686,1.3);
#686 = AXIS2_PLACEMENT_3D('',#687,#688,#689);
#687 = CARTESIAN_POINT('',(13.5,2.52939024046E-15,3.5));
#688 = DIRECTION('',(0.,-2.22044604925E-16,1.));
#689 = DIRECTION('',(0.,-1.,-2.22044604925E-16));
#690 = PLANE('',#691);
#691 = AXIS2_PLACEMENT_3D('',#692,#693,#694);
#692 = CARTESIAN_POINT('',(13.5,2.52939024046E-15,3.5));
#693 = DIRECTION('',(0.,-2.22044604925E-16,1.));
#694 = DIRECTION('',(0.,-1.,-2.22044604925E-16));
#695 = ADVANCED_FACE('',(#696),#747,.T.);
#696 = FACE_BOUND('',#697,.T.);
#697 = EDGE_LOOP('',(#698,#699,#705,#706,#721,#722,#729,#730,#745,#746)
  );
#698 = ORIENTED_EDGE('',*,*,#671,.F.);
#699 = ORIENTED_EDGE('',*,*,#700,.T.);
#700 = EDGE_CURVE('',#672,#409,#701,.T.);
#701 = LINE('',#702,#703);
#702 = CARTESIAN_POINT('',(13.5,2.35,-3.5));
#703 = VECTOR('',#704,1.);
#704 = DIRECTION('',(0.,2.22044604925E-16,-1.));
#705 = ORIENTED_EDGE('',*,*,#470,.T.);
#706 = ORIENTED_EDGE('',*,*,#707,.T.);
#707 = EDGE_CURVE('',#462,#649,#708,.T.);
#708 = B_SPLINE_CURVE_WITH_KNOTS('',3,(#709,#710,#711,#712,#713,#714,
    #715,#716,#717,#718,#719,#720),.UNSPECIFIED.,.F.,.F.,(4,2,2,2,2,4),(
    5.112189148521E-02,5.358368193464E-02,5.908698133487E-02,
    6.341961229968E-02,6.600667561889E-02,6.846658565874E-02),
  .UNSPECIFIED.);
#709 = CARTESIAN_POINT('',(14.768055555556,-1.978518412354,3.2));
#710 = CARTESIAN_POINT('',(14.775982609128,-1.973437871148,3.2));
#711 = CARTESIAN_POINT('',(14.78390807498,-1.968290364497,3.199226418208
    ));
#712 = CARTESIAN_POINT('',(14.809105114335,-1.951711580877,
    3.194231321031));
#713 = CARTESIAN_POINT('',(14.825437548024,-1.940617808174,
    3.187008924601));
#714 = CARTESIAN_POINT('',(14.850107770963,-1.923508226828,
    3.168294724774));
#715 = CARTESIAN_POINT('',(14.859212330001,-1.917057840189,
    3.158189703551));
#716 = CARTESIAN_POINT('',(14.87000136439,-1.909350893551,3.139766561446
    ));
#717 = CARTESIAN_POINT('',(14.873293718772,-1.906979821866,
    3.132200900256));
#718 = CARTESIAN_POINT('',(14.877676861343,-1.903815486976,3.11626358123
    ));
#719 = CARTESIAN_POINT('',(14.878796296296,-1.903003093355,
    3.108199700133));
#720 = CARTESIAN_POINT('',(14.878796296296,-1.903003093355,3.1));
#721 = ORIENTED_EDGE('',*,*,#648,.F.);
#722 = ORIENTED_EDGE('',*,*,#723,.F.);
#723 = EDGE_CURVE('',#607,#640,#724,.T.);
#724 = CIRCLE('',#725,2.35);
#725 = AXIS2_PLACEMENT_3D('',#726,#727,#728);
#726 = CARTESIAN_POINT('',(13.5,3.77284002804E-15,-2.1));
#727 = DIRECTION('',(0.,2.22044604925E-16,-1.));
#728 = DIRECTION('',(0.,1.,2.22044604925E-16));
#729 = ORIENTED_EDGE('',*,*,#606,.T.);
#730 = ORIENTED_EDGE('',*,*,#731,.T.);
#731 = EDGE_CURVE('',#598,#407,#732,.T.);
#732 = B_SPLINE_CURVE_WITH_KNOTS('',3,(#733,#734,#735,#736,#737,#738,
    #739,#740,#741,#742,#743,#744),.UNSPECIFIED.,.F.,.F.,(4,2,2,2,2,4),(
    0.,2.86495709953E-03,6.066180871821E-03,1.018972882238E-02,
    1.560938025821E-02,1.757898725904E-02),.UNSPECIFIED.);
#733 = CARTESIAN_POINT('',(14.878796296296,1.903003093355,3.1));
#734 = CARTESIAN_POINT('',(14.878796296296,1.903003093355,3.109549856998
    ));
#735 = CARTESIAN_POINT('',(14.877277419729,1.904106067625,3.118972546888
    ));
#736 = CARTESIAN_POINT('',(14.871082995885,1.908572151827,3.138090613098
    ));
#737 = CARTESIAN_POINT('',(14.866170496726,1.912101895728,3.147341627643
    ));
#738 = CARTESIAN_POINT('',(14.852271286026,1.921966293508,3.166093860079
    ));
#739 = CARTESIAN_POINT('',(14.842588499137,1.928761844765,3.174818337469
    ));
#740 = CARTESIAN_POINT('',(14.818013021757,1.945669205103,3.190527318138
    ));
#741 = CARTESIAN_POINT('',(14.802241925096,1.956282833869,3.196250071444
    ));
#742 = CARTESIAN_POINT('',(14.780097730508,1.970761155985,3.199550665841
    ));
#743 = CARTESIAN_POINT('',(14.774095496947,1.974647343382,3.2));
#744 = CARTESIAN_POINT('',(14.768055555556,1.978518412354,3.2));
#745 = ORIENTED_EDGE('',*,*,#406,.T.);
#746 = ORIENTED_EDGE('',*,*,#700,.F.);
#747 = CYLINDRICAL_SURFACE('',#748,2.35);
#748 = AXIS2_PLACEMENT_3D('',#749,#750,#751);
#749 = CARTESIAN_POINT('',(13.5,4.083702474935E-15,-3.5));
#750 = DIRECTION('',(0.,-2.22044604925E-16,1.));
#751 = DIRECTION('',(0.,-1.,-2.22044604925E-16));
#752 = ADVANCED_FACE('',(#753,#764),#775,.T.);
#753 = FACE_BOUND('',#754,.T.);
#754 = EDGE_LOOP('',(#755));
#755 = ORIENTED_EDGE('',*,*,#756,.T.);
#756 = EDGE_CURVE('',#757,#757,#759,.T.);
#757 = VERTEX_POINT('',#758);
#758 = CARTESIAN_POINT('',(-13.5,2.35,3.5));
#759 = CIRCLE('',#760,2.35);
#760 = AXIS2_PLACEMENT_3D('',#761,#762,#763);
#761 = CARTESIAN_POINT('',(-13.5,-7.771561172376E-16,3.5));
#762 = DIRECTION('',(0.,-2.22044604925E-16,1.));
#763 = DIRECTION('',(0.,-1.,-2.22044604925E-16));
#764 = FACE_BOUND('',#765,.T.);
#765 = EDGE_LOOP('',(#766));
#766 = ORIENTED_EDGE('',*,*,#767,.F.);
#767 = EDGE_CURVE('',#768,#768,#770,.T.);
#768 = VERTEX_POINT('',#769);
#769 = CARTESIAN_POINT('',(-13.5,1.3,3.5));
#770 = CIRCLE('',#771,1.3);
#771 = AXIS2_PLACEMENT_3D('',#772,#773,#774);
#772 = CARTESIAN_POINT('',(-13.5,-7.771561172376E-16,3.5));
#773 = DIRECTION('',(0.,-2.22044604925E-16,1.));
#774 = DIRECTION('',(0.,-1.,-2.22044604925E-16));
#775 = PLANE('',#776);
#776 = AXIS2_PLACEMENT_3D('',#777,#778,#779);
#777 = CARTESIAN_POINT('',(-13.5,-7.771561172376E-16,3.5));
#778 = DIRECTION('',(0.,-2.22044604925E-16,1.));
#779 = DIRECTION('',(0.,-1.,-2.22044604925E-16));
#780 = ADVANCED_FACE('',(#781),#832,.T.);
#781 = FACE_BOUND('',#782,.T.);
#782 = EDGE_LOOP('',(#783,#784,#790,#791,#806,#807,#814,#815,#830,#831)
  );
#783 = ORIENTED_EDGE('',*,*,#756,.F.);
#784 = ORIENTED_EDGE('',*,*,#785,.T.);
#785 = EDGE_CURVE('',#757,#427,#786,.T.);
#786 = LINE('',#787,#788);
#787 = CARTESIAN_POINT('',(-13.5,2.35,-3.5));
#788 = VECTOR('',#789,1.);
#789 = DIRECTION('',(0.,2.22044604925E-16,-1.));
#790 = ORIENTED_EDGE('',*,*,#426,.T.);
#791 = ORIENTED_EDGE('',*,*,#792,.T.);
#792 = EDGE_CURVE('',#418,#590,#793,.T.);
#793 = B_SPLINE_CURVE_WITH_KNOTS('',3,(#794,#795,#796,#797,#798,#799,
    #800,#801,#802,#803,#804,#805),.UNSPECIFIED.,.F.,.F.,(4,2,2,2,2,4),(
    5.112189148529E-02,5.358368193473E-02,5.908698133494E-02,
    6.341961229971E-02,6.600667561891E-02,6.846658565876E-02),
  .UNSPECIFIED.);
#794 = CARTESIAN_POINT('',(-14.76805555555,1.978518412354,3.2));
#795 = CARTESIAN_POINT('',(-14.77598260912,1.973437871148,3.2));
#796 = CARTESIAN_POINT('',(-14.78390807498,1.968290364497,3.199226418208
    ));
#797 = CARTESIAN_POINT('',(-14.80910511433,1.951711580877,3.194231321031
    ));
#798 = CARTESIAN_POINT('',(-14.82543754802,1.940617808174,3.187008924601
    ));
#799 = CARTESIAN_POINT('',(-14.85010777096,1.923508226828,3.168294724774
    ));
#800 = CARTESIAN_POINT('',(-14.85921233,1.917057840189,3.158189703551));
#801 = CARTESIAN_POINT('',(-14.87000136439,1.909350893551,3.139766561446
    ));
#802 = CARTESIAN_POINT('',(-14.87329371877,1.906979821866,3.132200900256
    ));
#803 = CARTESIAN_POINT('',(-14.87767686134,1.903815486976,3.11626358123)
  );
#804 = CARTESIAN_POINT('',(-14.87879629629,1.903003093355,3.108199700133
    ));
#805 = CARTESIAN_POINT('',(-14.87879629629,1.903003093355,3.1));
#806 = ORIENTED_EDGE('',*,*,#587,.F.);
#807 = ORIENTED_EDGE('',*,*,#808,.F.);
#808 = EDGE_CURVE('',#365,#588,#809,.T.);
#809 = CIRCLE('',#810,2.35);
#810 = AXIS2_PLACEMENT_3D('',#811,#812,#813);
#811 = CARTESIAN_POINT('',(-13.5,4.662936703426E-16,-2.1));
#812 = DIRECTION('',(0.,2.22044604925E-16,-1.));
#813 = DIRECTION('',(0.,1.,2.22044604925E-16));
#814 = ORIENTED_EDGE('',*,*,#364,.T.);
#815 = ORIENTED_EDGE('',*,*,#816,.T.);
#816 = EDGE_CURVE('',#367,#436,#817,.T.);
#817 = B_SPLINE_CURVE_WITH_KNOTS('',3,(#818,#819,#820,#821,#822,#823,
    #824,#825,#826,#827,#828,#829),.UNSPECIFIED.,.F.,.F.,(4,2,2,2,2,4),(
    0.,2.86495709952E-03,6.066180871781E-03,1.018972882231E-02,
    1.560938025807E-02,1.757898725887E-02),.UNSPECIFIED.);
#818 = CARTESIAN_POINT('',(-14.87879629629,-1.903003093355,3.1));
#819 = CARTESIAN_POINT('',(-14.87879629629,-1.903003093355,
    3.109549856998));
#820 = CARTESIAN_POINT('',(-14.87727741972,-1.904106067625,
    3.118972546888));
#821 = CARTESIAN_POINT('',(-14.87108299588,-1.908572151827,
    3.138090613098));
#822 = CARTESIAN_POINT('',(-14.86617049672,-1.912101895729,
    3.147341627643));
#823 = CARTESIAN_POINT('',(-14.85227128602,-1.921966293508,
    3.166093860079));
#824 = CARTESIAN_POINT('',(-14.84258849913,-1.928761844765,
    3.174818337469));
#825 = CARTESIAN_POINT('',(-14.81801302175,-1.945669205103,
    3.190527318138));
#826 = CARTESIAN_POINT('',(-14.80224192509,-1.956282833869,
    3.196250071444));
#827 = CARTESIAN_POINT('',(-14.7800977305,-1.970761155985,3.199550665841
    ));
#828 = CARTESIAN_POINT('',(-14.77409549694,-1.974647343382,3.2));
#829 = CARTESIAN_POINT('',(-14.76805555555,-1.978518412354,3.2));
#830 = ORIENTED_EDGE('',*,*,#435,.T.);
#831 = ORIENTED_EDGE('',*,*,#785,.F.);
#832 = CYLINDRICAL_SURFACE('',#833,2.35);
#833 = AXIS2_PLACEMENT_3D('',#834,#835,#836);
#834 = CARTESIAN_POINT('',(-13.5,7.771561172376E-16,-3.5));
#835 = DIRECTION('',(0.,-2.22044604925E-16,1.));
#836 = DIRECTION('',(0.,-1.,-2.22044604925E-16));
#837 = ADVANCED_FACE('',(#838),#854,.F.);
#838 = FACE_BOUND('',#839,.T.);
#839 = EDGE_LOOP('',(#840,#841,#847,#848));
#840 = ORIENTED_EDGE('',*,*,#383,.T.);
#841 = ORIENTED_EDGE('',*,*,#842,.F.);
#842 = EDGE_CURVE('',#632,#375,#843,.T.);
#843 = LINE('',#844,#845);
#844 = CARTESIAN_POINT('',(4.52879674969,-14.3,-2.1));
#845 = VECTOR('',#846,1.);
#846 = DIRECTION('',(-1.,0.,0.));
#847 = ORIENTED_EDGE('',*,*,#629,.F.);
#848 = ORIENTED_EDGE('',*,*,#849,.F.);
#849 = EDGE_CURVE('',#384,#630,#850,.T.);
#850 = LINE('',#851,#852);
#851 = CARTESIAN_POINT('',(-4.52879674969,-14.3,3.1));
#852 = VECTOR('',#853,1.);
#853 = DIRECTION('',(1.,0.,0.));
#854 = PLANE('',#855);
#855 = AXIS2_PLACEMENT_3D('',#856,#857,#858);
#856 = CARTESIAN_POINT('',(-4.52879674969,-14.3,3.2));
#857 = DIRECTION('',(0.,1.,2.22044604925E-16));
#858 = DIRECTION('',(-1.,0.,0.));
#859 = ADVANCED_FACE('',(#860),#897,.T.);
#860 = FACE_BOUND('',#861,.T.);
#861 = EDGE_LOOP('',(#862,#879,#880,#896));
#862 = ORIENTED_EDGE('',*,*,#863,.T.);
#863 = EDGE_CURVE('',#365,#60,#864,.T.);
#864 = B_SPLINE_CURVE_WITH_KNOTS('',3,(#865,#866,#867,#868,#869,#870,
    #871,#872,#873,#874,#875,#876,#877,#878),.UNSPECIFIED.,.F.,.F.,(4,2,
    2,2,2,2,4),(-1.635185215575E-02,-1.273776141131E-02,
    -8.971443822775E-03,-4.872219048107E-03,-2.447229495102E-03,0.,
    1.548304201854E-04),.UNSPECIFIED.);
#865 = CARTESIAN_POINT('',(-14.87879629629,-1.903003093355,-2.1));
#866 = CARTESIAN_POINT('',(-14.87879629629,-1.903003093355,
    -2.112010989667));
#867 = CARTESIAN_POINT('',(-14.87676938835,-1.901801090907,
    -2.123855377188));
#868 = CARTESIAN_POINT('',(-14.86881626041,-1.897076972206,
    -2.146582910747));
#869 = CARTESIAN_POINT('',(-14.86283574068,-1.893522062773,
    -2.157110025446));
#870 = CARTESIAN_POINT('',(-14.84724536592,-1.884230467675,
    -2.175975755659));
#871 = CARTESIAN_POINT('',(-14.83752317134,-1.878424532945,
    -2.183849719225));
#872 = CARTESIAN_POINT('',(-14.82055343651,-1.868254711369,
    -2.192867694317));
#873 = CARTESIAN_POINT('',(-14.81395251692,-1.864291727755,
    -2.195428229611));
#874 = CARTESIAN_POINT('',(-14.80036766928,-1.856118703426,
    -2.198946508163));
#875 = CARTESIAN_POINT('',(-14.79339929644,-1.851917855608,
    -2.199884622951));
#876 = CARTESIAN_POINT('',(-14.78597603034,-1.847433132399,
    -2.199996666842));
#877 = CARTESIAN_POINT('',(-14.78553430447,-1.847166230457,-2.2));
#878 = CARTESIAN_POINT('',(-14.78509259259,-1.846899301116,-2.2));
#879 = ORIENTED_EDGE('',*,*,#105,.F.);
#880 = ORIENTED_EDGE('',*,*,#881,.F.);
#881 = EDGE_CURVE('',#375,#98,#882,.T.);
#882 = B_SPLINE_CURVE_WITH_KNOTS('',3,(#883,#884,#885,#886,#887,#888,
    #889,#890,#891,#892,#893,#894,#895),.UNSPECIFIED.,.F.,.F.,(4,3,3,3,4
    ),(4.336808689942E-19,5.542795970899E-05,7.857899506233E-05,
    1.286021296837E-04,1.571579901247E-04),.UNSPECIFIED.);
#883 = CARTESIAN_POINT('',(-4.52879674969,-14.3,-2.1));
#884 = CARTESIAN_POINT('',(-4.52879674969,-14.3,-2.118743298527));
#885 = CARTESIAN_POINT('',(-4.527955117044,-14.29462732258,
    -2.137229134355));
#886 = CARTESIAN_POINT('',(-4.526452943075,-14.28487071359,
    -2.152886311778));
#887 = CARTESIAN_POINT('',(-4.525825518164,-14.28079559337,-2.1594259692
    ));
#888 = CARTESIAN_POINT('',(-4.525082858615,-14.27597015675,
    -2.165479642535));
#889 = CARTESIAN_POINT('',(-4.524238159817,-14.27052209053,
    -2.170898764073));
#890 = CARTESIAN_POINT('',(-4.522412993856,-14.25875029087,
    -2.182608022086));
#891 = CARTESIAN_POINT('',(-4.520111431769,-14.24393392042,
    -2.191356441269));
#892 = CARTESIAN_POINT('',(-4.517643910528,-14.22797871971,
    -2.196006204192));
#893 = CARTESIAN_POINT('',(-4.516235318429,-14.21887064425,
    -2.198660535674));
#894 = CARTESIAN_POINT('',(-4.514772644684,-14.20940765496,-2.2));
#895 = CARTESIAN_POINT('',(-4.513313638559,-14.2,-2.2));
#896 = ORIENTED_EDGE('',*,*,#374,.T.);
#897 = TOROIDAL_SURFACE('',#898,14.9,0.1);
#898 = AXIS2_PLACEMENT_3D('',#899,#900,#901);
#899 = CARTESIAN_POINT('',(0.,4.662936703426E-16,-2.1));
#900 = DIRECTION('',(0.,2.22044604925E-16,-1.));
#901 = DIRECTION('',(0.,1.,2.22044604925E-16));
#902 = ADVANCED_FACE('',(#903),#924,.T.);
#903 = FACE_BOUND('',#904,.T.);
#904 = EDGE_LOOP('',(#905,#906,#907,#923));
#905 = ORIENTED_EDGE('',*,*,#881,.T.);
#906 = ORIENTED_EDGE('',*,*,#97,.F.);
#907 = ORIENTED_EDGE('',*,*,#908,.F.);
#908 = EDGE_CURVE('',#632,#89,#909,.T.);
#909 = B_SPLINE_CURVE_WITH_KNOTS('',3,(#910,#911,#912,#913,#914,#915,
    #916,#917,#918,#919,#920,#921,#922),.UNSPECIFIED.,.F.,.F.,(4,3,3,3,4
    ),(4.336808689942E-19,5.542795970899E-05,7.857899506233E-05,
    1.286021296837E-04,1.571579901247E-04),.UNSPECIFIED.);
#910 = CARTESIAN_POINT('',(4.52879674969,-14.3,-2.1));
#911 = CARTESIAN_POINT('',(4.52879674969,-14.3,-2.118743298527));
#912 = CARTESIAN_POINT('',(4.527955117044,-14.29462732258,
    -2.137229134355));
#913 = CARTESIAN_POINT('',(4.526452943075,-14.28487071359,
    -2.152886311778));
#914 = CARTESIAN_POINT('',(4.525825518164,-14.28079559337,-2.1594259692)
  );
#915 = CARTESIAN_POINT('',(4.525082858615,-14.27597015675,
    -2.165479642535));
#916 = CARTESIAN_POINT('',(4.524238159817,-14.27052209053,
    -2.170898764073));
#917 = CARTESIAN_POINT('',(4.522412993856,-14.25875029087,
    -2.182608022086));
#918 = CARTESIAN_POINT('',(4.520111431769,-14.24393392042,
    -2.191356441269));
#919 = CARTESIAN_POINT('',(4.517643910528,-14.22797871971,
    -2.196006204192));
#920 = CARTESIAN_POINT('',(4.516235318429,-14.21887064425,
    -2.198660535674));
#921 = CARTESIAN_POINT('',(4.514772644684,-14.20940765496,-2.2));
#922 = CARTESIAN_POINT('',(4.513313638559,-14.2,-2.2));
#923 = ORIENTED_EDGE('',*,*,#842,.T.);
#924 = CYLINDRICAL_SURFACE('',#925,0.1);
#925 = AXIS2_PLACEMENT_3D('',#926,#927,#928);
#926 = CARTESIAN_POINT('',(-16.5154448309,-14.2,-2.1));
#927 = DIRECTION('',(1.,0.,0.));
#928 = DIRECTION('',(-0.,1.,2.22044604925E-16));
#929 = ADVANCED_FACE('',(#930),#952,.T.);
#930 = FACE_BOUND('',#931,.T.);
#931 = EDGE_LOOP('',(#932,#933,#934,#951));
#932 = ORIENTED_EDGE('',*,*,#863,.F.);
#933 = ORIENTED_EDGE('',*,*,#808,.T.);
#934 = ORIENTED_EDGE('',*,*,#935,.T.);
#935 = EDGE_CURVE('',#588,#62,#936,.T.);
#936 = B_SPLINE_CURVE_WITH_KNOTS('',3,(#937,#938,#939,#940,#941,#942,
    #943,#944,#945,#946,#947,#948,#949,#950),.UNSPECIFIED.,.F.,.F.,(4,2,
    2,2,2,2,4),(-1.635175714148E-02,-1.273768606082E-02,
    -8.97146064493E-03,-4.8723863181E-03,-2.44728511376E-03,0.,
    1.549209877287E-04),.UNSPECIFIED.);
#937 = CARTESIAN_POINT('',(-14.87879629629,1.903003093355,-2.1));
#938 = CARTESIAN_POINT('',(-14.87879629629,1.903003093355,
    -2.112010927405));
#939 = CARTESIAN_POINT('',(-14.87676940935,1.901801103352,
    -2.123855255228));
#940 = CARTESIAN_POINT('',(-14.86881643792,1.897077077674,
    -2.146582468043));
#941 = CARTESIAN_POINT('',(-14.86283612536,1.893522291534,
    -2.157109369627));
#942 = CARTESIAN_POINT('',(-14.84724639913,1.884231084112,
    -2.175974712455));
#943 = CARTESIAN_POINT('',(-14.8375246828,1.878425436591,-2.183848575514
    ));
#944 = CARTESIAN_POINT('',(-14.82055522112,1.86825578292,-2.192866947298
    ));
#945 = CARTESIAN_POINT('',(-14.8139540321,1.864292638356,-2.195427734639
    ));
#946 = CARTESIAN_POINT('',(-14.80036875471,1.856119357477,
    -2.198946330528));
#947 = CARTESIAN_POINT('',(-14.79340022984,1.851918418856,
    -2.199884547207));
#948 = CARTESIAN_POINT('',(-14.78597654711,1.847433444645,
    -2.199996662941));
#949 = CARTESIAN_POINT('',(-14.78553456284,1.847166386597,-2.2));
#950 = CARTESIAN_POINT('',(-14.78509259259,1.846899301116,-2.2));
#951 = ORIENTED_EDGE('',*,*,#59,.F.);
#952 = TOROIDAL_SURFACE('',#953,2.25,0.1);
#953 = AXIS2_PLACEMENT_3D('',#954,#955,#956);
#954 = CARTESIAN_POINT('',(-13.5,4.662936703426E-16,-2.1));
#955 = DIRECTION('',(0.,2.22044604925E-16,-1.));
#956 = DIRECTION('',(0.,1.,2.22044604925E-16));
#957 = ADVANCED_FACE('',(#958),#980,.T.);
#958 = FACE_BOUND('',#959,.T.);
#959 = EDGE_LOOP('',(#960,#961,#962,#979));
#960 = ORIENTED_EDGE('',*,*,#908,.T.);
#961 = ORIENTED_EDGE('',*,*,#88,.F.);
#962 = ORIENTED_EDGE('',*,*,#963,.F.);
#963 = EDGE_CURVE('',#640,#80,#964,.T.);
#964 = B_SPLINE_CURVE_WITH_KNOTS('',3,(#965,#966,#967,#968,#969,#970,
    #971,#972,#973,#974,#975,#976,#977,#978),.UNSPECIFIED.,.F.,.F.,(4,2,
    2,2,2,2,4),(1.635185215666E-02,1.996594290131E-02,2.373226049005E-02
    ,2.783148526496E-02,3.02564748181E-02,3.270370431334E-02,
    3.285853473353E-02),.UNSPECIFIED.);
#965 = CARTESIAN_POINT('',(14.878796296296,-1.903003093355,-2.1));
#966 = CARTESIAN_POINT('',(14.878796296296,-1.903003093355,
    -2.112010989667));
#967 = CARTESIAN_POINT('',(14.876769388359,-1.901801090907,
    -2.123855377188));
#968 = CARTESIAN_POINT('',(14.868816260415,-1.897076972206,
    -2.146582910747));
#969 = CARTESIAN_POINT('',(14.862835740686,-1.893522062773,
    -2.157110025446));
#970 = CARTESIAN_POINT('',(14.847245365929,-1.884230467675,
    -2.175975755659));
#971 = CARTESIAN_POINT('',(14.837523171345,-1.878424532945,
    -2.183849719225));
#972 = CARTESIAN_POINT('',(14.820553436519,-1.868254711369,
    -2.192867694317));
#973 = CARTESIAN_POINT('',(14.813952516922,-1.864291727755,
    -2.195428229611));
#974 = CARTESIAN_POINT('',(14.800367669283,-1.856118703426,
    -2.198946508163));
#975 = CARTESIAN_POINT('',(14.79339929644,-1.851917855608,
    -2.199884622951));
#976 = CARTESIAN_POINT('',(14.785976030347,-1.847433132399,
    -2.199996666842));
#977 = CARTESIAN_POINT('',(14.78553430447,-1.847166230457,-2.2));
#978 = CARTESIAN_POINT('',(14.785092592593,-1.846899301116,-2.2));
#979 = ORIENTED_EDGE('',*,*,#639,.T.);
#980 = TOROIDAL_SURFACE('',#981,14.9,0.1);
#981 = AXIS2_PLACEMENT_3D('',#982,#983,#984);
#982 = CARTESIAN_POINT('',(0.,4.662936703426E-16,-2.1));
#983 = DIRECTION('',(0.,2.22044604925E-16,-1.));
#984 = DIRECTION('',(0.,1.,2.22044604925E-16));
#985 = ADVANCED_FACE('',(#986),#1008,.T.);
#986 = FACE_BOUND('',#987,.T.);
#987 = EDGE_LOOP('',(#988,#989,#990,#1007));
#988 = ORIENTED_EDGE('',*,*,#935,.F.);
#989 = ORIENTED_EDGE('',*,*,#614,.T.);
#990 = ORIENTED_EDGE('',*,*,#991,.T.);
#991 = EDGE_CURVE('',#607,#71,#992,.T.);
#992 = B_SPLINE_CURVE_WITH_KNOTS('',3,(#993,#994,#995,#996,#997,#998,
    #999,#1000,#1001,#1002,#1003,#1004,#1005,#1006),.UNSPECIFIED.,.F.,
  .F.,(4,2,2,2,2,2,4),(-1.635185215587E-02,-1.273776141141E-02,
    -8.971443822847E-03,-4.872219048141E-03,-2.447229495117E-03,0.,
    1.548304201895E-04),.UNSPECIFIED.);
#993 = CARTESIAN_POINT('',(14.878796296296,1.903003093355,-2.1));
#994 = CARTESIAN_POINT('',(14.878796296296,1.903003093355,
    -2.112010989667));
#995 = CARTESIAN_POINT('',(14.876769388359,1.901801090907,
    -2.123855377188));
#996 = CARTESIAN_POINT('',(14.868816260415,1.897076972206,
    -2.146582910747));
#997 = CARTESIAN_POINT('',(14.862835740686,1.893522062773,
    -2.157110025446));
#998 = CARTESIAN_POINT('',(14.847245365929,1.884230467675,
    -2.175975755659));
#999 = CARTESIAN_POINT('',(14.837523171345,1.878424532945,
    -2.183849719225));
#1000 = CARTESIAN_POINT('',(14.820553436519,1.868254711369,
    -2.192867694317));
#1001 = CARTESIAN_POINT('',(14.813952516922,1.864291727755,
    -2.195428229611));
#1002 = CARTESIAN_POINT('',(14.800367669283,1.856118703426,
    -2.198946508163));
#1003 = CARTESIAN_POINT('',(14.79339929644,1.851917855608,
    -2.199884622951));
#1004 = CARTESIAN_POINT('',(14.785976030347,1.847433132399,
    -2.199996666842));
#1005 = CARTESIAN_POINT('',(14.78553430447,1.847166230457,-2.2));
#1006 = CARTESIAN_POINT('',(14.785092592593,1.846899301116,-2.2));
#1007 = ORIENTED_EDGE('',*,*,#70,.F.);
#1008 = TOROIDAL_SURFACE('',#1009,14.9,0.1);
#1009 = AXIS2_PLACEMENT_3D('',#1010,#1011,#1012);
#1010 = CARTESIAN_POINT('',(0.,4.662936703426E-16,-2.1));
#1011 = DIRECTION('',(0.,2.22044604925E-16,-1.));
#1012 = DIRECTION('',(0.,1.,2.22044604925E-16));
#1013 = ADVANCED_FACE('',(#1014),#1020,.T.);
#1014 = FACE_BOUND('',#1015,.T.);
#1015 = EDGE_LOOP('',(#1016,#1017,#1018,#1019));
#1016 = ORIENTED_EDGE('',*,*,#963,.T.);
#1017 = ORIENTED_EDGE('',*,*,#79,.F.);
#1018 = ORIENTED_EDGE('',*,*,#991,.F.);
#1019 = ORIENTED_EDGE('',*,*,#723,.T.);
#1020 = TOROIDAL_SURFACE('',#1021,2.25,0.1);
#1021 = AXIS2_PLACEMENT_3D('',#1022,#1023,#1024);
#1022 = CARTESIAN_POINT('',(13.5,3.77284002804E-15,-2.1));
#1023 = DIRECTION('',(0.,2.22044604925E-16,-1.));
#1024 = DIRECTION('',(0.,1.,2.22044604925E-16));
#1025 = ADVANCED_FACE('',(#1026),#1047,.T.);
#1026 = FACE_BOUND('',#1027,.T.);
#1027 = EDGE_LOOP('',(#1028,#1029,#1030,#1046));
#1028 = ORIENTED_EDGE('',*,*,#707,.F.);
#1029 = ORIENTED_EDGE('',*,*,#461,.F.);
#1030 = ORIENTED_EDGE('',*,*,#1031,.F.);
#1031 = EDGE_CURVE('',#630,#454,#1032,.T.);
#1032 = B_SPLINE_CURVE_WITH_KNOTS('',3,(#1033,#1034,#1035,#1036,#1037,
    #1038,#1039,#1040,#1041,#1042,#1043,#1044,#1045),.UNSPECIFIED.,.F.,
  .F.,(4,3,3,3,4),(0.,5.542795970884E-05,7.857899506233E-05,
    1.286021296842E-04,1.571579901247E-04),.UNSPECIFIED.);
#1033 = CARTESIAN_POINT('',(4.52879674969,-14.3,3.1));
#1034 = CARTESIAN_POINT('',(4.52879674969,-14.3,3.118743298527));
#1035 = CARTESIAN_POINT('',(4.527955117044,-14.29462732258,
    3.137229134355));
#1036 = CARTESIAN_POINT('',(4.526452943075,-14.28487071359,
    3.152886311778));
#1037 = CARTESIAN_POINT('',(4.525825518164,-14.28079559337,
    3.159425969199));
#1038 = CARTESIAN_POINT('',(4.525082858615,-14.27597015675,
    3.165479642535));
#1039 = CARTESIAN_POINT('',(4.524238159817,-14.27052209053,
    3.170898764073));
#1040 = CARTESIAN_POINT('',(4.522412993856,-14.25875029087,
    3.182608022086));
#1041 = CARTESIAN_POINT('',(4.520111431769,-14.24393392042,3.19135644127
    ));
#1042 = CARTESIAN_POINT('',(4.517643910528,-14.22797871971,
    3.196006204192));
#1043 = CARTESIAN_POINT('',(4.516235318429,-14.21887064425,
    3.198660535674));
#1044 = CARTESIAN_POINT('',(4.514772644683,-14.20940765496,3.2));
#1045 = CARTESIAN_POINT('',(4.513313638559,-14.2,3.2));
#1046 = ORIENTED_EDGE('',*,*,#656,.T.);
#1047 = TOROIDAL_SURFACE('',#1048,14.9,0.1);
#1048 = AXIS2_PLACEMENT_3D('',#1049,#1050,#1051);
#1049 = CARTESIAN_POINT('',(0.,-6.883382752676E-16,3.1));
#1050 = DIRECTION('',(0.,-2.22044604925E-16,1.));
#1051 = DIRECTION('',(0.,-1.,-2.22044604925E-16));
#1052 = ADVANCED_FACE('',(#1053),#1074,.T.);
#1053 = FACE_BOUND('',#1054,.T.);
#1054 = EDGE_LOOP('',(#1055,#1056,#1057,#1073));
#1055 = ORIENTED_EDGE('',*,*,#1031,.T.);
#1056 = ORIENTED_EDGE('',*,*,#453,.F.);
#1057 = ORIENTED_EDGE('',*,*,#1058,.F.);
#1058 = EDGE_CURVE('',#384,#445,#1059,.T.);
#1059 = B_SPLINE_CURVE_WITH_KNOTS('',3,(#1060,#1061,#1062,#1063,#1064,
    #1065,#1066,#1067,#1068,#1069,#1070,#1071,#1072),.UNSPECIFIED.,.F.,
  .F.,(4,3,3,3,4),(0.,5.542795970884E-05,7.857899506233E-05,
    1.286021296842E-04,1.571579901247E-04),.UNSPECIFIED.);
#1060 = CARTESIAN_POINT('',(-4.52879674969,-14.3,3.1));
#1061 = CARTESIAN_POINT('',(-4.52879674969,-14.3,3.118743298527));
#1062 = CARTESIAN_POINT('',(-4.527955117044,-14.29462732258,
    3.137229134355));
#1063 = CARTESIAN_POINT('',(-4.526452943075,-14.28487071359,
    3.152886311778));
#1064 = CARTESIAN_POINT('',(-4.525825518164,-14.28079559337,
    3.159425969199));
#1065 = CARTESIAN_POINT('',(-4.525082858615,-14.27597015675,
    3.165479642535));
#1066 = CARTESIAN_POINT('',(-4.524238159817,-14.27052209053,
    3.170898764073));
#1067 = CARTESIAN_POINT('',(-4.522412993856,-14.25875029087,
    3.182608022086));
#1068 = CARTESIAN_POINT('',(-4.520111431769,-14.24393392042,
    3.19135644127));
#1069 = CARTESIAN_POINT('',(-4.517643910528,-14.22797871971,
    3.196006204192));
#1070 = CARTESIAN_POINT('',(-4.516235318429,-14.21887064425,
    3.198660535674));
#1071 = CARTESIAN_POINT('',(-4.514772644683,-14.20940765496,3.2));
#1072 = CARTESIAN_POINT('',(-4.513313638559,-14.2,3.2));
#1073 = ORIENTED_EDGE('',*,*,#849,.T.);
#1074 = CYLINDRICAL_SURFACE('',#1075,0.1);
#1075 = AXIS2_PLACEMENT_3D('',#1076,#1077,#1078);
#1076 = CARTESIAN_POINT('',(0.,-14.2,3.1));
#1077 = DIRECTION('',(-1.,0.,0.));
#1078 = DIRECTION('',(-0.,-1.,-2.22044604925E-16));
#1079 = ADVANCED_FACE('',(#1080),#1086,.T.);
#1080 = FACE_BOUND('',#1081,.T.);
#1081 = EDGE_LOOP('',(#1082,#1083,#1084,#1085));
#1082 = ORIENTED_EDGE('',*,*,#816,.F.);
#1083 = ORIENTED_EDGE('',*,*,#391,.T.);
#1084 = ORIENTED_EDGE('',*,*,#1058,.T.);
#1085 = ORIENTED_EDGE('',*,*,#444,.F.);
#1086 = TOROIDAL_SURFACE('',#1087,14.9,0.1);
#1087 = AXIS2_PLACEMENT_3D('',#1088,#1089,#1090);
#1088 = CARTESIAN_POINT('',(0.,-6.883382752676E-16,3.1));
#1089 = DIRECTION('',(0.,-2.22044604925E-16,1.));
#1090 = DIRECTION('',(0.,-1.,-2.22044604925E-16));
#1091 = ADVANCED_FACE('',(#1092),#1098,.T.);
#1092 = FACE_BOUND('',#1093,.T.);
#1093 = EDGE_LOOP('',(#1094,#1095,#1096,#1097));
#1094 = ORIENTED_EDGE('',*,*,#731,.F.);
#1095 = ORIENTED_EDGE('',*,*,#597,.T.);
#1096 = ORIENTED_EDGE('',*,*,#792,.F.);
#1097 = ORIENTED_EDGE('',*,*,#417,.F.);
#1098 = TOROIDAL_SURFACE('',#1099,14.9,0.1);
#1099 = AXIS2_PLACEMENT_3D('',#1100,#1101,#1102);
#1100 = CARTESIAN_POINT('',(0.,-6.883382752676E-16,3.1));
#1101 = DIRECTION('',(0.,-2.22044604925E-16,1.));
#1102 = DIRECTION('',(1.224646799147E-16,1.,2.22044604925E-16));
#1103 = ADVANCED_FACE('',(#1104),#1116,.F.);
#1104 = FACE_BOUND('',#1105,.F.);
#1105 = EDGE_LOOP('',(#1106,#1112,#1113,#1114,#1115));
#1106 = ORIENTED_EDGE('',*,*,#1107,.T.);
#1107 = EDGE_CURVE('',#341,#115,#1108,.T.);
#1108 = LINE('',#1109,#1110);
#1109 = CARTESIAN_POINT('',(13.5,-1.15,-2.05));
#1110 = VECTOR('',#1111,1.);
#1111 = DIRECTION('',(-8.659560562355E-17,-0.707106781187,
    -0.707106781187));
#1112 = ORIENTED_EDGE('',*,*,#114,.F.);
#1113 = ORIENTED_EDGE('',*,*,#1107,.F.);
#1114 = ORIENTED_EDGE('',*,*,#340,.T.);
#1115 = ORIENTED_EDGE('',*,*,#349,.T.);
#1116 = CONICAL_SURFACE('',#1117,1.15,0.785398163397);
#1117 = AXIS2_PLACEMENT_3D('',#1118,#1119,#1120);
#1118 = CARTESIAN_POINT('',(13.5,3.761737797794E-15,-2.05));
#1119 = DIRECTION('',(0.,2.22044604925E-16,-1.));
#1120 = DIRECTION('',(0.,1.,2.22044604925E-16));
#1121 = ADVANCED_FACE('',(#1122),#1133,.F.);
#1122 = FACE_BOUND('',#1123,.F.);
#1123 = EDGE_LOOP('',(#1124,#1130,#1131,#1132));
#1124 = ORIENTED_EDGE('',*,*,#1125,.T.);
#1125 = EDGE_CURVE('',#325,#683,#1126,.T.);
#1126 = LINE('',#1127,#1128);
#1127 = CARTESIAN_POINT('',(13.5,1.15,3.35));
#1128 = VECTOR('',#1129,1.);
#1129 = DIRECTION('',(-8.659560562355E-17,0.707106781187,0.707106781187)
  );
#1130 = ORIENTED_EDGE('',*,*,#682,.F.);
#1131 = ORIENTED_EDGE('',*,*,#1125,.F.);
#1132 = ORIENTED_EDGE('',*,*,#332,.T.);
#1133 = CONICAL_SURFACE('',#1134,1.15,0.785398163397);
#1134 = AXIS2_PLACEMENT_3D('',#1135,#1136,#1137);
#1135 = CARTESIAN_POINT('',(13.5,2.562696931199E-15,3.35));
#1136 = DIRECTION('',(0.,-2.22044604925E-16,1.));
#1137 = DIRECTION('',(0.,-1.,-2.22044604925E-16));
#1138 = ADVANCED_FACE('',(#1139),#1151,.F.);
#1139 = FACE_BOUND('',#1140,.F.);
#1140 = EDGE_LOOP('',(#1141,#1147,#1148,#1149,#1150));
#1141 = ORIENTED_EDGE('',*,*,#1142,.T.);
#1142 = EDGE_CURVE('',#273,#126,#1143,.T.);
#1143 = LINE('',#1144,#1145);
#1144 = CARTESIAN_POINT('',(-13.5,-1.15,-2.05));
#1145 = VECTOR('',#1146,1.);
#1146 = DIRECTION('',(-8.659560562355E-17,-0.707106781187,
    -0.707106781187));
#1147 = ORIENTED_EDGE('',*,*,#125,.F.);
#1148 = ORIENTED_EDGE('',*,*,#1142,.F.);
#1149 = ORIENTED_EDGE('',*,*,#272,.T.);
#1150 = ORIENTED_EDGE('',*,*,#281,.T.);
#1151 = CONICAL_SURFACE('',#1152,1.15,0.785398163397);
#1152 = AXIS2_PLACEMENT_3D('',#1153,#1154,#1155);
#1153 = CARTESIAN_POINT('',(-13.5,4.551914400963E-16,-2.05));
#1154 = DIRECTION('',(0.,2.22044604925E-16,-1.));
#1155 = DIRECTION('',(0.,1.,2.22044604925E-16));
#1156 = ADVANCED_FACE('',(#1157),#1168,.F.);
#1157 = FACE_BOUND('',#1158,.F.);
#1158 = EDGE_LOOP('',(#1159,#1165,#1166,#1167));
#1159 = ORIENTED_EDGE('',*,*,#1160,.T.);
#1160 = EDGE_CURVE('',#257,#768,#1161,.T.);
#1161 = LINE('',#1162,#1163);
#1162 = CARTESIAN_POINT('',(-13.5,1.15,3.35));
#1163 = VECTOR('',#1164,1.);
#1164 = DIRECTION('',(-8.659560562355E-17,0.707106781187,0.707106781187)
  );
#1165 = ORIENTED_EDGE('',*,*,#767,.F.);
#1166 = ORIENTED_EDGE('',*,*,#1160,.F.);
#1167 = ORIENTED_EDGE('',*,*,#264,.T.);
#1168 = CONICAL_SURFACE('',#1169,1.15,0.785398163397);
#1169 = AXIS2_PLACEMENT_3D('',#1170,#1171,#1172);
#1170 = CARTESIAN_POINT('',(-13.5,-7.438494264989E-16,3.35));
#1171 = DIRECTION('',(0.,-2.22044604925E-16,1.));
#1172 = DIRECTION('',(0.,-1.,-2.22044604925E-16));
#1173 = ADVANCED_FACE('',(#1174),#1193,.T.);
#1174 = FACE_BOUND('',#1175,.T.);
#1175 = EDGE_LOOP('',(#1176,#1177,#1185,#1192));
#1176 = ORIENTED_EDGE('',*,*,#570,.T.);
#1177 = ORIENTED_EDGE('',*,*,#1178,.T.);
#1178 = EDGE_CURVE('',#571,#1179,#1181,.T.);
#1179 = VERTEX_POINT('',#1180);
#1180 = CARTESIAN_POINT('',(-6.556772799595,11.578138301642,3.5));
#1181 = LINE('',#1182,#1183);
#1182 = CARTESIAN_POINT('',(-6.556772799595,11.578138301642,3.5));
#1183 = VECTOR('',#1184,1.);
#1184 = DIRECTION('',(0.,-2.22044604925E-16,1.));
#1185 = ORIENTED_EDGE('',*,*,#1186,.F.);
#1186 = EDGE_CURVE('',#1179,#1179,#1187,.T.);
#1187 = CIRCLE('',#1188,0.5);
#1188 = AXIS2_PLACEMENT_3D('',#1189,#1190,#1191);
#1189 = CARTESIAN_POINT('',(-6.556772799595,12.078138301642,3.5));
#1190 = DIRECTION('',(0.,-2.22044604925E-16,1.));
#1191 = DIRECTION('',(0.,-1.,-2.22044604925E-16));
#1192 = ORIENTED_EDGE('',*,*,#1178,.F.);
#1193 = CYLINDRICAL_SURFACE('',#1194,0.5);
#1194 = AXIS2_PLACEMENT_3D('',#1195,#1196,#1197);
#1195 = CARTESIAN_POINT('',(-6.556772799595,12.078138301642,3.5));
#1196 = DIRECTION('',(0.,2.22044604925E-16,-1.));
#1197 = DIRECTION('',(0.,1.,2.22044604925E-16));
#1198 = ADVANCED_FACE('',(#1199),#1202,.T.);
#1199 = FACE_BOUND('',#1200,.T.);
#1200 = EDGE_LOOP('',(#1201));
#1201 = ORIENTED_EDGE('',*,*,#1186,.T.);
#1202 = PLANE('',#1203);
#1203 = AXIS2_PLACEMENT_3D('',#1204,#1205,#1206);
#1204 = CARTESIAN_POINT('',(-6.556772799595,12.078138301642,3.5));
#1205 = DIRECTION('',(0.,-2.22044604925E-16,1.));
#1206 = DIRECTION('',(0.,-1.,-2.22044604925E-16));
#1207 = ADVANCED_FACE('',(#1208),#1227,.T.);
#1208 = FACE_BOUND('',#1209,.T.);
#1209 = EDGE_LOOP('',(#1210,#1211,#1219,#1226));
#1210 = ORIENTED_EDGE('',*,*,#559,.T.);
#1211 = ORIENTED_EDGE('',*,*,#1212,.T.);
#1212 = EDGE_CURVE('',#560,#1213,#1215,.T.);
#1213 = VERTEX_POINT('',#1214);
#1214 = CARTESIAN_POINT('',(-13.10784345232,3.038249143739,3.5));
#1215 = LINE('',#1216,#1217);
#1216 = CARTESIAN_POINT('',(-13.10784345232,3.038249143739,3.5));
#1217 = VECTOR('',#1218,1.);
#1218 = DIRECTION('',(0.,-2.22044604925E-16,1.));
#1219 = ORIENTED_EDGE('',*,*,#1220,.F.);
#1220 = EDGE_CURVE('',#1213,#1213,#1221,.T.);
#1221 = CIRCLE('',#1222,0.5);
#1222 = AXIS2_PLACEMENT_3D('',#1223,#1224,#1225);
#1223 = CARTESIAN_POINT('',(-13.10784345232,3.538249143739,3.5));
#1224 = DIRECTION('',(0.,-2.22044604925E-16,1.));
#1225 = DIRECTION('',(0.,-1.,-2.22044604925E-16));
#1226 = ORIENTED_EDGE('',*,*,#1212,.F.);
#1227 = CYLINDRICAL_SURFACE('',#1228,0.5);
#1228 = AXIS2_PLACEMENT_3D('',#1229,#1230,#1231);
#1229 = CARTESIAN_POINT('',(-13.10784345232,3.538249143739,3.5));
#1230 = DIRECTION('',(0.,2.22044604925E-16,-1.));
#1231 = DIRECTION('',(0.,1.,2.22044604925E-16));
#1232 = ADVANCED_FACE('',(#1233),#1236,.T.);
#1233 = FACE_BOUND('',#1234,.T.);
#1234 = EDGE_LOOP('',(#1235));
#1235 = ORIENTED_EDGE('',*,*,#1220,.T.);
#1236 = PLANE('',#1237);
#1237 = AXIS2_PLACEMENT_3D('',#1238,#1239,#1240);
#1238 = CARTESIAN_POINT('',(-13.10784345232,3.538249143739,3.5));
#1239 = DIRECTION('',(0.,-2.22044604925E-16,1.));
#1240 = DIRECTION('',(0.,-1.,-2.22044604925E-16));
#1241 = ADVANCED_FACE('',(#1242),#1261,.T.);
#1242 = FACE_BOUND('',#1243,.T.);
#1243 = EDGE_LOOP('',(#1244,#1245,#1253,#1260));
#1244 = ORIENTED_EDGE('',*,*,#548,.T.);
#1245 = ORIENTED_EDGE('',*,*,#1246,.T.);
#1246 = EDGE_CURVE('',#549,#1247,#1249,.T.);
#1247 = VERTEX_POINT('',#1248);
#1248 = CARTESIAN_POINT('',(6.556772799595,11.578138301642,3.5));
#1249 = LINE('',#1250,#1251);
#1250 = CARTESIAN_POINT('',(6.556772799595,11.578138301642,3.5));
#1251 = VECTOR('',#1252,1.);
#1252 = DIRECTION('',(0.,-2.22044604925E-16,1.));
#1253 = ORIENTED_EDGE('',*,*,#1254,.F.);
#1254 = EDGE_CURVE('',#1247,#1247,#1255,.T.);
#1255 = CIRCLE('',#1256,0.5);
#1256 = AXIS2_PLACEMENT_3D('',#1257,#1258,#1259);
#1257 = CARTESIAN_POINT('',(6.556772799595,12.078138301642,3.5));
#1258 = DIRECTION('',(0.,-2.22044604925E-16,1.));
#1259 = DIRECTION('',(0.,1.,2.22044604925E-16));
#1260 = ORIENTED_EDGE('',*,*,#1246,.F.);
#1261 = CYLINDRICAL_SURFACE('',#1262,0.5);
#1262 = AXIS2_PLACEMENT_3D('',#1263,#1264,#1265);
#1263 = CARTESIAN_POINT('',(6.556772799595,12.078138301642,3.5));
#1264 = DIRECTION('',(0.,2.22044604925E-16,-1.));
#1265 = DIRECTION('',(0.,1.,2.22044604925E-16));
#1266 = ADVANCED_FACE('',(#1267),#1270,.F.);
#1267 = FACE_BOUND('',#1268,.T.);
#1268 = EDGE_LOOP('',(#1269));
#1269 = ORIENTED_EDGE('',*,*,#1254,.T.);
#1270 = PLANE('',#1271);
#1271 = AXIS2_PLACEMENT_3D('',#1272,#1273,#1274);
#1272 = CARTESIAN_POINT('',(6.556772799595,12.078138301642,3.5));
#1273 = DIRECTION('',(0.,2.22044604925E-16,-1.));
#1274 = DIRECTION('',(0.,1.,2.22044604925E-16));
#1275 = ADVANCED_FACE('',(#1276),#1295,.T.);
#1276 = FACE_BOUND('',#1277,.T.);
#1277 = EDGE_LOOP('',(#1278,#1279,#1287,#1294));
#1278 = ORIENTED_EDGE('',*,*,#537,.T.);
#1279 = ORIENTED_EDGE('',*,*,#1280,.T.);
#1280 = EDGE_CURVE('',#538,#1281,#1283,.T.);
#1281 = VERTEX_POINT('',#1282);
#1282 = CARTESIAN_POINT('',(13.107843452322,3.038249143739,3.5));
#1283 = LINE('',#1284,#1285);
#1284 = CARTESIAN_POINT('',(13.107843452322,3.038249143739,3.5));
#1285 = VECTOR('',#1286,1.);
#1286 = DIRECTION('',(0.,-2.22044604925E-16,1.));
#1287 = ORIENTED_EDGE('',*,*,#1288,.F.);
#1288 = EDGE_CURVE('',#1281,#1281,#1289,.T.);
#1289 = CIRCLE('',#1290,0.5);
#1290 = AXIS2_PLACEMENT_3D('',#1291,#1292,#1293);
#1291 = CARTESIAN_POINT('',(13.107843452322,3.538249143739,3.5));
#1292 = DIRECTION('',(0.,-2.22044604925E-16,1.));
#1293 = DIRECTION('',(0.,1.,2.22044604925E-16));
#1294 = ORIENTED_EDGE('',*,*,#1280,.F.);
#1295 = CYLINDRICAL_SURFACE('',#1296,0.5);
#1296 = AXIS2_PLACEMENT_3D('',#1297,#1298,#1299);
#1297 = CARTESIAN_POINT('',(13.107843452322,3.538249143739,3.5));
#1298 = DIRECTION('',(0.,2.22044604925E-16,-1.));
#1299 = DIRECTION('',(0.,1.,2.22044604925E-16));
#1300 = ADVANCED_FACE('',(#1301),#1304,.F.);
#1301 = FACE_BOUND('',#1302,.T.);
#1302 = EDGE_LOOP('',(#1303));
#1303 = ORIENTED_EDGE('',*,*,#1288,.T.);
#1304 = PLANE('',#1305);
#1305 = AXIS2_PLACEMENT_3D('',#1306,#1307,#1308);
#1306 = CARTESIAN_POINT('',(13.107843452322,3.538249143739,3.5));
#1307 = DIRECTION('',(0.,2.22044604925E-16,-1.));
#1308 = DIRECTION('',(0.,1.,2.22044604925E-16));
#1309 = ADVANCED_FACE('',(#1310),#1329,.T.);
#1310 = FACE_BOUND('',#1311,.T.);
#1311 = EDGE_LOOP('',(#1312,#1313,#1321,#1328));
#1312 = ORIENTED_EDGE('',*,*,#526,.T.);
#1313 = ORIENTED_EDGE('',*,*,#1314,.T.);
#1314 = EDGE_CURVE('',#527,#1315,#1317,.T.);
#1315 = VERTEX_POINT('',#1316);
#1316 = CARTESIAN_POINT('',(13.107843452322,-4.038249143739,3.5));
#1317 = LINE('',#1318,#1319);
#1318 = CARTESIAN_POINT('',(13.107843452322,-4.038249143739,3.5));
#1319 = VECTOR('',#1320,1.);
#1320 = DIRECTION('',(0.,-2.22044604925E-16,1.));
#1321 = ORIENTED_EDGE('',*,*,#1322,.F.);
#1322 = EDGE_CURVE('',#1315,#1315,#1323,.T.);
#1323 = CIRCLE('',#1324,0.5);
#1324 = AXIS2_PLACEMENT_3D('',#1325,#1326,#1327);
#1325 = CARTESIAN_POINT('',(13.107843452322,-3.538249143739,3.5));
#1326 = DIRECTION('',(0.,-2.22044604925E-16,1.));
#1327 = DIRECTION('',(0.,-1.,-2.22044604925E-16));
#1328 = ORIENTED_EDGE('',*,*,#1314,.F.);
#1329 = CYLINDRICAL_SURFACE('',#1330,0.5);
#1330 = AXIS2_PLACEMENT_3D('',#1331,#1332,#1333);
#1331 = CARTESIAN_POINT('',(13.107843452322,-3.538249143739,3.5));
#1332 = DIRECTION('',(0.,2.22044604925E-16,-1.));
#1333 = DIRECTION('',(0.,1.,2.22044604925E-16));
#1334 = ADVANCED_FACE('',(#1335),#1338,.T.);
#1335 = FACE_BOUND('',#1336,.T.);
#1336 = EDGE_LOOP('',(#1337));
#1337 = ORIENTED_EDGE('',*,*,#1322,.T.);
#1338 = PLANE('',#1339);
#1339 = AXIS2_PLACEMENT_3D('',#1340,#1341,#1342);
#1340 = CARTESIAN_POINT('',(13.107843452322,-3.538249143739,3.5));
#1341 = DIRECTION('',(0.,-2.22044604925E-16,1.));
#1342 = DIRECTION('',(0.,-1.,-2.22044604925E-16));
#1343 = ADVANCED_FACE('',(#1344),#1363,.T.);
#1344 = FACE_BOUND('',#1345,.T.);
#1345 = EDGE_LOOP('',(#1346,#1347,#1355,#1362));
#1346 = ORIENTED_EDGE('',*,*,#515,.T.);
#1347 = ORIENTED_EDGE('',*,*,#1348,.T.);
#1348 = EDGE_CURVE('',#516,#1349,#1351,.T.);
#1349 = VERTEX_POINT('',#1350);
#1350 = CARTESIAN_POINT('',(-13.10784345232,-4.038249143739,3.5));
#1351 = LINE('',#1352,#1353);
#1352 = CARTESIAN_POINT('',(-13.10784345232,-4.038249143739,3.5));
#1353 = VECTOR('',#1354,1.);
#1354 = DIRECTION('',(0.,-2.22044604925E-16,1.));
#1355 = ORIENTED_EDGE('',*,*,#1356,.F.);
#1356 = EDGE_CURVE('',#1349,#1349,#1357,.T.);
#1357 = CIRCLE('',#1358,0.5);
#1358 = AXIS2_PLACEMENT_3D('',#1359,#1360,#1361);
#1359 = CARTESIAN_POINT('',(-13.10784345232,-3.538249143739,3.5));
#1360 = DIRECTION('',(0.,-2.22044604925E-16,1.));
#1361 = DIRECTION('',(0.,1.,2.22044604925E-16));
#1362 = ORIENTED_EDGE('',*,*,#1348,.F.);
#1363 = CYLINDRICAL_SURFACE('',#1364,0.5);
#1364 = AXIS2_PLACEMENT_3D('',#1365,#1366,#1367);
#1365 = CARTESIAN_POINT('',(-13.10784345232,-3.538249143739,3.5));
#1366 = DIRECTION('',(0.,2.22044604925E-16,-1.));
#1367 = DIRECTION('',(0.,1.,2.22044604925E-16));
#1368 = ADVANCED_FACE('',(#1369),#1372,.F.);
#1369 = FACE_BOUND('',#1370,.T.);
#1370 = EDGE_LOOP('',(#1371));
#1371 = ORIENTED_EDGE('',*,*,#1356,.T.);
#1372 = PLANE('',#1373);
#1373 = AXIS2_PLACEMENT_3D('',#1374,#1375,#1376);
#1374 = CARTESIAN_POINT('',(-13.10784345232,-3.538249143739,3.5));
#1375 = DIRECTION('',(0.,2.22044604925E-16,-1.));
#1376 = DIRECTION('',(0.,1.,2.22044604925E-16));
#1377 = ADVANCED_FACE('',(#1378),#1397,.T.);
#1378 = FACE_BOUND('',#1379,.T.);
#1379 = EDGE_LOOP('',(#1380,#1381,#1389,#1396));
#1380 = ORIENTED_EDGE('',*,*,#504,.T.);
#1381 = ORIENTED_EDGE('',*,*,#1382,.T.);
#1382 = EDGE_CURVE('',#505,#1383,#1385,.T.);
#1383 = VERTEX_POINT('',#1384);
#1384 = CARTESIAN_POINT('',(0.,-2.014694675165,3.5));
#1385 = LINE('',#1386,#1387);
#1386 = CARTESIAN_POINT('',(-6.123233995737E-17,-2.014694675165,3.5));
#1387 = VECTOR('',#1388,1.);
#1388 = DIRECTION('',(0.,-2.22044604925E-16,1.));
#1389 = ORIENTED_EDGE('',*,*,#1390,.F.);
#1390 = EDGE_CURVE('',#1383,#1383,#1391,.T.);
#1391 = CIRCLE('',#1392,0.5);
#1392 = AXIS2_PLACEMENT_3D('',#1393,#1394,#1395);
#1393 = CARTESIAN_POINT('',(0.,-1.514694675165,3.5));
#1394 = DIRECTION('',(0.,-2.22044604925E-16,1.));
#1395 = DIRECTION('',(0.,-1.,-2.22044604925E-16));
#1396 = ORIENTED_EDGE('',*,*,#1382,.F.);
#1397 = CYLINDRICAL_SURFACE('',#1398,0.5);
#1398 = AXIS2_PLACEMENT_3D('',#1399,#1400,#1401);
#1399 = CARTESIAN_POINT('',(0.,-1.514694675165,3.5));
#1400 = DIRECTION('',(0.,2.22044604925E-16,-1.));
#1401 = DIRECTION('',(0.,1.,2.22044604925E-16));
#1402 = ADVANCED_FACE('',(#1403),#1406,.T.);
#1403 = FACE_BOUND('',#1404,.T.);
#1404 = EDGE_LOOP('',(#1405));
#1405 = ORIENTED_EDGE('',*,*,#1390,.T.);
#1406 = PLANE('',#1407);
#1407 = AXIS2_PLACEMENT_3D('',#1408,#1409,#1410);
#1408 = CARTESIAN_POINT('',(0.,-1.514694675165,3.5));
#1409 = DIRECTION('',(0.,-2.22044604925E-16,1.));
#1410 = DIRECTION('',(0.,-1.,-2.22044604925E-16));
#1411 = ADVANCED_FACE('',(#1412),#1431,.T.);
#1412 = FACE_BOUND('',#1413,.T.);
#1413 = EDGE_LOOP('',(#1414,#1415,#1423,#1430));
#1414 = ORIENTED_EDGE('',*,*,#493,.T.);
#1415 = ORIENTED_EDGE('',*,*,#1416,.T.);
#1416 = EDGE_CURVE('',#494,#1417,#1419,.T.);
#1417 = VERTEX_POINT('',#1418);
#1418 = CARTESIAN_POINT('',(-2.015653442962,-13.55904118155,3.5));
#1419 = LINE('',#1420,#1421);
#1420 = CARTESIAN_POINT('',(-2.015653442962,-13.55904118155,3.5));
#1421 = VECTOR('',#1422,1.);
#1422 = DIRECTION('',(0.,-2.22044604925E-16,1.));
#1423 = ORIENTED_EDGE('',*,*,#1424,.F.);
#1424 = EDGE_CURVE('',#1417,#1417,#1425,.T.);
#1425 = CIRCLE('',#1426,0.5);
#1426 = AXIS2_PLACEMENT_3D('',#1427,#1428,#1429);
#1427 = CARTESIAN_POINT('',(-2.015653442962,-13.05904118155,3.5));
#1428 = DIRECTION('',(0.,-2.22044604925E-16,1.));
#1429 = DIRECTION('',(0.,-1.,-2.22044604925E-16));
#1430 = ORIENTED_EDGE('',*,*,#1416,.F.);
#1431 = CYLINDRICAL_SURFACE('',#1432,0.5);
#1432 = AXIS2_PLACEMENT_3D('',#1433,#1434,#1435);
#1433 = CARTESIAN_POINT('',(-2.015653442962,-13.05904118155,3.5));
#1434 = DIRECTION('',(0.,2.22044604925E-16,-1.));
#1435 = DIRECTION('',(0.,1.,2.22044604925E-16));
#1436 = ADVANCED_FACE('',(#1437),#1440,.T.);
#1437 = FACE_BOUND('',#1438,.T.);
#1438 = EDGE_LOOP('',(#1439));
#1439 = ORIENTED_EDGE('',*,*,#1424,.T.);
#1440 = PLANE('',#1441);
#1441 = AXIS2_PLACEMENT_3D('',#1442,#1443,#1444);
#1442 = CARTESIAN_POINT('',(-2.015653442962,-13.05904118155,3.5));
#1443 = DIRECTION('',(0.,-2.22044604925E-16,1.));
#1444 = DIRECTION('',(0.,-1.,-2.22044604925E-16));
#1445 = ADVANCED_FACE('',(#1446),#1465,.T.);
#1446 = FACE_BOUND('',#1447,.T.);
#1447 = EDGE_LOOP('',(#1448,#1449,#1457,#1464));
#1448 = ORIENTED_EDGE('',*,*,#482,.T.);
#1449 = ORIENTED_EDGE('',*,*,#1450,.T.);
#1450 = EDGE_CURVE('',#483,#1451,#1453,.T.);
#1451 = VERTEX_POINT('',#1452);
#1452 = CARTESIAN_POINT('',(2.015653442962,-13.55904118155,3.5));
#1453 = LINE('',#1454,#1455);
#1454 = CARTESIAN_POINT('',(2.015653442962,-13.55904118155,3.5));
#1455 = VECTOR('',#1456,1.);
#1456 = DIRECTION('',(0.,-2.22044604925E-16,1.));
#1457 = ORIENTED_EDGE('',*,*,#1458,.F.);
#1458 = EDGE_CURVE('',#1451,#1451,#1459,.T.);
#1459 = CIRCLE('',#1460,0.5);
#1460 = AXIS2_PLACEMENT_3D('',#1461,#1462,#1463);
#1461 = CARTESIAN_POINT('',(2.015653442962,-13.05904118155,3.5));
#1462 = DIRECTION('',(0.,-2.22044604925E-16,1.));
#1463 = DIRECTION('',(0.,1.,2.22044604925E-16));
#1464 = ORIENTED_EDGE('',*,*,#1450,.F.);
#1465 = CYLINDRICAL_SURFACE('',#1466,0.5);
#1466 = AXIS2_PLACEMENT_3D('',#1467,#1468,#1469);
#1467 = CARTESIAN_POINT('',(2.015653442962,-13.05904118155,3.5));
#1468 = DIRECTION('',(0.,2.22044604925E-16,-1.));
#1469 = DIRECTION('',(0.,1.,2.22044604925E-16));
#1470 = ADVANCED_FACE('',(#1471),#1474,.F.);
#1471 = FACE_BOUND('',#1472,.T.);
#1472 = EDGE_LOOP('',(#1473));
#1473 = ORIENTED_EDGE('',*,*,#1458,.T.);
#1474 = PLANE('',#1475);
#1475 = AXIS2_PLACEMENT_3D('',#1476,#1477,#1478);
#1476 = CARTESIAN_POINT('',(2.015653442962,-13.05904118155,3.5));
#1477 = DIRECTION('',(0.,2.22044604925E-16,-1.));
#1478 = DIRECTION('',(0.,1.,2.22044604925E-16));
#1479 = MANIFOLD_SOLID_BREP('',#1480);
#1480 = CLOSED_SHELL('',(#1481,#1917,#1999,#2082,#2124,#2166,#2208,#2230
    ,#2255,#2320,#2332,#2357,#2422,#2434,#2481,#2506,#2546,#2571,#2611,
    #2644,#2662,#2697,#2706,#2718,#2730,#2742,#2785,#2813,#2840,#2868,
    #2896,#2908,#2935,#2962,#2974,#2986,#3011,#3020,#3045,#3054,#3079,
    #3088,#3113,#3122,#3147,#3156,#3181,#3190,#3215,#3224,#3249,#3258,
    #3283,#3292,#3317,#3326,#3351,#3360,#3402,#3430,#3439,#3491,#3507,
    #3559,#3575,#3587,#3599,#3648,#3672,#3714,#3731,#3753,#3802,#3826,
    #3868,#3885,#3907,#3956,#3980,#4022,#4039,#4061,#4110,#4134,#4176,
    #4193,#4215,#4227,#4239,#4251,#4263,#4275,#4287,#4299,#4311,#4330));
#1481 = ADVANCED_FACE('',(#1482,#1555,#1589,#1623,#1657,#1691,#1738,
    #1749,#1760,#1771,#1782,#1793,#1804,#1815,#1826,#1837,#1848,#1859),
  #1912,.F.);
#1482 = FACE_BOUND('',#1483,.T.);
#1483 = EDGE_LOOP('',(#1484,#1494,#1503,#1512,#1521,#1530,#1539,#1548));
#1484 = ORIENTED_EDGE('',*,*,#1485,.F.);
#1485 = EDGE_CURVE('',#1486,#1488,#1490,.T.);
#1486 = VERTEX_POINT('',#1487);
#1487 = CARTESIAN_POINT('',(-4.513313638559,-14.2,-3.2));
#1488 = VERTEX_POINT('',#1489);
#1489 = CARTESIAN_POINT('',(4.513313638559,-14.2,-3.2));
#1490 = LINE('',#1491,#1492);
#1491 = CARTESIAN_POINT('',(-4.513313638559,-14.2,-3.2));
#1492 = VECTOR('',#1493,1.);
#1493 = DIRECTION('',(1.,0.,0.));
#1494 = ORIENTED_EDGE('',*,*,#1495,.F.);
#1495 = EDGE_CURVE('',#1496,#1486,#1498,.T.);
#1496 = VERTEX_POINT('',#1497);
#1497 = CARTESIAN_POINT('',(-14.76805555555,-1.978518412354,-3.2));
#1498 = CIRCLE('',#1499,14.9);
#1499 = AXIS2_PLACEMENT_3D('',#1500,#1501,#1502);
#1500 = CARTESIAN_POINT('',(0.,7.105427357601E-16,-3.2));
#1501 = DIRECTION('',(0.,-2.22044604925E-16,1.));
#1502 = DIRECTION('',(0.,-1.,-2.22044604925E-16));
#1503 = ORIENTED_EDGE('',*,*,#1504,.T.);
#1504 = EDGE_CURVE('',#1496,#1505,#1507,.T.);
#1505 = VERTEX_POINT('',#1506);
#1506 = CARTESIAN_POINT('',(-13.5,2.35,-3.2));
#1507 = CIRCLE('',#1508,2.35);
#1508 = AXIS2_PLACEMENT_3D('',#1509,#1510,#1511);
#1509 = CARTESIAN_POINT('',(-13.5,7.105427357601E-16,-3.2));
#1510 = DIRECTION('',(0.,-2.22044604925E-16,1.));
#1511 = DIRECTION('',(0.,-1.,-2.22044604925E-16));
#1512 = ORIENTED_EDGE('',*,*,#1513,.T.);
#1513 = EDGE_CURVE('',#1505,#1514,#1516,.T.);
#1514 = VERTEX_POINT('',#1515);
#1515 = CARTESIAN_POINT('',(-14.76805555555,1.978518412354,-3.2));
#1516 = CIRCLE('',#1517,2.35);
#1517 = AXIS2_PLACEMENT_3D('',#1518,#1519,#1520);
#1518 = CARTESIAN_POINT('',(-13.5,7.105427357601E-16,-3.2));
#1519 = DIRECTION('',(0.,-2.22044604925E-16,1.));
#1520 = DIRECTION('',(0.,-1.,-2.22044604925E-16));
#1521 = ORIENTED_EDGE('',*,*,#1522,.F.);
#1522 = EDGE_CURVE('',#1523,#1514,#1525,.T.);
#1523 = VERTEX_POINT('',#1524);
#1524 = CARTESIAN_POINT('',(14.768055555556,1.978518412354,-3.2));
#1525 = CIRCLE('',#1526,14.9);
#1526 = AXIS2_PLACEMENT_3D('',#1527,#1528,#1529);
#1527 = CARTESIAN_POINT('',(0.,7.105427357601E-16,-3.2));
#1528 = DIRECTION('',(0.,-2.22044604925E-16,1.));
#1529 = DIRECTION('',(0.,-1.,-2.22044604925E-16));
#1530 = ORIENTED_EDGE('',*,*,#1531,.T.);
#1531 = EDGE_CURVE('',#1523,#1532,#1534,.T.);
#1532 = VERTEX_POINT('',#1533);
#1533 = CARTESIAN_POINT('',(13.5,2.35,-3.2));
#1534 = CIRCLE('',#1535,2.35);
#1535 = AXIS2_PLACEMENT_3D('',#1536,#1537,#1538);
#1536 = CARTESIAN_POINT('',(13.5,4.017089093458E-15,-3.2));
#1537 = DIRECTION('',(0.,-2.22044604925E-16,1.));
#1538 = DIRECTION('',(0.,-1.,-2.22044604925E-16));
#1539 = ORIENTED_EDGE('',*,*,#1540,.T.);
#1540 = EDGE_CURVE('',#1532,#1541,#1543,.T.);
#1541 = VERTEX_POINT('',#1542);
#1542 = CARTESIAN_POINT('',(14.768055555556,-1.978518412354,-3.2));
#1543 = CIRCLE('',#1544,2.35);
#1544 = AXIS2_PLACEMENT_3D('',#1545,#1546,#1547);
#1545 = CARTESIAN_POINT('',(13.5,4.017089093458E-15,-3.2));
#1546 = DIRECTION('',(0.,-2.22044604925E-16,1.));
#1547 = DIRECTION('',(0.,-1.,-2.22044604925E-16));
#1548 = ORIENTED_EDGE('',*,*,#1549,.F.);
#1549 = EDGE_CURVE('',#1488,#1541,#1550,.T.);
#1550 = CIRCLE('',#1551,14.9);
#1551 = AXIS2_PLACEMENT_3D('',#1552,#1553,#1554);
#1552 = CARTESIAN_POINT('',(0.,7.105427357601E-16,-3.2));
#1553 = DIRECTION('',(0.,-2.22044604925E-16,1.));
#1554 = DIRECTION('',(0.,-1.,-2.22044604925E-16));
#1555 = FACE_BOUND('',#1556,.T.);
#1556 = EDGE_LOOP('',(#1557,#1567,#1575,#1583));
#1557 = ORIENTED_EDGE('',*,*,#1558,.F.);
#1558 = EDGE_CURVE('',#1559,#1561,#1563,.T.);
#1559 = VERTEX_POINT('',#1560);
#1560 = CARTESIAN_POINT('',(11.6,-3.6,-3.2));
#1561 = VERTEX_POINT('',#1562);
#1562 = CARTESIAN_POINT('',(11.6,-4.1,-3.2));
#1563 = LINE('',#1564,#1565);
#1564 = CARTESIAN_POINT('',(11.6,-3.6,-3.2));
#1565 = VECTOR('',#1566,1.);
#1566 = DIRECTION('',(0.,-1.,-2.22044604925E-16));
#1567 = ORIENTED_EDGE('',*,*,#1568,.F.);
#1568 = EDGE_CURVE('',#1569,#1559,#1571,.T.);
#1569 = VERTEX_POINT('',#1570);
#1570 = CARTESIAN_POINT('',(11.25,-3.6,-3.2));
#1571 = LINE('',#1572,#1573);
#1572 = CARTESIAN_POINT('',(11.25,-3.6,-3.2));
#1573 = VECTOR('',#1574,1.);
#1574 = DIRECTION('',(1.,0.,0.));
#1575 = ORIENTED_EDGE('',*,*,#1576,.F.);
#1576 = EDGE_CURVE('',#1577,#1569,#1579,.T.);
#1577 = VERTEX_POINT('',#1578);
#1578 = CARTESIAN_POINT('',(11.25,-4.1,-3.2));
#1579 = LINE('',#1580,#1581);
#1580 = CARTESIAN_POINT('',(11.25,-4.1,-3.2));
#1581 = VECTOR('',#1582,1.);
#1582 = DIRECTION('',(0.,1.,2.22044604925E-16));
#1583 = ORIENTED_EDGE('',*,*,#1584,.F.);
#1584 = EDGE_CURVE('',#1561,#1577,#1585,.T.);
#1585 = LINE('',#1586,#1587);
#1586 = CARTESIAN_POINT('',(11.6,-4.1,-3.2));
#1587 = VECTOR('',#1588,1.);
#1588 = DIRECTION('',(-1.,0.,0.));
#1589 = FACE_BOUND('',#1590,.T.);
#1590 = EDGE_LOOP('',(#1591,#1601,#1609,#1617));
#1591 = ORIENTED_EDGE('',*,*,#1592,.F.);
#1592 = EDGE_CURVE('',#1593,#1595,#1597,.T.);
#1593 = VERTEX_POINT('',#1594);
#1594 = CARTESIAN_POINT('',(-11.25,4.1,-3.2));
#1595 = VERTEX_POINT('',#1596);
#1596 = CARTESIAN_POINT('',(-11.25,3.6,-3.2));
#1597 = LINE('',#1598,#1599);
#1598 = CARTESIAN_POINT('',(-11.25,4.1,-3.2));
#1599 = VECTOR('',#1600,1.);
#1600 = DIRECTION('',(0.,-1.,-2.22044604925E-16));
#1601 = ORIENTED_EDGE('',*,*,#1602,.F.);
#1602 = EDGE_CURVE('',#1603,#1593,#1605,.T.);
#1603 = VERTEX_POINT('',#1604);
#1604 = CARTESIAN_POINT('',(-11.6,4.1,-3.2));
#1605 = LINE('',#1606,#1607);
#1606 = CARTESIAN_POINT('',(-11.6,4.1,-3.2));
#1607 = VECTOR('',#1608,1.);
#1608 = DIRECTION('',(1.,0.,0.));
#1609 = ORIENTED_EDGE('',*,*,#1610,.F.);
#1610 = EDGE_CURVE('',#1611,#1603,#1613,.T.);
#1611 = VERTEX_POINT('',#1612);
#1612 = CARTESIAN_POINT('',(-11.6,3.6,-3.2));
#1613 = LINE('',#1614,#1615);
#1614 = CARTESIAN_POINT('',(-11.6,3.6,-3.2));
#1615 = VECTOR('',#1616,1.);
#1616 = DIRECTION('',(0.,1.,2.22044604925E-16));
#1617 = ORIENTED_EDGE('',*,*,#1618,.F.);
#1618 = EDGE_CURVE('',#1595,#1611,#1619,.T.);
#1619 = LINE('',#1620,#1621);
#1620 = CARTESIAN_POINT('',(-11.25,3.6,-3.2));
#1621 = VECTOR('',#1622,1.);
#1622 = DIRECTION('',(-1.,0.,0.));
#1623 = FACE_BOUND('',#1624,.T.);
#1624 = EDGE_LOOP('',(#1625,#1635,#1643,#1651));
#1625 = ORIENTED_EDGE('',*,*,#1626,.F.);
#1626 = EDGE_CURVE('',#1627,#1629,#1631,.T.);
#1627 = VERTEX_POINT('',#1628);
#1628 = CARTESIAN_POINT('',(11.6,4.1,-3.2));
#1629 = VERTEX_POINT('',#1630);
#1630 = CARTESIAN_POINT('',(11.6,3.6,-3.2));
#1631 = LINE('',#1632,#1633);
#1632 = CARTESIAN_POINT('',(11.6,4.1,-3.2));
#1633 = VECTOR('',#1634,1.);
#1634 = DIRECTION('',(0.,-1.,-2.22044604925E-16));
#1635 = ORIENTED_EDGE('',*,*,#1636,.F.);
#1636 = EDGE_CURVE('',#1637,#1627,#1639,.T.);
#1637 = VERTEX_POINT('',#1638);
#1638 = CARTESIAN_POINT('',(11.25,4.1,-3.2));
#1639 = LINE('',#1640,#1641);
#1640 = CARTESIAN_POINT('',(11.25,4.1,-3.2));
#1641 = VECTOR('',#1642,1.);
#1642 = DIRECTION('',(1.,0.,0.));
#1643 = ORIENTED_EDGE('',*,*,#1644,.F.);
#1644 = EDGE_CURVE('',#1645,#1637,#1647,.T.);
#1645 = VERTEX_POINT('',#1646);
#1646 = CARTESIAN_POINT('',(11.25,3.6,-3.2));
#1647 = LINE('',#1648,#1649);
#1648 = CARTESIAN_POINT('',(11.25,3.6,-3.2));
#1649 = VECTOR('',#1650,1.);
#1650 = DIRECTION('',(0.,1.,2.22044604925E-16));
#1651 = ORIENTED_EDGE('',*,*,#1652,.F.);
#1652 = EDGE_CURVE('',#1629,#1645,#1653,.T.);
#1653 = LINE('',#1654,#1655);
#1654 = CARTESIAN_POINT('',(11.6,3.6,-3.2));
#1655 = VECTOR('',#1656,1.);
#1656 = DIRECTION('',(-1.,0.,0.));
#1657 = FACE_BOUND('',#1658,.T.);
#1658 = EDGE_LOOP('',(#1659,#1669,#1677,#1685));
#1659 = ORIENTED_EDGE('',*,*,#1660,.F.);
#1660 = EDGE_CURVE('',#1661,#1663,#1665,.T.);
#1661 = VERTEX_POINT('',#1662);
#1662 = CARTESIAN_POINT('',(-11.25,-3.6,-3.2));
#1663 = VERTEX_POINT('',#1664);
#1664 = CARTESIAN_POINT('',(-11.25,-4.1,-3.2));
#1665 = LINE('',#1666,#1667);
#1666 = CARTESIAN_POINT('',(-11.25,-3.6,-3.2));
#1667 = VECTOR('',#1668,1.);
#1668 = DIRECTION('',(0.,-1.,-2.22044604925E-16));
#1669 = ORIENTED_EDGE('',*,*,#1670,.F.);
#1670 = EDGE_CURVE('',#1671,#1661,#1673,.T.);
#1671 = VERTEX_POINT('',#1672);
#1672 = CARTESIAN_POINT('',(-11.6,-3.6,-3.2));
#1673 = LINE('',#1674,#1675);
#1674 = CARTESIAN_POINT('',(-11.6,-3.6,-3.2));
#1675 = VECTOR('',#1676,1.);
#1676 = DIRECTION('',(1.,0.,0.));
#1677 = ORIENTED_EDGE('',*,*,#1678,.F.);
#1678 = EDGE_CURVE('',#1679,#1671,#1681,.T.);
#1679 = VERTEX_POINT('',#1680);
#1680 = CARTESIAN_POINT('',(-11.6,-4.1,-3.2));
#1681 = LINE('',#1682,#1683);
#1682 = CARTESIAN_POINT('',(-11.6,-4.1,-3.2));
#1683 = VECTOR('',#1684,1.);
#1684 = DIRECTION('',(0.,1.,2.22044604925E-16));
#1685 = ORIENTED_EDGE('',*,*,#1686,.F.);
#1686 = EDGE_CURVE('',#1663,#1679,#1687,.T.);
#1687 = LINE('',#1688,#1689);
#1688 = CARTESIAN_POINT('',(-11.25,-4.1,-3.2));
#1689 = VECTOR('',#1690,1.);
#1690 = DIRECTION('',(-1.,0.,0.));
#1691 = FACE_BOUND('',#1692,.T.);
#1692 = EDGE_LOOP('',(#1693,#1704,#1713,#1722,#1731));
#1693 = ORIENTED_EDGE('',*,*,#1694,.F.);
#1694 = EDGE_CURVE('',#1695,#1697,#1699,.T.);
#1695 = VERTEX_POINT('',#1696);
#1696 = CARTESIAN_POINT('',(-8.018321780337,-9.190546249081,-3.2));
#1697 = VERTEX_POINT('',#1698);
#1698 = CARTESIAN_POINT('',(-8.230686156807,-9.638871043851,-3.2));
#1699 = CIRCLE('',#1700,0.25);
#1700 = AXIS2_PLACEMENT_3D('',#1701,#1702,#1703);
#1701 = CARTESIAN_POINT('',(-8.096262161106,-9.428086344739,-3.2));
#1702 = DIRECTION('',(0.,2.22044604925E-16,-1.));
#1703 = DIRECTION('',(0.,1.,2.22044604925E-16));
#1704 = ORIENTED_EDGE('',*,*,#1705,.T.);
#1705 = EDGE_CURVE('',#1695,#1706,#1708,.T.);
#1706 = VERTEX_POINT('',#1707);
#1707 = CARTESIAN_POINT('',(-9.,-8.,-3.2));
#1708 = CIRCLE('',#1709,1.);
#1709 = AXIS2_PLACEMENT_3D('',#1710,#1711,#1712);
#1710 = CARTESIAN_POINT('',(-9.,-9.,-3.2));
#1711 = DIRECTION('',(0.,-2.22044604925E-16,1.));
#1712 = DIRECTION('',(0.,-1.,-2.22044604925E-16));
#1713 = ORIENTED_EDGE('',*,*,#1714,.T.);
#1714 = EDGE_CURVE('',#1706,#1715,#1717,.T.);
#1715 = VERTEX_POINT('',#1716);
#1716 = CARTESIAN_POINT('',(-9.769313843193,-8.361128956149,-3.2));
#1717 = CIRCLE('',#1718,1.);
#1718 = AXIS2_PLACEMENT_3D('',#1719,#1720,#1721);
#1719 = CARTESIAN_POINT('',(-9.,-9.,-3.2));
#1720 = DIRECTION('',(0.,-2.22044604925E-16,1.));
#1721 = DIRECTION('',(0.,-1.,-2.22044604925E-16));
#1722 = ORIENTED_EDGE('',*,*,#1723,.F.);
#1723 = EDGE_CURVE('',#1724,#1715,#1726,.T.);
#1724 = VERTEX_POINT('',#1725);
#1725 = CARTESIAN_POINT('',(-9.981678219663,-8.809453750919,-3.2));
#1726 = CIRCLE('',#1727,0.25);
#1727 = AXIS2_PLACEMENT_3D('',#1728,#1729,#1730);
#1728 = CARTESIAN_POINT('',(-9.903737838894,-8.571913655261,-3.2));
#1729 = DIRECTION('',(0.,2.22044604925E-16,-1.));
#1730 = DIRECTION('',(0.,1.,2.22044604925E-16));
#1731 = ORIENTED_EDGE('',*,*,#1732,.T.);
#1732 = EDGE_CURVE('',#1724,#1697,#1733,.T.);
#1733 = CIRCLE('',#1734,1.);
#1734 = AXIS2_PLACEMENT_3D('',#1735,#1736,#1737);
#1735 = CARTESIAN_POINT('',(-9.,-9.,-3.2));
#1736 = DIRECTION('',(0.,-2.22044604925E-16,1.));
#1737 = DIRECTION('',(0.,-1.,-2.22044604925E-16));
#1738 = FACE_BOUND('',#1739,.T.);
#1739 = EDGE_LOOP('',(#1740));
#1740 = ORIENTED_EDGE('',*,*,#1741,.T.);
#1741 = EDGE_CURVE('',#1742,#1742,#1744,.T.);
#1742 = VERTEX_POINT('',#1743);
#1743 = CARTESIAN_POINT('',(-6.123233995737E-17,-1.055835694769,-3.2));
#1744 = CIRCLE('',#1745,0.5);
#1745 = AXIS2_PLACEMENT_3D('',#1746,#1747,#1748);
#1746 = CARTESIAN_POINT('',(0.,-1.555835694769,-3.2));
#1747 = DIRECTION('',(0.,-2.22044604925E-16,1.));
#1748 = DIRECTION('',(0.,-1.,-2.22044604925E-16));
#1749 = FACE_BOUND('',#1750,.T.);
#1750 = EDGE_LOOP('',(#1751));
#1751 = ORIENTED_EDGE('',*,*,#1752,.T.);
#1752 = EDGE_CURVE('',#1753,#1753,#1755,.T.);
#1753 = VERTEX_POINT('',#1754);
#1754 = CARTESIAN_POINT('',(-9.999968001054,-4.503981738881,-3.2));
#1755 = CIRCLE('',#1756,0.5);
#1756 = AXIS2_PLACEMENT_3D('',#1757,#1758,#1759);
#1757 = CARTESIAN_POINT('',(-9.999968001054,-5.003981738881,-3.2));
#1758 = DIRECTION('',(0.,-2.22044604925E-16,1.));
#1759 = DIRECTION('',(0.,-1.,-2.22044604925E-16));
#1760 = FACE_BOUND('',#1761,.T.);
#1761 = EDGE_LOOP('',(#1762));
#1762 = ORIENTED_EDGE('',*,*,#1763,.T.);
#1763 = EDGE_CURVE('',#1764,#1764,#1766,.T.);
#1764 = VERTEX_POINT('',#1765);
#1765 = CARTESIAN_POINT('',(-6.480513548277,-8.556937121632,-3.2));
#1766 = CIRCLE('',#1767,0.5);
#1767 = AXIS2_PLACEMENT_3D('',#1768,#1769,#1770);
#1768 = CARTESIAN_POINT('',(-6.480513548277,-9.056937121632,-3.2));
#1769 = DIRECTION('',(0.,-2.22044604925E-16,1.));
#1770 = DIRECTION('',(0.,-1.,-2.22044604925E-16));
#1771 = FACE_BOUND('',#1772,.T.);
#1772 = EDGE_LOOP('',(#1773));
#1773 = ORIENTED_EDGE('',*,*,#1774,.F.);
#1774 = EDGE_CURVE('',#1775,#1775,#1777,.T.);
#1775 = VERTEX_POINT('',#1776);
#1776 = CARTESIAN_POINT('',(6.480513548277,-8.556937121632,-3.2));
#1777 = CIRCLE('',#1778,0.5);
#1778 = AXIS2_PLACEMENT_3D('',#1779,#1780,#1781);
#1779 = CARTESIAN_POINT('',(6.480513548277,-9.056937121632,-3.2));
#1780 = DIRECTION('',(0.,2.22044604925E-16,-1.));
#1781 = DIRECTION('',(0.,1.,2.22044604925E-16));
#1782 = FACE_BOUND('',#1783,.T.);
#1783 = EDGE_LOOP('',(#1784));
#1784 = ORIENTED_EDGE('',*,*,#1785,.F.);
#1785 = EDGE_CURVE('',#1786,#1786,#1788,.T.);
#1786 = VERTEX_POINT('',#1787);
#1787 = CARTESIAN_POINT('',(9.999968001054,-4.503981738881,-3.2));
#1788 = CIRCLE('',#1789,0.5);
#1789 = AXIS2_PLACEMENT_3D('',#1790,#1791,#1792);
#1790 = CARTESIAN_POINT('',(9.999968001054,-5.003981738881,-3.2));
#1791 = DIRECTION('',(0.,2.22044604925E-16,-1.));
#1792 = DIRECTION('',(0.,1.,2.22044604925E-16));
#1793 = FACE_BOUND('',#1794,.T.);
#1794 = EDGE_LOOP('',(#1795));
#1795 = ORIENTED_EDGE('',*,*,#1796,.T.);
#1796 = EDGE_CURVE('',#1797,#1797,#1799,.T.);
#1797 = VERTEX_POINT('',#1798);
#1798 = CARTESIAN_POINT('',(6.480513548277,9.556937121632,-3.2));
#1799 = CIRCLE('',#1800,0.5);
#1800 = AXIS2_PLACEMENT_3D('',#1801,#1802,#1803);
#1801 = CARTESIAN_POINT('',(6.480513548277,9.056937121632,-3.2));
#1802 = DIRECTION('',(0.,-2.22044604925E-16,1.));
#1803 = DIRECTION('',(0.,-1.,-2.22044604925E-16));
#1804 = FACE_BOUND('',#1805,.T.);
#1805 = EDGE_LOOP('',(#1806));
#1806 = ORIENTED_EDGE('',*,*,#1807,.T.);
#1807 = EDGE_CURVE('',#1808,#1808,#1810,.T.);
#1808 = VERTEX_POINT('',#1809);
#1809 = CARTESIAN_POINT('',(9.999968001054,5.503981738881,-3.2));
#1810 = CIRCLE('',#1811,0.5);
#1811 = AXIS2_PLACEMENT_3D('',#1812,#1813,#1814);
#1812 = CARTESIAN_POINT('',(9.999968001054,5.003981738881,-3.2));
#1813 = DIRECTION('',(0.,-2.22044604925E-16,1.));
#1814 = DIRECTION('',(0.,-1.,-2.22044604925E-16));
#1815 = FACE_BOUND('',#1816,.T.);
#1816 = EDGE_LOOP('',(#1817));
#1817 = ORIENTED_EDGE('',*,*,#1818,.T.);
#1818 = EDGE_CURVE('',#1819,#1819,#1821,.T.);
#1819 = VERTEX_POINT('',#1820);
#1820 = CARTESIAN_POINT('',(5.020692482883,0.5,-3.2));
#1821 = CIRCLE('',#1822,0.5);
#1822 = AXIS2_PLACEMENT_3D('',#1823,#1824,#1825);
#1823 = CARTESIAN_POINT('',(5.020692482883,1.940257731493E-15,-3.2));
#1824 = DIRECTION('',(0.,-2.22044604925E-16,1.));
#1825 = DIRECTION('',(0.,-1.,-2.22044604925E-16));
#1826 = FACE_BOUND('',#1827,.T.);
#1827 = EDGE_LOOP('',(#1828));
#1828 = ORIENTED_EDGE('',*,*,#1829,.T.);
#1829 = EDGE_CURVE('',#1830,#1830,#1832,.T.);
#1830 = VERTEX_POINT('',#1831);
#1831 = CARTESIAN_POINT('',(-5.020692482883,0.5,-3.2));
#1832 = CIRCLE('',#1833,0.5);
#1833 = AXIS2_PLACEMENT_3D('',#1834,#1835,#1836);
#1834 = CARTESIAN_POINT('',(-5.020692482883,7.105427357601E-16,-3.2));
#1835 = DIRECTION('',(0.,-2.22044604925E-16,1.));
#1836 = DIRECTION('',(0.,-1.,-2.22044604925E-16));
#1837 = FACE_BOUND('',#1838,.T.);
#1838 = EDGE_LOOP('',(#1839));
#1839 = ORIENTED_EDGE('',*,*,#1840,.F.);
#1840 = EDGE_CURVE('',#1841,#1841,#1843,.T.);
#1841 = VERTEX_POINT('',#1842);
#1842 = CARTESIAN_POINT('',(-9.999968001054,5.503981738881,-3.2));
#1843 = CIRCLE('',#1844,0.5);
#1844 = AXIS2_PLACEMENT_3D('',#1845,#1846,#1847);
#1845 = CARTESIAN_POINT('',(-9.999968001054,5.003981738881,-3.2));
#1846 = DIRECTION('',(0.,2.22044604925E-16,-1.));
#1847 = DIRECTION('',(0.,1.,2.22044604925E-16));
#1848 = FACE_BOUND('',#1849,.T.);
#1849 = EDGE_LOOP('',(#1850));
#1850 = ORIENTED_EDGE('',*,*,#1851,.F.);
#1851 = EDGE_CURVE('',#1852,#1852,#1854,.T.);
#1852 = VERTEX_POINT('',#1853);
#1853 = CARTESIAN_POINT('',(-6.480513548277,9.556937121632,-3.2));
#1854 = CIRCLE('',#1855,0.5);
#1855 = AXIS2_PLACEMENT_3D('',#1856,#1857,#1858);
#1856 = CARTESIAN_POINT('',(-6.480513548277,9.056937121632,-3.2));
#1857 = DIRECTION('',(0.,2.22044604925E-16,-1.));
#1858 = DIRECTION('',(0.,1.,2.22044604925E-16));
#1859 = FACE_BOUND('',#1860,.T.);
#1860 = EDGE_LOOP('',(#1861,#1871,#1880,#1888,#1897,#1905));
#1861 = ORIENTED_EDGE('',*,*,#1862,.F.);
#1862 = EDGE_CURVE('',#1863,#1865,#1867,.T.);
#1863 = VERTEX_POINT('',#1864);
#1864 = CARTESIAN_POINT('',(0.576796839378,11.810332954482,-3.2));
#1865 = VERTEX_POINT('',#1866);
#1866 = CARTESIAN_POINT('',(1.856192747578,9.594354238482,-3.2));
#1867 = LINE('',#1868,#1869);
#1868 = CARTESIAN_POINT('',(0.576796839378,11.810332954482,-3.2));
#1869 = VECTOR('',#1870,1.);
#1870 = DIRECTION('',(0.5,-0.866025403784,-1.922962686384E-16));
#1871 = ORIENTED_EDGE('',*,*,#1872,.F.);
#1872 = EDGE_CURVE('',#1873,#1863,#1875,.T.);
#1873 = VERTEX_POINT('',#1874);
#1874 = CARTESIAN_POINT('',(-0.576796839378,11.810332954482,-3.2));
#1875 = CIRCLE('',#1876,1.9);
#1876 = AXIS2_PLACEMENT_3D('',#1877,#1878,#1879);
#1877 = CARTESIAN_POINT('',(1.224646799147E-15,10.,-3.2));
#1878 = DIRECTION('',(0.,2.22044604925E-16,-1.));
#1879 = DIRECTION('',(0.,1.,2.22044604925E-16));
#1880 = ORIENTED_EDGE('',*,*,#1881,.F.);
#1881 = EDGE_CURVE('',#1882,#1873,#1884,.T.);
#1882 = VERTEX_POINT('',#1883);
#1883 = CARTESIAN_POINT('',(-1.856192747578,9.594354238482,-3.2));
#1884 = LINE('',#1885,#1886);
#1885 = CARTESIAN_POINT('',(-1.856192747578,9.594354238482,-3.2));
#1886 = VECTOR('',#1887,1.);
#1887 = DIRECTION('',(0.5,0.866025403784,1.922962686384E-16));
#1888 = ORIENTED_EDGE('',*,*,#1889,.F.);
#1889 = EDGE_CURVE('',#1890,#1882,#1892,.T.);
#1890 = VERTEX_POINT('',#1891);
#1891 = CARTESIAN_POINT('',(-1.279395908201,8.595312807035,-3.2));
#1892 = CIRCLE('',#1893,1.9);
#1893 = AXIS2_PLACEMENT_3D('',#1894,#1895,#1896);
#1894 = CARTESIAN_POINT('',(1.224646799147E-15,10.,-3.2));
#1895 = DIRECTION('',(0.,2.22044604925E-16,-1.));
#1896 = DIRECTION('',(0.,1.,2.22044604925E-16));
#1897 = ORIENTED_EDGE('',*,*,#1898,.F.);
#1898 = EDGE_CURVE('',#1899,#1890,#1901,.T.);
#1899 = VERTEX_POINT('',#1900);
#1900 = CARTESIAN_POINT('',(1.279395908201,8.595312807035,-3.2));
#1901 = LINE('',#1902,#1903);
#1902 = CARTESIAN_POINT('',(1.279395908201,8.595312807035,-3.2));
#1903 = VECTOR('',#1904,1.);
#1904 = DIRECTION('',(-1.,5.206627678775E-15,1.156103585925E-30));
#1905 = ORIENTED_EDGE('',*,*,#1906,.F.);
#1906 = EDGE_CURVE('',#1865,#1899,#1907,.T.);
#1907 = CIRCLE('',#1908,1.9);
#1908 = AXIS2_PLACEMENT_3D('',#1909,#1910,#1911);
#1909 = CARTESIAN_POINT('',(1.224646799147E-15,10.,-3.2));
#1910 = DIRECTION('',(0.,2.22044604925E-16,-1.));
#1911 = DIRECTION('',(0.,1.,2.22044604925E-16));
#1912 = PLANE('',#1913);
#1913 = AXIS2_PLACEMENT_3D('',#1914,#1915,#1916);
#1914 = CARTESIAN_POINT('',(0.,7.105427357601E-16,-3.2));
#1915 = DIRECTION('',(0.,-2.22044604925E-16,1.));
#1916 = DIRECTION('',(0.,-1.,-2.22044604925E-16));
#1917 = ADVANCED_FACE('',(#1918),#1994,.T.);
#1918 = FACE_BOUND('',#1919,.T.);
#1919 = EDGE_LOOP('',(#1920,#1931,#1937,#1938,#1946,#1955,#1961,#1962,
    #1970,#1979,#1986,#1987,#1988));
#1920 = ORIENTED_EDGE('',*,*,#1921,.T.);
#1921 = EDGE_CURVE('',#1922,#1924,#1926,.T.);
#1922 = VERTEX_POINT('',#1923);
#1923 = CARTESIAN_POINT('',(-8.018321780337,-9.190546249081,-6.449));
#1924 = VERTEX_POINT('',#1925);
#1925 = CARTESIAN_POINT('',(-8.230686156807,-9.638871043851,-6.449));
#1926 = CIRCLE('',#1927,1.);
#1927 = AXIS2_PLACEMENT_3D('',#1928,#1929,#1930);
#1928 = CARTESIAN_POINT('',(-9.,-9.,-6.449));
#1929 = DIRECTION('',(0.,2.22044604925E-16,-1.));
#1930 = DIRECTION('',(0.,1.,2.22044604925E-16));
#1931 = ORIENTED_EDGE('',*,*,#1932,.T.);
#1932 = EDGE_CURVE('',#1924,#1697,#1933,.T.);
#1933 = LINE('',#1934,#1935);
#1934 = CARTESIAN_POINT('',(-8.230686156807,-9.638871043851,-6.449));
#1935 = VECTOR('',#1936,1.);
#1936 = DIRECTION('',(0.,-2.22044604925E-16,1.));
#1937 = ORIENTED_EDGE('',*,*,#1732,.F.);
#1938 = ORIENTED_EDGE('',*,*,#1939,.F.);
#1939 = EDGE_CURVE('',#1940,#1724,#1942,.T.);
#1940 = VERTEX_POINT('',#1941);
#1941 = CARTESIAN_POINT('',(-9.981678219663,-8.809453750919,-6.449));
#1942 = LINE('',#1943,#1944);
#1943 = CARTESIAN_POINT('',(-9.981678219663,-8.809453750919,-6.449));
#1944 = VECTOR('',#1945,1.);
#1945 = DIRECTION('',(0.,-2.22044604925E-16,1.));
#1946 = ORIENTED_EDGE('',*,*,#1947,.T.);
#1947 = EDGE_CURVE('',#1940,#1948,#1950,.T.);
#1948 = VERTEX_POINT('',#1949);
#1949 = CARTESIAN_POINT('',(-9.769313843193,-8.361128956149,-6.449));
#1950 = CIRCLE('',#1951,1.);
#1951 = AXIS2_PLACEMENT_3D('',#1952,#1953,#1954);
#1952 = CARTESIAN_POINT('',(-9.,-9.,-6.449));
#1953 = DIRECTION('',(0.,2.22044604925E-16,-1.));
#1954 = DIRECTION('',(0.,1.,2.22044604925E-16));
#1955 = ORIENTED_EDGE('',*,*,#1956,.T.);
#1956 = EDGE_CURVE('',#1948,#1715,#1957,.T.);
#1957 = LINE('',#1958,#1959);
#1958 = CARTESIAN_POINT('',(-9.769313843193,-8.361128956149,-6.449));
#1959 = VECTOR('',#1960,1.);
#1960 = DIRECTION('',(0.,-2.22044604925E-16,1.));
#1961 = ORIENTED_EDGE('',*,*,#1714,.F.);
#1962 = ORIENTED_EDGE('',*,*,#1963,.T.);
#1963 = EDGE_CURVE('',#1706,#1964,#1966,.T.);
#1964 = VERTEX_POINT('',#1965);
#1965 = CARTESIAN_POINT('',(-9.,-8.,-7.85));
#1966 = LINE('',#1967,#1968);
#1967 = CARTESIAN_POINT('',(-9.,-8.,-7.9));
#1968 = VECTOR('',#1969,1.);
#1969 = DIRECTION('',(0.,2.22044604925E-16,-1.));
#1970 = ORIENTED_EDGE('',*,*,#1971,.F.);
#1971 = EDGE_CURVE('',#1972,#1964,#1974,.T.);
#1972 = VERTEX_POINT('',#1973);
#1973 = CARTESIAN_POINT('',(-9.,-10.,-7.85));
#1974 = CIRCLE('',#1975,1.);
#1975 = AXIS2_PLACEMENT_3D('',#1976,#1977,#1978);
#1976 = CARTESIAN_POINT('',(-9.,-9.,-7.85));
#1977 = DIRECTION('',(0.,2.22044604925E-16,-1.));
#1978 = DIRECTION('',(0.,1.,2.22044604925E-16));
#1979 = ORIENTED_EDGE('',*,*,#1980,.F.);
#1980 = EDGE_CURVE('',#1964,#1972,#1981,.T.);
#1981 = CIRCLE('',#1982,1.);
#1982 = AXIS2_PLACEMENT_3D('',#1983,#1984,#1985);
#1983 = CARTESIAN_POINT('',(-9.,-9.,-7.85));
#1984 = DIRECTION('',(0.,2.22044604925E-16,-1.));
#1985 = DIRECTION('',(0.,1.,2.22044604925E-16));
#1986 = ORIENTED_EDGE('',*,*,#1963,.F.);
#1987 = ORIENTED_EDGE('',*,*,#1705,.F.);
#1988 = ORIENTED_EDGE('',*,*,#1989,.F.);
#1989 = EDGE_CURVE('',#1922,#1695,#1990,.T.);
#1990 = LINE('',#1991,#1992);
#1991 = CARTESIAN_POINT('',(-8.018321780337,-9.190546249081,-6.449));
#1992 = VECTOR('',#1993,1.);
#1993 = DIRECTION('',(0.,-2.22044604925E-16,1.));
#1994 = CYLINDRICAL_SURFACE('',#1995,1.);
#1995 = AXIS2_PLACEMENT_3D('',#1996,#1997,#1998);
#1996 = CARTESIAN_POINT('',(-9.,-9.,-7.9));
#1997 = DIRECTION('',(0.,-2.22044604925E-16,1.));
#1998 = DIRECTION('',(0.,-1.,-2.22044604925E-16));
#1999 = ADVANCED_FACE('',(#2000,#2055,#2066),#2077,.F.);
#2000 = FACE_BOUND('',#2001,.T.);
#2001 = EDGE_LOOP('',(#2002,#2013,#2022,#2030,#2039,#2048));
#2002 = ORIENTED_EDGE('',*,*,#2003,.F.);
#2003 = EDGE_CURVE('',#2004,#2006,#2008,.T.);
#2004 = VERTEX_POINT('',#2005);
#2005 = CARTESIAN_POINT('',(-14.78509259259,-1.846899301116,-2.2));
#2006 = VERTEX_POINT('',#2007);
#2007 = CARTESIAN_POINT('',(-14.78509259259,1.846899301116,-2.2));
#2008 = CIRCLE('',#2009,2.25);
#2009 = AXIS2_PLACEMENT_3D('',#2010,#2011,#2012);
#2010 = CARTESIAN_POINT('',(-13.5,4.884981308351E-16,-2.2));
#2011 = DIRECTION('',(0.,2.22044604925E-16,-1.));
#2012 = DIRECTION('',(0.,1.,2.22044604925E-16));
#2013 = ORIENTED_EDGE('',*,*,#2014,.F.);
#2014 = EDGE_CURVE('',#2015,#2004,#2017,.T.);
#2015 = VERTEX_POINT('',#2016);
#2016 = CARTESIAN_POINT('',(-4.513313638559,-14.2,-2.2));
#2017 = CIRCLE('',#2018,14.9);
#2018 = AXIS2_PLACEMENT_3D('',#2019,#2020,#2021);
#2019 = CARTESIAN_POINT('',(0.,4.884981308351E-16,-2.2));
#2020 = DIRECTION('',(0.,2.22044604925E-16,-1.));
#2021 = DIRECTION('',(0.,1.,2.22044604925E-16));
#2022 = ORIENTED_EDGE('',*,*,#2023,.F.);
#2023 = EDGE_CURVE('',#2024,#2015,#2026,.T.);
#2024 = VERTEX_POINT('',#2025);
#2025 = CARTESIAN_POINT('',(4.513313638559,-14.2,-2.2));
#2026 = LINE('',#2027,#2028);
#2027 = CARTESIAN_POINT('',(4.513313638559,-14.2,-2.2));
#2028 = VECTOR('',#2029,1.);
#2029 = DIRECTION('',(-1.,0.,0.));
#2030 = ORIENTED_EDGE('',*,*,#2031,.F.);
#2031 = EDGE_CURVE('',#2032,#2024,#2034,.T.);
#2032 = VERTEX_POINT('',#2033);
#2033 = CARTESIAN_POINT('',(14.785092592593,-1.846899301116,-2.2));
#2034 = CIRCLE('',#2035,14.9);
#2035 = AXIS2_PLACEMENT_3D('',#2036,#2037,#2038);
#2036 = CARTESIAN_POINT('',(0.,4.884981308351E-16,-2.2));
#2037 = DIRECTION('',(0.,2.22044604925E-16,-1.));
#2038 = DIRECTION('',(0.,1.,2.22044604925E-16));
#2039 = ORIENTED_EDGE('',*,*,#2040,.F.);
#2040 = EDGE_CURVE('',#2041,#2032,#2043,.T.);
#2041 = VERTEX_POINT('',#2042);
#2042 = CARTESIAN_POINT('',(14.785092592593,1.846899301116,-2.2));
#2043 = CIRCLE('',#2044,2.25);
#2044 = AXIS2_PLACEMENT_3D('',#2045,#2046,#2047);
#2045 = CARTESIAN_POINT('',(13.5,3.795044488533E-15,-2.2));
#2046 = DIRECTION('',(0.,2.22044604925E-16,-1.));
#2047 = DIRECTION('',(0.,1.,2.22044604925E-16));
#2048 = ORIENTED_EDGE('',*,*,#2049,.F.);
#2049 = EDGE_CURVE('',#2006,#2041,#2050,.T.);
#2050 = CIRCLE('',#2051,14.9);
#2051 = AXIS2_PLACEMENT_3D('',#2052,#2053,#2054);
#2052 = CARTESIAN_POINT('',(0.,4.884981308351E-16,-2.2));
#2053 = DIRECTION('',(0.,2.22044604925E-16,-1.));
#2054 = DIRECTION('',(0.,1.,2.22044604925E-16));
#2055 = FACE_BOUND('',#2056,.T.);
#2056 = EDGE_LOOP('',(#2057));
#2057 = ORIENTED_EDGE('',*,*,#2058,.T.);
#2058 = EDGE_CURVE('',#2059,#2059,#2061,.T.);
#2059 = VERTEX_POINT('',#2060);
#2060 = CARTESIAN_POINT('',(13.5,1.15,-2.2));
#2061 = CIRCLE('',#2062,1.15);
#2062 = AXIS2_PLACEMENT_3D('',#2063,#2064,#2065);
#2063 = CARTESIAN_POINT('',(13.5,3.795044488533E-15,-2.2));
#2064 = DIRECTION('',(0.,2.22044604925E-16,-1.));
#2065 = DIRECTION('',(0.,1.,2.22044604925E-16));
#2066 = FACE_BOUND('',#2067,.T.);
#2067 = EDGE_LOOP('',(#2068));
#2068 = ORIENTED_EDGE('',*,*,#2069,.T.);
#2069 = EDGE_CURVE('',#2070,#2070,#2072,.T.);
#2070 = VERTEX_POINT('',#2071);
#2071 = CARTESIAN_POINT('',(-13.5,1.15,-2.2));
#2072 = CIRCLE('',#2073,1.15);
#2073 = AXIS2_PLACEMENT_3D('',#2074,#2075,#2076);
#2074 = CARTESIAN_POINT('',(-13.5,4.884981308351E-16,-2.2));
#2075 = DIRECTION('',(0.,2.22044604925E-16,-1.));
#2076 = DIRECTION('',(0.,1.,2.22044604925E-16));
#2077 = PLANE('',#2078);
#2078 = AXIS2_PLACEMENT_3D('',#2079,#2080,#2081);
#2079 = CARTESIAN_POINT('',(-16.5154448309,15.01,-2.2));
#2080 = DIRECTION('',(0.,2.22044604925E-16,-1.));
#2081 = DIRECTION('',(0.,1.,2.22044604925E-16));
#2082 = ADVANCED_FACE('',(#2083),#2119,.T.);
#2083 = FACE_BOUND('',#2084,.T.);
#2084 = EDGE_LOOP('',(#2085,#2095,#2104,#2112));
#2085 = ORIENTED_EDGE('',*,*,#2086,.T.);
#2086 = EDGE_CURVE('',#2087,#2089,#2091,.T.);
#2087 = VERTEX_POINT('',#2088);
#2088 = CARTESIAN_POINT('',(14.878796296296,-1.903003093355,-3.1));
#2089 = VERTEX_POINT('',#2090);
#2090 = CARTESIAN_POINT('',(14.878796296296,-1.903003093355,-2.3));
#2091 = LINE('',#2092,#2093);
#2092 = CARTESIAN_POINT('',(14.878796296296,-1.903003093355,-3.1));
#2093 = VECTOR('',#2094,1.);
#2094 = DIRECTION('',(0.,-2.22044604925E-16,1.));
#2095 = ORIENTED_EDGE('',*,*,#2096,.T.);
#2096 = EDGE_CURVE('',#2089,#2097,#2099,.T.);
#2097 = VERTEX_POINT('',#2098);
#2098 = CARTESIAN_POINT('',(4.52879674969,-14.3,-2.3));
#2099 = CIRCLE('',#2100,15.);
#2100 = AXIS2_PLACEMENT_3D('',#2101,#2102,#2103);
#2101 = CARTESIAN_POINT('',(0.,5.107025913276E-16,-2.3));
#2102 = DIRECTION('',(0.,2.22044604925E-16,-1.));
#2103 = DIRECTION('',(0.,1.,2.22044604925E-16));
#2104 = ORIENTED_EDGE('',*,*,#2105,.T.);
#2105 = EDGE_CURVE('',#2097,#2106,#2108,.T.);
#2106 = VERTEX_POINT('',#2107);
#2107 = CARTESIAN_POINT('',(4.52879674969,-14.3,-3.1));
#2108 = LINE('',#2109,#2110);
#2109 = CARTESIAN_POINT('',(4.52879674969,-14.3,-2.3));
#2110 = VECTOR('',#2111,1.);
#2111 = DIRECTION('',(0.,2.22044604925E-16,-1.));
#2112 = ORIENTED_EDGE('',*,*,#2113,.T.);
#2113 = EDGE_CURVE('',#2106,#2087,#2114,.T.);
#2114 = CIRCLE('',#2115,15.);
#2115 = AXIS2_PLACEMENT_3D('',#2116,#2117,#2118);
#2116 = CARTESIAN_POINT('',(0.,6.883382752676E-16,-3.1));
#2117 = DIRECTION('',(0.,-2.22044604925E-16,1.));
#2118 = DIRECTION('',(0.,-1.,-2.22044604925E-16));
#2119 = CYLINDRICAL_SURFACE('',#2120,15.);
#2120 = AXIS2_PLACEMENT_3D('',#2121,#2122,#2123);
#2121 = CARTESIAN_POINT('',(0.,-7.105427357601E-16,3.2));
#2122 = DIRECTION('',(0.,2.22044604925E-16,-1.));
#2123 = DIRECTION('',(0.,1.,2.22044604925E-16));
#2124 = ADVANCED_FACE('',(#2125),#2161,.T.);
#2125 = FACE_BOUND('',#2126,.T.);
#2126 = EDGE_LOOP('',(#2127,#2137,#2146,#2154));
#2127 = ORIENTED_EDGE('',*,*,#2128,.T.);
#2128 = EDGE_CURVE('',#2129,#2131,#2133,.T.);
#2129 = VERTEX_POINT('',#2130);
#2130 = CARTESIAN_POINT('',(-14.87879629629,1.903003093355,-3.1));
#2131 = VERTEX_POINT('',#2132);
#2132 = CARTESIAN_POINT('',(-14.87879629629,1.903003093355,-2.3));
#2133 = LINE('',#2134,#2135);
#2134 = CARTESIAN_POINT('',(-14.87879629629,1.903003093355,-3.1));
#2135 = VECTOR('',#2136,1.);
#2136 = DIRECTION('',(0.,-2.22044604925E-16,1.));
#2137 = ORIENTED_EDGE('',*,*,#2138,.T.);
#2138 = EDGE_CURVE('',#2131,#2139,#2141,.T.);
#2139 = VERTEX_POINT('',#2140);
#2140 = CARTESIAN_POINT('',(14.878796296296,1.903003093355,-2.3));
#2141 = CIRCLE('',#2142,15.);
#2142 = AXIS2_PLACEMENT_3D('',#2143,#2144,#2145);
#2143 = CARTESIAN_POINT('',(0.,5.107025913276E-16,-2.3));
#2144 = DIRECTION('',(0.,2.22044604925E-16,-1.));
#2145 = DIRECTION('',(0.,1.,2.22044604925E-16));
#2146 = ORIENTED_EDGE('',*,*,#2147,.F.);
#2147 = EDGE_CURVE('',#2148,#2139,#2150,.T.);
#2148 = VERTEX_POINT('',#2149);
#2149 = CARTESIAN_POINT('',(14.878796296296,1.903003093355,-3.1));
#2150 = LINE('',#2151,#2152);
#2151 = CARTESIAN_POINT('',(14.878796296296,1.903003093355,-3.1));
#2152 = VECTOR('',#2153,1.);
#2153 = DIRECTION('',(0.,-2.22044604925E-16,1.));
#2154 = ORIENTED_EDGE('',*,*,#2155,.T.);
#2155 = EDGE_CURVE('',#2148,#2129,#2156,.T.);
#2156 = CIRCLE('',#2157,15.);
#2157 = AXIS2_PLACEMENT_3D('',#2158,#2159,#2160);
#2158 = CARTESIAN_POINT('',(0.,6.883382752676E-16,-3.1));
#2159 = DIRECTION('',(0.,-2.22044604925E-16,1.));
#2160 = DIRECTION('',(0.,-1.,-2.22044604925E-16));
#2161 = CYLINDRICAL_SURFACE('',#2162,15.);
#2162 = AXIS2_PLACEMENT_3D('',#2163,#2164,#2165);
#2163 = CARTESIAN_POINT('',(0.,-7.105427357601E-16,3.2));
#2164 = DIRECTION('',(0.,2.22044604925E-16,-1.));
#2165 = DIRECTION('',(0.,1.,2.22044604925E-16));
#2166 = ADVANCED_FACE('',(#2167),#2203,.T.);
#2167 = FACE_BOUND('',#2168,.T.);
#2168 = EDGE_LOOP('',(#2169,#2179,#2188,#2196));
#2169 = ORIENTED_EDGE('',*,*,#2170,.F.);
#2170 = EDGE_CURVE('',#2171,#2173,#2175,.T.);
#2171 = VERTEX_POINT('',#2172);
#2172 = CARTESIAN_POINT('',(-4.52879674969,-14.3,-2.3));
#2173 = VERTEX_POINT('',#2174);
#2174 = CARTESIAN_POINT('',(-4.52879674969,-14.3,-3.1));
#2175 = LINE('',#2176,#2177);
#2176 = CARTESIAN_POINT('',(-4.52879674969,-14.3,-2.3));
#2177 = VECTOR('',#2178,1.);
#2178 = DIRECTION('',(0.,2.22044604925E-16,-1.));
#2179 = ORIENTED_EDGE('',*,*,#2180,.T.);
#2180 = EDGE_CURVE('',#2171,#2181,#2183,.T.);
#2181 = VERTEX_POINT('',#2182);
#2182 = CARTESIAN_POINT('',(-14.87879629629,-1.903003093355,-2.3));
#2183 = CIRCLE('',#2184,15.);
#2184 = AXIS2_PLACEMENT_3D('',#2185,#2186,#2187);
#2185 = CARTESIAN_POINT('',(0.,5.107025913276E-16,-2.3));
#2186 = DIRECTION('',(0.,2.22044604925E-16,-1.));
#2187 = DIRECTION('',(0.,1.,2.22044604925E-16));
#2188 = ORIENTED_EDGE('',*,*,#2189,.F.);
#2189 = EDGE_CURVE('',#2190,#2181,#2192,.T.);
#2190 = VERTEX_POINT('',#2191);
#2191 = CARTESIAN_POINT('',(-14.87879629629,-1.903003093355,-3.1));
#2192 = LINE('',#2193,#2194);
#2193 = CARTESIAN_POINT('',(-14.87879629629,-1.903003093355,-3.1));
#2194 = VECTOR('',#2195,1.);
#2195 = DIRECTION('',(0.,-2.22044604925E-16,1.));
#2196 = ORIENTED_EDGE('',*,*,#2197,.T.);
#2197 = EDGE_CURVE('',#2190,#2173,#2198,.T.);
#2198 = CIRCLE('',#2199,15.);
#2199 = AXIS2_PLACEMENT_3D('',#2200,#2201,#2202);
#2200 = CARTESIAN_POINT('',(0.,6.883382752676E-16,-3.1));
#2201 = DIRECTION('',(0.,-2.22044604925E-16,1.));
#2202 = DIRECTION('',(0.,-1.,-2.22044604925E-16));
#2203 = CYLINDRICAL_SURFACE('',#2204,15.);
#2204 = AXIS2_PLACEMENT_3D('',#2205,#2206,#2207);
#2205 = CARTESIAN_POINT('',(0.,-7.105427357601E-16,3.2));
#2206 = DIRECTION('',(0.,2.22044604925E-16,-1.));
#2207 = DIRECTION('',(0.,1.,2.22044604925E-16));
#2208 = ADVANCED_FACE('',(#2209),#2225,.F.);
#2209 = FACE_BOUND('',#2210,.T.);
#2210 = EDGE_LOOP('',(#2211,#2212,#2218,#2219));
#2211 = ORIENTED_EDGE('',*,*,#2105,.F.);
#2212 = ORIENTED_EDGE('',*,*,#2213,.T.);
#2213 = EDGE_CURVE('',#2097,#2171,#2214,.T.);
#2214 = LINE('',#2215,#2216);
#2215 = CARTESIAN_POINT('',(4.52879674969,-14.3,-2.3));
#2216 = VECTOR('',#2217,1.);
#2217 = DIRECTION('',(-1.,0.,0.));
#2218 = ORIENTED_EDGE('',*,*,#2170,.T.);
#2219 = ORIENTED_EDGE('',*,*,#2220,.T.);
#2220 = EDGE_CURVE('',#2173,#2106,#2221,.T.);
#2221 = LINE('',#2222,#2223);
#2222 = CARTESIAN_POINT('',(-4.52879674969,-14.3,-3.1));
#2223 = VECTOR('',#2224,1.);
#2224 = DIRECTION('',(1.,0.,0.));
#2225 = PLANE('',#2226);
#2226 = AXIS2_PLACEMENT_3D('',#2227,#2228,#2229);
#2227 = CARTESIAN_POINT('',(-4.52879674969,-14.3,3.2));
#2228 = DIRECTION('',(0.,1.,2.22044604925E-16));
#2229 = DIRECTION('',(-1.,0.,0.));
#2230 = ADVANCED_FACE('',(#2231),#2250,.F.);
#2231 = FACE_BOUND('',#2232,.F.);
#2232 = EDGE_LOOP('',(#2233,#2241,#2242,#2243));
#2233 = ORIENTED_EDGE('',*,*,#2234,.T.);
#2234 = EDGE_CURVE('',#2235,#2070,#2237,.T.);
#2235 = VERTEX_POINT('',#2236);
#2236 = CARTESIAN_POINT('',(-13.5,1.15,-3.5));
#2237 = LINE('',#2238,#2239);
#2238 = CARTESIAN_POINT('',(-13.5,1.15,-3.5));
#2239 = VECTOR('',#2240,1.);
#2240 = DIRECTION('',(0.,-2.22044604925E-16,1.));
#2241 = ORIENTED_EDGE('',*,*,#2069,.T.);
#2242 = ORIENTED_EDGE('',*,*,#2234,.F.);
#2243 = ORIENTED_EDGE('',*,*,#2244,.T.);
#2244 = EDGE_CURVE('',#2235,#2235,#2245,.T.);
#2245 = CIRCLE('',#2246,1.15);
#2246 = AXIS2_PLACEMENT_3D('',#2247,#2248,#2249);
#2247 = CARTESIAN_POINT('',(-13.5,7.771561172376E-16,-3.5));
#2248 = DIRECTION('',(0.,-2.22044604925E-16,1.));
#2249 = DIRECTION('',(0.,-1.,-2.22044604925E-16));
#2250 = CYLINDRICAL_SURFACE('',#2251,1.15);
#2251 = AXIS2_PLACEMENT_3D('',#2252,#2253,#2254);
#2252 = CARTESIAN_POINT('',(-13.5,7.771561172376E-16,-3.5));
#2253 = DIRECTION('',(0.,-2.22044604925E-16,1.));
#2254 = DIRECTION('',(0.,-1.,-2.22044604925E-16));
#2255 = ADVANCED_FACE('',(#2256),#2315,.T.);
#2256 = FACE_BOUND('',#2257,.T.);
#2257 = EDGE_LOOP('',(#2258,#2259,#2266,#2267,#2282,#2283,#2291,#2298,
    #2299,#2300));
#2258 = ORIENTED_EDGE('',*,*,#2189,.T.);
#2259 = ORIENTED_EDGE('',*,*,#2260,.T.);
#2260 = EDGE_CURVE('',#2181,#2131,#2261,.T.);
#2261 = CIRCLE('',#2262,2.35);
#2262 = AXIS2_PLACEMENT_3D('',#2263,#2264,#2265);
#2263 = CARTESIAN_POINT('',(-13.5,5.107025913276E-16,-2.3));
#2264 = DIRECTION('',(0.,2.22044604925E-16,-1.));
#2265 = DIRECTION('',(0.,1.,2.22044604925E-16));
#2266 = ORIENTED_EDGE('',*,*,#2128,.F.);
#2267 = ORIENTED_EDGE('',*,*,#2268,.T.);
#2268 = EDGE_CURVE('',#2129,#1514,#2269,.T.);
#2269 = B_SPLINE_CURVE_WITH_KNOTS('',3,(#2270,#2271,#2272,#2273,#2274,
    #2275,#2276,#2277,#2278,#2279,#2280,#2281),.UNSPECIFIED.,.F.,.F.,(4,
    2,2,2,2,4),(0.,2.864957099522E-03,6.066180871787E-03,
    1.018972882232E-02,1.560938025809E-02,1.757898725889E-02),
  .UNSPECIFIED.);
#2270 = CARTESIAN_POINT('',(-14.87879629629,1.903003093355,-3.1));
#2271 = CARTESIAN_POINT('',(-14.87879629629,1.903003093355,
    -3.109549856998));
#2272 = CARTESIAN_POINT('',(-14.87727741972,1.904106067625,
    -3.118972546888));
#2273 = CARTESIAN_POINT('',(-14.87108299588,1.908572151827,
    -3.138090613098));
#2274 = CARTESIAN_POINT('',(-14.86617049672,1.912101895728,
    -3.147341627643));
#2275 = CARTESIAN_POINT('',(-14.85227128602,1.921966293508,
    -3.166093860079));
#2276 = CARTESIAN_POINT('',(-14.84258849913,1.928761844765,
    -3.174818337469));
#2277 = CARTESIAN_POINT('',(-14.81801302175,1.945669205103,
    -3.190527318138));
#2278 = CARTESIAN_POINT('',(-14.80224192509,1.956282833869,
    -3.196250071444));
#2279 = CARTESIAN_POINT('',(-14.7800977305,1.970761155985,
    -3.199550665841));
#2280 = CARTESIAN_POINT('',(-14.77409549694,1.974647343382,-3.2));
#2281 = CARTESIAN_POINT('',(-14.76805555555,1.978518412354,-3.2));
#2282 = ORIENTED_EDGE('',*,*,#1513,.F.);
#2283 = ORIENTED_EDGE('',*,*,#2284,.T.);
#2284 = EDGE_CURVE('',#1505,#2285,#2287,.T.);
#2285 = VERTEX_POINT('',#2286);
#2286 = CARTESIAN_POINT('',(-13.5,2.35,-3.5));
#2287 = LINE('',#2288,#2289);
#2288 = CARTESIAN_POINT('',(-13.5,2.35,-3.5));
#2289 = VECTOR('',#2290,1.);
#2290 = DIRECTION('',(0.,2.22044604925E-16,-1.));
#2291 = ORIENTED_EDGE('',*,*,#2292,.T.);
#2292 = EDGE_CURVE('',#2285,#2285,#2293,.T.);
#2293 = CIRCLE('',#2294,2.35);
#2294 = AXIS2_PLACEMENT_3D('',#2295,#2296,#2297);
#2295 = CARTESIAN_POINT('',(-13.5,7.771561172376E-16,-3.5));
#2296 = DIRECTION('',(0.,-2.22044604925E-16,1.));
#2297 = DIRECTION('',(0.,-1.,-2.22044604925E-16));
#2298 = ORIENTED_EDGE('',*,*,#2284,.F.);
#2299 = ORIENTED_EDGE('',*,*,#1504,.F.);
#2300 = ORIENTED_EDGE('',*,*,#2301,.T.);
#2301 = EDGE_CURVE('',#1496,#2190,#2302,.T.);
#2302 = B_SPLINE_CURVE_WITH_KNOTS('',3,(#2303,#2304,#2305,#2306,#2307,
    #2308,#2309,#2310,#2311,#2312,#2313,#2314),.UNSPECIFIED.,.F.,.F.,(4,
    2,2,2,2,4),(5.112189148541E-02,5.358368193485E-02,5.908698133507E-02
    ,6.341961229984E-02,6.600667561904E-02,6.846658565889E-02),
  .UNSPECIFIED.);
#2303 = CARTESIAN_POINT('',(-14.76805555555,-1.978518412354,-3.2));
#2304 = CARTESIAN_POINT('',(-14.77598260912,-1.973437871148,-3.2));
#2305 = CARTESIAN_POINT('',(-14.78390807498,-1.968290364497,
    -3.199226418208));
#2306 = CARTESIAN_POINT('',(-14.80910511433,-1.951711580877,
    -3.194231321031));
#2307 = CARTESIAN_POINT('',(-14.82543754802,-1.940617808174,
    -3.187008924601));
#2308 = CARTESIAN_POINT('',(-14.85010777096,-1.923508226828,
    -3.168294724774));
#2309 = CARTESIAN_POINT('',(-14.85921233,-1.917057840189,-3.158189703551
    ));
#2310 = CARTESIAN_POINT('',(-14.87000136439,-1.909350893551,
    -3.139766561446));
#2311 = CARTESIAN_POINT('',(-14.87329371877,-1.906979821866,
    -3.132200900256));
#2312 = CARTESIAN_POINT('',(-14.87767686134,-1.903815486976,
    -3.11626358123));
#2313 = CARTESIAN_POINT('',(-14.87879629629,-1.903003093355,
    -3.108199700133));
#2314 = CARTESIAN_POINT('',(-14.87879629629,-1.903003093355,-3.1));
#2315 = CYLINDRICAL_SURFACE('',#2316,2.35);
#2316 = AXIS2_PLACEMENT_3D('',#2317,#2318,#2319);
#2317 = CARTESIAN_POINT('',(-13.5,7.771561172376E-16,-3.5));
#2318 = DIRECTION('',(0.,-2.22044604925E-16,1.));
#2319 = DIRECTION('',(0.,-1.,-2.22044604925E-16));
#2320 = ADVANCED_FACE('',(#2321,#2324),#2327,.F.);
#2321 = FACE_BOUND('',#2322,.T.);
#2322 = EDGE_LOOP('',(#2323));
#2323 = ORIENTED_EDGE('',*,*,#2292,.F.);
#2324 = FACE_BOUND('',#2325,.T.);
#2325 = EDGE_LOOP('',(#2326));
#2326 = ORIENTED_EDGE('',*,*,#2244,.T.);
#2327 = PLANE('',#2328);
#2328 = AXIS2_PLACEMENT_3D('',#2329,#2330,#2331);
#2329 = CARTESIAN_POINT('',(-13.5,7.771561172376E-16,-3.5));
#2330 = DIRECTION('',(0.,-2.22044604925E-16,1.));
#2331 = DIRECTION('',(0.,-1.,-2.22044604925E-16));
#2332 = ADVANCED_FACE('',(#2333),#2352,.F.);
#2333 = FACE_BOUND('',#2334,.F.);
#2334 = EDGE_LOOP('',(#2335,#2343,#2344,#2345));
#2335 = ORIENTED_EDGE('',*,*,#2336,.T.);
#2336 = EDGE_CURVE('',#2337,#2059,#2339,.T.);
#2337 = VERTEX_POINT('',#2338);
#2338 = CARTESIAN_POINT('',(13.5,1.15,-3.5));
#2339 = LINE('',#2340,#2341);
#2340 = CARTESIAN_POINT('',(13.5,1.15,-3.5));
#2341 = VECTOR('',#2342,1.);
#2342 = DIRECTION('',(0.,-2.22044604925E-16,1.));
#2343 = ORIENTED_EDGE('',*,*,#2058,.T.);
#2344 = ORIENTED_EDGE('',*,*,#2336,.F.);
#2345 = ORIENTED_EDGE('',*,*,#2346,.T.);
#2346 = EDGE_CURVE('',#2337,#2337,#2347,.T.);
#2347 = CIRCLE('',#2348,1.15);
#2348 = AXIS2_PLACEMENT_3D('',#2349,#2350,#2351);
#2349 = CARTESIAN_POINT('',(13.5,4.083702474935E-15,-3.5));
#2350 = DIRECTION('',(0.,-2.22044604925E-16,1.));
#2351 = DIRECTION('',(0.,-1.,-2.22044604925E-16));
#2352 = CYLINDRICAL_SURFACE('',#2353,1.15);
#2353 = AXIS2_PLACEMENT_3D('',#2354,#2355,#2356);
#2354 = CARTESIAN_POINT('',(13.5,4.083702474935E-15,-3.5));
#2355 = DIRECTION('',(0.,-2.22044604925E-16,1.));
#2356 = DIRECTION('',(0.,-1.,-2.22044604925E-16));
#2357 = ADVANCED_FACE('',(#2358),#2417,.T.);
#2358 = FACE_BOUND('',#2359,.T.);
#2359 = EDGE_LOOP('',(#2360,#2361,#2368,#2369,#2384,#2385,#2393,#2400,
    #2401,#2402));
#2360 = ORIENTED_EDGE('',*,*,#2147,.T.);
#2361 = ORIENTED_EDGE('',*,*,#2362,.T.);
#2362 = EDGE_CURVE('',#2139,#2089,#2363,.T.);
#2363 = CIRCLE('',#2364,2.35);
#2364 = AXIS2_PLACEMENT_3D('',#2365,#2366,#2367);
#2365 = CARTESIAN_POINT('',(13.5,3.817248949025E-15,-2.3));
#2366 = DIRECTION('',(0.,2.22044604925E-16,-1.));
#2367 = DIRECTION('',(0.,1.,2.22044604925E-16));
#2368 = ORIENTED_EDGE('',*,*,#2086,.F.);
#2369 = ORIENTED_EDGE('',*,*,#2370,.T.);
#2370 = EDGE_CURVE('',#2087,#1541,#2371,.T.);
#2371 = B_SPLINE_CURVE_WITH_KNOTS('',3,(#2372,#2373,#2374,#2375,#2376,
    #2377,#2378,#2379,#2380,#2381,#2382,#2383),.UNSPECIFIED.,.F.,.F.,(4,
    2,2,2,2,4),(0.,2.864957099521E-03,6.066180871785E-03,
    1.018972882231E-02,1.560938025806E-02,1.757898725885E-02),
  .UNSPECIFIED.);
#2372 = CARTESIAN_POINT('',(14.878796296296,-1.903003093355,-3.1));
#2373 = CARTESIAN_POINT('',(14.878796296296,-1.903003093355,
    -3.109549856998));
#2374 = CARTESIAN_POINT('',(14.877277419729,-1.904106067625,
    -3.118972546888));
#2375 = CARTESIAN_POINT('',(14.871082995885,-1.908572151827,
    -3.138090613098));
#2376 = CARTESIAN_POINT('',(14.866170496726,-1.912101895729,
    -3.147341627643));
#2377 = CARTESIAN_POINT('',(14.852271286026,-1.921966293508,
    -3.166093860079));
#2378 = CARTESIAN_POINT('',(14.842588499137,-1.928761844765,
    -3.174818337469));
#2379 = CARTESIAN_POINT('',(14.818013021757,-1.945669205103,
    -3.190527318138));
#2380 = CARTESIAN_POINT('',(14.802241925096,-1.956282833869,
    -3.196250071444));
#2381 = CARTESIAN_POINT('',(14.780097730508,-1.970761155985,
    -3.199550665841));
#2382 = CARTESIAN_POINT('',(14.774095496947,-1.974647343382,-3.2));
#2383 = CARTESIAN_POINT('',(14.768055555556,-1.978518412354,-3.2));
#2384 = ORIENTED_EDGE('',*,*,#1540,.F.);
#2385 = ORIENTED_EDGE('',*,*,#2386,.T.);
#2386 = EDGE_CURVE('',#1532,#2387,#2389,.T.);
#2387 = VERTEX_POINT('',#2388);
#2388 = CARTESIAN_POINT('',(13.5,2.35,-3.5));
#2389 = LINE('',#2390,#2391);
#2390 = CARTESIAN_POINT('',(13.5,2.35,-3.5));
#2391 = VECTOR('',#2392,1.);
#2392 = DIRECTION('',(0.,2.22044604925E-16,-1.));
#2393 = ORIENTED_EDGE('',*,*,#2394,.T.);
#2394 = EDGE_CURVE('',#2387,#2387,#2395,.T.);
#2395 = CIRCLE('',#2396,2.35);
#2396 = AXIS2_PLACEMENT_3D('',#2397,#2398,#2399);
#2397 = CARTESIAN_POINT('',(13.5,4.083702474935E-15,-3.5));
#2398 = DIRECTION('',(0.,-2.22044604925E-16,1.));
#2399 = DIRECTION('',(0.,-1.,-2.22044604925E-16));
#2400 = ORIENTED_EDGE('',*,*,#2386,.F.);
#2401 = ORIENTED_EDGE('',*,*,#1531,.F.);
#2402 = ORIENTED_EDGE('',*,*,#2403,.T.);
#2403 = EDGE_CURVE('',#1523,#2148,#2404,.T.);
#2404 = B_SPLINE_CURVE_WITH_KNOTS('',3,(#2405,#2406,#2407,#2408,#2409,
    #2410,#2411,#2412,#2413,#2414,#2415,#2416),.UNSPECIFIED.,.F.,.F.,(4,
    2,2,2,2,4),(5.11218914856E-02,5.358368193506E-02,5.908698133537E-02,
    6.341961230017E-02,6.600667561936E-02,6.846658565922E-02),
  .UNSPECIFIED.);
#2405 = CARTESIAN_POINT('',(14.768055555556,1.978518412354,-3.2));
#2406 = CARTESIAN_POINT('',(14.775982609128,1.973437871148,-3.2));
#2407 = CARTESIAN_POINT('',(14.78390807498,1.968290364497,
    -3.199226418208));
#2408 = CARTESIAN_POINT('',(14.809105114335,1.951711580877,
    -3.194231321031));
#2409 = CARTESIAN_POINT('',(14.825437548024,1.940617808174,
    -3.187008924601));
#2410 = CARTESIAN_POINT('',(14.850107770963,1.923508226828,
    -3.168294724774));
#2411 = CARTESIAN_POINT('',(14.859212330001,1.917057840189,
    -3.158189703551));
#2412 = CARTESIAN_POINT('',(14.87000136439,1.909350893551,
    -3.139766561446));
#2413 = CARTESIAN_POINT('',(14.873293718772,1.906979821866,
    -3.132200900256));
#2414 = CARTESIAN_POINT('',(14.877676861343,1.903815486976,
    -3.11626358123));
#2415 = CARTESIAN_POINT('',(14.878796296296,1.903003093355,
    -3.108199700133));
#2416 = CARTESIAN_POINT('',(14.878796296296,1.903003093355,-3.1));
#2417 = CYLINDRICAL_SURFACE('',#2418,2.35);
#2418 = AXIS2_PLACEMENT_3D('',#2419,#2420,#2421);
#2419 = CARTESIAN_POINT('',(13.5,4.083702474935E-15,-3.5));
#2420 = DIRECTION('',(0.,-2.22044604925E-16,1.));
#2421 = DIRECTION('',(0.,-1.,-2.22044604925E-16));
#2422 = ADVANCED_FACE('',(#2423,#2426),#2429,.F.);
#2423 = FACE_BOUND('',#2424,.T.);
#2424 = EDGE_LOOP('',(#2425));
#2425 = ORIENTED_EDGE('',*,*,#2394,.F.);
#2426 = FACE_BOUND('',#2427,.T.);
#2427 = EDGE_LOOP('',(#2428));
#2428 = ORIENTED_EDGE('',*,*,#2346,.T.);
#2429 = PLANE('',#2430);
#2430 = AXIS2_PLACEMENT_3D('',#2431,#2432,#2433);
#2431 = CARTESIAN_POINT('',(13.5,4.083702474935E-15,-3.5));
#2432 = DIRECTION('',(0.,-2.22044604925E-16,1.));
#2433 = DIRECTION('',(0.,-1.,-2.22044604925E-16));
#2434 = ADVANCED_FACE('',(#2435),#2476,.F.);
#2435 = FACE_BOUND('',#2436,.T.);
#2436 = EDGE_LOOP('',(#2437,#2447,#2455,#2461,#2462,#2470));
#2437 = ORIENTED_EDGE('',*,*,#2438,.F.);
#2438 = EDGE_CURVE('',#2439,#2441,#2443,.T.);
#2439 = VERTEX_POINT('',#2440);
#2440 = CARTESIAN_POINT('',(0.737732355018,11.531584464651,-7.9));
#2441 = VERTEX_POINT('',#2442);
#2442 = CARTESIAN_POINT('',(1.695257231938,9.873102728314,-7.9));
#2443 = LINE('',#2444,#2445);
#2444 = CARTESIAN_POINT('',(0.737732355018,11.531584464651,-7.9));
#2445 = VECTOR('',#2446,1.);
#2446 = DIRECTION('',(0.5,-0.866025403784,-1.922962686384E-16));
#2447 = ORIENTED_EDGE('',*,*,#2448,.T.);
#2448 = EDGE_CURVE('',#2439,#2449,#2451,.T.);
#2449 = VERTEX_POINT('',#2450);
#2450 = CARTESIAN_POINT('',(0.576796839378,11.810332954482,-7.7));
#2451 = ( BOUNDED_CURVE() B_SPLINE_CURVE(2,(#2452,#2453,#2454),
.UNSPECIFIED.,.F.,.F.) B_SPLINE_CURVE_WITH_KNOTS((3,3),(-0.589906651459,
-0.500030274374),.PIECEWISE_BEZIER_KNOTS.) CURVE() 
GEOMETRIC_REPRESENTATION_ITEM() RATIONAL_B_SPLINE_CURVE((2.835933749757,
2.759832066485,2.664302755102)) REPRESENTATION_ITEM('') );
#2452 = CARTESIAN_POINT('',(0.737732355018,11.53158446465,
    -7.900000000001));
#2453 = CARTESIAN_POINT('',(0.661735028188,11.66321569596,
    -7.814389022331));
#2454 = CARTESIAN_POINT('',(0.576796839378,11.810332954482,-7.7));
#2455 = ORIENTED_EDGE('',*,*,#2456,.T.);
#2456 = EDGE_CURVE('',#2449,#1863,#2457,.T.);
#2457 = LINE('',#2458,#2459);
#2458 = CARTESIAN_POINT('',(0.576796839378,11.810332954482,-7.7));
#2459 = VECTOR('',#2460,1.);
#2460 = DIRECTION('',(0.,-2.22044604925E-16,1.));
#2461 = ORIENTED_EDGE('',*,*,#1862,.T.);
#2462 = ORIENTED_EDGE('',*,*,#2463,.F.);
#2463 = EDGE_CURVE('',#2464,#1865,#2466,.T.);
#2464 = VERTEX_POINT('',#2465);
#2465 = CARTESIAN_POINT('',(1.856192747578,9.594354238482,-7.7));
#2466 = LINE('',#2467,#2468);
#2467 = CARTESIAN_POINT('',(1.856192747578,9.594354238482,-7.7));
#2468 = VECTOR('',#2469,1.);
#2469 = DIRECTION('',(0.,-2.22044604925E-16,1.));
#2470 = ORIENTED_EDGE('',*,*,#2471,.T.);
#2471 = EDGE_CURVE('',#2464,#2441,#2472,.T.);
#2472 = ( BOUNDED_CURVE() B_SPLINE_CURVE(2,(#2473,#2474,#2475),
.UNSPECIFIED.,.F.,.F.) B_SPLINE_CURVE_WITH_KNOTS((3,3),(-1.383908467137,
-1.294032090052),.PIECEWISE_BEZIER_KNOTS.) CURVE() 
GEOMETRIC_REPRESENTATION_ITEM() RATIONAL_B_SPLINE_CURVE((2.664302755102,
2.759832066485,2.835933749757)) REPRESENTATION_ITEM('') );
#2473 = CARTESIAN_POINT('',(1.856192747578,9.594354238482,-7.7));
#2474 = CARTESIAN_POINT('',(1.771254558768,9.741471497005,
    -7.814389022331));
#2475 = CARTESIAN_POINT('',(1.695257231938,9.873102728315,
    -7.900000000001));
#2476 = PLANE('',#2477);
#2477 = AXIS2_PLACEMENT_3D('',#2478,#2479,#2480);
#2478 = CARTESIAN_POINT('',(5.5466218124,3.202343596482,-7.9));
#2479 = DIRECTION('',(-0.866025403784,-0.5,-1.110223024625E-16));
#2480 = DIRECTION('',(0.5,-0.866025403784,-1.922962686384E-16));
#2481 = ADVANCED_FACE('',(#2482),#2501,.T.);
#2482 = FACE_BOUND('',#2483,.T.);
#2483 = EDGE_LOOP('',(#2484,#2492,#2499,#2500));
#2484 = ORIENTED_EDGE('',*,*,#2485,.F.);
#2485 = EDGE_CURVE('',#2486,#1899,#2488,.T.);
#2486 = VERTEX_POINT('',#2487);
#2487 = CARTESIAN_POINT('',(1.279395908201,8.595312807035,-7.7));
#2488 = LINE('',#2489,#2490);
#2489 = CARTESIAN_POINT('',(1.279395908201,8.595312807035,-7.7));
#2490 = VECTOR('',#2491,1.);
#2491 = DIRECTION('',(0.,-2.22044604925E-16,1.));
#2492 = ORIENTED_EDGE('',*,*,#2493,.F.);
#2493 = EDGE_CURVE('',#2464,#2486,#2494,.T.);
#2494 = CIRCLE('',#2495,1.9);
#2495 = AXIS2_PLACEMENT_3D('',#2496,#2497,#2498);
#2496 = CARTESIAN_POINT('',(1.224646799147E-15,10.,-7.7));
#2497 = DIRECTION('',(0.,2.22044604925E-16,-1.));
#2498 = DIRECTION('',(0.,1.,2.22044604925E-16));
#2499 = ORIENTED_EDGE('',*,*,#2463,.T.);
#2500 = ORIENTED_EDGE('',*,*,#1906,.T.);
#2501 = CYLINDRICAL_SURFACE('',#2502,1.9);
#2502 = AXIS2_PLACEMENT_3D('',#2503,#2504,#2505);
#2503 = CARTESIAN_POINT('',(1.224646799147E-15,10.,-7.9));
#2504 = DIRECTION('',(0.,-2.22044604925E-16,1.));
#2505 = DIRECTION('',(0.,-1.,-2.22044604925E-16));
#2506 = ADVANCED_FACE('',(#2507),#2541,.F.);
#2507 = FACE_BOUND('',#2508,.T.);
#2508 = EDGE_LOOP('',(#2509,#2517,#2525,#2533,#2539,#2540));
#2509 = ORIENTED_EDGE('',*,*,#2510,.F.);
#2510 = EDGE_CURVE('',#2511,#1890,#2513,.T.);
#2511 = VERTEX_POINT('',#2512);
#2512 = CARTESIAN_POINT('',(-1.279395908201,8.595312807035,-7.7));
#2513 = LINE('',#2514,#2515);
#2514 = CARTESIAN_POINT('',(-1.279395908201,8.595312807035,-7.7));
#2515 = VECTOR('',#2516,1.);
#2516 = DIRECTION('',(0.,-2.22044604925E-16,1.));
#2517 = ORIENTED_EDGE('',*,*,#2518,.T.);
#2518 = EDGE_CURVE('',#2511,#2519,#2521,.T.);
#2519 = VERTEX_POINT('',#2520);
#2520 = CARTESIAN_POINT('',(-0.95752487692,8.595312807035,-7.9));
#2521 = ( BOUNDED_CURVE() B_SPLINE_CURVE(2,(#2522,#2523,#2524),
.UNSPECIFIED.,.F.,.F.) B_SPLINE_CURVE_WITH_KNOTS((3,3),(-1.383908467137,
-1.294032090052),.PIECEWISE_BEZIER_KNOTS.) CURVE() 
GEOMETRIC_REPRESENTATION_ITEM() RATIONAL_B_SPLINE_CURVE((2.664302755102,
2.759832066485,2.835933749757)) REPRESENTATION_ITEM('') );
#2522 = CARTESIAN_POINT('',(-1.279395908201,8.595312807035,-7.7));
#2523 = CARTESIAN_POINT('',(-1.10951953058,8.595312807035,
    -7.814389022331));
#2524 = CARTESIAN_POINT('',(-0.957524876919,8.595312807035,-7.9));
#2525 = ORIENTED_EDGE('',*,*,#2526,.F.);
#2526 = EDGE_CURVE('',#2527,#2519,#2529,.T.);
#2527 = VERTEX_POINT('',#2528);
#2528 = CARTESIAN_POINT('',(0.95752487692,8.595312807035,-7.9));
#2529 = LINE('',#2530,#2531);
#2530 = CARTESIAN_POINT('',(0.95752487692,8.595312807035,-7.9));
#2531 = VECTOR('',#2532,1.);
#2532 = DIRECTION('',(-1.,5.217622780603E-15,1.158544988967E-30));
#2533 = ORIENTED_EDGE('',*,*,#2534,.T.);
#2534 = EDGE_CURVE('',#2527,#2486,#2535,.T.);
#2535 = ( BOUNDED_CURVE() B_SPLINE_CURVE(2,(#2536,#2537,#2538),
.UNSPECIFIED.,.F.,.F.) B_SPLINE_CURVE_WITH_KNOTS((3,3),(-0.589906651459,
-0.500030274374),.PIECEWISE_BEZIER_KNOTS.) CURVE() 
GEOMETRIC_REPRESENTATION_ITEM() RATIONAL_B_SPLINE_CURVE((2.835933749757,
2.759832066485,2.664302755102)) REPRESENTATION_ITEM('') );
#2536 = CARTESIAN_POINT('',(0.957524876919,8.595312807035,
    -7.900000000001));
#2537 = CARTESIAN_POINT('',(1.10951953058,8.595312807035,-7.814389022331
    ));
#2538 = CARTESIAN_POINT('',(1.279395908201,8.595312807035,-7.7));
#2539 = ORIENTED_EDGE('',*,*,#2485,.T.);
#2540 = ORIENTED_EDGE('',*,*,#1898,.T.);
#2541 = PLANE('',#2542);
#2542 = AXIS2_PLACEMENT_3D('',#2543,#2544,#2545);
#2543 = CARTESIAN_POINT('',(4.902771796367E-14,8.595312807035,-7.9));
#2544 = DIRECTION('',(5.704006249027E-15,1.,2.22044604925E-16));
#2545 = DIRECTION('',(-1.,5.704006249027E-15,1.266543814055E-30));
#2546 = ADVANCED_FACE('',(#2547),#2566,.T.);
#2547 = FACE_BOUND('',#2548,.T.);
#2548 = EDGE_LOOP('',(#2549,#2557,#2564,#2565));
#2549 = ORIENTED_EDGE('',*,*,#2550,.F.);
#2550 = EDGE_CURVE('',#2551,#1882,#2553,.T.);
#2551 = VERTEX_POINT('',#2552);
#2552 = CARTESIAN_POINT('',(-1.856192747578,9.594354238482,-7.7));
#2553 = LINE('',#2554,#2555);
#2554 = CARTESIAN_POINT('',(-1.856192747578,9.594354238482,-7.7));
#2555 = VECTOR('',#2556,1.);
#2556 = DIRECTION('',(0.,-2.22044604925E-16,1.));
#2557 = ORIENTED_EDGE('',*,*,#2558,.F.);
#2558 = EDGE_CURVE('',#2511,#2551,#2559,.T.);
#2559 = CIRCLE('',#2560,1.9);
#2560 = AXIS2_PLACEMENT_3D('',#2561,#2562,#2563);
#2561 = CARTESIAN_POINT('',(1.224646799147E-15,10.,-7.7));
#2562 = DIRECTION('',(0.,2.22044604925E-16,-1.));
#2563 = DIRECTION('',(0.,1.,2.22044604925E-16));
#2564 = ORIENTED_EDGE('',*,*,#2510,.T.);
#2565 = ORIENTED_EDGE('',*,*,#1889,.T.);
#2566 = CYLINDRICAL_SURFACE('',#2567,1.9);
#2567 = AXIS2_PLACEMENT_3D('',#2568,#2569,#2570);
#2568 = CARTESIAN_POINT('',(1.224646799147E-15,10.,-7.9));
#2569 = DIRECTION('',(0.,-2.22044604925E-16,1.));
#2570 = DIRECTION('',(0.,-1.,-2.22044604925E-16));
#2571 = ADVANCED_FACE('',(#2572),#2606,.F.);
#2572 = FACE_BOUND('',#2573,.T.);
#2573 = EDGE_LOOP('',(#2574,#2582,#2590,#2598,#2604,#2605));
#2574 = ORIENTED_EDGE('',*,*,#2575,.F.);
#2575 = EDGE_CURVE('',#2576,#1873,#2578,.T.);
#2576 = VERTEX_POINT('',#2577);
#2577 = CARTESIAN_POINT('',(-0.576796839378,11.810332954482,-7.7));
#2578 = LINE('',#2579,#2580);
#2579 = CARTESIAN_POINT('',(-0.576796839378,11.810332954482,-7.7));
#2580 = VECTOR('',#2581,1.);
#2581 = DIRECTION('',(0.,-2.22044604925E-16,1.));
#2582 = ORIENTED_EDGE('',*,*,#2583,.T.);
#2583 = EDGE_CURVE('',#2576,#2584,#2586,.T.);
#2584 = VERTEX_POINT('',#2585);
#2585 = CARTESIAN_POINT('',(-0.737732355018,11.531584464651,-7.9));
#2586 = ( BOUNDED_CURVE() B_SPLINE_CURVE(2,(#2587,#2588,#2589),
.UNSPECIFIED.,.F.,.F.) B_SPLINE_CURVE_WITH_KNOTS((3,3),(-1.383908467137,
-1.294032090052),.PIECEWISE_BEZIER_KNOTS.) CURVE() 
GEOMETRIC_REPRESENTATION_ITEM() RATIONAL_B_SPLINE_CURVE((2.664302755102,
2.759832066485,2.835933749757)) REPRESENTATION_ITEM('') );
#2587 = CARTESIAN_POINT('',(-0.576796839378,11.810332954482,-7.7));
#2588 = CARTESIAN_POINT('',(-0.661735028188,11.66321569596,
    -7.814389022331));
#2589 = CARTESIAN_POINT('',(-0.737732355018,11.53158446465,
    -7.900000000001));
#2590 = ORIENTED_EDGE('',*,*,#2591,.F.);
#2591 = EDGE_CURVE('',#2592,#2584,#2594,.T.);
#2592 = VERTEX_POINT('',#2593);
#2593 = CARTESIAN_POINT('',(-1.695257231938,9.873102728314,-7.9));
#2594 = LINE('',#2595,#2596);
#2595 = CARTESIAN_POINT('',(-1.695257231938,9.873102728314,-7.9));
#2596 = VECTOR('',#2597,1.);
#2597 = DIRECTION('',(0.5,0.866025403784,1.922962686384E-16));
#2598 = ORIENTED_EDGE('',*,*,#2599,.T.);
#2599 = EDGE_CURVE('',#2592,#2551,#2600,.T.);
#2600 = ( BOUNDED_CURVE() B_SPLINE_CURVE(2,(#2601,#2602,#2603),
.UNSPECIFIED.,.F.,.F.) B_SPLINE_CURVE_WITH_KNOTS((3,3),(-0.589906651459,
-0.500030274374),.PIECEWISE_BEZIER_KNOTS.) CURVE() 
GEOMETRIC_REPRESENTATION_ITEM() RATIONAL_B_SPLINE_CURVE((2.835933749757,
2.759832066485,2.664302755102)) REPRESENTATION_ITEM('') );
#2601 = CARTESIAN_POINT('',(-1.695257231938,9.873102728315,
    -7.900000000001));
#2602 = CARTESIAN_POINT('',(-1.771254558768,9.741471497005,
    -7.814389022331));
#2603 = CARTESIAN_POINT('',(-1.856192747578,9.594354238482,-7.7));
#2604 = ORIENTED_EDGE('',*,*,#2550,.T.);
#2605 = ORIENTED_EDGE('',*,*,#1881,.T.);
#2606 = PLANE('',#2607);
#2607 = AXIS2_PLACEMENT_3D('',#2608,#2609,#2610);
#2608 = CARTESIAN_POINT('',(-5.5466218124,3.202343596482,-7.9));
#2609 = DIRECTION('',(0.866025403784,-0.5,-1.110223024625E-16));
#2610 = DIRECTION('',(0.5,0.866025403784,1.922962686384E-16));
#2611 = ADVANCED_FACE('',(#2612),#2639,.F.);
#2612 = FACE_BOUND('',#2613,.F.);
#2613 = EDGE_LOOP('',(#2614,#2624,#2631,#2632));
#2614 = ORIENTED_EDGE('',*,*,#2615,.T.);
#2615 = EDGE_CURVE('',#2616,#2618,#2620,.T.);
#2616 = VERTEX_POINT('',#2617);
#2617 = CARTESIAN_POINT('',(1.224646799147E-15,10.611070366687,-7.9));
#2618 = VERTEX_POINT('',#2619);
#2619 = CARTESIAN_POINT('',(1.224646799147E-15,10.611070366687,-3.2));
#2620 = LINE('',#2621,#2622);
#2621 = CARTESIAN_POINT('',(1.149812262286E-15,10.611070366687,-7.9));
#2622 = VECTOR('',#2623,1.);
#2623 = DIRECTION('',(0.,-2.22044604925E-16,1.));
#2624 = ORIENTED_EDGE('',*,*,#2625,.T.);
#2625 = EDGE_CURVE('',#2618,#2618,#2626,.T.);
#2626 = CIRCLE('',#2627,0.611070366687);
#2627 = AXIS2_PLACEMENT_3D('',#2628,#2629,#2630);
#2628 = CARTESIAN_POINT('',(1.224646799147E-15,10.,-3.2));
#2629 = DIRECTION('',(0.,2.22044604925E-16,-1.));
#2630 = DIRECTION('',(0.,1.,2.22044604925E-16));
#2631 = ORIENTED_EDGE('',*,*,#2615,.F.);
#2632 = ORIENTED_EDGE('',*,*,#2633,.F.);
#2633 = EDGE_CURVE('',#2616,#2616,#2634,.T.);
#2634 = CIRCLE('',#2635,0.611070366687);
#2635 = AXIS2_PLACEMENT_3D('',#2636,#2637,#2638);
#2636 = CARTESIAN_POINT('',(1.224646799147E-15,10.,-7.9));
#2637 = DIRECTION('',(0.,2.22044604925E-16,-1.));
#2638 = DIRECTION('',(0.,1.,2.22044604925E-16));
#2639 = CYLINDRICAL_SURFACE('',#2640,0.611070366687);
#2640 = AXIS2_PLACEMENT_3D('',#2641,#2642,#2643);
#2641 = CARTESIAN_POINT('',(1.224646799147E-15,10.,-7.9));
#2642 = DIRECTION('',(0.,-2.22044604925E-16,1.));
#2643 = DIRECTION('',(0.,-1.,-2.22044604925E-16));
#2644 = ADVANCED_FACE('',(#2645),#2657,.T.);
#2645 = FACE_BOUND('',#2646,.T.);
#2646 = EDGE_LOOP('',(#2647,#2648,#2655,#2656));
#2647 = ORIENTED_EDGE('',*,*,#2456,.F.);
#2648 = ORIENTED_EDGE('',*,*,#2649,.F.);
#2649 = EDGE_CURVE('',#2576,#2449,#2650,.T.);
#2650 = CIRCLE('',#2651,1.9);
#2651 = AXIS2_PLACEMENT_3D('',#2652,#2653,#2654);
#2652 = CARTESIAN_POINT('',(1.224646799147E-15,10.,-7.7));
#2653 = DIRECTION('',(0.,2.22044604925E-16,-1.));
#2654 = DIRECTION('',(0.,1.,2.22044604925E-16));
#2655 = ORIENTED_EDGE('',*,*,#2575,.T.);
#2656 = ORIENTED_EDGE('',*,*,#1872,.T.);
#2657 = CYLINDRICAL_SURFACE('',#2658,1.9);
#2658 = AXIS2_PLACEMENT_3D('',#2659,#2660,#2661);
#2659 = CARTESIAN_POINT('',(1.224646799147E-15,10.,-7.9));
#2660 = DIRECTION('',(0.,-2.22044604925E-16,1.));
#2661 = DIRECTION('',(-4.318427418586E-15,1.,2.22044604925E-16));
#2662 = ADVANCED_FACE('',(#2663,#2689),#2692,.T.);
#2663 = FACE_BOUND('',#2664,.T.);
#2664 = EDGE_LOOP('',(#2665,#2666,#2673,#2674,#2681,#2682));
#2665 = ORIENTED_EDGE('',*,*,#2591,.T.);
#2666 = ORIENTED_EDGE('',*,*,#2667,.T.);
#2667 = EDGE_CURVE('',#2584,#2439,#2668,.T.);
#2668 = CIRCLE('',#2669,1.7);
#2669 = AXIS2_PLACEMENT_3D('',#2670,#2671,#2672);
#2670 = CARTESIAN_POINT('',(1.224646799147E-15,10.,-7.9));
#2671 = DIRECTION('',(0.,2.22044604925E-16,-1.));
#2672 = DIRECTION('',(0.,1.,2.22044604925E-16));
#2673 = ORIENTED_EDGE('',*,*,#2438,.T.);
#2674 = ORIENTED_EDGE('',*,*,#2675,.T.);
#2675 = EDGE_CURVE('',#2441,#2527,#2676,.T.);
#2676 = CIRCLE('',#2677,1.7);
#2677 = AXIS2_PLACEMENT_3D('',#2678,#2679,#2680);
#2678 = CARTESIAN_POINT('',(1.224646799147E-15,10.,-7.9));
#2679 = DIRECTION('',(0.,2.22044604925E-16,-1.));
#2680 = DIRECTION('',(0.,1.,2.22044604925E-16));
#2681 = ORIENTED_EDGE('',*,*,#2526,.T.);
#2682 = ORIENTED_EDGE('',*,*,#2683,.T.);
#2683 = EDGE_CURVE('',#2519,#2592,#2684,.T.);
#2684 = CIRCLE('',#2685,1.7);
#2685 = AXIS2_PLACEMENT_3D('',#2686,#2687,#2688);
#2686 = CARTESIAN_POINT('',(1.224646799147E-15,10.,-7.9));
#2687 = DIRECTION('',(0.,2.22044604925E-16,-1.));
#2688 = DIRECTION('',(0.,1.,2.22044604925E-16));
#2689 = FACE_BOUND('',#2690,.T.);
#2690 = EDGE_LOOP('',(#2691));
#2691 = ORIENTED_EDGE('',*,*,#2633,.F.);
#2692 = PLANE('',#2693);
#2693 = AXIS2_PLACEMENT_3D('',#2694,#2695,#2696);
#2694 = CARTESIAN_POINT('',(0.,1.754152378908E-15,-7.9));
#2695 = DIRECTION('',(0.,2.22044604925E-16,-1.));
#2696 = DIRECTION('',(0.,1.,2.22044604925E-16));
#2697 = ADVANCED_FACE('',(#2698),#2701,.F.);
#2698 = FACE_BOUND('',#2699,.T.);
#2699 = EDGE_LOOP('',(#2700));
#2700 = ORIENTED_EDGE('',*,*,#2625,.T.);
#2701 = PLANE('',#2702);
#2702 = AXIS2_PLACEMENT_3D('',#2703,#2704,#2705);
#2703 = CARTESIAN_POINT('',(0.,7.105427357601E-16,-3.2));
#2704 = DIRECTION('',(0.,-2.22044604925E-16,1.));
#2705 = DIRECTION('',(0.,-1.,-2.22044604925E-16));
#2706 = ADVANCED_FACE('',(#2707),#2713,.T.);
#2707 = FACE_BOUND('',#2708,.T.);
#2708 = EDGE_LOOP('',(#2709,#2710,#2711,#2712));
#2709 = ORIENTED_EDGE('',*,*,#2583,.F.);
#2710 = ORIENTED_EDGE('',*,*,#2649,.T.);
#2711 = ORIENTED_EDGE('',*,*,#2448,.F.);
#2712 = ORIENTED_EDGE('',*,*,#2667,.F.);
#2713 = CONICAL_SURFACE('',#2714,1.7,0.785398163397);
#2714 = AXIS2_PLACEMENT_3D('',#2715,#2716,#2717);
#2715 = CARTESIAN_POINT('',(1.224646799147E-15,10.,-7.9));
#2716 = DIRECTION('',(0.,-2.22044604925E-16,1.));
#2717 = DIRECTION('',(-1.166878413602E-14,1.,2.22044604925E-16));
#2718 = ADVANCED_FACE('',(#2719),#2725,.T.);
#2719 = FACE_BOUND('',#2720,.T.);
#2720 = EDGE_LOOP('',(#2721,#2722,#2723,#2724));
#2721 = ORIENTED_EDGE('',*,*,#2518,.F.);
#2722 = ORIENTED_EDGE('',*,*,#2558,.T.);
#2723 = ORIENTED_EDGE('',*,*,#2599,.F.);
#2724 = ORIENTED_EDGE('',*,*,#2683,.F.);
#2725 = CONICAL_SURFACE('',#2726,1.7,0.785398163397);
#2726 = AXIS2_PLACEMENT_3D('',#2727,#2728,#2729);
#2727 = CARTESIAN_POINT('',(1.224646799147E-15,10.,-7.9));
#2728 = DIRECTION('',(0.,-2.22044604925E-16,1.));
#2729 = DIRECTION('',(0.,-1.,-2.22044604925E-16));
#2730 = ADVANCED_FACE('',(#2731),#2737,.T.);
#2731 = FACE_BOUND('',#2732,.T.);
#2732 = EDGE_LOOP('',(#2733,#2734,#2735,#2736));
#2733 = ORIENTED_EDGE('',*,*,#2471,.F.);
#2734 = ORIENTED_EDGE('',*,*,#2493,.T.);
#2735 = ORIENTED_EDGE('',*,*,#2534,.F.);
#2736 = ORIENTED_EDGE('',*,*,#2675,.F.);
#2737 = CONICAL_SURFACE('',#2738,1.7,0.785398163397);
#2738 = AXIS2_PLACEMENT_3D('',#2739,#2740,#2741);
#2739 = CARTESIAN_POINT('',(1.224646799147E-15,10.,-7.9));
#2740 = DIRECTION('',(0.,-2.22044604925E-16,1.));
#2741 = DIRECTION('',(0.,-1.,-2.22044604925E-16));
#2742 = ADVANCED_FACE('',(#2743),#2780,.T.);
#2743 = FACE_BOUND('',#2744,.T.);
#2744 = EDGE_LOOP('',(#2745,#2761,#2762,#2779));
#2745 = ORIENTED_EDGE('',*,*,#2746,.F.);
#2746 = EDGE_CURVE('',#2097,#2024,#2747,.T.);
#2747 = B_SPLINE_CURVE_WITH_KNOTS('',3,(#2748,#2749,#2750,#2751,#2752,
    #2753,#2754,#2755,#2756,#2757,#2758,#2759,#2760),.UNSPECIFIED.,.F.,
  .F.,(4,3,3,3,4),(0.,5.54279597088E-05,7.857899506233E-05,
    1.286021296842E-04,1.571579901247E-04),.UNSPECIFIED.);
#2748 = CARTESIAN_POINT('',(4.52879674969,-14.3,-2.3));
#2749 = CARTESIAN_POINT('',(4.52879674969,-14.3,-2.281256701473));
#2750 = CARTESIAN_POINT('',(4.527955117044,-14.29462732258,
    -2.262770865645));
#2751 = CARTESIAN_POINT('',(4.526452943075,-14.28487071359,
    -2.247113688222));
#2752 = CARTESIAN_POINT('',(4.525825518164,-14.28079559337,
    -2.240574030801));
#2753 = CARTESIAN_POINT('',(4.525082858615,-14.27597015675,
    -2.234520357465));
#2754 = CARTESIAN_POINT('',(4.524238159817,-14.27052209053,
    -2.229101235927));
#2755 = CARTESIAN_POINT('',(4.522412993856,-14.25875029087,
    -2.217391977914));
#2756 = CARTESIAN_POINT('',(4.520111431769,-14.24393392042,
    -2.20864355873));
#2757 = CARTESIAN_POINT('',(4.517643910528,-14.22797871971,
    -2.203993795808));
#2758 = CARTESIAN_POINT('',(4.516235318429,-14.21887064425,
    -2.201339464326));
#2759 = CARTESIAN_POINT('',(4.514772644683,-14.20940765496,-2.2));
#2760 = CARTESIAN_POINT('',(4.513313638559,-14.2,-2.2));
#2761 = ORIENTED_EDGE('',*,*,#2096,.F.);
#2762 = ORIENTED_EDGE('',*,*,#2763,.T.);
#2763 = EDGE_CURVE('',#2089,#2032,#2764,.T.);
#2764 = B_SPLINE_CURVE_WITH_KNOTS('',3,(#2765,#2766,#2767,#2768,#2769,
    #2770,#2771,#2772,#2773,#2774,#2775,#2776,#2777,#2778),
  .UNSPECIFIED.,.F.,.F.,(4,2,2,2,2,2,4),(-1.635185215592E-02,
    -1.273776141144E-02,-8.971443822868E-03,-4.87221904815E-03,
    -2.44722949512E-03,0.,1.548304201913E-04),.UNSPECIFIED.);
#2765 = CARTESIAN_POINT('',(14.878796296296,-1.903003093355,-2.3));
#2766 = CARTESIAN_POINT('',(14.878796296296,-1.903003093355,
    -2.287989010333));
#2767 = CARTESIAN_POINT('',(14.876769388359,-1.901801090907,
    -2.276144622812));
#2768 = CARTESIAN_POINT('',(14.868816260415,-1.897076972206,
    -2.253417089253));
#2769 = CARTESIAN_POINT('',(14.862835740686,-1.893522062773,
    -2.242889974554));
#2770 = CARTESIAN_POINT('',(14.847245365929,-1.884230467675,
    -2.224024244341));
#2771 = CARTESIAN_POINT('',(14.837523171345,-1.878424532945,
    -2.216150280775));
#2772 = CARTESIAN_POINT('',(14.820553436519,-1.868254711369,
    -2.207132305683));
#2773 = CARTESIAN_POINT('',(14.813952516922,-1.864291727755,
    -2.204571770389));
#2774 = CARTESIAN_POINT('',(14.800367669283,-1.856118703426,
    -2.201053491837));
#2775 = CARTESIAN_POINT('',(14.79339929644,-1.851917855608,
    -2.200115377049));
#2776 = CARTESIAN_POINT('',(14.785976030347,-1.847433132399,
    -2.200003333158));
#2777 = CARTESIAN_POINT('',(14.78553430447,-1.847166230457,-2.2));
#2778 = CARTESIAN_POINT('',(14.785092592593,-1.846899301116,-2.2));
#2779 = ORIENTED_EDGE('',*,*,#2031,.T.);
#2780 = TOROIDAL_SURFACE('',#2781,14.9,0.1);
#2781 = AXIS2_PLACEMENT_3D('',#2782,#2783,#2784);
#2782 = CARTESIAN_POINT('',(0.,5.107025913276E-16,-2.3));
#2783 = DIRECTION('',(0.,2.22044604925E-16,-1.));
#2784 = DIRECTION('',(0.,1.,2.22044604925E-16));
#2785 = ADVANCED_FACE('',(#2786),#2808,.T.);
#2786 = FACE_BOUND('',#2787,.T.);
#2787 = EDGE_LOOP('',(#2788,#2789,#2790,#2807));
#2788 = ORIENTED_EDGE('',*,*,#2763,.F.);
#2789 = ORIENTED_EDGE('',*,*,#2362,.F.);
#2790 = ORIENTED_EDGE('',*,*,#2791,.T.);
#2791 = EDGE_CURVE('',#2139,#2041,#2792,.T.);
#2792 = B_SPLINE_CURVE_WITH_KNOTS('',3,(#2793,#2794,#2795,#2796,#2797,
    #2798,#2799,#2800,#2801,#2802,#2803,#2804,#2805,#2806),
  .UNSPECIFIED.,.F.,.F.,(4,2,2,2,2,2,4),(-1.635175714173E-02,
    -1.273768606102E-02,-8.971460645065E-03,-4.872386318166E-03,
    -2.447285113789E-03,0.,1.549209877311E-04),.UNSPECIFIED.);
#2793 = CARTESIAN_POINT('',(14.878796296296,1.903003093355,-2.3));
#2794 = CARTESIAN_POINT('',(14.878796296296,1.903003093355,
    -2.287989072595));
#2795 = CARTESIAN_POINT('',(14.876769409355,1.901801103352,
    -2.276144744772));
#2796 = CARTESIAN_POINT('',(14.868816437927,1.897077077674,
    -2.253417531957));
#2797 = CARTESIAN_POINT('',(14.862836125368,1.893522291534,
    -2.242890630373));
#2798 = CARTESIAN_POINT('',(14.847246399135,1.884231084112,
    -2.224025287545));
#2799 = CARTESIAN_POINT('',(14.837524682804,1.878425436591,
    -2.216151424486));
#2800 = CARTESIAN_POINT('',(14.820555221124,1.86825578292,
    -2.207133052702));
#2801 = CARTESIAN_POINT('',(14.813954032108,1.864292638356,
    -2.204572265361));
#2802 = CARTESIAN_POINT('',(14.800368754715,1.856119357477,
    -2.201053669472));
#2803 = CARTESIAN_POINT('',(14.793400229844,1.851918418856,
    -2.200115452793));
#2804 = CARTESIAN_POINT('',(14.785976547118,1.847433444645,
    -2.200003337059));
#2805 = CARTESIAN_POINT('',(14.785534562848,1.847166386597,-2.2));
#2806 = CARTESIAN_POINT('',(14.785092592593,1.846899301116,-2.2));
#2807 = ORIENTED_EDGE('',*,*,#2040,.T.);
#2808 = TOROIDAL_SURFACE('',#2809,2.25,0.1);
#2809 = AXIS2_PLACEMENT_3D('',#2810,#2811,#2812);
#2810 = CARTESIAN_POINT('',(13.5,3.817248949025E-15,-2.3));
#2811 = DIRECTION('',(0.,2.22044604925E-16,-1.));
#2812 = DIRECTION('',(0.,1.,2.22044604925E-16));
#2813 = ADVANCED_FACE('',(#2814),#2835,.T.);
#2814 = FACE_BOUND('',#2815,.T.);
#2815 = EDGE_LOOP('',(#2816,#2817,#2818,#2834));
#2816 = ORIENTED_EDGE('',*,*,#2746,.T.);
#2817 = ORIENTED_EDGE('',*,*,#2023,.T.);
#2818 = ORIENTED_EDGE('',*,*,#2819,.F.);
#2819 = EDGE_CURVE('',#2171,#2015,#2820,.T.);
#2820 = B_SPLINE_CURVE_WITH_KNOTS('',3,(#2821,#2822,#2823,#2824,#2825,
    #2826,#2827,#2828,#2829,#2830,#2831,#2832,#2833),.UNSPECIFIED.,.F.,
  .F.,(4,3,3,3,4),(0.,5.54279597088E-05,7.857899506233E-05,
    1.286021296842E-04,1.571579901247E-04),.UNSPECIFIED.);
#2821 = CARTESIAN_POINT('',(-4.52879674969,-14.3,-2.3));
#2822 = CARTESIAN_POINT('',(-4.52879674969,-14.3,-2.281256701473));
#2823 = CARTESIAN_POINT('',(-4.527955117044,-14.29462732258,
    -2.262770865645));
#2824 = CARTESIAN_POINT('',(-4.526452943075,-14.28487071359,
    -2.247113688222));
#2825 = CARTESIAN_POINT('',(-4.525825518164,-14.28079559337,
    -2.240574030801));
#2826 = CARTESIAN_POINT('',(-4.525082858615,-14.27597015675,
    -2.234520357465));
#2827 = CARTESIAN_POINT('',(-4.524238159817,-14.27052209053,
    -2.229101235927));
#2828 = CARTESIAN_POINT('',(-4.522412993856,-14.25875029087,
    -2.217391977914));
#2829 = CARTESIAN_POINT('',(-4.520111431769,-14.24393392042,
    -2.20864355873));
#2830 = CARTESIAN_POINT('',(-4.517643910528,-14.22797871971,
    -2.203993795808));
#2831 = CARTESIAN_POINT('',(-4.516235318429,-14.21887064425,
    -2.201339464326));
#2832 = CARTESIAN_POINT('',(-4.514772644683,-14.20940765496,-2.2));
#2833 = CARTESIAN_POINT('',(-4.513313638559,-14.2,-2.2));
#2834 = ORIENTED_EDGE('',*,*,#2213,.F.);
#2835 = CYLINDRICAL_SURFACE('',#2836,0.1);
#2836 = AXIS2_PLACEMENT_3D('',#2837,#2838,#2839);
#2837 = CARTESIAN_POINT('',(-4.52879674969,-14.2,-2.3));
#2838 = DIRECTION('',(-1.,0.,0.));
#2839 = DIRECTION('',(-0.,-1.,-2.22044604925E-16));
#2840 = ADVANCED_FACE('',(#2841),#2863,.T.);
#2841 = FACE_BOUND('',#2842,.T.);
#2842 = EDGE_LOOP('',(#2843,#2844,#2845,#2862));
#2843 = ORIENTED_EDGE('',*,*,#2791,.F.);
#2844 = ORIENTED_EDGE('',*,*,#2138,.F.);
#2845 = ORIENTED_EDGE('',*,*,#2846,.T.);
#2846 = EDGE_CURVE('',#2131,#2006,#2847,.T.);
#2847 = B_SPLINE_CURVE_WITH_KNOTS('',3,(#2848,#2849,#2850,#2851,#2852,
    #2853,#2854,#2855,#2856,#2857,#2858,#2859,#2860,#2861),
  .UNSPECIFIED.,.F.,.F.,(4,2,2,2,2,2,4),(-1.635185215601E-02,
    -1.273776141151E-02,-8.971443822916E-03,-4.872219048179E-03,
    -2.447229495134E-03,0.,1.548304201954E-04),.UNSPECIFIED.);
#2848 = CARTESIAN_POINT('',(-14.87879629629,1.903003093355,-2.3));
#2849 = CARTESIAN_POINT('',(-14.87879629629,1.903003093355,
    -2.287989010333));
#2850 = CARTESIAN_POINT('',(-14.87676938835,1.901801090907,
    -2.276144622812));
#2851 = CARTESIAN_POINT('',(-14.86881626041,1.897076972206,
    -2.253417089253));
#2852 = CARTESIAN_POINT('',(-14.86283574068,1.893522062773,
    -2.242889974554));
#2853 = CARTESIAN_POINT('',(-14.84724536592,1.884230467675,
    -2.224024244341));
#2854 = CARTESIAN_POINT('',(-14.83752317134,1.878424532945,
    -2.216150280775));
#2855 = CARTESIAN_POINT('',(-14.82055343651,1.868254711369,
    -2.207132305683));
#2856 = CARTESIAN_POINT('',(-14.81395251692,1.864291727755,
    -2.204571770389));
#2857 = CARTESIAN_POINT('',(-14.80036766928,1.856118703426,
    -2.201053491837));
#2858 = CARTESIAN_POINT('',(-14.79339929644,1.851917855608,
    -2.200115377049));
#2859 = CARTESIAN_POINT('',(-14.78597603034,1.847433132399,
    -2.200003333158));
#2860 = CARTESIAN_POINT('',(-14.78553430447,1.847166230457,-2.2));
#2861 = CARTESIAN_POINT('',(-14.78509259259,1.846899301116,-2.2));
#2862 = ORIENTED_EDGE('',*,*,#2049,.T.);
#2863 = TOROIDAL_SURFACE('',#2864,14.9,0.1);
#2864 = AXIS2_PLACEMENT_3D('',#2865,#2866,#2867);
#2865 = CARTESIAN_POINT('',(0.,5.107025913276E-16,-2.3));
#2866 = DIRECTION('',(0.,2.22044604925E-16,-1.));
#2867 = DIRECTION('',(0.,1.,2.22044604925E-16));
#2868 = ADVANCED_FACE('',(#2869),#2891,.T.);
#2869 = FACE_BOUND('',#2870,.T.);
#2870 = EDGE_LOOP('',(#2871,#2872,#2873,#2890));
#2871 = ORIENTED_EDGE('',*,*,#2819,.T.);
#2872 = ORIENTED_EDGE('',*,*,#2014,.T.);
#2873 = ORIENTED_EDGE('',*,*,#2874,.F.);
#2874 = EDGE_CURVE('',#2181,#2004,#2875,.T.);
#2875 = B_SPLINE_CURVE_WITH_KNOTS('',3,(#2876,#2877,#2878,#2879,#2880,
    #2881,#2882,#2883,#2884,#2885,#2886,#2887,#2888,#2889),
  .UNSPECIFIED.,.F.,.F.,(4,2,2,2,2,2,4),(1.635185215635E-02,
    1.996594290092E-02,2.37322604896E-02,2.783148526442E-02,
    3.025647481752E-02,3.270370431271E-02,3.28585347329E-02),
  .UNSPECIFIED.);
#2876 = CARTESIAN_POINT('',(-14.87879629629,-1.903003093355,-2.3));
#2877 = CARTESIAN_POINT('',(-14.87879629629,-1.903003093355,
    -2.287989010333));
#2878 = CARTESIAN_POINT('',(-14.87676938835,-1.901801090907,
    -2.276144622812));
#2879 = CARTESIAN_POINT('',(-14.86881626041,-1.897076972206,
    -2.253417089253));
#2880 = CARTESIAN_POINT('',(-14.86283574068,-1.893522062773,
    -2.242889974554));
#2881 = CARTESIAN_POINT('',(-14.84724536592,-1.884230467675,
    -2.224024244341));
#2882 = CARTESIAN_POINT('',(-14.83752317134,-1.878424532945,
    -2.216150280775));
#2883 = CARTESIAN_POINT('',(-14.82055343651,-1.868254711369,
    -2.207132305683));
#2884 = CARTESIAN_POINT('',(-14.81395251692,-1.864291727755,
    -2.204571770389));
#2885 = CARTESIAN_POINT('',(-14.80036766928,-1.856118703426,
    -2.201053491837));
#2886 = CARTESIAN_POINT('',(-14.79339929644,-1.851917855608,
    -2.200115377049));
#2887 = CARTESIAN_POINT('',(-14.78597603034,-1.847433132399,
    -2.200003333158));
#2888 = CARTESIAN_POINT('',(-14.78553430447,-1.847166230457,-2.2));
#2889 = CARTESIAN_POINT('',(-14.78509259259,-1.846899301116,-2.2));
#2890 = ORIENTED_EDGE('',*,*,#2180,.F.);
#2891 = TOROIDAL_SURFACE('',#2892,14.9,0.1);
#2892 = AXIS2_PLACEMENT_3D('',#2893,#2894,#2895);
#2893 = CARTESIAN_POINT('',(0.,5.107025913276E-16,-2.3));
#2894 = DIRECTION('',(0.,2.22044604925E-16,-1.));
#2895 = DIRECTION('',(0.,1.,2.22044604925E-16));
#2896 = ADVANCED_FACE('',(#2897),#2903,.T.);
#2897 = FACE_BOUND('',#2898,.T.);
#2898 = EDGE_LOOP('',(#2899,#2900,#2901,#2902));
#2899 = ORIENTED_EDGE('',*,*,#2846,.F.);
#2900 = ORIENTED_EDGE('',*,*,#2260,.F.);
#2901 = ORIENTED_EDGE('',*,*,#2874,.T.);
#2902 = ORIENTED_EDGE('',*,*,#2003,.T.);
#2903 = TOROIDAL_SURFACE('',#2904,2.25,0.1);
#2904 = AXIS2_PLACEMENT_3D('',#2905,#2906,#2907);
#2905 = CARTESIAN_POINT('',(-13.5,5.107025913276E-16,-2.3));
#2906 = DIRECTION('',(0.,2.22044604925E-16,-1.));
#2907 = DIRECTION('',(0.,1.,2.22044604925E-16));
#2908 = ADVANCED_FACE('',(#2909),#2930,.T.);
#2909 = FACE_BOUND('',#2910,.T.);
#2910 = EDGE_LOOP('',(#2911,#2912,#2913,#2929));
#2911 = ORIENTED_EDGE('',*,*,#2370,.F.);
#2912 = ORIENTED_EDGE('',*,*,#2113,.F.);
#2913 = ORIENTED_EDGE('',*,*,#2914,.T.);
#2914 = EDGE_CURVE('',#2106,#1488,#2915,.T.);
#2915 = B_SPLINE_CURVE_WITH_KNOTS('',3,(#2916,#2917,#2918,#2919,#2920,
    #2921,#2922,#2923,#2924,#2925,#2926,#2927,#2928),.UNSPECIFIED.,.F.,
  .F.,(4,3,3,3,4),(0.,5.542795970883E-05,7.857899506233E-05,
    1.286021296842E-04,1.571579901247E-04),.UNSPECIFIED.);
#2916 = CARTESIAN_POINT('',(4.52879674969,-14.3,-3.1));
#2917 = CARTESIAN_POINT('',(4.52879674969,-14.3,-3.118743298527));
#2918 = CARTESIAN_POINT('',(4.527955117044,-14.29462732258,
    -3.137229134355));
#2919 = CARTESIAN_POINT('',(4.526452943075,-14.28487071359,
    -3.152886311778));
#2920 = CARTESIAN_POINT('',(4.525825518164,-14.28079559337,
    -3.159425969199));
#2921 = CARTESIAN_POINT('',(4.525082858615,-14.27597015675,
    -3.165479642535));
#2922 = CARTESIAN_POINT('',(4.524238159817,-14.27052209053,
    -3.170898764073));
#2923 = CARTESIAN_POINT('',(4.522412993856,-14.25875029087,
    -3.182608022086));
#2924 = CARTESIAN_POINT('',(4.520111431769,-14.24393392042,
    -3.19135644127));
#2925 = CARTESIAN_POINT('',(4.517643910528,-14.22797871971,
    -3.196006204192));
#2926 = CARTESIAN_POINT('',(4.516235318429,-14.21887064425,
    -3.198660535674));
#2927 = CARTESIAN_POINT('',(4.514772644683,-14.20940765496,-3.2));
#2928 = CARTESIAN_POINT('',(4.513313638559,-14.2,-3.2));
#2929 = ORIENTED_EDGE('',*,*,#1549,.T.);
#2930 = TOROIDAL_SURFACE('',#2931,14.9,0.1);
#2931 = AXIS2_PLACEMENT_3D('',#2932,#2933,#2934);
#2932 = CARTESIAN_POINT('',(0.,6.883382752676E-16,-3.1));
#2933 = DIRECTION('',(0.,-2.22044604925E-16,1.));
#2934 = DIRECTION('',(0.,-1.,-2.22044604925E-16));
#2935 = ADVANCED_FACE('',(#2936),#2957,.T.);
#2936 = FACE_BOUND('',#2937,.T.);
#2937 = EDGE_LOOP('',(#2938,#2939,#2940,#2956));
#2938 = ORIENTED_EDGE('',*,*,#2914,.F.);
#2939 = ORIENTED_EDGE('',*,*,#2220,.F.);
#2940 = ORIENTED_EDGE('',*,*,#2941,.T.);
#2941 = EDGE_CURVE('',#2173,#1486,#2942,.T.);
#2942 = B_SPLINE_CURVE_WITH_KNOTS('',3,(#2943,#2944,#2945,#2946,#2947,
    #2948,#2949,#2950,#2951,#2952,#2953,#2954,#2955),.UNSPECIFIED.,.F.,
  .F.,(4,3,3,3,4),(0.,5.542795970883E-05,7.857899506233E-05,
    1.286021296842E-04,1.571579901247E-04),.UNSPECIFIED.);
#2943 = CARTESIAN_POINT('',(-4.52879674969,-14.3,-3.1));
#2944 = CARTESIAN_POINT('',(-4.52879674969,-14.3,-3.118743298527));
#2945 = CARTESIAN_POINT('',(-4.527955117044,-14.29462732258,
    -3.137229134355));
#2946 = CARTESIAN_POINT('',(-4.526452943075,-14.28487071359,
    -3.152886311778));
#2947 = CARTESIAN_POINT('',(-4.525825518164,-14.28079559337,
    -3.159425969199));
#2948 = CARTESIAN_POINT('',(-4.525082858615,-14.27597015675,
    -3.165479642535));
#2949 = CARTESIAN_POINT('',(-4.524238159817,-14.27052209053,
    -3.170898764073));
#2950 = CARTESIAN_POINT('',(-4.522412993856,-14.25875029087,
    -3.182608022086));
#2951 = CARTESIAN_POINT('',(-4.520111431769,-14.24393392042,
    -3.19135644127));
#2952 = CARTESIAN_POINT('',(-4.517643910528,-14.22797871971,
    -3.196006204192));
#2953 = CARTESIAN_POINT('',(-4.516235318429,-14.21887064425,
    -3.198660535674));
#2954 = CARTESIAN_POINT('',(-4.514772644683,-14.20940765496,-3.2));
#2955 = CARTESIAN_POINT('',(-4.513313638559,-14.2,-3.2));
#2956 = ORIENTED_EDGE('',*,*,#1485,.T.);
#2957 = CYLINDRICAL_SURFACE('',#2958,0.1);
#2958 = AXIS2_PLACEMENT_3D('',#2959,#2960,#2961);
#2959 = CARTESIAN_POINT('',(-4.52879674969,-14.2,-3.1));
#2960 = DIRECTION('',(1.,0.,0.));
#2961 = DIRECTION('',(-0.,1.,2.22044604925E-16));
#2962 = ADVANCED_FACE('',(#2963),#2969,.T.);
#2963 = FACE_BOUND('',#2964,.T.);
#2964 = EDGE_LOOP('',(#2965,#2966,#2967,#2968));
#2965 = ORIENTED_EDGE('',*,*,#2301,.F.);
#2966 = ORIENTED_EDGE('',*,*,#1495,.T.);
#2967 = ORIENTED_EDGE('',*,*,#2941,.F.);
#2968 = ORIENTED_EDGE('',*,*,#2197,.F.);
#2969 = TOROIDAL_SURFACE('',#2970,14.9,0.1);
#2970 = AXIS2_PLACEMENT_3D('',#2971,#2972,#2973);
#2971 = CARTESIAN_POINT('',(0.,6.883382752676E-16,-3.1));
#2972 = DIRECTION('',(0.,-2.22044604925E-16,1.));
#2973 = DIRECTION('',(0.,-1.,-2.22044604925E-16));
#2974 = ADVANCED_FACE('',(#2975),#2981,.T.);
#2975 = FACE_BOUND('',#2976,.T.);
#2976 = EDGE_LOOP('',(#2977,#2978,#2979,#2980));
#2977 = ORIENTED_EDGE('',*,*,#2403,.F.);
#2978 = ORIENTED_EDGE('',*,*,#1522,.T.);
#2979 = ORIENTED_EDGE('',*,*,#2268,.F.);
#2980 = ORIENTED_EDGE('',*,*,#2155,.F.);
#2981 = TOROIDAL_SURFACE('',#2982,14.9,0.1);
#2982 = AXIS2_PLACEMENT_3D('',#2983,#2984,#2985);
#2983 = CARTESIAN_POINT('',(0.,6.883382752676E-16,-3.1));
#2984 = DIRECTION('',(0.,-2.22044604925E-16,1.));
#2985 = DIRECTION('',(1.224646799147E-16,1.,2.22044604925E-16));
#2986 = ADVANCED_FACE('',(#2987),#3006,.T.);
#2987 = FACE_BOUND('',#2988,.T.);
#2988 = EDGE_LOOP('',(#2989,#2990,#2998,#3005));
#2989 = ORIENTED_EDGE('',*,*,#1851,.T.);
#2990 = ORIENTED_EDGE('',*,*,#2991,.T.);
#2991 = EDGE_CURVE('',#1852,#2992,#2994,.T.);
#2992 = VERTEX_POINT('',#2993);
#2993 = CARTESIAN_POINT('',(-6.480513548277,9.556937121632,-3.5));
#2994 = LINE('',#2995,#2996);
#2995 = CARTESIAN_POINT('',(-6.480513548277,9.556937121632,-3.5));
#2996 = VECTOR('',#2997,1.);
#2997 = DIRECTION('',(0.,2.22044604925E-16,-1.));
#2998 = ORIENTED_EDGE('',*,*,#2999,.F.);
#2999 = EDGE_CURVE('',#2992,#2992,#3000,.T.);
#3000 = CIRCLE('',#3001,0.5);
#3001 = AXIS2_PLACEMENT_3D('',#3002,#3003,#3004);
#3002 = CARTESIAN_POINT('',(-6.480513548277,9.056937121632,-3.5));
#3003 = DIRECTION('',(0.,2.22044604925E-16,-1.));
#3004 = DIRECTION('',(0.,1.,2.22044604925E-16));
#3005 = ORIENTED_EDGE('',*,*,#2991,.F.);
#3006 = CYLINDRICAL_SURFACE('',#3007,0.5);
#3007 = AXIS2_PLACEMENT_3D('',#3008,#3009,#3010);
#3008 = CARTESIAN_POINT('',(-6.480513548277,9.056937121632,-3.5));
#3009 = DIRECTION('',(0.,-2.22044604925E-16,1.));
#3010 = DIRECTION('',(0.,-1.,-2.22044604925E-16));
#3011 = ADVANCED_FACE('',(#3012),#3015,.T.);
#3012 = FACE_BOUND('',#3013,.T.);
#3013 = EDGE_LOOP('',(#3014));
#3014 = ORIENTED_EDGE('',*,*,#2999,.T.);
#3015 = PLANE('',#3016);
#3016 = AXIS2_PLACEMENT_3D('',#3017,#3018,#3019);
#3017 = CARTESIAN_POINT('',(0.,7.771561172376E-16,-3.5));
#3018 = DIRECTION('',(0.,2.22044604925E-16,-1.));
#3019 = DIRECTION('',(0.,1.,2.22044604925E-16));
#3020 = ADVANCED_FACE('',(#3021),#3040,.T.);
#3021 = FACE_BOUND('',#3022,.T.);
#3022 = EDGE_LOOP('',(#3023,#3024,#3032,#3039));
#3023 = ORIENTED_EDGE('',*,*,#1840,.T.);
#3024 = ORIENTED_EDGE('',*,*,#3025,.T.);
#3025 = EDGE_CURVE('',#1841,#3026,#3028,.T.);
#3026 = VERTEX_POINT('',#3027);
#3027 = CARTESIAN_POINT('',(-9.999968001054,5.503981738881,-3.5));
#3028 = LINE('',#3029,#3030);
#3029 = CARTESIAN_POINT('',(-9.999968001054,5.503981738881,-3.5));
#3030 = VECTOR('',#3031,1.);
#3031 = DIRECTION('',(0.,2.22044604925E-16,-1.));
#3032 = ORIENTED_EDGE('',*,*,#3033,.F.);
#3033 = EDGE_CURVE('',#3026,#3026,#3034,.T.);
#3034 = CIRCLE('',#3035,0.5);
#3035 = AXIS2_PLACEMENT_3D('',#3036,#3037,#3038);
#3036 = CARTESIAN_POINT('',(-9.999968001054,5.003981738881,-3.5));
#3037 = DIRECTION('',(0.,2.22044604925E-16,-1.));
#3038 = DIRECTION('',(0.,1.,2.22044604925E-16));
#3039 = ORIENTED_EDGE('',*,*,#3025,.F.);
#3040 = CYLINDRICAL_SURFACE('',#3041,0.5);
#3041 = AXIS2_PLACEMENT_3D('',#3042,#3043,#3044);
#3042 = CARTESIAN_POINT('',(-9.999968001054,5.003981738881,-3.5));
#3043 = DIRECTION('',(0.,-2.22044604925E-16,1.));
#3044 = DIRECTION('',(0.,-1.,-2.22044604925E-16));
#3045 = ADVANCED_FACE('',(#3046),#3049,.T.);
#3046 = FACE_BOUND('',#3047,.T.);
#3047 = EDGE_LOOP('',(#3048));
#3048 = ORIENTED_EDGE('',*,*,#3033,.T.);
#3049 = PLANE('',#3050);
#3050 = AXIS2_PLACEMENT_3D('',#3051,#3052,#3053);
#3051 = CARTESIAN_POINT('',(0.,7.771561172376E-16,-3.5));
#3052 = DIRECTION('',(0.,2.22044604925E-16,-1.));
#3053 = DIRECTION('',(0.,1.,2.22044604925E-16));
#3054 = ADVANCED_FACE('',(#3055),#3074,.T.);
#3055 = FACE_BOUND('',#3056,.T.);
#3056 = EDGE_LOOP('',(#3057,#3058,#3066,#3073));
#3057 = ORIENTED_EDGE('',*,*,#1829,.F.);
#3058 = ORIENTED_EDGE('',*,*,#3059,.T.);
#3059 = EDGE_CURVE('',#1830,#3060,#3062,.T.);
#3060 = VERTEX_POINT('',#3061);
#3061 = CARTESIAN_POINT('',(-5.020692482883,0.5,-3.5));
#3062 = LINE('',#3063,#3064);
#3063 = CARTESIAN_POINT('',(-5.020692482883,0.5,-3.5));
#3064 = VECTOR('',#3065,1.);
#3065 = DIRECTION('',(0.,2.22044604925E-16,-1.));
#3066 = ORIENTED_EDGE('',*,*,#3067,.F.);
#3067 = EDGE_CURVE('',#3060,#3060,#3068,.T.);
#3068 = CIRCLE('',#3069,0.5);
#3069 = AXIS2_PLACEMENT_3D('',#3070,#3071,#3072);
#3070 = CARTESIAN_POINT('',(-5.020692482883,7.771561172376E-16,-3.5));
#3071 = DIRECTION('',(0.,2.22044604925E-16,-1.));
#3072 = DIRECTION('',(0.,1.,2.22044604925E-16));
#3073 = ORIENTED_EDGE('',*,*,#3059,.F.);
#3074 = CYLINDRICAL_SURFACE('',#3075,0.5);
#3075 = AXIS2_PLACEMENT_3D('',#3076,#3077,#3078);
#3076 = CARTESIAN_POINT('',(-5.020692482883,7.771561172376E-16,-3.5));
#3077 = DIRECTION('',(0.,-2.22044604925E-16,1.));
#3078 = DIRECTION('',(0.,-1.,-2.22044604925E-16));
#3079 = ADVANCED_FACE('',(#3080),#3083,.T.);
#3080 = FACE_BOUND('',#3081,.T.);
#3081 = EDGE_LOOP('',(#3082));
#3082 = ORIENTED_EDGE('',*,*,#3067,.T.);
#3083 = PLANE('',#3084);
#3084 = AXIS2_PLACEMENT_3D('',#3085,#3086,#3087);
#3085 = CARTESIAN_POINT('',(0.,7.771561172376E-16,-3.5));
#3086 = DIRECTION('',(0.,2.22044604925E-16,-1.));
#3087 = DIRECTION('',(0.,1.,2.22044604925E-16));
#3088 = ADVANCED_FACE('',(#3089),#3108,.T.);
#3089 = FACE_BOUND('',#3090,.T.);
#3090 = EDGE_LOOP('',(#3091,#3092,#3100,#3107));
#3091 = ORIENTED_EDGE('',*,*,#1818,.F.);
#3092 = ORIENTED_EDGE('',*,*,#3093,.T.);
#3093 = EDGE_CURVE('',#1819,#3094,#3096,.T.);
#3094 = VERTEX_POINT('',#3095);
#3095 = CARTESIAN_POINT('',(5.020692482883,0.5,-3.5));
#3096 = LINE('',#3097,#3098);
#3097 = CARTESIAN_POINT('',(5.020692482883,0.5,-3.5));
#3098 = VECTOR('',#3099,1.);
#3099 = DIRECTION('',(0.,2.22044604925E-16,-1.));
#3100 = ORIENTED_EDGE('',*,*,#3101,.F.);
#3101 = EDGE_CURVE('',#3094,#3094,#3102,.T.);
#3102 = CIRCLE('',#3103,0.5);
#3103 = AXIS2_PLACEMENT_3D('',#3104,#3105,#3106);
#3104 = CARTESIAN_POINT('',(5.020692482883,2.006871112971E-15,-3.5));
#3105 = DIRECTION('',(0.,2.22044604925E-16,-1.));
#3106 = DIRECTION('',(0.,1.,2.22044604925E-16));
#3107 = ORIENTED_EDGE('',*,*,#3093,.F.);
#3108 = CYLINDRICAL_SURFACE('',#3109,0.5);
#3109 = AXIS2_PLACEMENT_3D('',#3110,#3111,#3112);
#3110 = CARTESIAN_POINT('',(5.020692482883,2.006871112971E-15,-3.5));
#3111 = DIRECTION('',(0.,-2.22044604925E-16,1.));
#3112 = DIRECTION('',(0.,-1.,-2.22044604925E-16));
#3113 = ADVANCED_FACE('',(#3114),#3117,.T.);
#3114 = FACE_BOUND('',#3115,.T.);
#3115 = EDGE_LOOP('',(#3116));
#3116 = ORIENTED_EDGE('',*,*,#3101,.T.);
#3117 = PLANE('',#3118);
#3118 = AXIS2_PLACEMENT_3D('',#3119,#3120,#3121);
#3119 = CARTESIAN_POINT('',(0.,7.771561172376E-16,-3.5));
#3120 = DIRECTION('',(0.,2.22044604925E-16,-1.));
#3121 = DIRECTION('',(0.,1.,2.22044604925E-16));
#3122 = ADVANCED_FACE('',(#3123),#3142,.T.);
#3123 = FACE_BOUND('',#3124,.T.);
#3124 = EDGE_LOOP('',(#3125,#3126,#3134,#3141));
#3125 = ORIENTED_EDGE('',*,*,#1807,.F.);
#3126 = ORIENTED_EDGE('',*,*,#3127,.T.);
#3127 = EDGE_CURVE('',#1808,#3128,#3130,.T.);
#3128 = VERTEX_POINT('',#3129);
#3129 = CARTESIAN_POINT('',(9.999968001054,5.503981738881,-3.5));
#3130 = LINE('',#3131,#3132);
#3131 = CARTESIAN_POINT('',(9.999968001054,5.503981738881,-3.5));
#3132 = VECTOR('',#3133,1.);
#3133 = DIRECTION('',(0.,2.22044604925E-16,-1.));
#3134 = ORIENTED_EDGE('',*,*,#3135,.F.);
#3135 = EDGE_CURVE('',#3128,#3128,#3136,.T.);
#3136 = CIRCLE('',#3137,0.5);
#3137 = AXIS2_PLACEMENT_3D('',#3138,#3139,#3140);
#3138 = CARTESIAN_POINT('',(9.999968001054,5.003981738881,-3.5));
#3139 = DIRECTION('',(0.,2.22044604925E-16,-1.));
#3140 = DIRECTION('',(0.,1.,2.22044604925E-16));
#3141 = ORIENTED_EDGE('',*,*,#3127,.F.);
#3142 = CYLINDRICAL_SURFACE('',#3143,0.5);
#3143 = AXIS2_PLACEMENT_3D('',#3144,#3145,#3146);
#3144 = CARTESIAN_POINT('',(9.999968001054,5.003981738881,-3.5));
#3145 = DIRECTION('',(0.,-2.22044604925E-16,1.));
#3146 = DIRECTION('',(0.,-1.,-2.22044604925E-16));
#3147 = ADVANCED_FACE('',(#3148),#3151,.T.);
#3148 = FACE_BOUND('',#3149,.T.);
#3149 = EDGE_LOOP('',(#3150));
#3150 = ORIENTED_EDGE('',*,*,#3135,.T.);
#3151 = PLANE('',#3152);
#3152 = AXIS2_PLACEMENT_3D('',#3153,#3154,#3155);
#3153 = CARTESIAN_POINT('',(0.,7.771561172376E-16,-3.5));
#3154 = DIRECTION('',(0.,2.22044604925E-16,-1.));
#3155 = DIRECTION('',(0.,1.,2.22044604925E-16));
#3156 = ADVANCED_FACE('',(#3157),#3176,.T.);
#3157 = FACE_BOUND('',#3158,.T.);
#3158 = EDGE_LOOP('',(#3159,#3160,#3168,#3175));
#3159 = ORIENTED_EDGE('',*,*,#1796,.F.);
#3160 = ORIENTED_EDGE('',*,*,#3161,.T.);
#3161 = EDGE_CURVE('',#1797,#3162,#3164,.T.);
#3162 = VERTEX_POINT('',#3163);
#3163 = CARTESIAN_POINT('',(6.480513548277,9.556937121632,-3.5));
#3164 = LINE('',#3165,#3166);
#3165 = CARTESIAN_POINT('',(6.480513548277,9.556937121632,-3.5));
#3166 = VECTOR('',#3167,1.);
#3167 = DIRECTION('',(0.,2.22044604925E-16,-1.));
#3168 = ORIENTED_EDGE('',*,*,#3169,.F.);
#3169 = EDGE_CURVE('',#3162,#3162,#3170,.T.);
#3170 = CIRCLE('',#3171,0.5);
#3171 = AXIS2_PLACEMENT_3D('',#3172,#3173,#3174);
#3172 = CARTESIAN_POINT('',(6.480513548277,9.056937121632,-3.5));
#3173 = DIRECTION('',(0.,2.22044604925E-16,-1.));
#3174 = DIRECTION('',(0.,1.,2.22044604925E-16));
#3175 = ORIENTED_EDGE('',*,*,#3161,.F.);
#3176 = CYLINDRICAL_SURFACE('',#3177,0.5);
#3177 = AXIS2_PLACEMENT_3D('',#3178,#3179,#3180);
#3178 = CARTESIAN_POINT('',(6.480513548277,9.056937121632,-3.5));
#3179 = DIRECTION('',(0.,-2.22044604925E-16,1.));
#3180 = DIRECTION('',(0.,-1.,-2.22044604925E-16));
#3181 = ADVANCED_FACE('',(#3182),#3185,.T.);
#3182 = FACE_BOUND('',#3183,.T.);
#3183 = EDGE_LOOP('',(#3184));
#3184 = ORIENTED_EDGE('',*,*,#3169,.T.);
#3185 = PLANE('',#3186);
#3186 = AXIS2_PLACEMENT_3D('',#3187,#3188,#3189);
#3187 = CARTESIAN_POINT('',(0.,7.771561172376E-16,-3.5));
#3188 = DIRECTION('',(0.,2.22044604925E-16,-1.));
#3189 = DIRECTION('',(0.,1.,2.22044604925E-16));
#3190 = ADVANCED_FACE('',(#3191),#3210,.T.);
#3191 = FACE_BOUND('',#3192,.T.);
#3192 = EDGE_LOOP('',(#3193,#3194,#3202,#3209));
#3193 = ORIENTED_EDGE('',*,*,#1785,.T.);
#3194 = ORIENTED_EDGE('',*,*,#3195,.T.);
#3195 = EDGE_CURVE('',#1786,#3196,#3198,.T.);
#3196 = VERTEX_POINT('',#3197);
#3197 = CARTESIAN_POINT('',(9.999968001054,-4.503981738881,-3.5));
#3198 = LINE('',#3199,#3200);
#3199 = CARTESIAN_POINT('',(9.999968001054,-4.503981738881,-3.5));
#3200 = VECTOR('',#3201,1.);
#3201 = DIRECTION('',(0.,2.22044604925E-16,-1.));
#3202 = ORIENTED_EDGE('',*,*,#3203,.F.);
#3203 = EDGE_CURVE('',#3196,#3196,#3204,.T.);
#3204 = CIRCLE('',#3205,0.5);
#3205 = AXIS2_PLACEMENT_3D('',#3206,#3207,#3208);
#3206 = CARTESIAN_POINT('',(9.999968001054,-5.003981738881,-3.5));
#3207 = DIRECTION('',(0.,2.22044604925E-16,-1.));
#3208 = DIRECTION('',(0.,1.,2.22044604925E-16));
#3209 = ORIENTED_EDGE('',*,*,#3195,.F.);
#3210 = CYLINDRICAL_SURFACE('',#3211,0.5);
#3211 = AXIS2_PLACEMENT_3D('',#3212,#3213,#3214);
#3212 = CARTESIAN_POINT('',(9.999968001054,-5.003981738881,-3.5));
#3213 = DIRECTION('',(0.,-2.22044604925E-16,1.));
#3214 = DIRECTION('',(0.,-1.,-2.22044604925E-16));
#3215 = ADVANCED_FACE('',(#3216),#3219,.T.);
#3216 = FACE_BOUND('',#3217,.T.);
#3217 = EDGE_LOOP('',(#3218));
#3218 = ORIENTED_EDGE('',*,*,#3203,.T.);
#3219 = PLANE('',#3220);
#3220 = AXIS2_PLACEMENT_3D('',#3221,#3222,#3223);
#3221 = CARTESIAN_POINT('',(0.,7.771561172376E-16,-3.5));
#3222 = DIRECTION('',(0.,2.22044604925E-16,-1.));
#3223 = DIRECTION('',(0.,1.,2.22044604925E-16));
#3224 = ADVANCED_FACE('',(#3225),#3244,.T.);
#3225 = FACE_BOUND('',#3226,.T.);
#3226 = EDGE_LOOP('',(#3227,#3228,#3236,#3243));
#3227 = ORIENTED_EDGE('',*,*,#1774,.T.);
#3228 = ORIENTED_EDGE('',*,*,#3229,.T.);
#3229 = EDGE_CURVE('',#1775,#3230,#3232,.T.);
#3230 = VERTEX_POINT('',#3231);
#3231 = CARTESIAN_POINT('',(6.480513548277,-8.556937121632,-3.5));
#3232 = LINE('',#3233,#3234);
#3233 = CARTESIAN_POINT('',(6.480513548277,-8.556937121632,-3.5));
#3234 = VECTOR('',#3235,1.);
#3235 = DIRECTION('',(0.,2.22044604925E-16,-1.));
#3236 = ORIENTED_EDGE('',*,*,#3237,.F.);
#3237 = EDGE_CURVE('',#3230,#3230,#3238,.T.);
#3238 = CIRCLE('',#3239,0.5);
#3239 = AXIS2_PLACEMENT_3D('',#3240,#3241,#3242);
#3240 = CARTESIAN_POINT('',(6.480513548277,-9.056937121632,-3.5));
#3241 = DIRECTION('',(0.,2.22044604925E-16,-1.));
#3242 = DIRECTION('',(0.,1.,2.22044604925E-16));
#3243 = ORIENTED_EDGE('',*,*,#3229,.F.);
#3244 = CYLINDRICAL_SURFACE('',#3245,0.5);
#3245 = AXIS2_PLACEMENT_3D('',#3246,#3247,#3248);
#3246 = CARTESIAN_POINT('',(6.480513548277,-9.056937121632,-3.5));
#3247 = DIRECTION('',(0.,-2.22044604925E-16,1.));
#3248 = DIRECTION('',(0.,-1.,-2.22044604925E-16));
#3249 = ADVANCED_FACE('',(#3250),#3253,.T.);
#3250 = FACE_BOUND('',#3251,.T.);
#3251 = EDGE_LOOP('',(#3252));
#3252 = ORIENTED_EDGE('',*,*,#3237,.T.);
#3253 = PLANE('',#3254);
#3254 = AXIS2_PLACEMENT_3D('',#3255,#3256,#3257);
#3255 = CARTESIAN_POINT('',(0.,7.771561172376E-16,-3.5));
#3256 = DIRECTION('',(0.,2.22044604925E-16,-1.));
#3257 = DIRECTION('',(0.,1.,2.22044604925E-16));
#3258 = ADVANCED_FACE('',(#3259),#3278,.T.);
#3259 = FACE_BOUND('',#3260,.T.);
#3260 = EDGE_LOOP('',(#3261,#3262,#3270,#3277));
#3261 = ORIENTED_EDGE('',*,*,#1763,.F.);
#3262 = ORIENTED_EDGE('',*,*,#3263,.T.);
#3263 = EDGE_CURVE('',#1764,#3264,#3266,.T.);
#3264 = VERTEX_POINT('',#3265);
#3265 = CARTESIAN_POINT('',(-6.480513548277,-8.556937121632,-3.5));
#3266 = LINE('',#3267,#3268);
#3267 = CARTESIAN_POINT('',(-6.480513548277,-8.556937121632,-3.5));
#3268 = VECTOR('',#3269,1.);
#3269 = DIRECTION('',(0.,2.22044604925E-16,-1.));
#3270 = ORIENTED_EDGE('',*,*,#3271,.F.);
#3271 = EDGE_CURVE('',#3264,#3264,#3272,.T.);
#3272 = CIRCLE('',#3273,0.5);
#3273 = AXIS2_PLACEMENT_3D('',#3274,#3275,#3276);
#3274 = CARTESIAN_POINT('',(-6.480513548277,-9.056937121632,-3.5));
#3275 = DIRECTION('',(0.,2.22044604925E-16,-1.));
#3276 = DIRECTION('',(0.,1.,2.22044604925E-16));
#3277 = ORIENTED_EDGE('',*,*,#3263,.F.);
#3278 = CYLINDRICAL_SURFACE('',#3279,0.5);
#3279 = AXIS2_PLACEMENT_3D('',#3280,#3281,#3282);
#3280 = CARTESIAN_POINT('',(-6.480513548277,-9.056937121632,-3.5));
#3281 = DIRECTION('',(0.,-2.22044604925E-16,1.));
#3282 = DIRECTION('',(0.,-1.,-2.22044604925E-16));
#3283 = ADVANCED_FACE('',(#3284),#3287,.T.);
#3284 = FACE_BOUND('',#3285,.T.);
#3285 = EDGE_LOOP('',(#3286));
#3286 = ORIENTED_EDGE('',*,*,#3271,.T.);
#3287 = PLANE('',#3288);
#3288 = AXIS2_PLACEMENT_3D('',#3289,#3290,#3291);
#3289 = CARTESIAN_POINT('',(0.,7.771561172376E-16,-3.5));
#3290 = DIRECTION('',(0.,2.22044604925E-16,-1.));
#3291 = DIRECTION('',(0.,1.,2.22044604925E-16));
#3292 = ADVANCED_FACE('',(#3293),#3312,.T.);
#3293 = FACE_BOUND('',#3294,.T.);
#3294 = EDGE_LOOP('',(#3295,#3296,#3304,#3311));
#3295 = ORIENTED_EDGE('',*,*,#1752,.F.);
#3296 = ORIENTED_EDGE('',*,*,#3297,.T.);
#3297 = EDGE_CURVE('',#1753,#3298,#3300,.T.);
#3298 = VERTEX_POINT('',#3299);
#3299 = CARTESIAN_POINT('',(-9.999968001054,-4.503981738881,-3.5));
#3300 = LINE('',#3301,#3302);
#3301 = CARTESIAN_POINT('',(-9.999968001054,-4.503981738881,-3.5));
#3302 = VECTOR('',#3303,1.);
#3303 = DIRECTION('',(0.,2.22044604925E-16,-1.));
#3304 = ORIENTED_EDGE('',*,*,#3305,.F.);
#3305 = EDGE_CURVE('',#3298,#3298,#3306,.T.);
#3306 = CIRCLE('',#3307,0.5);
#3307 = AXIS2_PLACEMENT_3D('',#3308,#3309,#3310);
#3308 = CARTESIAN_POINT('',(-9.999968001054,-5.003981738881,-3.5));
#3309 = DIRECTION('',(0.,2.22044604925E-16,-1.));
#3310 = DIRECTION('',(0.,1.,2.22044604925E-16));
#3311 = ORIENTED_EDGE('',*,*,#3297,.F.);
#3312 = CYLINDRICAL_SURFACE('',#3313,0.5);
#3313 = AXIS2_PLACEMENT_3D('',#3314,#3315,#3316);
#3314 = CARTESIAN_POINT('',(-9.999968001054,-5.003981738881,-3.5));
#3315 = DIRECTION('',(0.,-2.22044604925E-16,1.));
#3316 = DIRECTION('',(0.,-1.,-2.22044604925E-16));
#3317 = ADVANCED_FACE('',(#3318),#3321,.T.);
#3318 = FACE_BOUND('',#3319,.T.);
#3319 = EDGE_LOOP('',(#3320));
#3320 = ORIENTED_EDGE('',*,*,#3305,.T.);
#3321 = PLANE('',#3322);
#3322 = AXIS2_PLACEMENT_3D('',#3323,#3324,#3325);
#3323 = CARTESIAN_POINT('',(0.,7.771561172376E-16,-3.5));
#3324 = DIRECTION('',(0.,2.22044604925E-16,-1.));
#3325 = DIRECTION('',(0.,1.,2.22044604925E-16));
#3326 = ADVANCED_FACE('',(#3327),#3346,.T.);
#3327 = FACE_BOUND('',#3328,.T.);
#3328 = EDGE_LOOP('',(#3329,#3330,#3338,#3345));
#3329 = ORIENTED_EDGE('',*,*,#1741,.F.);
#3330 = ORIENTED_EDGE('',*,*,#3331,.T.);
#3331 = EDGE_CURVE('',#1742,#3332,#3334,.T.);
#3332 = VERTEX_POINT('',#3333);
#3333 = CARTESIAN_POINT('',(0.,-1.055835694769,-3.5));
#3334 = LINE('',#3335,#3336);
#3335 = CARTESIAN_POINT('',(-6.123233995737E-17,-1.055835694769,-3.5));
#3336 = VECTOR('',#3337,1.);
#3337 = DIRECTION('',(0.,2.22044604925E-16,-1.));
#3338 = ORIENTED_EDGE('',*,*,#3339,.F.);
#3339 = EDGE_CURVE('',#3332,#3332,#3340,.T.);
#3340 = CIRCLE('',#3341,0.5);
#3341 = AXIS2_PLACEMENT_3D('',#3342,#3343,#3344);
#3342 = CARTESIAN_POINT('',(0.,-1.555835694769,-3.5));
#3343 = DIRECTION('',(0.,2.22044604925E-16,-1.));
#3344 = DIRECTION('',(0.,1.,2.22044604925E-16));
#3345 = ORIENTED_EDGE('',*,*,#3331,.F.);
#3346 = CYLINDRICAL_SURFACE('',#3347,0.5);
#3347 = AXIS2_PLACEMENT_3D('',#3348,#3349,#3350);
#3348 = CARTESIAN_POINT('',(0.,-1.555835694769,-3.5));
#3349 = DIRECTION('',(0.,-2.22044604925E-16,1.));
#3350 = DIRECTION('',(0.,-1.,-2.22044604925E-16));
#3351 = ADVANCED_FACE('',(#3352),#3355,.T.);
#3352 = FACE_BOUND('',#3353,.T.);
#3353 = EDGE_LOOP('',(#3354));
#3354 = ORIENTED_EDGE('',*,*,#3339,.T.);
#3355 = PLANE('',#3356);
#3356 = AXIS2_PLACEMENT_3D('',#3357,#3358,#3359);
#3357 = CARTESIAN_POINT('',(0.,7.771561172376E-16,-3.5));
#3358 = DIRECTION('',(0.,2.22044604925E-16,-1.));
#3359 = DIRECTION('',(0.,1.,2.22044604925E-16));
#3360 = ADVANCED_FACE('',(#3361),#3397,.F.);
#3361 = FACE_BOUND('',#3362,.F.);
#3362 = EDGE_LOOP('',(#3363,#3373,#3380,#3381,#3390));
#3363 = ORIENTED_EDGE('',*,*,#3364,.T.);
#3364 = EDGE_CURVE('',#3365,#3367,#3369,.T.);
#3365 = VERTEX_POINT('',#3366);
#3366 = CARTESIAN_POINT('',(-9.,-8.3,-7.85));
#3367 = VERTEX_POINT('',#3368);
#3368 = CARTESIAN_POINT('',(-9.,-8.3,-3.2));
#3369 = LINE('',#3370,#3371);
#3370 = CARTESIAN_POINT('',(-9.,-8.3,-7.9));
#3371 = VECTOR('',#3372,1.);
#3372 = DIRECTION('',(0.,-2.22044604925E-16,1.));
#3373 = ORIENTED_EDGE('',*,*,#3374,.T.);
#3374 = EDGE_CURVE('',#3367,#3367,#3375,.T.);
#3375 = CIRCLE('',#3376,0.7);
#3376 = AXIS2_PLACEMENT_3D('',#3377,#3378,#3379);
#3377 = CARTESIAN_POINT('',(-9.,-9.,-3.2));
#3378 = DIRECTION('',(0.,2.22044604925E-16,-1.));
#3379 = DIRECTION('',(0.,1.,2.22044604925E-16));
#3380 = ORIENTED_EDGE('',*,*,#3364,.F.);
#3381 = ORIENTED_EDGE('',*,*,#3382,.F.);
#3382 = EDGE_CURVE('',#3383,#3365,#3385,.T.);
#3383 = VERTEX_POINT('',#3384);
#3384 = CARTESIAN_POINT('',(-9.,-9.7,-7.85));
#3385 = CIRCLE('',#3386,0.7);
#3386 = AXIS2_PLACEMENT_3D('',#3387,#3388,#3389);
#3387 = CARTESIAN_POINT('',(-9.,-9.,-7.85));
#3388 = DIRECTION('',(0.,2.22044604925E-16,-1.));
#3389 = DIRECTION('',(0.,1.,2.22044604925E-16));
#3390 = ORIENTED_EDGE('',*,*,#3391,.F.);
#3391 = EDGE_CURVE('',#3365,#3383,#3392,.T.);
#3392 = CIRCLE('',#3393,0.7);
#3393 = AXIS2_PLACEMENT_3D('',#3394,#3395,#3396);
#3394 = CARTESIAN_POINT('',(-9.,-9.,-7.85));
#3395 = DIRECTION('',(0.,2.22044604925E-16,-1.));
#3396 = DIRECTION('',(0.,1.,2.22044604925E-16));
#3397 = CYLINDRICAL_SURFACE('',#3398,0.7);
#3398 = AXIS2_PLACEMENT_3D('',#3399,#3400,#3401);
#3399 = CARTESIAN_POINT('',(-9.,-9.,-7.9));
#3400 = DIRECTION('',(0.,-2.22044604925E-16,1.));
#3401 = DIRECTION('',(0.,-1.,-2.22044604925E-16));
#3402 = ADVANCED_FACE('',(#3403,#3414),#3425,.T.);
#3403 = FACE_BOUND('',#3404,.T.);
#3404 = EDGE_LOOP('',(#3405));
#3405 = ORIENTED_EDGE('',*,*,#3406,.T.);
#3406 = EDGE_CURVE('',#3407,#3407,#3409,.T.);
#3407 = VERTEX_POINT('',#3408);
#3408 = CARTESIAN_POINT('',(-9.,-9.95,-7.9));
#3409 = CIRCLE('',#3410,0.95);
#3410 = AXIS2_PLACEMENT_3D('',#3411,#3412,#3413);
#3411 = CARTESIAN_POINT('',(-9.,-9.,-7.9));
#3412 = DIRECTION('',(0.,2.22044604925E-16,-1.));
#3413 = DIRECTION('',(0.,1.,2.22044604925E-16));
#3414 = FACE_BOUND('',#3415,.T.);
#3415 = EDGE_LOOP('',(#3416));
#3416 = ORIENTED_EDGE('',*,*,#3417,.F.);
#3417 = EDGE_CURVE('',#3418,#3418,#3420,.T.);
#3418 = VERTEX_POINT('',#3419);
#3419 = CARTESIAN_POINT('',(-9.,-9.75,-7.9));
#3420 = CIRCLE('',#3421,0.75);
#3421 = AXIS2_PLACEMENT_3D('',#3422,#3423,#3424);
#3422 = CARTESIAN_POINT('',(-9.,-9.,-7.9));
#3423 = DIRECTION('',(0.,2.22044604925E-16,-1.));
#3424 = DIRECTION('',(0.,1.,2.22044604925E-16));
#3425 = PLANE('',#3426);
#3426 = AXIS2_PLACEMENT_3D('',#3427,#3428,#3429);
#3427 = CARTESIAN_POINT('',(0.,1.754152378908E-15,-7.9));
#3428 = DIRECTION('',(0.,2.22044604925E-16,-1.));
#3429 = DIRECTION('',(0.,1.,2.22044604925E-16));
#3430 = ADVANCED_FACE('',(#3431),#3434,.F.);
#3431 = FACE_BOUND('',#3432,.T.);
#3432 = EDGE_LOOP('',(#3433));
#3433 = ORIENTED_EDGE('',*,*,#3374,.T.);
#3434 = PLANE('',#3435);
#3435 = AXIS2_PLACEMENT_3D('',#3436,#3437,#3438);
#3436 = CARTESIAN_POINT('',(0.,7.105427357601E-16,-3.2));
#3437 = DIRECTION('',(0.,-2.22044604925E-16,1.));
#3438 = DIRECTION('',(0.,-1.,-2.22044604925E-16));
#3439 = ADVANCED_FACE('',(#3440),#3486,.T.);
#3440 = FACE_BOUND('',#3441,.T.);
#3441 = EDGE_LOOP('',(#3442,#3443,#3444,#3461,#3470,#3485));
#3442 = ORIENTED_EDGE('',*,*,#1723,.T.);
#3443 = ORIENTED_EDGE('',*,*,#1956,.F.);
#3444 = ORIENTED_EDGE('',*,*,#3445,.T.);
#3445 = EDGE_CURVE('',#1948,#3446,#3448,.T.);
#3446 = VERTEX_POINT('',#3447);
#3447 = CARTESIAN_POINT('',(-10.11785643825,-8.442866278652,-6.2));
#3448 = B_SPLINE_CURVE_WITH_KNOTS('',3,(#3449,#3450,#3451,#3452,#3453,
    #3454,#3455,#3456,#3457,#3458,#3459,#3460),.UNSPECIFIED.,.F.,.F.,(4,
    2,2,2,2,4),(4.402006050789E-03,1.457973694325E-02,2.91594738865E-02,
    4.114544981791E-02,4.713843778362E-02,5.063392616786E-02),
  .UNSPECIFIED.);
#3449 = CARTESIAN_POINT('',(-9.769313843193,-8.361128956149,-6.449));
#3450 = CARTESIAN_POINT('',(-9.790428937983,-8.347663199748,
    -6.42415298343));
#3451 = CARTESIAN_POINT('',(-9.81452029244,-8.336819994052,
    -6.398707796188));
#3452 = CARTESIAN_POINT('',(-9.877439830377,-8.320409063637,
    -6.339256454948));
#3453 = CARTESIAN_POINT('',(-9.918160249497,-8.319102568595,
    -6.306302083802));
#3454 = CARTESIAN_POINT('',(-9.989815413981,-8.334876734625,
    -6.256721478439));
#3455 = CARTESIAN_POINT('',(-10.02487447984,-8.349834247964,
    -6.235823304004));
#3456 = CARTESIAN_POINT('',(-10.07092461562,-8.385039586661,
    -6.214198614271));
#3457 = CARTESIAN_POINT('',(-10.08523878859,-8.398841292984,
    -6.208535516973));
#3458 = CARTESIAN_POINT('',(-10.10510657185,-8.42330295117,
    -6.202520630194));
#3459 = CARTESIAN_POINT('',(-10.11183196874,-8.432870329821,
    -6.200933075947));
#3460 = CARTESIAN_POINT('',(-10.11785643825,-8.442866278652,-6.2));
#3461 = ORIENTED_EDGE('',*,*,#3462,.F.);
#3462 = EDGE_CURVE('',#3463,#3446,#3465,.T.);
#3463 = VERTEX_POINT('',#3464);
#3464 = CARTESIAN_POINT('',(-10.13922971812,-8.487987647276,-6.2));
#3465 = CIRCLE('',#3466,0.25);
#3466 = AXIS2_PLACEMENT_3D('',#3467,#3468,#3469);
#3467 = CARTESIAN_POINT('',(-9.903737838894,-8.571913655261,-6.2));
#3468 = DIRECTION('',(0.,2.22044604925E-16,-1.));
#3469 = DIRECTION('',(0.,1.,2.22044604925E-16));
#3470 = ORIENTED_EDGE('',*,*,#3471,.T.);
#3471 = EDGE_CURVE('',#3463,#1940,#3472,.T.);
#3472 = B_SPLINE_CURVE_WITH_KNOTS('',3,(#3473,#3474,#3475,#3476,#3477,
    #3478,#3479,#3480,#3481,#3482,#3483,#3484),.UNSPECIFIED.,.F.,.F.,(4,
    2,2,2,2,4),(5.56289253308E-02,5.912441371503E-02,6.511740168074E-02,
    7.710337761216E-02,9.168311455541E-02,0.101860845448),
  .UNSPECIFIED.);
#3473 = CARTESIAN_POINT('',(-10.13922971812,-8.487987647276,-6.2));
#3474 = CARTESIAN_POINT('',(-10.14314773404,-8.498981389912,
    -6.200933075947));
#3475 = CARTESIAN_POINT('',(-10.14629011497,-8.510245986644,
    -6.202520630194));
#3476 = CARTESIAN_POINT('',(-10.1526315353,-8.541114869381,
    -6.208535516973));
#3477 = CARTESIAN_POINT('',(-10.15424288176,-8.560933704049,
    -6.214198614271));
#3478 = CARTESIAN_POINT('',(-10.15231117998,-8.618867281593,
    -6.235823304004));
#3479 = CARTESIAN_POINT('',(-10.14167527754,-8.655469779918,
    -6.256721478439));
#3480 = CARTESIAN_POINT('',(-10.10848821583,-8.720906053089,
    -6.306302083802));
#3481 = CARTESIAN_POINT('',(-10.08168156728,-8.751586063784,
    -6.339256454948));
#3482 = CARTESIAN_POINT('',(-10.02912498623,-8.789874347626,
    -6.398707796188));
#3483 = CARTESIAN_POINT('',(-10.00547350298,-8.801646170318,
    -6.42415298343));
#3484 = CARTESIAN_POINT('',(-9.981678219663,-8.809453750919,-6.449));
#3485 = ORIENTED_EDGE('',*,*,#1939,.T.);
#3486 = CYLINDRICAL_SURFACE('',#3487,0.25);
#3487 = AXIS2_PLACEMENT_3D('',#3488,#3489,#3490);
#3488 = CARTESIAN_POINT('',(-9.903737838894,-8.571913655261,-6.2));
#3489 = DIRECTION('',(0.,-2.22044604925E-16,1.));
#3490 = DIRECTION('',(-0.903737838894,0.428086344739,9.505426329138E-17)
  );
#3491 = ADVANCED_FACE('',(#3492),#3502,.T.);
#3492 = FACE_BOUND('',#3493,.T.);
#3493 = EDGE_LOOP('',(#3494,#3495));
#3494 = ORIENTED_EDGE('',*,*,#3462,.T.);
#3495 = ORIENTED_EDGE('',*,*,#3496,.F.);
#3496 = EDGE_CURVE('',#3463,#3446,#3497,.T.);
#3497 = CIRCLE('',#3498,1.249);
#3498 = AXIS2_PLACEMENT_3D('',#3499,#3500,#3501);
#3499 = CARTESIAN_POINT('',(-9.,-9.,-6.2));
#3500 = DIRECTION('',(0.,2.22044604925E-16,-1.));
#3501 = DIRECTION('',(0.,1.,2.22044604925E-16));
#3502 = PLANE('',#3503);
#3503 = AXIS2_PLACEMENT_3D('',#3504,#3505,#3506);
#3504 = CARTESIAN_POINT('',(0.,1.376676550535E-15,-6.2));
#3505 = DIRECTION('',(0.,2.22044604925E-16,-1.));
#3506 = DIRECTION('',(0.,1.,2.22044604925E-16));
#3507 = ADVANCED_FACE('',(#3508),#3554,.T.);
#3508 = FACE_BOUND('',#3509,.T.);
#3509 = EDGE_LOOP('',(#3510,#3511,#3512,#3529,#3538,#3553));
#3510 = ORIENTED_EDGE('',*,*,#1694,.T.);
#3511 = ORIENTED_EDGE('',*,*,#1932,.F.);
#3512 = ORIENTED_EDGE('',*,*,#3513,.T.);
#3513 = EDGE_CURVE('',#1924,#3514,#3516,.T.);
#3514 = VERTEX_POINT('',#3515);
#3515 = CARTESIAN_POINT('',(-7.88214356175,-9.557133721348,-6.2));
#3516 = B_SPLINE_CURVE_WITH_KNOTS('',3,(#3517,#3518,#3519,#3520,#3521,
    #3522,#3523,#3524,#3525,#3526,#3527,#3528),.UNSPECIFIED.,.F.,.F.,(4,
    2,2,2,2,4),(4.402006050789E-03,1.457973694325E-02,2.91594738865E-02,
    4.114544981791E-02,4.713843778362E-02,5.063392616786E-02),
  .UNSPECIFIED.);
#3517 = CARTESIAN_POINT('',(-8.230686156807,-9.638871043851,-6.449));
#3518 = CARTESIAN_POINT('',(-8.209571062017,-9.652336800252,
    -6.42415298343));
#3519 = CARTESIAN_POINT('',(-8.18547970756,-9.663180005948,
    -6.398707796188));
#3520 = CARTESIAN_POINT('',(-8.122560169623,-9.679590936363,
    -6.339256454948));
#3521 = CARTESIAN_POINT('',(-8.081839750503,-9.680897431405,
    -6.306302083802));
#3522 = CARTESIAN_POINT('',(-8.010184586019,-9.665123265375,
    -6.256721478439));
#3523 = CARTESIAN_POINT('',(-7.975125520158,-9.650165752036,
    -6.235823304004));
#3524 = CARTESIAN_POINT('',(-7.929075384371,-9.614960413339,
    -6.214198614271));
#3525 = CARTESIAN_POINT('',(-7.91476121141,-9.601158707016,
    -6.208535516973));
#3526 = CARTESIAN_POINT('',(-7.894893428142,-9.57669704883,
    -6.202520630194));
#3527 = CARTESIAN_POINT('',(-7.88816803126,-9.567129670179,
    -6.200933075947));
#3528 = CARTESIAN_POINT('',(-7.88214356175,-9.557133721348,-6.2));
#3529 = ORIENTED_EDGE('',*,*,#3530,.F.);
#3530 = EDGE_CURVE('',#3531,#3514,#3533,.T.);
#3531 = VERTEX_POINT('',#3532);
#3532 = CARTESIAN_POINT('',(-7.860770281876,-9.512012352724,-6.2));
#3533 = CIRCLE('',#3534,0.25);
#3534 = AXIS2_PLACEMENT_3D('',#3535,#3536,#3537);
#3535 = CARTESIAN_POINT('',(-8.096262161106,-9.428086344739,-6.2));
#3536 = DIRECTION('',(0.,2.22044604925E-16,-1.));
#3537 = DIRECTION('',(0.,1.,2.22044604925E-16));
#3538 = ORIENTED_EDGE('',*,*,#3539,.T.);
#3539 = EDGE_CURVE('',#3531,#1922,#3540,.T.);
#3540 = B_SPLINE_CURVE_WITH_KNOTS('',3,(#3541,#3542,#3543,#3544,#3545,
    #3546,#3547,#3548,#3549,#3550,#3551,#3552),.UNSPECIFIED.,.F.,.F.,(4,
    2,2,2,2,4),(5.56289253308E-02,5.912441371503E-02,6.511740168074E-02,
    7.710337761216E-02,9.168311455541E-02,0.101860845448),
  .UNSPECIFIED.);
#3541 = CARTESIAN_POINT('',(-7.860770281876,-9.512012352724,-6.2));
#3542 = CARTESIAN_POINT('',(-7.856852265954,-9.501018610088,
    -6.200933075947));
#3543 = CARTESIAN_POINT('',(-7.853709885022,-9.489754013356,
    -6.202520630194));
#3544 = CARTESIAN_POINT('',(-7.847368464695,-9.458885130619,
    -6.208535516973));
#3545 = CARTESIAN_POINT('',(-7.84575711824,-9.439066295951,
    -6.214198614271));
#3546 = CARTESIAN_POINT('',(-7.847688820018,-9.381132718407,
    -6.235823304004));
#3547 = CARTESIAN_POINT('',(-7.858324722459,-9.344530220082,
    -6.256721478439));
#3548 = CARTESIAN_POINT('',(-7.891511784163,-9.279093946911,
    -6.306302083802));
#3549 = CARTESIAN_POINT('',(-7.918318432711,-9.248413936216,
    -6.339256454948));
#3550 = CARTESIAN_POINT('',(-7.970875013761,-9.210125652374,
    -6.398707796188));
#3551 = CARTESIAN_POINT('',(-7.994526497011,-9.198353829682,
    -6.42415298343));
#3552 = CARTESIAN_POINT('',(-8.018321780337,-9.190546249081,-6.449));
#3553 = ORIENTED_EDGE('',*,*,#1989,.T.);
#3554 = CYLINDRICAL_SURFACE('',#3555,0.25);
#3555 = AXIS2_PLACEMENT_3D('',#3556,#3557,#3558);
#3556 = CARTESIAN_POINT('',(-8.096262161106,-9.428086344739,-6.2));
#3557 = DIRECTION('',(0.,-2.22044604925E-16,1.));
#3558 = DIRECTION('',(0.,-1.,-2.22044604925E-16));
#3559 = ADVANCED_FACE('',(#3560),#3570,.T.);
#3560 = FACE_BOUND('',#3561,.T.);
#3561 = EDGE_LOOP('',(#3562,#3563));
#3562 = ORIENTED_EDGE('',*,*,#3530,.T.);
#3563 = ORIENTED_EDGE('',*,*,#3564,.F.);
#3564 = EDGE_CURVE('',#3531,#3514,#3565,.T.);
#3565 = CIRCLE('',#3566,1.249);
#3566 = AXIS2_PLACEMENT_3D('',#3567,#3568,#3569);
#3567 = CARTESIAN_POINT('',(-9.,-9.,-6.2));
#3568 = DIRECTION('',(0.,2.22044604925E-16,-1.));
#3569 = DIRECTION('',(0.,1.,2.22044604925E-16));
#3570 = PLANE('',#3571);
#3571 = AXIS2_PLACEMENT_3D('',#3572,#3573,#3574);
#3572 = CARTESIAN_POINT('',(0.,1.376676550535E-15,-6.2));
#3573 = DIRECTION('',(0.,2.22044604925E-16,-1.));
#3574 = DIRECTION('',(0.,1.,2.22044604925E-16));
#3575 = ADVANCED_FACE('',(#3576),#3582,.T.);
#3576 = FACE_BOUND('',#3577,.T.);
#3577 = EDGE_LOOP('',(#3578,#3579,#3580,#3581));
#3578 = ORIENTED_EDGE('',*,*,#3539,.F.);
#3579 = ORIENTED_EDGE('',*,*,#3564,.T.);
#3580 = ORIENTED_EDGE('',*,*,#3513,.F.);
#3581 = ORIENTED_EDGE('',*,*,#1921,.F.);
#3582 = CONICAL_SURFACE('',#3583,1.,0.785398163397);
#3583 = AXIS2_PLACEMENT_3D('',#3584,#3585,#3586);
#3584 = CARTESIAN_POINT('',(-9.,-9.,-6.449));
#3585 = DIRECTION('',(0.,-2.22044604925E-16,1.));
#3586 = DIRECTION('',(0.,-1.,-2.22044604925E-16));
#3587 = ADVANCED_FACE('',(#3588),#3594,.T.);
#3588 = FACE_BOUND('',#3589,.T.);
#3589 = EDGE_LOOP('',(#3590,#3591,#3592,#3593));
#3590 = ORIENTED_EDGE('',*,*,#3471,.F.);
#3591 = ORIENTED_EDGE('',*,*,#3496,.T.);
#3592 = ORIENTED_EDGE('',*,*,#3445,.F.);
#3593 = ORIENTED_EDGE('',*,*,#1947,.F.);
#3594 = CONICAL_SURFACE('',#3595,1.,0.785398163397);
#3595 = AXIS2_PLACEMENT_3D('',#3596,#3597,#3598);
#3596 = CARTESIAN_POINT('',(-9.,-9.,-6.449));
#3597 = DIRECTION('',(0.,-2.22044604925E-16,1.));
#3598 = DIRECTION('',(0.,-1.,-2.22044604925E-16));
#3599 = ADVANCED_FACE('',(#3600),#3643,.F.);
#3600 = FACE_BOUND('',#3601,.T.);
#3601 = EDGE_LOOP('',(#3602,#3612,#3621,#3627,#3628,#3636));
#3602 = ORIENTED_EDGE('',*,*,#3603,.F.);
#3603 = EDGE_CURVE('',#3604,#3606,#3608,.T.);
#3604 = VERTEX_POINT('',#3605);
#3605 = CARTESIAN_POINT('',(-11.25,-3.8,-7.1));
#3606 = VERTEX_POINT('',#3607);
#3607 = CARTESIAN_POINT('',(-11.25,-3.9,-7.1));
#3608 = LINE('',#3609,#3610);
#3609 = CARTESIAN_POINT('',(-11.25,-3.8,-7.1));
#3610 = VECTOR('',#3611,1.);
#3611 = DIRECTION('',(0.,-1.,-2.22044604925E-16));
#3612 = ORIENTED_EDGE('',*,*,#3613,.F.);
#3613 = EDGE_CURVE('',#3614,#3604,#3616,.T.);
#3614 = VERTEX_POINT('',#3615);
#3615 = CARTESIAN_POINT('',(-11.25,-3.6,-6.9));
#3616 = CIRCLE('',#3617,0.2);
#3617 = AXIS2_PLACEMENT_3D('',#3618,#3619,#3620);
#3618 = CARTESIAN_POINT('',(-11.25,-3.8,-6.9));
#3619 = DIRECTION('',(-1.,0.,0.));
#3620 = DIRECTION('',(-0.,-1.,-2.22044604925E-16));
#3621 = ORIENTED_EDGE('',*,*,#3622,.T.);
#3622 = EDGE_CURVE('',#3614,#1661,#3623,.T.);
#3623 = LINE('',#3624,#3625);
#3624 = CARTESIAN_POINT('',(-11.25,-3.6,-6.9));
#3625 = VECTOR('',#3626,1.);
#3626 = DIRECTION('',(0.,-2.22044604925E-16,1.));
#3627 = ORIENTED_EDGE('',*,*,#1660,.T.);
#3628 = ORIENTED_EDGE('',*,*,#3629,.F.);
#3629 = EDGE_CURVE('',#3630,#1663,#3632,.T.);
#3630 = VERTEX_POINT('',#3631);
#3631 = CARTESIAN_POINT('',(-11.25,-4.1,-6.9));
#3632 = LINE('',#3633,#3634);
#3633 = CARTESIAN_POINT('',(-11.25,-4.1,-6.9));
#3634 = VECTOR('',#3635,1.);
#3635 = DIRECTION('',(0.,-2.22044604925E-16,1.));
#3636 = ORIENTED_EDGE('',*,*,#3637,.F.);
#3637 = EDGE_CURVE('',#3606,#3630,#3638,.T.);
#3638 = CIRCLE('',#3639,0.2);
#3639 = AXIS2_PLACEMENT_3D('',#3640,#3641,#3642);
#3640 = CARTESIAN_POINT('',(-11.25,-3.9,-6.9));
#3641 = DIRECTION('',(-1.,0.,0.));
#3642 = DIRECTION('',(-0.,-1.,-2.22044604925E-16));
#3643 = PLANE('',#3644);
#3644 = AXIS2_PLACEMENT_3D('',#3645,#3646,#3647);
#3645 = CARTESIAN_POINT('',(-11.25,-4.1,-7.1));
#3646 = DIRECTION('',(-1.,0.,0.));
#3647 = DIRECTION('',(-0.,-1.,-2.22044604925E-16));
#3648 = ADVANCED_FACE('',(#3649),#3667,.F.);
#3649 = FACE_BOUND('',#3650,.T.);
#3650 = EDGE_LOOP('',(#3651,#3659,#3665,#3666));
#3651 = ORIENTED_EDGE('',*,*,#3652,.F.);
#3652 = EDGE_CURVE('',#3653,#1679,#3655,.T.);
#3653 = VERTEX_POINT('',#3654);
#3654 = CARTESIAN_POINT('',(-11.6,-4.1,-6.9));
#3655 = LINE('',#3656,#3657);
#3656 = CARTESIAN_POINT('',(-11.6,-4.1,-6.9));
#3657 = VECTOR('',#3658,1.);
#3658 = DIRECTION('',(0.,-2.22044604925E-16,1.));
#3659 = ORIENTED_EDGE('',*,*,#3660,.F.);
#3660 = EDGE_CURVE('',#3630,#3653,#3661,.T.);
#3661 = LINE('',#3662,#3663);
#3662 = CARTESIAN_POINT('',(-11.25,-4.1,-6.9));
#3663 = VECTOR('',#3664,1.);
#3664 = DIRECTION('',(-1.,0.,0.));
#3665 = ORIENTED_EDGE('',*,*,#3629,.T.);
#3666 = ORIENTED_EDGE('',*,*,#1686,.T.);
#3667 = PLANE('',#3668);
#3668 = AXIS2_PLACEMENT_3D('',#3669,#3670,#3671);
#3669 = CARTESIAN_POINT('',(-11.6,-4.1,-7.1));
#3670 = DIRECTION('',(0.,1.,2.22044604925E-16));
#3671 = DIRECTION('',(-1.,0.,0.));
#3672 = ADVANCED_FACE('',(#3673),#3709,.F.);
#3673 = FACE_BOUND('',#3674,.T.);
#3674 = EDGE_LOOP('',(#3675,#3683,#3692,#3700,#3707,#3708));
#3675 = ORIENTED_EDGE('',*,*,#3676,.F.);
#3676 = EDGE_CURVE('',#3677,#1671,#3679,.T.);
#3677 = VERTEX_POINT('',#3678);
#3678 = CARTESIAN_POINT('',(-11.6,-3.6,-6.9));
#3679 = LINE('',#3680,#3681);
#3680 = CARTESIAN_POINT('',(-11.6,-3.6,-6.9));
#3681 = VECTOR('',#3682,1.);
#3682 = DIRECTION('',(0.,-2.22044604925E-16,1.));
#3683 = ORIENTED_EDGE('',*,*,#3684,.F.);
#3684 = EDGE_CURVE('',#3685,#3677,#3687,.T.);
#3685 = VERTEX_POINT('',#3686);
#3686 = CARTESIAN_POINT('',(-11.6,-3.8,-7.1));
#3687 = CIRCLE('',#3688,0.2);
#3688 = AXIS2_PLACEMENT_3D('',#3689,#3690,#3691);
#3689 = CARTESIAN_POINT('',(-11.6,-3.8,-6.9));
#3690 = DIRECTION('',(1.,0.,0.));
#3691 = DIRECTION('',(-0.,1.,2.22044604925E-16));
#3692 = ORIENTED_EDGE('',*,*,#3693,.F.);
#3693 = EDGE_CURVE('',#3694,#3685,#3696,.T.);
#3694 = VERTEX_POINT('',#3695);
#3695 = CARTESIAN_POINT('',(-11.6,-3.9,-7.1));
#3696 = LINE('',#3697,#3698);
#3697 = CARTESIAN_POINT('',(-11.6,-3.9,-7.1));
#3698 = VECTOR('',#3699,1.);
#3699 = DIRECTION('',(0.,1.,2.22044604925E-16));
#3700 = ORIENTED_EDGE('',*,*,#3701,.F.);
#3701 = EDGE_CURVE('',#3653,#3694,#3702,.T.);
#3702 = CIRCLE('',#3703,0.2);
#3703 = AXIS2_PLACEMENT_3D('',#3704,#3705,#3706);
#3704 = CARTESIAN_POINT('',(-11.6,-3.9,-6.9));
#3705 = DIRECTION('',(1.,0.,0.));
#3706 = DIRECTION('',(-0.,1.,2.22044604925E-16));
#3707 = ORIENTED_EDGE('',*,*,#3652,.T.);
#3708 = ORIENTED_EDGE('',*,*,#1678,.T.);
#3709 = PLANE('',#3710);
#3710 = AXIS2_PLACEMENT_3D('',#3711,#3712,#3713);
#3711 = CARTESIAN_POINT('',(-11.6,-4.1,-7.1));
#3712 = DIRECTION('',(1.,0.,0.));
#3713 = DIRECTION('',(-0.,1.,2.22044604925E-16));
#3714 = ADVANCED_FACE('',(#3715),#3726,.F.);
#3715 = FACE_BOUND('',#3716,.T.);
#3716 = EDGE_LOOP('',(#3717,#3718,#3724,#3725));
#3717 = ORIENTED_EDGE('',*,*,#3622,.F.);
#3718 = ORIENTED_EDGE('',*,*,#3719,.F.);
#3719 = EDGE_CURVE('',#3677,#3614,#3720,.T.);
#3720 = LINE('',#3721,#3722);
#3721 = CARTESIAN_POINT('',(-11.6,-3.6,-6.9));
#3722 = VECTOR('',#3723,1.);
#3723 = DIRECTION('',(1.,0.,0.));
#3724 = ORIENTED_EDGE('',*,*,#3676,.T.);
#3725 = ORIENTED_EDGE('',*,*,#1670,.T.);
#3726 = PLANE('',#3727);
#3727 = AXIS2_PLACEMENT_3D('',#3728,#3729,#3730);
#3728 = CARTESIAN_POINT('',(-11.6,-3.6,-7.1));
#3729 = DIRECTION('',(0.,-1.,-2.22044604925E-16));
#3730 = DIRECTION('',(1.,0.,0.));
#3731 = ADVANCED_FACE('',(#3732),#3748,.T.);
#3732 = FACE_BOUND('',#3733,.T.);
#3733 = EDGE_LOOP('',(#3734,#3735,#3741,#3742));
#3734 = ORIENTED_EDGE('',*,*,#3693,.T.);
#3735 = ORIENTED_EDGE('',*,*,#3736,.T.);
#3736 = EDGE_CURVE('',#3685,#3604,#3737,.T.);
#3737 = LINE('',#3738,#3739);
#3738 = CARTESIAN_POINT('',(-11.6,-3.8,-7.1));
#3739 = VECTOR('',#3740,1.);
#3740 = DIRECTION('',(1.,0.,0.));
#3741 = ORIENTED_EDGE('',*,*,#3603,.T.);
#3742 = ORIENTED_EDGE('',*,*,#3743,.T.);
#3743 = EDGE_CURVE('',#3606,#3694,#3744,.T.);
#3744 = LINE('',#3745,#3746);
#3745 = CARTESIAN_POINT('',(-11.25,-3.9,-7.1));
#3746 = VECTOR('',#3747,1.);
#3747 = DIRECTION('',(-1.,0.,0.));
#3748 = PLANE('',#3749);
#3749 = AXIS2_PLACEMENT_3D('',#3750,#3751,#3752);
#3750 = CARTESIAN_POINT('',(0.,1.576516694968E-15,-7.1));
#3751 = DIRECTION('',(0.,2.22044604925E-16,-1.));
#3752 = DIRECTION('',(0.,1.,2.22044604925E-16));
#3753 = ADVANCED_FACE('',(#3754),#3797,.F.);
#3754 = FACE_BOUND('',#3755,.T.);
#3755 = EDGE_LOOP('',(#3756,#3766,#3775,#3781,#3782,#3790));
#3756 = ORIENTED_EDGE('',*,*,#3757,.F.);
#3757 = EDGE_CURVE('',#3758,#3760,#3762,.T.);
#3758 = VERTEX_POINT('',#3759);
#3759 = CARTESIAN_POINT('',(11.6,-3.8,-7.1));
#3760 = VERTEX_POINT('',#3761);
#3761 = CARTESIAN_POINT('',(11.6,-3.9,-7.1));
#3762 = LINE('',#3763,#3764);
#3763 = CARTESIAN_POINT('',(11.6,-3.8,-7.1));
#3764 = VECTOR('',#3765,1.);
#3765 = DIRECTION('',(0.,-1.,-2.22044604925E-16));
#3766 = ORIENTED_EDGE('',*,*,#3767,.F.);
#3767 = EDGE_CURVE('',#3768,#3758,#3770,.T.);
#3768 = VERTEX_POINT('',#3769);
#3769 = CARTESIAN_POINT('',(11.6,-3.6,-6.9));
#3770 = CIRCLE('',#3771,0.2);
#3771 = AXIS2_PLACEMENT_3D('',#3772,#3773,#3774);
#3772 = CARTESIAN_POINT('',(11.6,-3.8,-6.9));
#3773 = DIRECTION('',(-1.,0.,0.));
#3774 = DIRECTION('',(-0.,-1.,-2.22044604925E-16));
#3775 = ORIENTED_EDGE('',*,*,#3776,.T.);
#3776 = EDGE_CURVE('',#3768,#1559,#3777,.T.);
#3777 = LINE('',#3778,#3779);
#3778 = CARTESIAN_POINT('',(11.6,-3.6,-6.9));
#3779 = VECTOR('',#3780,1.);
#3780 = DIRECTION('',(0.,-2.22044604925E-16,1.));
#3781 = ORIENTED_EDGE('',*,*,#1558,.T.);
#3782 = ORIENTED_EDGE('',*,*,#3783,.F.);
#3783 = EDGE_CURVE('',#3784,#1561,#3786,.T.);
#3784 = VERTEX_POINT('',#3785);
#3785 = CARTESIAN_POINT('',(11.6,-4.1,-6.9));
#3786 = LINE('',#3787,#3788);
#3787 = CARTESIAN_POINT('',(11.6,-4.1,-6.9));
#3788 = VECTOR('',#3789,1.);
#3789 = DIRECTION('',(0.,-2.22044604925E-16,1.));
#3790 = ORIENTED_EDGE('',*,*,#3791,.F.);
#3791 = EDGE_CURVE('',#3760,#3784,#3792,.T.);
#3792 = CIRCLE('',#3793,0.2);
#3793 = AXIS2_PLACEMENT_3D('',#3794,#3795,#3796);
#3794 = CARTESIAN_POINT('',(11.6,-3.9,-6.9));
#3795 = DIRECTION('',(-1.,0.,0.));
#3796 = DIRECTION('',(-0.,-1.,-2.22044604925E-16));
#3797 = PLANE('',#3798);
#3798 = AXIS2_PLACEMENT_3D('',#3799,#3800,#3801);
#3799 = CARTESIAN_POINT('',(11.6,-4.1,-7.1));
#3800 = DIRECTION('',(-1.,0.,0.));
#3801 = DIRECTION('',(-0.,-1.,-2.22044604925E-16));
#3802 = ADVANCED_FACE('',(#3803),#3821,.F.);
#3803 = FACE_BOUND('',#3804,.T.);
#3804 = EDGE_LOOP('',(#3805,#3813,#3819,#3820));
#3805 = ORIENTED_EDGE('',*,*,#3806,.F.);
#3806 = EDGE_CURVE('',#3807,#1577,#3809,.T.);
#3807 = VERTEX_POINT('',#3808);
#3808 = CARTESIAN_POINT('',(11.25,-4.1,-6.9));
#3809 = LINE('',#3810,#3811);
#3810 = CARTESIAN_POINT('',(11.25,-4.1,-6.9));
#3811 = VECTOR('',#3812,1.);
#3812 = DIRECTION('',(0.,-2.22044604925E-16,1.));
#3813 = ORIENTED_EDGE('',*,*,#3814,.F.);
#3814 = EDGE_CURVE('',#3784,#3807,#3815,.T.);
#3815 = LINE('',#3816,#3817);
#3816 = CARTESIAN_POINT('',(11.6,-4.1,-6.9));
#3817 = VECTOR('',#3818,1.);
#3818 = DIRECTION('',(-1.,0.,0.));
#3819 = ORIENTED_EDGE('',*,*,#3783,.T.);
#3820 = ORIENTED_EDGE('',*,*,#1584,.T.);
#3821 = PLANE('',#3822);
#3822 = AXIS2_PLACEMENT_3D('',#3823,#3824,#3825);
#3823 = CARTESIAN_POINT('',(11.25,-4.1,-7.1));
#3824 = DIRECTION('',(0.,1.,2.22044604925E-16));
#3825 = DIRECTION('',(-1.,0.,0.));
#3826 = ADVANCED_FACE('',(#3827),#3863,.F.);
#3827 = FACE_BOUND('',#3828,.T.);
#3828 = EDGE_LOOP('',(#3829,#3837,#3846,#3854,#3861,#3862));
#3829 = ORIENTED_EDGE('',*,*,#3830,.F.);
#3830 = EDGE_CURVE('',#3831,#1569,#3833,.T.);
#3831 = VERTEX_POINT('',#3832);
#3832 = CARTESIAN_POINT('',(11.25,-3.6,-6.9));
#3833 = LINE('',#3834,#3835);
#3834 = CARTESIAN_POINT('',(11.25,-3.6,-6.9));
#3835 = VECTOR('',#3836,1.);
#3836 = DIRECTION('',(0.,-2.22044604925E-16,1.));
#3837 = ORIENTED_EDGE('',*,*,#3838,.F.);
#3838 = EDGE_CURVE('',#3839,#3831,#3841,.T.);
#3839 = VERTEX_POINT('',#3840);
#3840 = CARTESIAN_POINT('',(11.25,-3.8,-7.1));
#3841 = CIRCLE('',#3842,0.2);
#3842 = AXIS2_PLACEMENT_3D('',#3843,#3844,#3845);
#3843 = CARTESIAN_POINT('',(11.25,-3.8,-6.9));
#3844 = DIRECTION('',(1.,0.,0.));
#3845 = DIRECTION('',(-0.,1.,2.22044604925E-16));
#3846 = ORIENTED_EDGE('',*,*,#3847,.F.);
#3847 = EDGE_CURVE('',#3848,#3839,#3850,.T.);
#3848 = VERTEX_POINT('',#3849);
#3849 = CARTESIAN_POINT('',(11.25,-3.9,-7.1));
#3850 = LINE('',#3851,#3852);
#3851 = CARTESIAN_POINT('',(11.25,-3.9,-7.1));
#3852 = VECTOR('',#3853,1.);
#3853 = DIRECTION('',(0.,1.,2.22044604925E-16));
#3854 = ORIENTED_EDGE('',*,*,#3855,.F.);
#3855 = EDGE_CURVE('',#3807,#3848,#3856,.T.);
#3856 = CIRCLE('',#3857,0.2);
#3857 = AXIS2_PLACEMENT_3D('',#3858,#3859,#3860);
#3858 = CARTESIAN_POINT('',(11.25,-3.9,-6.9));
#3859 = DIRECTION('',(1.,0.,0.));
#3860 = DIRECTION('',(-0.,1.,2.22044604925E-16));
#3861 = ORIENTED_EDGE('',*,*,#3806,.T.);
#3862 = ORIENTED_EDGE('',*,*,#1576,.T.);
#3863 = PLANE('',#3864);
#3864 = AXIS2_PLACEMENT_3D('',#3865,#3866,#3867);
#3865 = CARTESIAN_POINT('',(11.25,-4.1,-7.1));
#3866 = DIRECTION('',(1.,0.,0.));
#3867 = DIRECTION('',(-0.,1.,2.22044604925E-16));
#3868 = ADVANCED_FACE('',(#3869),#3880,.F.);
#3869 = FACE_BOUND('',#3870,.T.);
#3870 = EDGE_LOOP('',(#3871,#3872,#3878,#3879));
#3871 = ORIENTED_EDGE('',*,*,#3776,.F.);
#3872 = ORIENTED_EDGE('',*,*,#3873,.F.);
#3873 = EDGE_CURVE('',#3831,#3768,#3874,.T.);
#3874 = LINE('',#3875,#3876);
#3875 = CARTESIAN_POINT('',(11.25,-3.6,-6.9));
#3876 = VECTOR('',#3877,1.);
#3877 = DIRECTION('',(1.,0.,0.));
#3878 = ORIENTED_EDGE('',*,*,#3830,.T.);
#3879 = ORIENTED_EDGE('',*,*,#1568,.T.);
#3880 = PLANE('',#3881);
#3881 = AXIS2_PLACEMENT_3D('',#3882,#3883,#3884);
#3882 = CARTESIAN_POINT('',(11.25,-3.6,-7.1));
#3883 = DIRECTION('',(0.,-1.,-2.22044604925E-16));
#3884 = DIRECTION('',(1.,0.,0.));
#3885 = ADVANCED_FACE('',(#3886),#3902,.T.);
#3886 = FACE_BOUND('',#3887,.T.);
#3887 = EDGE_LOOP('',(#3888,#3889,#3895,#3896));
#3888 = ORIENTED_EDGE('',*,*,#3847,.T.);
#3889 = ORIENTED_EDGE('',*,*,#3890,.T.);
#3890 = EDGE_CURVE('',#3839,#3758,#3891,.T.);
#3891 = LINE('',#3892,#3893);
#3892 = CARTESIAN_POINT('',(11.25,-3.8,-7.1));
#3893 = VECTOR('',#3894,1.);
#3894 = DIRECTION('',(1.,0.,0.));
#3895 = ORIENTED_EDGE('',*,*,#3757,.T.);
#3896 = ORIENTED_EDGE('',*,*,#3897,.T.);
#3897 = EDGE_CURVE('',#3760,#3848,#3898,.T.);
#3898 = LINE('',#3899,#3900);
#3899 = CARTESIAN_POINT('',(11.6,-3.9,-7.1));
#3900 = VECTOR('',#3901,1.);
#3901 = DIRECTION('',(-1.,0.,0.));
#3902 = PLANE('',#3903);
#3903 = AXIS2_PLACEMENT_3D('',#3904,#3905,#3906);
#3904 = CARTESIAN_POINT('',(0.,1.576516694968E-15,-7.1));
#3905 = DIRECTION('',(0.,2.22044604925E-16,-1.));
#3906 = DIRECTION('',(0.,1.,2.22044604925E-16));
#3907 = ADVANCED_FACE('',(#3908),#3951,.F.);
#3908 = FACE_BOUND('',#3909,.T.);
#3909 = EDGE_LOOP('',(#3910,#3920,#3929,#3935,#3936,#3944));
#3910 = ORIENTED_EDGE('',*,*,#3911,.F.);
#3911 = EDGE_CURVE('',#3912,#3914,#3916,.T.);
#3912 = VERTEX_POINT('',#3913);
#3913 = CARTESIAN_POINT('',(11.6,3.9,-7.1));
#3914 = VERTEX_POINT('',#3915);
#3915 = CARTESIAN_POINT('',(11.6,3.8,-7.1));
#3916 = LINE('',#3917,#3918);
#3917 = CARTESIAN_POINT('',(11.6,3.9,-7.1));
#3918 = VECTOR('',#3919,1.);
#3919 = DIRECTION('',(0.,-1.,-2.22044604925E-16));
#3920 = ORIENTED_EDGE('',*,*,#3921,.F.);
#3921 = EDGE_CURVE('',#3922,#3912,#3924,.T.);
#3922 = VERTEX_POINT('',#3923);
#3923 = CARTESIAN_POINT('',(11.6,4.1,-6.9));
#3924 = CIRCLE('',#3925,0.2);
#3925 = AXIS2_PLACEMENT_3D('',#3926,#3927,#3928);
#3926 = CARTESIAN_POINT('',(11.6,3.9,-6.9));
#3927 = DIRECTION('',(-1.,0.,0.));
#3928 = DIRECTION('',(-0.,-1.,-2.22044604925E-16));
#3929 = ORIENTED_EDGE('',*,*,#3930,.T.);
#3930 = EDGE_CURVE('',#3922,#1627,#3931,.T.);
#3931 = LINE('',#3932,#3933);
#3932 = CARTESIAN_POINT('',(11.6,4.1,-6.9));
#3933 = VECTOR('',#3934,1.);
#3934 = DIRECTION('',(0.,-2.22044604925E-16,1.));
#3935 = ORIENTED_EDGE('',*,*,#1626,.T.);
#3936 = ORIENTED_EDGE('',*,*,#3937,.F.);
#3937 = EDGE_CURVE('',#3938,#1629,#3940,.T.);
#3938 = VERTEX_POINT('',#3939);
#3939 = CARTESIAN_POINT('',(11.6,3.6,-6.9));
#3940 = LINE('',#3941,#3942);
#3941 = CARTESIAN_POINT('',(11.6,3.6,-6.9));
#3942 = VECTOR('',#3943,1.);
#3943 = DIRECTION('',(0.,-2.22044604925E-16,1.));
#3944 = ORIENTED_EDGE('',*,*,#3945,.F.);
#3945 = EDGE_CURVE('',#3914,#3938,#3946,.T.);
#3946 = CIRCLE('',#3947,0.2);
#3947 = AXIS2_PLACEMENT_3D('',#3948,#3949,#3950);
#3948 = CARTESIAN_POINT('',(11.6,3.8,-6.9));
#3949 = DIRECTION('',(-1.,0.,0.));
#3950 = DIRECTION('',(-0.,-1.,-2.22044604925E-16));
#3951 = PLANE('',#3952);
#3952 = AXIS2_PLACEMENT_3D('',#3953,#3954,#3955);
#3953 = CARTESIAN_POINT('',(11.6,3.6,-7.1));
#3954 = DIRECTION('',(-1.,0.,0.));
#3955 = DIRECTION('',(-0.,-1.,-2.22044604925E-16));
#3956 = ADVANCED_FACE('',(#3957),#3975,.F.);
#3957 = FACE_BOUND('',#3958,.T.);
#3958 = EDGE_LOOP('',(#3959,#3967,#3973,#3974));
#3959 = ORIENTED_EDGE('',*,*,#3960,.F.);
#3960 = EDGE_CURVE('',#3961,#1645,#3963,.T.);
#3961 = VERTEX_POINT('',#3962);
#3962 = CARTESIAN_POINT('',(11.25,3.6,-6.9));
#3963 = LINE('',#3964,#3965);
#3964 = CARTESIAN_POINT('',(11.25,3.6,-6.9));
#3965 = VECTOR('',#3966,1.);
#3966 = DIRECTION('',(0.,-2.22044604925E-16,1.));
#3967 = ORIENTED_EDGE('',*,*,#3968,.F.);
#3968 = EDGE_CURVE('',#3938,#3961,#3969,.T.);
#3969 = LINE('',#3970,#3971);
#3970 = CARTESIAN_POINT('',(11.6,3.6,-6.9));
#3971 = VECTOR('',#3972,1.);
#3972 = DIRECTION('',(-1.,0.,0.));
#3973 = ORIENTED_EDGE('',*,*,#3937,.T.);
#3974 = ORIENTED_EDGE('',*,*,#1652,.T.);
#3975 = PLANE('',#3976);
#3976 = AXIS2_PLACEMENT_3D('',#3977,#3978,#3979);
#3977 = CARTESIAN_POINT('',(11.25,3.6,-7.1));
#3978 = DIRECTION('',(0.,1.,2.22044604925E-16));
#3979 = DIRECTION('',(-1.,0.,0.));
#3980 = ADVANCED_FACE('',(#3981),#4017,.F.);
#3981 = FACE_BOUND('',#3982,.T.);
#3982 = EDGE_LOOP('',(#3983,#3991,#4000,#4008,#4015,#4016));
#3983 = ORIENTED_EDGE('',*,*,#3984,.F.);
#3984 = EDGE_CURVE('',#3985,#1637,#3987,.T.);
#3985 = VERTEX_POINT('',#3986);
#3986 = CARTESIAN_POINT('',(11.25,4.1,-6.9));
#3987 = LINE('',#3988,#3989);
#3988 = CARTESIAN_POINT('',(11.25,4.1,-6.9));
#3989 = VECTOR('',#3990,1.);
#3990 = DIRECTION('',(0.,-2.22044604925E-16,1.));
#3991 = ORIENTED_EDGE('',*,*,#3992,.F.);
#3992 = EDGE_CURVE('',#3993,#3985,#3995,.T.);
#3993 = VERTEX_POINT('',#3994);
#3994 = CARTESIAN_POINT('',(11.25,3.9,-7.1));
#3995 = CIRCLE('',#3996,0.2);
#3996 = AXIS2_PLACEMENT_3D('',#3997,#3998,#3999);
#3997 = CARTESIAN_POINT('',(11.25,3.9,-6.9));
#3998 = DIRECTION('',(1.,0.,0.));
#3999 = DIRECTION('',(-0.,1.,2.22044604925E-16));
#4000 = ORIENTED_EDGE('',*,*,#4001,.F.);
#4001 = EDGE_CURVE('',#4002,#3993,#4004,.T.);
#4002 = VERTEX_POINT('',#4003);
#4003 = CARTESIAN_POINT('',(11.25,3.8,-7.1));
#4004 = LINE('',#4005,#4006);
#4005 = CARTESIAN_POINT('',(11.25,3.8,-7.1));
#4006 = VECTOR('',#4007,1.);
#4007 = DIRECTION('',(0.,1.,2.22044604925E-16));
#4008 = ORIENTED_EDGE('',*,*,#4009,.F.);
#4009 = EDGE_CURVE('',#3961,#4002,#4010,.T.);
#4010 = CIRCLE('',#4011,0.2);
#4011 = AXIS2_PLACEMENT_3D('',#4012,#4013,#4014);
#4012 = CARTESIAN_POINT('',(11.25,3.8,-6.9));
#4013 = DIRECTION('',(1.,0.,0.));
#4014 = DIRECTION('',(-0.,1.,2.22044604925E-16));
#4015 = ORIENTED_EDGE('',*,*,#3960,.T.);
#4016 = ORIENTED_EDGE('',*,*,#1644,.T.);
#4017 = PLANE('',#4018);
#4018 = AXIS2_PLACEMENT_3D('',#4019,#4020,#4021);
#4019 = CARTESIAN_POINT('',(11.25,3.6,-7.1));
#4020 = DIRECTION('',(1.,0.,0.));
#4021 = DIRECTION('',(-0.,1.,2.22044604925E-16));
#4022 = ADVANCED_FACE('',(#4023),#4034,.F.);
#4023 = FACE_BOUND('',#4024,.T.);
#4024 = EDGE_LOOP('',(#4025,#4026,#4032,#4033));
#4025 = ORIENTED_EDGE('',*,*,#3930,.F.);
#4026 = ORIENTED_EDGE('',*,*,#4027,.F.);
#4027 = EDGE_CURVE('',#3985,#3922,#4028,.T.);
#4028 = LINE('',#4029,#4030);
#4029 = CARTESIAN_POINT('',(11.25,4.1,-6.9));
#4030 = VECTOR('',#4031,1.);
#4031 = DIRECTION('',(1.,0.,0.));
#4032 = ORIENTED_EDGE('',*,*,#3984,.T.);
#4033 = ORIENTED_EDGE('',*,*,#1636,.T.);
#4034 = PLANE('',#4035);
#4035 = AXIS2_PLACEMENT_3D('',#4036,#4037,#4038);
#4036 = CARTESIAN_POINT('',(11.25,4.1,-7.1));
#4037 = DIRECTION('',(0.,-1.,-2.22044604925E-16));
#4038 = DIRECTION('',(1.,0.,0.));
#4039 = ADVANCED_FACE('',(#4040),#4056,.T.);
#4040 = FACE_BOUND('',#4041,.T.);
#4041 = EDGE_LOOP('',(#4042,#4043,#4049,#4050));
#4042 = ORIENTED_EDGE('',*,*,#4001,.T.);
#4043 = ORIENTED_EDGE('',*,*,#4044,.T.);
#4044 = EDGE_CURVE('',#3993,#3912,#4045,.T.);
#4045 = LINE('',#4046,#4047);
#4046 = CARTESIAN_POINT('',(11.25,3.9,-7.1));
#4047 = VECTOR('',#4048,1.);
#4048 = DIRECTION('',(1.,0.,0.));
#4049 = ORIENTED_EDGE('',*,*,#3911,.T.);
#4050 = ORIENTED_EDGE('',*,*,#4051,.T.);
#4051 = EDGE_CURVE('',#3914,#4002,#4052,.T.);
#4052 = LINE('',#4053,#4054);
#4053 = CARTESIAN_POINT('',(11.6,3.8,-7.1));
#4054 = VECTOR('',#4055,1.);
#4055 = DIRECTION('',(-1.,0.,0.));
#4056 = PLANE('',#4057);
#4057 = AXIS2_PLACEMENT_3D('',#4058,#4059,#4060);
#4058 = CARTESIAN_POINT('',(0.,1.576516694968E-15,-7.1));
#4059 = DIRECTION('',(0.,2.22044604925E-16,-1.));
#4060 = DIRECTION('',(0.,1.,2.22044604925E-16));
#4061 = ADVANCED_FACE('',(#4062),#4105,.F.);
#4062 = FACE_BOUND('',#4063,.T.);
#4063 = EDGE_LOOP('',(#4064,#4074,#4083,#4089,#4090,#4098));
#4064 = ORIENTED_EDGE('',*,*,#4065,.F.);
#4065 = EDGE_CURVE('',#4066,#4068,#4070,.T.);
#4066 = VERTEX_POINT('',#4067);
#4067 = CARTESIAN_POINT('',(-11.25,3.9,-7.1));
#4068 = VERTEX_POINT('',#4069);
#4069 = CARTESIAN_POINT('',(-11.25,3.8,-7.1));
#4070 = LINE('',#4071,#4072);
#4071 = CARTESIAN_POINT('',(-11.25,3.9,-7.1));
#4072 = VECTOR('',#4073,1.);
#4073 = DIRECTION('',(0.,-1.,-2.22044604925E-16));
#4074 = ORIENTED_EDGE('',*,*,#4075,.F.);
#4075 = EDGE_CURVE('',#4076,#4066,#4078,.T.);
#4076 = VERTEX_POINT('',#4077);
#4077 = CARTESIAN_POINT('',(-11.25,4.1,-6.9));
#4078 = CIRCLE('',#4079,0.2);
#4079 = AXIS2_PLACEMENT_3D('',#4080,#4081,#4082);
#4080 = CARTESIAN_POINT('',(-11.25,3.9,-6.9));
#4081 = DIRECTION('',(-1.,0.,0.));
#4082 = DIRECTION('',(-0.,-1.,-2.22044604925E-16));
#4083 = ORIENTED_EDGE('',*,*,#4084,.T.);
#4084 = EDGE_CURVE('',#4076,#1593,#4085,.T.);
#4085 = LINE('',#4086,#4087);
#4086 = CARTESIAN_POINT('',(-11.25,4.1,-6.9));
#4087 = VECTOR('',#4088,1.);
#4088 = DIRECTION('',(0.,-2.22044604925E-16,1.));
#4089 = ORIENTED_EDGE('',*,*,#1592,.T.);
#4090 = ORIENTED_EDGE('',*,*,#4091,.F.);
#4091 = EDGE_CURVE('',#4092,#1595,#4094,.T.);
#4092 = VERTEX_POINT('',#4093);
#4093 = CARTESIAN_POINT('',(-11.25,3.6,-6.9));
#4094 = LINE('',#4095,#4096);
#4095 = CARTESIAN_POINT('',(-11.25,3.6,-6.9));
#4096 = VECTOR('',#4097,1.);
#4097 = DIRECTION('',(0.,-2.22044604925E-16,1.));
#4098 = ORIENTED_EDGE('',*,*,#4099,.F.);
#4099 = EDGE_CURVE('',#4068,#4092,#4100,.T.);
#4100 = CIRCLE('',#4101,0.2);
#4101 = AXIS2_PLACEMENT_3D('',#4102,#4103,#4104);
#4102 = CARTESIAN_POINT('',(-11.25,3.8,-6.9));
#4103 = DIRECTION('',(-1.,0.,0.));
#4104 = DIRECTION('',(-0.,-1.,-2.22044604925E-16));
#4105 = PLANE('',#4106);
#4106 = AXIS2_PLACEMENT_3D('',#4107,#4108,#4109);
#4107 = CARTESIAN_POINT('',(-11.25,3.6,-7.1));
#4108 = DIRECTION('',(-1.,0.,0.));
#4109 = DIRECTION('',(-0.,-1.,-2.22044604925E-16));
#4110 = ADVANCED_FACE('',(#4111),#4129,.F.);
#4111 = FACE_BOUND('',#4112,.T.);
#4112 = EDGE_LOOP('',(#4113,#4121,#4127,#4128));
#4113 = ORIENTED_EDGE('',*,*,#4114,.F.);
#4114 = EDGE_CURVE('',#4115,#1611,#4117,.T.);
#4115 = VERTEX_POINT('',#4116);
#4116 = CARTESIAN_POINT('',(-11.6,3.6,-6.9));
#4117 = LINE('',#4118,#4119);
#4118 = CARTESIAN_POINT('',(-11.6,3.6,-6.9));
#4119 = VECTOR('',#4120,1.);
#4120 = DIRECTION('',(0.,-2.22044604925E-16,1.));
#4121 = ORIENTED_EDGE('',*,*,#4122,.F.);
#4122 = EDGE_CURVE('',#4092,#4115,#4123,.T.);
#4123 = LINE('',#4124,#4125);
#4124 = CARTESIAN_POINT('',(-11.25,3.6,-6.9));
#4125 = VECTOR('',#4126,1.);
#4126 = DIRECTION('',(-1.,0.,0.));
#4127 = ORIENTED_EDGE('',*,*,#4091,.T.);
#4128 = ORIENTED_EDGE('',*,*,#1618,.T.);
#4129 = PLANE('',#4130);
#4130 = AXIS2_PLACEMENT_3D('',#4131,#4132,#4133);
#4131 = CARTESIAN_POINT('',(-11.6,3.6,-7.1));
#4132 = DIRECTION('',(0.,1.,2.22044604925E-16));
#4133 = DIRECTION('',(-1.,0.,0.));
#4134 = ADVANCED_FACE('',(#4135),#4171,.F.);
#4135 = FACE_BOUND('',#4136,.T.);
#4136 = EDGE_LOOP('',(#4137,#4145,#4154,#4162,#4169,#4170));
#4137 = ORIENTED_EDGE('',*,*,#4138,.F.);
#4138 = EDGE_CURVE('',#4139,#1603,#4141,.T.);
#4139 = VERTEX_POINT('',#4140);
#4140 = CARTESIAN_POINT('',(-11.6,4.1,-6.9));
#4141 = LINE('',#4142,#4143);
#4142 = CARTESIAN_POINT('',(-11.6,4.1,-6.9));
#4143 = VECTOR('',#4144,1.);
#4144 = DIRECTION('',(0.,-2.22044604925E-16,1.));
#4145 = ORIENTED_EDGE('',*,*,#4146,.F.);
#4146 = EDGE_CURVE('',#4147,#4139,#4149,.T.);
#4147 = VERTEX_POINT('',#4148);
#4148 = CARTESIAN_POINT('',(-11.6,3.9,-7.1));
#4149 = CIRCLE('',#4150,0.2);
#4150 = AXIS2_PLACEMENT_3D('',#4151,#4152,#4153);
#4151 = CARTESIAN_POINT('',(-11.6,3.9,-6.9));
#4152 = DIRECTION('',(1.,0.,0.));
#4153 = DIRECTION('',(-0.,1.,2.22044604925E-16));
#4154 = ORIENTED_EDGE('',*,*,#4155,.F.);
#4155 = EDGE_CURVE('',#4156,#4147,#4158,.T.);
#4156 = VERTEX_POINT('',#4157);
#4157 = CARTESIAN_POINT('',(-11.6,3.8,-7.1));
#4158 = LINE('',#4159,#4160);
#4159 = CARTESIAN_POINT('',(-11.6,3.8,-7.1));
#4160 = VECTOR('',#4161,1.);
#4161 = DIRECTION('',(0.,1.,2.22044604925E-16));
#4162 = ORIENTED_EDGE('',*,*,#4163,.F.);
#4163 = EDGE_CURVE('',#4115,#4156,#4164,.T.);
#4164 = CIRCLE('',#4165,0.2);
#4165 = AXIS2_PLACEMENT_3D('',#4166,#4167,#4168);
#4166 = CARTESIAN_POINT('',(-11.6,3.8,-6.9));
#4167 = DIRECTION('',(1.,0.,0.));
#4168 = DIRECTION('',(-0.,1.,2.22044604925E-16));
#4169 = ORIENTED_EDGE('',*,*,#4114,.T.);
#4170 = ORIENTED_EDGE('',*,*,#1610,.T.);
#4171 = PLANE('',#4172);
#4172 = AXIS2_PLACEMENT_3D('',#4173,#4174,#4175);
#4173 = CARTESIAN_POINT('',(-11.6,3.6,-7.1));
#4174 = DIRECTION('',(1.,0.,0.));
#4175 = DIRECTION('',(-0.,1.,2.22044604925E-16));
#4176 = ADVANCED_FACE('',(#4177),#4188,.F.);
#4177 = FACE_BOUND('',#4178,.T.);
#4178 = EDGE_LOOP('',(#4179,#4180,#4186,#4187));
#4179 = ORIENTED_EDGE('',*,*,#4084,.F.);
#4180 = ORIENTED_EDGE('',*,*,#4181,.F.);
#4181 = EDGE_CURVE('',#4139,#4076,#4182,.T.);
#4182 = LINE('',#4183,#4184);
#4183 = CARTESIAN_POINT('',(-11.6,4.1,-6.9));
#4184 = VECTOR('',#4185,1.);
#4185 = DIRECTION('',(1.,0.,0.));
#4186 = ORIENTED_EDGE('',*,*,#4138,.T.);
#4187 = ORIENTED_EDGE('',*,*,#1602,.T.);
#4188 = PLANE('',#4189);
#4189 = AXIS2_PLACEMENT_3D('',#4190,#4191,#4192);
#4190 = CARTESIAN_POINT('',(-11.6,4.1,-7.1));
#4191 = DIRECTION('',(0.,-1.,-2.22044604925E-16));
#4192 = DIRECTION('',(1.,0.,0.));
#4193 = ADVANCED_FACE('',(#4194),#4210,.T.);
#4194 = FACE_BOUND('',#4195,.T.);
#4195 = EDGE_LOOP('',(#4196,#4197,#4203,#4204));
#4196 = ORIENTED_EDGE('',*,*,#4155,.T.);
#4197 = ORIENTED_EDGE('',*,*,#4198,.T.);
#4198 = EDGE_CURVE('',#4147,#4066,#4199,.T.);
#4199 = LINE('',#4200,#4201);
#4200 = CARTESIAN_POINT('',(-11.6,3.9,-7.1));
#4201 = VECTOR('',#4202,1.);
#4202 = DIRECTION('',(1.,0.,0.));
#4203 = ORIENTED_EDGE('',*,*,#4065,.T.);
#4204 = ORIENTED_EDGE('',*,*,#4205,.T.);
#4205 = EDGE_CURVE('',#4068,#4156,#4206,.T.);
#4206 = LINE('',#4207,#4208);
#4207 = CARTESIAN_POINT('',(-11.25,3.8,-7.1));
#4208 = VECTOR('',#4209,1.);
#4209 = DIRECTION('',(-1.,0.,0.));
#4210 = PLANE('',#4211);
#4211 = AXIS2_PLACEMENT_3D('',#4212,#4213,#4214);
#4212 = CARTESIAN_POINT('',(0.,1.576516694968E-15,-7.1));
#4213 = DIRECTION('',(0.,2.22044604925E-16,-1.));
#4214 = DIRECTION('',(0.,1.,2.22044604925E-16));
#4215 = ADVANCED_FACE('',(#4216),#4222,.T.);
#4216 = FACE_BOUND('',#4217,.T.);
#4217 = EDGE_LOOP('',(#4218,#4219,#4220,#4221));
#4218 = ORIENTED_EDGE('',*,*,#3992,.T.);
#4219 = ORIENTED_EDGE('',*,*,#4027,.T.);
#4220 = ORIENTED_EDGE('',*,*,#3921,.T.);
#4221 = ORIENTED_EDGE('',*,*,#4044,.F.);
#4222 = CYLINDRICAL_SURFACE('',#4223,0.2);
#4223 = AXIS2_PLACEMENT_3D('',#4224,#4225,#4226);
#4224 = CARTESIAN_POINT('',(0.,3.9,-6.9));
#4225 = DIRECTION('',(-1.,0.,0.));
#4226 = DIRECTION('',(-0.,-1.,-2.22044604925E-16));
#4227 = ADVANCED_FACE('',(#4228),#4234,.T.);
#4228 = FACE_BOUND('',#4229,.T.);
#4229 = EDGE_LOOP('',(#4230,#4231,#4232,#4233));
#4230 = ORIENTED_EDGE('',*,*,#3945,.T.);
#4231 = ORIENTED_EDGE('',*,*,#3968,.T.);
#4232 = ORIENTED_EDGE('',*,*,#4009,.T.);
#4233 = ORIENTED_EDGE('',*,*,#4051,.F.);
#4234 = CYLINDRICAL_SURFACE('',#4235,0.2);
#4235 = AXIS2_PLACEMENT_3D('',#4236,#4237,#4238);
#4236 = CARTESIAN_POINT('',(0.,3.8,-6.9));
#4237 = DIRECTION('',(1.,0.,0.));
#4238 = DIRECTION('',(-0.,1.,2.22044604925E-16));
#4239 = ADVANCED_FACE('',(#4240),#4246,.T.);
#4240 = FACE_BOUND('',#4241,.T.);
#4241 = EDGE_LOOP('',(#4242,#4243,#4244,#4245));
#4242 = ORIENTED_EDGE('',*,*,#3838,.T.);
#4243 = ORIENTED_EDGE('',*,*,#3873,.T.);
#4244 = ORIENTED_EDGE('',*,*,#3767,.T.);
#4245 = ORIENTED_EDGE('',*,*,#3890,.F.);
#4246 = CYLINDRICAL_SURFACE('',#4247,0.2);
#4247 = AXIS2_PLACEMENT_3D('',#4248,#4249,#4250);
#4248 = CARTESIAN_POINT('',(0.,-3.8,-6.9));
#4249 = DIRECTION('',(-1.,0.,0.));
#4250 = DIRECTION('',(-0.,-1.,-2.22044604925E-16));
#4251 = ADVANCED_FACE('',(#4252),#4258,.T.);
#4252 = FACE_BOUND('',#4253,.T.);
#4253 = EDGE_LOOP('',(#4254,#4255,#4256,#4257));
#4254 = ORIENTED_EDGE('',*,*,#3791,.T.);
#4255 = ORIENTED_EDGE('',*,*,#3814,.T.);
#4256 = ORIENTED_EDGE('',*,*,#3855,.T.);
#4257 = ORIENTED_EDGE('',*,*,#3897,.F.);
#4258 = CYLINDRICAL_SURFACE('',#4259,0.2);
#4259 = AXIS2_PLACEMENT_3D('',#4260,#4261,#4262);
#4260 = CARTESIAN_POINT('',(0.,-3.9,-6.9));
#4261 = DIRECTION('',(1.,0.,0.));
#4262 = DIRECTION('',(-0.,1.,2.22044604925E-16));
#4263 = ADVANCED_FACE('',(#4264),#4270,.T.);
#4264 = FACE_BOUND('',#4265,.T.);
#4265 = EDGE_LOOP('',(#4266,#4267,#4268,#4269));
#4266 = ORIENTED_EDGE('',*,*,#4146,.T.);
#4267 = ORIENTED_EDGE('',*,*,#4181,.T.);
#4268 = ORIENTED_EDGE('',*,*,#4075,.T.);
#4269 = ORIENTED_EDGE('',*,*,#4198,.F.);
#4270 = CYLINDRICAL_SURFACE('',#4271,0.2);
#4271 = AXIS2_PLACEMENT_3D('',#4272,#4273,#4274);
#4272 = CARTESIAN_POINT('',(0.,3.9,-6.9));
#4273 = DIRECTION('',(-1.,0.,0.));
#4274 = DIRECTION('',(-0.,-1.,-2.22044604925E-16));
#4275 = ADVANCED_FACE('',(#4276),#4282,.T.);
#4276 = FACE_BOUND('',#4277,.T.);
#4277 = EDGE_LOOP('',(#4278,#4279,#4280,#4281));
#4278 = ORIENTED_EDGE('',*,*,#4099,.T.);
#4279 = ORIENTED_EDGE('',*,*,#4122,.T.);
#4280 = ORIENTED_EDGE('',*,*,#4163,.T.);
#4281 = ORIENTED_EDGE('',*,*,#4205,.F.);
#4282 = CYLINDRICAL_SURFACE('',#4283,0.2);
#4283 = AXIS2_PLACEMENT_3D('',#4284,#4285,#4286);
#4284 = CARTESIAN_POINT('',(0.,3.8,-6.9));
#4285 = DIRECTION('',(1.,0.,0.));
#4286 = DIRECTION('',(-0.,1.,2.22044604925E-16));
#4287 = ADVANCED_FACE('',(#4288),#4294,.T.);
#4288 = FACE_BOUND('',#4289,.T.);
#4289 = EDGE_LOOP('',(#4290,#4291,#4292,#4293));
#4290 = ORIENTED_EDGE('',*,*,#3684,.T.);
#4291 = ORIENTED_EDGE('',*,*,#3719,.T.);
#4292 = ORIENTED_EDGE('',*,*,#3613,.T.);
#4293 = ORIENTED_EDGE('',*,*,#3736,.F.);
#4294 = CYLINDRICAL_SURFACE('',#4295,0.2);
#4295 = AXIS2_PLACEMENT_3D('',#4296,#4297,#4298);
#4296 = CARTESIAN_POINT('',(0.,-3.8,-6.9));
#4297 = DIRECTION('',(-1.,0.,0.));
#4298 = DIRECTION('',(-0.,-1.,-2.22044604925E-16));
#4299 = ADVANCED_FACE('',(#4300),#4306,.T.);
#4300 = FACE_BOUND('',#4301,.T.);
#4301 = EDGE_LOOP('',(#4302,#4303,#4304,#4305));
#4302 = ORIENTED_EDGE('',*,*,#3637,.T.);
#4303 = ORIENTED_EDGE('',*,*,#3660,.T.);
#4304 = ORIENTED_EDGE('',*,*,#3701,.T.);
#4305 = ORIENTED_EDGE('',*,*,#3743,.F.);
#4306 = CYLINDRICAL_SURFACE('',#4307,0.2);
#4307 = AXIS2_PLACEMENT_3D('',#4308,#4309,#4310);
#4308 = CARTESIAN_POINT('',(0.,-3.9,-6.9));
#4309 = DIRECTION('',(1.,0.,0.));
#4310 = DIRECTION('',(-0.,1.,2.22044604925E-16));
#4311 = ADVANCED_FACE('',(#4312),#4325,.T.);
#4312 = FACE_BOUND('',#4313,.T.);
#4313 = EDGE_LOOP('',(#4314,#4315,#4322,#4323,#4324));
#4314 = ORIENTED_EDGE('',*,*,#3406,.F.);
#4315 = ORIENTED_EDGE('',*,*,#4316,.T.);
#4316 = EDGE_CURVE('',#3407,#1972,#4317,.T.);
#4317 = CIRCLE('',#4318,5.E-02);
#4318 = AXIS2_PLACEMENT_3D('',#4319,#4320,#4321);
#4319 = CARTESIAN_POINT('',(-9.,-9.95,-7.85));
#4320 = DIRECTION('',(-1.,0.,0.));
#4321 = DIRECTION('',(0.,-1.,0.));
#4322 = ORIENTED_EDGE('',*,*,#1971,.T.);
#4323 = ORIENTED_EDGE('',*,*,#1980,.T.);
#4324 = ORIENTED_EDGE('',*,*,#4316,.F.);
#4325 = TOROIDAL_SURFACE('',#4326,0.95,5.E-02);
#4326 = AXIS2_PLACEMENT_3D('',#4327,#4328,#4329);
#4327 = CARTESIAN_POINT('',(-9.,-9.,-7.85));
#4328 = DIRECTION('',(0.,2.22044604925E-16,-1.));
#4329 = DIRECTION('',(0.,1.,2.22044604925E-16));
#4330 = ADVANCED_FACE('',(#4331),#4344,.T.);
#4331 = FACE_BOUND('',#4332,.T.);
#4332 = EDGE_LOOP('',(#4333,#4334,#4335,#4342,#4343));
#4333 = ORIENTED_EDGE('',*,*,#3391,.F.);
#4334 = ORIENTED_EDGE('',*,*,#3382,.F.);
#4335 = ORIENTED_EDGE('',*,*,#4336,.T.);
#4336 = EDGE_CURVE('',#3383,#3418,#4337,.T.);
#4337 = CIRCLE('',#4338,5.E-02);
#4338 = AXIS2_PLACEMENT_3D('',#4339,#4340,#4341);
#4339 = CARTESIAN_POINT('',(-9.,-9.75,-7.85));
#4340 = DIRECTION('',(-1.,0.,0.));
#4341 = DIRECTION('',(0.,-1.,0.));
#4342 = ORIENTED_EDGE('',*,*,#3417,.T.);
#4343 = ORIENTED_EDGE('',*,*,#4336,.F.);
#4344 = TOROIDAL_SURFACE('',#4345,0.75,5.E-02);
#4345 = AXIS2_PLACEMENT_3D('',#4346,#4347,#4348);
#4346 = CARTESIAN_POINT('',(-9.,-9.,-7.85));
#4347 = DIRECTION('',(0.,2.22044604925E-16,-1.));
#4348 = DIRECTION('',(0.,1.,2.22044604925E-16));
#4349 = ( GEOMETRIC_REPRESENTATION_CONTEXT(3) 
GLOBAL_UNCERTAINTY_ASSIGNED_CONTEXT((#4353)) 
GLOBAL_UNIT_ASSIGNED_CONTEXT((#4350,#4351,#4352)) REPRESENTATION_CONTEXT
('Context #1','3D Context with UNIT and UNCERTAINTY') );
#4350 = ( LENGTH_UNIT() NAMED_UNIT(*) SI_UNIT(.MILLI.,.METRE.) );
#4351 = ( NAMED_UNIT(*) PLANE_ANGLE_UNIT() SI_UNIT($,.RADIAN.) );
#4352 = ( NAMED_UNIT(*) SI_UNIT($,.STERADIAN.) SOLID_ANGLE_UNIT() );
#4353 = UNCERTAINTY_MEASURE_WITH_UNIT(LENGTH_MEASURE(1.E-03),#4350,
  'distance_accuracy_value','confusion accuracy');
#4354 = CONTEXT_DEPENDENT_SHAPE_REPRESENTATION(#4355,#4357);
#4355 = ( REPRESENTATION_RELATIONSHIP('','',#52,#10) 
REPRESENTATION_RELATIONSHIP_WITH_TRANSFORMATION(#4356) 
SHAPE_REPRESENTATION_RELATIONSHIP() );
#4356 = ITEM_DEFINED_TRANSFORMATION('','',#11,#15);
#4357 = PRODUCT_DEFINITION_SHAPE('Placement','Placement of an item',
  #4358);
#4358 = NEXT_ASSEMBLY_USAGE_OCCURRENCE('1','M1','',#5,#47,$);
#4359 = PRODUCT_RELATED_PRODUCT_CATEGORY('part',$,(#49));
#4360 = SHAPE_DEFINITION_REPRESENTATION(#4361,#4367);
#4361 = PRODUCT_DEFINITION_SHAPE('','',#4362);
#4362 = PRODUCT_DEFINITION('design','',#4363,#4366);
#4363 = PRODUCT_DEFINITION_FORMATION('','',#4364);
#4364 = PRODUCT('R_Axial_DIN0204_L3.6mm_D1.6mm_P1.90mm_Vertical',
  'R_Axial_DIN0204_L3.6mm_D1.6mm_P1.90mm_Vertical','',(#4365));
#4365 = PRODUCT_CONTEXT('',#2,'mechanical');
#4366 = PRODUCT_DEFINITION_CONTEXT('part definition',#2,'design');
#4367 = ADVANCED_BREP_SHAPE_REPRESENTATION('',(#11,#4368),#4755);
#4368 = MANIFOLD_SOLID_BREP('',#4369);
#4369 = CLOSED_SHELL('',(#4370,#4403,#4429,#4449,#4469,#4494,#4519,#4539
    ,#4548,#4573,#4599,#4619,#4644,#4670,#4695,#4721,#4746));
#4370 = ADVANCED_FACE('',(#4371),#4398,.T.);
#4371 = FACE_BOUND('',#4372,.T.);
#4372 = EDGE_LOOP('',(#4373,#4382,#4390,#4397));
#4373 = ORIENTED_EDGE('',*,*,#4374,.T.);
#4374 = EDGE_CURVE('',#4375,#4375,#4377,.T.);
#4375 = VERTEX_POINT('',#4376);
#4376 = CARTESIAN_POINT('',(0.8,0.,1.4));
#4377 = CIRCLE('',#4378,0.8);
#4378 = AXIS2_PLACEMENT_3D('',#4379,#4380,#4381);
#4379 = CARTESIAN_POINT('',(0.,0.,1.4));
#4380 = DIRECTION('',(0.,0.,1.));
#4381 = DIRECTION('',(1.,0.,-0.));
#4382 = ORIENTED_EDGE('',*,*,#4383,.T.);
#4383 = EDGE_CURVE('',#4375,#4384,#4386,.T.);
#4384 = VERTEX_POINT('',#4385);
#4385 = CARTESIAN_POINT('',(0.8,0.,1.9));
#4386 = LINE('',#4387,#4388);
#4387 = CARTESIAN_POINT('',(0.8,0.,1.));
#4388 = VECTOR('',#4389,1.);
#4389 = DIRECTION('',(0.,0.,1.));
#4390 = ORIENTED_EDGE('',*,*,#4391,.F.);
#4391 = EDGE_CURVE('',#4384,#4384,#4392,.T.);
#4392 = CIRCLE('',#4393,0.8);
#4393 = AXIS2_PLACEMENT_3D('',#4394,#4395,#4396);
#4394 = CARTESIAN_POINT('',(0.,0.,1.9));
#4395 = DIRECTION('',(0.,0.,1.));
#4396 = DIRECTION('',(1.,0.,-0.));
#4397 = ORIENTED_EDGE('',*,*,#4383,.F.);
#4398 = CYLINDRICAL_SURFACE('',#4399,0.8);
#4399 = AXIS2_PLACEMENT_3D('',#4400,#4401,#4402);
#4400 = CARTESIAN_POINT('',(0.,0.,1.));
#4401 = DIRECTION('',(-0.,-0.,-1.));
#4402 = DIRECTION('',(1.,0.,0.));
#4403 = ADVANCED_FACE('',(#4404),#4424,.T.);
#4404 = FACE_BOUND('',#4405,.T.);
#4405 = EDGE_LOOP('',(#4406,#4415,#4422,#4423));
#4406 = ORIENTED_EDGE('',*,*,#4407,.T.);
#4407 = EDGE_CURVE('',#4408,#4408,#4410,.T.);
#4408 = VERTEX_POINT('',#4409);
#4409 = CARTESIAN_POINT('',(0.4,0.,1.));
#4410 = CIRCLE('',#4411,0.4);
#4411 = AXIS2_PLACEMENT_3D('',#4412,#4413,#4414);
#4412 = CARTESIAN_POINT('',(0.,0.,1.));
#4413 = DIRECTION('',(0.,0.,1.));
#4414 = DIRECTION('',(1.,0.,-0.));
#4415 = ORIENTED_EDGE('',*,*,#4416,.F.);
#4416 = EDGE_CURVE('',#4375,#4408,#4417,.T.);
#4417 = CIRCLE('',#4418,0.4);
#4418 = AXIS2_PLACEMENT_3D('',#4419,#4420,#4421);
#4419 = CARTESIAN_POINT('',(0.4,0.,1.4));
#4420 = DIRECTION('',(-0.,1.,0.));
#4421 = DIRECTION('',(1.,0.,0.));
#4422 = ORIENTED_EDGE('',*,*,#4374,.F.);
#4423 = ORIENTED_EDGE('',*,*,#4416,.T.);
#4424 = TOROIDAL_SURFACE('',#4425,0.4,0.4);
#4425 = AXIS2_PLACEMENT_3D('',#4426,#4427,#4428);
#4426 = CARTESIAN_POINT('',(0.,0.,1.4));
#4427 = DIRECTION('',(0.,0.,-1.));
#4428 = DIRECTION('',(1.,0.,0.));
#4429 = ADVANCED_FACE('',(#4430,#4433),#4444,.F.);
#4430 = FACE_BOUND('',#4431,.F.);
#4431 = EDGE_LOOP('',(#4432));
#4432 = ORIENTED_EDGE('',*,*,#4391,.F.);
#4433 = FACE_BOUND('',#4434,.F.);
#4434 = EDGE_LOOP('',(#4435));
#4435 = ORIENTED_EDGE('',*,*,#4436,.F.);
#4436 = EDGE_CURVE('',#4437,#4437,#4439,.T.);
#4437 = VERTEX_POINT('',#4438);
#4438 = CARTESIAN_POINT('',(0.72,0.,1.9));
#4439 = CIRCLE('',#4440,0.72);
#4440 = AXIS2_PLACEMENT_3D('',#4441,#4442,#4443);
#4441 = CARTESIAN_POINT('',(0.,0.,1.9));
#4442 = DIRECTION('',(0.,0.,-1.));
#4443 = DIRECTION('',(1.,0.,0.));
#4444 = PLANE('',#4445);
#4445 = AXIS2_PLACEMENT_3D('',#4446,#4447,#4448);
#4446 = CARTESIAN_POINT('',(0.8,0.,1.9));
#4447 = DIRECTION('',(0.,0.,-1.));
#4448 = DIRECTION('',(-1.,0.,0.));
#4449 = ADVANCED_FACE('',(#4450,#4453),#4464,.T.);
#4450 = FACE_BOUND('',#4451,.T.);
#4451 = EDGE_LOOP('',(#4452));
#4452 = ORIENTED_EDGE('',*,*,#4407,.F.);
#4453 = FACE_BOUND('',#4454,.T.);
#4454 = EDGE_LOOP('',(#4455));
#4455 = ORIENTED_EDGE('',*,*,#4456,.T.);
#4456 = EDGE_CURVE('',#4457,#4457,#4459,.T.);
#4457 = VERTEX_POINT('',#4458);
#4458 = CARTESIAN_POINT('',(0.25,0.,1.));
#4459 = CIRCLE('',#4460,0.25);
#4460 = AXIS2_PLACEMENT_3D('',#4461,#4462,#4463);
#4461 = CARTESIAN_POINT('',(0.,0.,1.));
#4462 = DIRECTION('',(0.,0.,1.));
#4463 = DIRECTION('',(1.,0.,-0.));
#4464 = PLANE('',#4465);
#4465 = AXIS2_PLACEMENT_3D('',#4466,#4467,#4468);
#4466 = CARTESIAN_POINT('',(0.8,0.,1.));
#4467 = DIRECTION('',(0.,0.,-1.));
#4468 = DIRECTION('',(-1.,0.,0.));
#4469 = ADVANCED_FACE('',(#4470),#4489,.T.);
#4470 = FACE_BOUND('',#4471,.T.);
#4471 = EDGE_LOOP('',(#4472,#4481,#4487,#4488));
#4472 = ORIENTED_EDGE('',*,*,#4473,.T.);
#4473 = EDGE_CURVE('',#4474,#4474,#4476,.T.);
#4474 = VERTEX_POINT('',#4475);
#4475 = CARTESIAN_POINT('',(0.72,0.,3.7));
#4476 = CIRCLE('',#4477,0.72);
#4477 = AXIS2_PLACEMENT_3D('',#4478,#4479,#4480);
#4478 = CARTESIAN_POINT('',(0.,0.,3.7));
#4479 = DIRECTION('',(0.,0.,-1.));
#4480 = DIRECTION('',(1.,0.,0.));
#4481 = ORIENTED_EDGE('',*,*,#4482,.F.);
#4482 = EDGE_CURVE('',#4437,#4474,#4483,.T.);
#4483 = LINE('',#4484,#4485);
#4484 = CARTESIAN_POINT('',(0.72,0.,1.));
#4485 = VECTOR('',#4486,1.);
#4486 = DIRECTION('',(0.,0.,1.));
#4487 = ORIENTED_EDGE('',*,*,#4436,.F.);
#4488 = ORIENTED_EDGE('',*,*,#4482,.T.);
#4489 = CYLINDRICAL_SURFACE('',#4490,0.72);
#4490 = AXIS2_PLACEMENT_3D('',#4491,#4492,#4493);
#4491 = CARTESIAN_POINT('',(0.,0.,1.));
#4492 = DIRECTION('',(-0.,-0.,-1.));
#4493 = DIRECTION('',(1.,0.,0.));
#4494 = ADVANCED_FACE('',(#4495),#4514,.T.);
#4495 = FACE_BOUND('',#4496,.T.);
#4496 = EDGE_LOOP('',(#4497,#4506,#4512,#4513));
#4497 = ORIENTED_EDGE('',*,*,#4498,.T.);
#4498 = EDGE_CURVE('',#4499,#4499,#4501,.T.);
#4499 = VERTEX_POINT('',#4500);
#4500 = CARTESIAN_POINT('',(0.25,-6.123233995737E-17,-3.));
#4501 = CIRCLE('',#4502,0.25);
#4502 = AXIS2_PLACEMENT_3D('',#4503,#4504,#4505);
#4503 = CARTESIAN_POINT('',(0.,0.,-3.));
#4504 = DIRECTION('',(0.,0.,1.));
#4505 = DIRECTION('',(1.,0.,-0.));
#4506 = ORIENTED_EDGE('',*,*,#4507,.T.);
#4507 = EDGE_CURVE('',#4499,#4457,#4508,.T.);
#4508 = LINE('',#4509,#4510);
#4509 = CARTESIAN_POINT('',(0.25,0.,-3.));
#4510 = VECTOR('',#4511,1.);
#4511 = DIRECTION('',(0.,0.,1.));
#4512 = ORIENTED_EDGE('',*,*,#4456,.F.);
#4513 = ORIENTED_EDGE('',*,*,#4507,.F.);
#4514 = CYLINDRICAL_SURFACE('',#4515,0.25);
#4515 = AXIS2_PLACEMENT_3D('',#4516,#4517,#4518);
#4516 = CARTESIAN_POINT('',(0.,0.,-3.));
#4517 = DIRECTION('',(0.,0.,1.));
#4518 = DIRECTION('',(1.,0.,-0.));
#4519 = ADVANCED_FACE('',(#4520,#4531),#4534,.T.);
#4520 = FACE_BOUND('',#4521,.T.);
#4521 = EDGE_LOOP('',(#4522));
#4522 = ORIENTED_EDGE('',*,*,#4523,.F.);
#4523 = EDGE_CURVE('',#4524,#4524,#4526,.T.);
#4524 = VERTEX_POINT('',#4525);
#4525 = CARTESIAN_POINT('',(0.8,0.,3.7));
#4526 = CIRCLE('',#4527,0.8);
#4527 = AXIS2_PLACEMENT_3D('',#4528,#4529,#4530);
#4528 = CARTESIAN_POINT('',(0.,0.,3.7));
#4529 = DIRECTION('',(0.,0.,1.));
#4530 = DIRECTION('',(1.,0.,-0.));
#4531 = FACE_BOUND('',#4532,.T.);
#4532 = EDGE_LOOP('',(#4533));
#4533 = ORIENTED_EDGE('',*,*,#4473,.F.);
#4534 = PLANE('',#4535);
#4535 = AXIS2_PLACEMENT_3D('',#4536,#4537,#4538);
#4536 = CARTESIAN_POINT('',(0.8,0.,3.7));
#4537 = DIRECTION('',(0.,0.,-1.));
#4538 = DIRECTION('',(-1.,0.,0.));
#4539 = ADVANCED_FACE('',(#4540),#4543,.T.);
#4540 = FACE_BOUND('',#4541,.F.);
#4541 = EDGE_LOOP('',(#4542));
#4542 = ORIENTED_EDGE('',*,*,#4498,.T.);
#4543 = PLANE('',#4544);
#4544 = AXIS2_PLACEMENT_3D('',#4545,#4546,#4547);
#4545 = CARTESIAN_POINT('',(0.25,0.,-3.));
#4546 = DIRECTION('',(0.,0.,-1.));
#4547 = DIRECTION('',(-1.,0.,0.));
#4548 = ADVANCED_FACE('',(#4549),#4568,.T.);
#4549 = FACE_BOUND('',#4550,.T.);
#4550 = EDGE_LOOP('',(#4551,#4552,#4560,#4567));
#4551 = ORIENTED_EDGE('',*,*,#4523,.T.);
#4552 = ORIENTED_EDGE('',*,*,#4553,.T.);
#4553 = EDGE_CURVE('',#4524,#4554,#4556,.T.);
#4554 = VERTEX_POINT('',#4555);
#4555 = CARTESIAN_POINT('',(0.8,0.,4.2));
#4556 = LINE('',#4557,#4558);
#4557 = CARTESIAN_POINT('',(0.8,0.,3.7));
#4558 = VECTOR('',#4559,1.);
#4559 = DIRECTION('',(0.,0.,1.));
#4560 = ORIENTED_EDGE('',*,*,#4561,.F.);
#4561 = EDGE_CURVE('',#4554,#4554,#4562,.T.);
#4562 = CIRCLE('',#4563,0.8);
#4563 = AXIS2_PLACEMENT_3D('',#4564,#4565,#4566);
#4564 = CARTESIAN_POINT('',(0.,0.,4.2));
#4565 = DIRECTION('',(0.,0.,1.));
#4566 = DIRECTION('',(1.,0.,-0.));
#4567 = ORIENTED_EDGE('',*,*,#4553,.F.);
#4568 = CYLINDRICAL_SURFACE('',#4569,0.8);
#4569 = AXIS2_PLACEMENT_3D('',#4570,#4571,#4572);
#4570 = CARTESIAN_POINT('',(0.,0.,3.7));
#4571 = DIRECTION('',(-0.,-0.,-1.));
#4572 = DIRECTION('',(1.,0.,0.));
#4573 = ADVANCED_FACE('',(#4574),#4594,.T.);
#4574 = FACE_BOUND('',#4575,.T.);
#4575 = EDGE_LOOP('',(#4576,#4585,#4586,#4587));
#4576 = ORIENTED_EDGE('',*,*,#4577,.F.);
#4577 = EDGE_CURVE('',#4554,#4578,#4580,.T.);
#4578 = VERTEX_POINT('',#4579);
#4579 = CARTESIAN_POINT('',(0.4,0.,4.6));
#4580 = CIRCLE('',#4581,0.4);
#4581 = AXIS2_PLACEMENT_3D('',#4582,#4583,#4584);
#4582 = CARTESIAN_POINT('',(0.4,0.,4.2));
#4583 = DIRECTION('',(0.,-1.,0.));
#4584 = DIRECTION('',(1.,0.,0.));
#4585 = ORIENTED_EDGE('',*,*,#4561,.T.);
#4586 = ORIENTED_EDGE('',*,*,#4577,.T.);
#4587 = ORIENTED_EDGE('',*,*,#4588,.F.);
#4588 = EDGE_CURVE('',#4578,#4578,#4589,.T.);
#4589 = CIRCLE('',#4590,0.4);
#4590 = AXIS2_PLACEMENT_3D('',#4591,#4592,#4593);
#4591 = CARTESIAN_POINT('',(0.,0.,4.6));
#4592 = DIRECTION('',(0.,0.,1.));
#4593 = DIRECTION('',(1.,0.,-0.));
#4594 = TOROIDAL_SURFACE('',#4595,0.4,0.4);
#4595 = AXIS2_PLACEMENT_3D('',#4596,#4597,#4598);
#4596 = CARTESIAN_POINT('',(0.,0.,4.2));
#4597 = DIRECTION('',(0.,0.,1.));
#4598 = DIRECTION('',(1.,0.,-0.));
#4599 = ADVANCED_FACE('',(#4600,#4603),#4614,.F.);
#4600 = FACE_BOUND('',#4601,.F.);
#4601 = EDGE_LOOP('',(#4602));
#4602 = ORIENTED_EDGE('',*,*,#4588,.F.);
#4603 = FACE_BOUND('',#4604,.F.);
#4604 = EDGE_LOOP('',(#4605));
#4605 = ORIENTED_EDGE('',*,*,#4606,.T.);
#4606 = EDGE_CURVE('',#4607,#4607,#4609,.T.);
#4607 = VERTEX_POINT('',#4608);
#4608 = CARTESIAN_POINT('',(0.25,0.,4.6));
#4609 = CIRCLE('',#4610,0.25);
#4610 = AXIS2_PLACEMENT_3D('',#4611,#4612,#4613);
#4611 = CARTESIAN_POINT('',(0.,0.,4.6));
#4612 = DIRECTION('',(0.,0.,1.));
#4613 = DIRECTION('',(1.,0.,-0.));
#4614 = PLANE('',#4615);
#4615 = AXIS2_PLACEMENT_3D('',#4616,#4617,#4618);
#4616 = CARTESIAN_POINT('',(0.8,0.,4.6));
#4617 = DIRECTION('',(0.,0.,-1.));
#4618 = DIRECTION('',(-1.,0.,0.));
#4619 = ADVANCED_FACE('',(#4620),#4639,.T.);
#4620 = FACE_BOUND('',#4621,.T.);
#4621 = EDGE_LOOP('',(#4622,#4623,#4631,#4638));
#4622 = ORIENTED_EDGE('',*,*,#4606,.T.);
#4623 = ORIENTED_EDGE('',*,*,#4624,.T.);
#4624 = EDGE_CURVE('',#4607,#4625,#4627,.T.);
#4625 = VERTEX_POINT('',#4626);
#4626 = CARTESIAN_POINT('',(0.25,0.,5.6));
#4627 = LINE('',#4628,#4629);
#4628 = CARTESIAN_POINT('',(0.25,0.,-3.));
#4629 = VECTOR('',#4630,1.);
#4630 = DIRECTION('',(0.,0.,1.));
#4631 = ORIENTED_EDGE('',*,*,#4632,.F.);
#4632 = EDGE_CURVE('',#4625,#4625,#4633,.T.);
#4633 = CIRCLE('',#4634,0.25);
#4634 = AXIS2_PLACEMENT_3D('',#4635,#4636,#4637);
#4635 = CARTESIAN_POINT('',(0.,0.,5.6));
#4636 = DIRECTION('',(0.,0.,1.));
#4637 = DIRECTION('',(1.,0.,-0.));
#4638 = ORIENTED_EDGE('',*,*,#4624,.F.);
#4639 = CYLINDRICAL_SURFACE('',#4640,0.25);
#4640 = AXIS2_PLACEMENT_3D('',#4641,#4642,#4643);
#4641 = CARTESIAN_POINT('',(0.,0.,-3.));
#4642 = DIRECTION('',(0.,0.,1.));
#4643 = DIRECTION('',(1.,0.,-0.));
#4644 = ADVANCED_FACE('',(#4645),#4665,.T.);
#4645 = FACE_BOUND('',#4646,.T.);
#4646 = EDGE_LOOP('',(#4647,#4656,#4663,#4664));
#4647 = ORIENTED_EDGE('',*,*,#4648,.T.);
#4648 = EDGE_CURVE('',#4625,#4649,#4651,.T.);
#4649 = VERTEX_POINT('',#4650);
#4650 = CARTESIAN_POINT('',(0.75,0.,6.1));
#4651 = CIRCLE('',#4652,0.5);
#4652 = AXIS2_PLACEMENT_3D('',#4653,#4654,#4655);
#4653 = CARTESIAN_POINT('',(0.75,9.184850993605E-17,5.6));
#4654 = DIRECTION('',(0.,1.,-0.));
#4655 = DIRECTION('',(-1.,0.,2.368475785867E-15));
#4656 = ORIENTED_EDGE('',*,*,#4657,.T.);
#4657 = EDGE_CURVE('',#4649,#4649,#4658,.T.);
#4658 = CIRCLE('',#4659,0.25);
#4659 = AXIS2_PLACEMENT_3D('',#4660,#4661,#4662);
#4660 = CARTESIAN_POINT('',(0.75,0.,6.35));
#4661 = DIRECTION('',(-1.,0.,-2.577737862441E-15));
#4662 = DIRECTION('',(-2.577737862441E-15,0.,1.));
#4663 = ORIENTED_EDGE('',*,*,#4648,.F.);
#4664 = ORIENTED_EDGE('',*,*,#4632,.T.);
#4665 = TOROIDAL_SURFACE('',#4666,0.75,0.25);
#4666 = AXIS2_PLACEMENT_3D('',#4667,#4668,#4669);
#4667 = CARTESIAN_POINT('',(0.75,0.,5.6));
#4668 = DIRECTION('',(0.,1.,0.));
#4669 = DIRECTION('',(-1.,0.,2.368475785867E-15));
#4670 = ADVANCED_FACE('',(#4671),#4690,.T.);
#4671 = FACE_BOUND('',#4672,.T.);
#4672 = EDGE_LOOP('',(#4673,#4681,#4688,#4689));
#4673 = ORIENTED_EDGE('',*,*,#4674,.T.);
#4674 = EDGE_CURVE('',#4649,#4675,#4677,.T.);
#4675 = VERTEX_POINT('',#4676);
#4676 = CARTESIAN_POINT('',(1.15,0.,6.1));
#4677 = LINE('',#4678,#4679);
#4678 = CARTESIAN_POINT('',(0.75,0.,6.1));
#4679 = VECTOR('',#4680,1.);
#4680 = DIRECTION('',(1.,0.,0.));
#4681 = ORIENTED_EDGE('',*,*,#4682,.F.);
#4682 = EDGE_CURVE('',#4675,#4675,#4683,.T.);
#4683 = CIRCLE('',#4684,0.25);
#4684 = AXIS2_PLACEMENT_3D('',#4685,#4686,#4687);
#4685 = CARTESIAN_POINT('',(1.15,0.,6.35));
#4686 = DIRECTION('',(1.,-0.,0.));
#4687 = DIRECTION('',(0.,0.,-1.));
#4688 = ORIENTED_EDGE('',*,*,#4674,.F.);
#4689 = ORIENTED_EDGE('',*,*,#4657,.F.);
#4690 = CYLINDRICAL_SURFACE('',#4691,0.25);
#4691 = AXIS2_PLACEMENT_3D('',#4692,#4693,#4694);
#4692 = CARTESIAN_POINT('',(0.75,0.,6.35));
#4693 = DIRECTION('',(1.,0.,0.));
#4694 = DIRECTION('',(0.,0.,-1.));
#4695 = ADVANCED_FACE('',(#4696),#4716,.T.);
#4696 = FACE_BOUND('',#4697,.T.);
#4697 = EDGE_LOOP('',(#4698,#4707,#4714,#4715));
#4698 = ORIENTED_EDGE('',*,*,#4699,.T.);
#4699 = EDGE_CURVE('',#4675,#4700,#4702,.T.);
#4700 = VERTEX_POINT('',#4701);
#4701 = CARTESIAN_POINT('',(1.65,0.,5.6));
#4702 = CIRCLE('',#4703,0.5);
#4703 = AXIS2_PLACEMENT_3D('',#4704,#4705,#4706);
#4704 = CARTESIAN_POINT('',(1.15,9.184850993605E-17,5.6));
#4705 = DIRECTION('',(-0.,1.,0.));
#4706 = DIRECTION('',(2.368475785867E-15,0.,1.));
#4707 = ORIENTED_EDGE('',*,*,#4708,.T.);
#4708 = EDGE_CURVE('',#4700,#4700,#4709,.T.);
#4709 = CIRCLE('',#4710,0.25);
#4710 = AXIS2_PLACEMENT_3D('',#4711,#4712,#4713);
#4711 = CARTESIAN_POINT('',(1.9,0.,5.6));
#4712 = DIRECTION('',(8.679739665932E-17,-0.,1.));
#4713 = DIRECTION('',(1.,0.,-8.679739665932E-17));
#4714 = ORIENTED_EDGE('',*,*,#4699,.F.);
#4715 = ORIENTED_EDGE('',*,*,#4682,.T.);
#4716 = TOROIDAL_SURFACE('',#4717,0.75,0.25);
#4717 = AXIS2_PLACEMENT_3D('',#4718,#4719,#4720);
#4718 = CARTESIAN_POINT('',(1.15,0.,5.6));
#4719 = DIRECTION('',(0.,1.,0.));
#4720 = DIRECTION('',(2.368475785867E-15,-0.,1.));
#4721 = ADVANCED_FACE('',(#4722),#4741,.T.);
#4722 = FACE_BOUND('',#4723,.T.);
#4723 = EDGE_LOOP('',(#4724,#4732,#4739,#4740));
#4724 = ORIENTED_EDGE('',*,*,#4725,.T.);
#4725 = EDGE_CURVE('',#4700,#4726,#4728,.T.);
#4726 = VERTEX_POINT('',#4727);
#4727 = CARTESIAN_POINT('',(1.65,-6.123233995737E-17,-3.));
#4728 = LINE('',#4729,#4730);
#4729 = CARTESIAN_POINT('',(1.65,0.,5.6));
#4730 = VECTOR('',#4731,1.);
#4731 = DIRECTION('',(0.,0.,-1.));
#4732 = ORIENTED_EDGE('',*,*,#4733,.F.);
#4733 = EDGE_CURVE('',#4726,#4726,#4734,.T.);
#4734 = CIRCLE('',#4735,0.25);
#4735 = AXIS2_PLACEMENT_3D('',#4736,#4737,#4738);
#4736 = CARTESIAN_POINT('',(1.9,0.,-3.));
#4737 = DIRECTION('',(0.,0.,-1.));
#4738 = DIRECTION('',(-1.,0.,0.));
#4739 = ORIENTED_EDGE('',*,*,#4725,.F.);
#4740 = ORIENTED_EDGE('',*,*,#4708,.F.);
#4741 = CYLINDRICAL_SURFACE('',#4742,0.25);
#4742 = AXIS2_PLACEMENT_3D('',#4743,#4744,#4745);
#4743 = CARTESIAN_POINT('',(1.9,0.,5.6));
#4744 = DIRECTION('',(0.,0.,-1.));
#4745 = DIRECTION('',(-1.,0.,0.));
#4746 = ADVANCED_FACE('',(#4747),#4750,.F.);
#4747 = FACE_BOUND('',#4748,.T.);
#4748 = EDGE_LOOP('',(#4749));
#4749 = ORIENTED_EDGE('',*,*,#4733,.T.);
#4750 = PLANE('',#4751);
#4751 = AXIS2_PLACEMENT_3D('',#4752,#4753,#4754);
#4752 = CARTESIAN_POINT('',(1.65,0.,-3.));
#4753 = DIRECTION('',(0.,0.,1.));
#4754 = DIRECTION('',(1.,0.,-0.));
#4755 = ( GEOMETRIC_REPRESENTATION_CONTEXT(3) 
GLOBAL_UNCERTAINTY_ASSIGNED_CONTEXT((#4759)) 
GLOBAL_UNIT_ASSIGNED_CONTEXT((#4756,#4757,#4758)) REPRESENTATION_CONTEXT
('Context #1','3D Context with UNIT and UNCERTAINTY') );
#4756 = ( LENGTH_UNIT() NAMED_UNIT(*) SI_UNIT(.MILLI.,.METRE.) );
#4757 = ( NAMED_UNIT(*) PLANE_ANGLE_UNIT() SI_UNIT($,.RADIAN.) );
#4758 = ( NAMED_UNIT(*) SI_UNIT($,.STERADIAN.) SOLID_ANGLE_UNIT() );
#4759 = UNCERTAINTY_MEASURE_WITH_UNIT(LENGTH_MEASURE(1.E-07),#4756,
  'distance_accuracy_value','confusion accuracy');
#4760 = CONTEXT_DEPENDENT_SHAPE_REPRESENTATION(#4761,#4763);
#4761 = ( REPRESENTATION_RELATIONSHIP('','',#4367,#10) 
REPRESENTATION_RELATIONSHIP_WITH_TRANSFORMATION(#4762) 
SHAPE_REPRESENTATION_RELATIONSHIP() );
#4762 = ITEM_DEFINED_TRANSFORMATION('','',#11,#19);
#4763 = PRODUCT_DEFINITION_SHAPE('Placement','Placement of an item',
  #4764);
#4764 = NEXT_ASSEMBLY_USAGE_OCCURRENCE('2','R1','',#5,#4362,$);
#4765 = PRODUCT_RELATED_PRODUCT_CATEGORY('part',$,(#4364));
#4766 = SHAPE_DEFINITION_REPRESENTATION(#4767,#4773);
#4767 = PRODUCT_DEFINITION_SHAPE('','',#4768);
#4768 = PRODUCT_DEFINITION('design','',#4769,#4772);
#4769 = PRODUCT_DEFINITION_FORMATION('','',#4770);
#4770 = PRODUCT('Molex_KK-254_AE-6410-06A_1x06_P2.54mm_Vertical',
  'Molex_KK-254_AE-6410-06A_1x06_P2.54mm_Vertical','',(#4771));
#4771 = PRODUCT_CONTEXT('',#2,'mechanical');
#4772 = PRODUCT_DEFINITION_CONTEXT('part definition',#2,'design');
#4773 = ADVANCED_BREP_SHAPE_REPRESENTATION('',(#11,#4774),#9617);
#4774 = MANIFOLD_SOLID_BREP('',#4775);
#4775 = CLOSED_SHELL('',(#4776,#4816,#5087,#5111,#5151,#5168,#5199,#5223
    ,#5281,#5305,#5363,#5387,#5445,#5469,#5527,#5551,#5609,#5633,#5691,
    #5715,#5773,#5797,#5855,#5879,#5937,#5961,#6019,#6043,#6101,#6125,
    #6149,#6173,#6594,#6645,#6696,#6713,#6730,#6766,#6797,#6821,#6845,
    #6862,#6884,#6901,#6918,#6930,#6961,#6985,#7009,#7026,#7048,#7065,
    #7082,#7094,#7125,#7149,#7173,#7190,#7212,#7229,#7246,#7258,#7289,
    #7313,#7337,#7354,#7376,#7393,#7410,#7422,#7453,#7477,#7501,#7518,
    #7540,#7557,#7574,#7586,#7617,#7641,#7665,#7682,#7699,#7730,#7754,
    #7778,#7795,#7826,#7850,#7874,#7891,#7922,#7946,#7970,#7987,#8018,
    #8042,#8066,#8083,#8114,#8138,#8162,#8179,#8210,#8234,#8258,#8275,
    #8292,#8309,#8321,#8352,#8376,#8400,#8417,#8448,#8472,#8496,#8513,
    #8544,#8568,#8592,#8609,#8640,#8664,#8688,#8705,#8736,#8760,#8784,
    #8801,#8832,#8856,#8880,#8897,#8928,#8952,#8976,#8993,#9024,#9048,
    #9072,#9089,#9120,#9144,#9168,#9185,#9216,#9240,#9264,#9281,#9312,
    #9336,#9360,#9377,#9408,#9432,#9456,#9473,#9485,#9497,#9509,#9521,
    #9533,#9545,#9557,#9569,#9581,#9593,#9605));
#4776 = ADVANCED_FACE('',(#4777),#4811,.T.);
#4777 = FACE_BOUND('',#4778,.T.);
#4778 = EDGE_LOOP('',(#4779,#4789,#4797,#4805));
#4779 = ORIENTED_EDGE('',*,*,#4780,.T.);
#4780 = EDGE_CURVE('',#4781,#4783,#4785,.T.);
#4781 = VERTEX_POINT('',#4782);
#4782 = CARTESIAN_POINT('',(0.3,-2.9,11.7));
#4783 = VERTEX_POINT('',#4784);
#4784 = CARTESIAN_POINT('',(12.4,-2.9,11.7));
#4785 = LINE('',#4786,#4787);
#4786 = CARTESIAN_POINT('',(6.35,-2.9,11.7));
#4787 = VECTOR('',#4788,1.);
#4788 = DIRECTION('',(1.,0.,0.));
#4789 = ORIENTED_EDGE('',*,*,#4790,.T.);
#4790 = EDGE_CURVE('',#4783,#4791,#4793,.T.);
#4791 = VERTEX_POINT('',#4792);
#4792 = CARTESIAN_POINT('',(12.4,-1.9,11.7));
#4793 = LINE('',#4794,#4795);
#4794 = CARTESIAN_POINT('',(12.4,-2.9,11.7));
#4795 = VECTOR('',#4796,1.);
#4796 = DIRECTION('',(0.,1.,0.));
#4797 = ORIENTED_EDGE('',*,*,#4798,.F.);
#4798 = EDGE_CURVE('',#4799,#4791,#4801,.T.);
#4799 = VERTEX_POINT('',#4800);
#4800 = CARTESIAN_POINT('',(0.3,-1.9,11.7));
#4801 = LINE('',#4802,#4803);
#4802 = CARTESIAN_POINT('',(6.35,-1.9,11.7));
#4803 = VECTOR('',#4804,1.);
#4804 = DIRECTION('',(1.,0.,0.));
#4805 = ORIENTED_EDGE('',*,*,#4806,.F.);
#4806 = EDGE_CURVE('',#4781,#4799,#4807,.T.);
#4807 = LINE('',#4808,#4809);
#4808 = CARTESIAN_POINT('',(0.3,-2.9,11.7));
#4809 = VECTOR('',#4810,1.);
#4810 = DIRECTION('',(0.,1.,0.));
#4811 = PLANE('',#4812);
#4812 = AXIS2_PLACEMENT_3D('',#4813,#4814,#4815);
#4813 = CARTESIAN_POINT('',(6.35,-2.4,11.7));
#4814 = DIRECTION('',(-9.2475342034E-33,-3.096730690915E-30,1.));
#4815 = DIRECTION('',(-1.802641531774E-78,1.,3.096730690915E-30));
#4816 = ADVANCED_FACE('',(#4817),#5082,.T.);
#4817 = FACE_BOUND('',#4818,.T.);
#4818 = EDGE_LOOP('',(#4819,#4829,#4837,#4845,#4853,#4861,#4869,#4877,
    #4885,#4893,#4901,#4909,#4917,#4925,#4933,#4941,#4949,#4957,#4965,
    #4973,#4981,#4989,#4997,#5005,#5013,#5021,#5029,#5037,#5045,#5051,
    #5052,#5060,#5068,#5076));
#4819 = ORIENTED_EDGE('',*,*,#4820,.T.);
#4820 = EDGE_CURVE('',#4821,#4823,#4825,.T.);
#4821 = VERTEX_POINT('',#4822);
#4822 = CARTESIAN_POINT('',(-1.27,-2.9,0.));
#4823 = VERTEX_POINT('',#4824);
#4824 = CARTESIAN_POINT('',(-0.75,-2.9,0.));
#4825 = LINE('',#4826,#4827);
#4826 = CARTESIAN_POINT('',(-1.27,-2.9,0.));
#4827 = VECTOR('',#4828,1.);
#4828 = DIRECTION('',(1.,0.,0.));
#4829 = ORIENTED_EDGE('',*,*,#4830,.T.);
#4830 = EDGE_CURVE('',#4823,#4831,#4833,.T.);
#4831 = VERTEX_POINT('',#4832);
#4832 = CARTESIAN_POINT('',(-0.75,-2.9,0.6));
#4833 = LINE('',#4834,#4835);
#4834 = CARTESIAN_POINT('',(-0.75,-2.9,0.));
#4835 = VECTOR('',#4836,1.);
#4836 = DIRECTION('',(0.,0.,1.));
#4837 = ORIENTED_EDGE('',*,*,#4838,.F.);
#4838 = EDGE_CURVE('',#4839,#4831,#4841,.T.);
#4839 = VERTEX_POINT('',#4840);
#4840 = CARTESIAN_POINT('',(0.75,-2.9,0.6));
#4841 = LINE('',#4842,#4843);
#4842 = CARTESIAN_POINT('',(0.75,-2.9,0.6));
#4843 = VECTOR('',#4844,1.);
#4844 = DIRECTION('',(-1.,0.,0.));
#4845 = ORIENTED_EDGE('',*,*,#4846,.F.);
#4846 = EDGE_CURVE('',#4847,#4839,#4849,.T.);
#4847 = VERTEX_POINT('',#4848);
#4848 = CARTESIAN_POINT('',(0.75,-2.9,0.));
#4849 = LINE('',#4850,#4851);
#4850 = CARTESIAN_POINT('',(0.75,-2.9,0.));
#4851 = VECTOR('',#4852,1.);
#4852 = DIRECTION('',(0.,0.,1.));
#4853 = ORIENTED_EDGE('',*,*,#4854,.T.);
#4854 = EDGE_CURVE('',#4847,#4855,#4857,.T.);
#4855 = VERTEX_POINT('',#4856);
#4856 = CARTESIAN_POINT('',(1.79,-2.9,0.));
#4857 = LINE('',#4858,#4859);
#4858 = CARTESIAN_POINT('',(-1.27,-2.9,0.));
#4859 = VECTOR('',#4860,1.);
#4860 = DIRECTION('',(1.,0.,0.));
#4861 = ORIENTED_EDGE('',*,*,#4862,.T.);
#4862 = EDGE_CURVE('',#4855,#4863,#4865,.T.);
#4863 = VERTEX_POINT('',#4864);
#4864 = CARTESIAN_POINT('',(1.79,-2.9,0.6));
#4865 = LINE('',#4866,#4867);
#4866 = CARTESIAN_POINT('',(1.79,-2.9,0.));
#4867 = VECTOR('',#4868,1.);
#4868 = DIRECTION('',(0.,0.,1.));
#4869 = ORIENTED_EDGE('',*,*,#4870,.F.);
#4870 = EDGE_CURVE('',#4871,#4863,#4873,.T.);
#4871 = VERTEX_POINT('',#4872);
#4872 = CARTESIAN_POINT('',(3.29,-2.9,0.6));
#4873 = LINE('',#4874,#4875);
#4874 = CARTESIAN_POINT('',(3.29,-2.9,0.6));
#4875 = VECTOR('',#4876,1.);
#4876 = DIRECTION('',(-1.,0.,0.));
#4877 = ORIENTED_EDGE('',*,*,#4878,.F.);
#4878 = EDGE_CURVE('',#4879,#4871,#4881,.T.);
#4879 = VERTEX_POINT('',#4880);
#4880 = CARTESIAN_POINT('',(3.29,-2.9,0.));
#4881 = LINE('',#4882,#4883);
#4882 = CARTESIAN_POINT('',(3.29,-2.9,0.));
#4883 = VECTOR('',#4884,1.);
#4884 = DIRECTION('',(0.,0.,1.));
#4885 = ORIENTED_EDGE('',*,*,#4886,.T.);
#4886 = EDGE_CURVE('',#4879,#4887,#4889,.T.);
#4887 = VERTEX_POINT('',#4888);
#4888 = CARTESIAN_POINT('',(4.33,-2.9,0.));
#4889 = LINE('',#4890,#4891);
#4890 = CARTESIAN_POINT('',(-1.27,-2.9,0.));
#4891 = VECTOR('',#4892,1.);
#4892 = DIRECTION('',(1.,0.,0.));
#4893 = ORIENTED_EDGE('',*,*,#4894,.T.);
#4894 = EDGE_CURVE('',#4887,#4895,#4897,.T.);
#4895 = VERTEX_POINT('',#4896);
#4896 = CARTESIAN_POINT('',(4.33,-2.9,0.6));
#4897 = LINE('',#4898,#4899);
#4898 = CARTESIAN_POINT('',(4.33,-2.9,0.));
#4899 = VECTOR('',#4900,1.);
#4900 = DIRECTION('',(0.,0.,1.));
#4901 = ORIENTED_EDGE('',*,*,#4902,.F.);
#4902 = EDGE_CURVE('',#4903,#4895,#4905,.T.);
#4903 = VERTEX_POINT('',#4904);
#4904 = CARTESIAN_POINT('',(5.83,-2.9,0.6));
#4905 = LINE('',#4906,#4907);
#4906 = CARTESIAN_POINT('',(5.83,-2.9,0.6));
#4907 = VECTOR('',#4908,1.);
#4908 = DIRECTION('',(-1.,0.,0.));
#4909 = ORIENTED_EDGE('',*,*,#4910,.F.);
#4910 = EDGE_CURVE('',#4911,#4903,#4913,.T.);
#4911 = VERTEX_POINT('',#4912);
#4912 = CARTESIAN_POINT('',(5.83,-2.9,0.));
#4913 = LINE('',#4914,#4915);
#4914 = CARTESIAN_POINT('',(5.83,-2.9,0.));
#4915 = VECTOR('',#4916,1.);
#4916 = DIRECTION('',(0.,0.,1.));
#4917 = ORIENTED_EDGE('',*,*,#4918,.T.);
#4918 = EDGE_CURVE('',#4911,#4919,#4921,.T.);
#4919 = VERTEX_POINT('',#4920);
#4920 = CARTESIAN_POINT('',(6.87,-2.9,0.));
#4921 = LINE('',#4922,#4923);
#4922 = CARTESIAN_POINT('',(-1.27,-2.9,0.));
#4923 = VECTOR('',#4924,1.);
#4924 = DIRECTION('',(1.,0.,0.));
#4925 = ORIENTED_EDGE('',*,*,#4926,.T.);
#4926 = EDGE_CURVE('',#4919,#4927,#4929,.T.);
#4927 = VERTEX_POINT('',#4928);
#4928 = CARTESIAN_POINT('',(6.87,-2.9,0.6));
#4929 = LINE('',#4930,#4931);
#4930 = CARTESIAN_POINT('',(6.87,-2.9,0.));
#4931 = VECTOR('',#4932,1.);
#4932 = DIRECTION('',(0.,0.,1.));
#4933 = ORIENTED_EDGE('',*,*,#4934,.F.);
#4934 = EDGE_CURVE('',#4935,#4927,#4937,.T.);
#4935 = VERTEX_POINT('',#4936);
#4936 = CARTESIAN_POINT('',(8.37,-2.9,0.6));
#4937 = LINE('',#4938,#4939);
#4938 = CARTESIAN_POINT('',(8.37,-2.9,0.6));
#4939 = VECTOR('',#4940,1.);
#4940 = DIRECTION('',(-1.,0.,0.));
#4941 = ORIENTED_EDGE('',*,*,#4942,.F.);
#4942 = EDGE_CURVE('',#4943,#4935,#4945,.T.);
#4943 = VERTEX_POINT('',#4944);
#4944 = CARTESIAN_POINT('',(8.37,-2.9,0.));
#4945 = LINE('',#4946,#4947);
#4946 = CARTESIAN_POINT('',(8.37,-2.9,0.));
#4947 = VECTOR('',#4948,1.);
#4948 = DIRECTION('',(0.,0.,1.));
#4949 = ORIENTED_EDGE('',*,*,#4950,.T.);
#4950 = EDGE_CURVE('',#4943,#4951,#4953,.T.);
#4951 = VERTEX_POINT('',#4952);
#4952 = CARTESIAN_POINT('',(9.41,-2.9,0.));
#4953 = LINE('',#4954,#4955);
#4954 = CARTESIAN_POINT('',(-1.27,-2.9,0.));
#4955 = VECTOR('',#4956,1.);
#4956 = DIRECTION('',(1.,0.,0.));
#4957 = ORIENTED_EDGE('',*,*,#4958,.T.);
#4958 = EDGE_CURVE('',#4951,#4959,#4961,.T.);
#4959 = VERTEX_POINT('',#4960);
#4960 = CARTESIAN_POINT('',(9.41,-2.9,0.6));
#4961 = LINE('',#4962,#4963);
#4962 = CARTESIAN_POINT('',(9.41,-2.9,0.));
#4963 = VECTOR('',#4964,1.);
#4964 = DIRECTION('',(0.,0.,1.));
#4965 = ORIENTED_EDGE('',*,*,#4966,.F.);
#4966 = EDGE_CURVE('',#4967,#4959,#4969,.T.);
#4967 = VERTEX_POINT('',#4968);
#4968 = CARTESIAN_POINT('',(10.91,-2.9,0.6));
#4969 = LINE('',#4970,#4971);
#4970 = CARTESIAN_POINT('',(10.91,-2.9,0.6));
#4971 = VECTOR('',#4972,1.);
#4972 = DIRECTION('',(-1.,0.,0.));
#4973 = ORIENTED_EDGE('',*,*,#4974,.F.);
#4974 = EDGE_CURVE('',#4975,#4967,#4977,.T.);
#4975 = VERTEX_POINT('',#4976);
#4976 = CARTESIAN_POINT('',(10.91,-2.9,0.));
#4977 = LINE('',#4978,#4979);
#4978 = CARTESIAN_POINT('',(10.91,-2.9,0.));
#4979 = VECTOR('',#4980,1.);
#4980 = DIRECTION('',(0.,0.,1.));
#4981 = ORIENTED_EDGE('',*,*,#4982,.T.);
#4982 = EDGE_CURVE('',#4975,#4983,#4985,.T.);
#4983 = VERTEX_POINT('',#4984);
#4984 = CARTESIAN_POINT('',(11.95,-2.9,0.));
#4985 = LINE('',#4986,#4987);
#4986 = CARTESIAN_POINT('',(-1.27,-2.9,0.));
#4987 = VECTOR('',#4988,1.);
#4988 = DIRECTION('',(1.,0.,0.));
#4989 = ORIENTED_EDGE('',*,*,#4990,.T.);
#4990 = EDGE_CURVE('',#4983,#4991,#4993,.T.);
#4991 = VERTEX_POINT('',#4992);
#4992 = CARTESIAN_POINT('',(11.95,-2.9,0.6));
#4993 = LINE('',#4994,#4995);
#4994 = CARTESIAN_POINT('',(11.95,-2.9,0.));
#4995 = VECTOR('',#4996,1.);
#4996 = DIRECTION('',(0.,0.,1.));
#4997 = ORIENTED_EDGE('',*,*,#4998,.F.);
#4998 = EDGE_CURVE('',#4999,#4991,#5001,.T.);
#4999 = VERTEX_POINT('',#5000);
#5000 = CARTESIAN_POINT('',(13.45,-2.9,0.6));
#5001 = LINE('',#5002,#5003);
#5002 = CARTESIAN_POINT('',(13.45,-2.9,0.6));
#5003 = VECTOR('',#5004,1.);
#5004 = DIRECTION('',(-1.,0.,0.));
#5005 = ORIENTED_EDGE('',*,*,#5006,.F.);
#5006 = EDGE_CURVE('',#5007,#4999,#5009,.T.);
#5007 = VERTEX_POINT('',#5008);
#5008 = CARTESIAN_POINT('',(13.45,-2.9,0.));
#5009 = LINE('',#5010,#5011);
#5010 = CARTESIAN_POINT('',(13.45,-2.9,0.));
#5011 = VECTOR('',#5012,1.);
#5012 = DIRECTION('',(0.,0.,1.));
#5013 = ORIENTED_EDGE('',*,*,#5014,.T.);
#5014 = EDGE_CURVE('',#5007,#5015,#5017,.T.);
#5015 = VERTEX_POINT('',#5016);
#5016 = CARTESIAN_POINT('',(13.97,-2.9,0.));
#5017 = LINE('',#5018,#5019);
#5018 = CARTESIAN_POINT('',(-1.27,-2.9,0.));
#5019 = VECTOR('',#5020,1.);
#5020 = DIRECTION('',(1.,0.,0.));
#5021 = ORIENTED_EDGE('',*,*,#5022,.T.);
#5022 = EDGE_CURVE('',#5015,#5023,#5025,.T.);
#5023 = VERTEX_POINT('',#5024);
#5024 = CARTESIAN_POINT('',(13.97,-2.9,3.17));
#5025 = LINE('',#5026,#5027);
#5026 = CARTESIAN_POINT('',(13.97,-2.9,0.));
#5027 = VECTOR('',#5028,1.);
#5028 = DIRECTION('',(0.,0.,1.));
#5029 = ORIENTED_EDGE('',*,*,#5030,.F.);
#5030 = EDGE_CURVE('',#5031,#5023,#5033,.T.);
#5031 = VERTEX_POINT('',#5032);
#5032 = CARTESIAN_POINT('',(12.7,-2.9,3.17));
#5033 = LINE('',#5034,#5035);
#5034 = CARTESIAN_POINT('',(-1.27,-2.9,3.17));
#5035 = VECTOR('',#5036,1.);
#5036 = DIRECTION('',(1.,0.,0.));
#5037 = ORIENTED_EDGE('',*,*,#5038,.T.);
#5038 = EDGE_CURVE('',#5031,#5039,#5041,.T.);
#5039 = VERTEX_POINT('',#5040);
#5040 = CARTESIAN_POINT('',(12.7,-2.9,11.));
#5041 = LINE('',#5042,#5043);
#5042 = CARTESIAN_POINT('',(12.7,-2.9,3.17));
#5043 = VECTOR('',#5044,1.);
#5044 = DIRECTION('',(0.,0.,1.));
#5045 = ORIENTED_EDGE('',*,*,#5046,.F.);
#5046 = EDGE_CURVE('',#4783,#5039,#5047,.T.);
#5047 = LINE('',#5048,#5049);
#5048 = CARTESIAN_POINT('',(13.549827586207,-2.9,9.017068965517));
#5049 = VECTOR('',#5050,1.);
#5050 = DIRECTION('',(0.393919298579,0.,-0.919145030018));
#5051 = ORIENTED_EDGE('',*,*,#4780,.F.);
#5052 = ORIENTED_EDGE('',*,*,#5053,.T.);
#5053 = EDGE_CURVE('',#4781,#5054,#5056,.T.);
#5054 = VERTEX_POINT('',#5055);
#5055 = CARTESIAN_POINT('',(0.,-2.9,11.));
#5056 = LINE('',#5057,#5058);
#5057 = CARTESIAN_POINT('',(-0.849827586207,-2.9,9.017068965517));
#5058 = VECTOR('',#5059,1.);
#5059 = DIRECTION('',(-0.393919298579,-0.,-0.919145030018));
#5060 = ORIENTED_EDGE('',*,*,#5061,.F.);
#5061 = EDGE_CURVE('',#5062,#5054,#5064,.T.);
#5062 = VERTEX_POINT('',#5063);
#5063 = CARTESIAN_POINT('',(0.,-2.9,3.17));
#5064 = LINE('',#5065,#5066);
#5065 = CARTESIAN_POINT('',(0.,-2.9,3.17));
#5066 = VECTOR('',#5067,1.);
#5067 = DIRECTION('',(0.,0.,1.));
#5068 = ORIENTED_EDGE('',*,*,#5069,.F.);
#5069 = EDGE_CURVE('',#5070,#5062,#5072,.T.);
#5070 = VERTEX_POINT('',#5071);
#5071 = CARTESIAN_POINT('',(-1.27,-2.9,3.17));
#5072 = LINE('',#5073,#5074);
#5073 = CARTESIAN_POINT('',(-1.27,-2.9,3.17));
#5074 = VECTOR('',#5075,1.);
#5075 = DIRECTION('',(1.,0.,0.));
#5076 = ORIENTED_EDGE('',*,*,#5077,.F.);
#5077 = EDGE_CURVE('',#4821,#5070,#5078,.T.);
#5078 = LINE('',#5079,#5080);
#5079 = CARTESIAN_POINT('',(-1.27,-2.9,0.));
#5080 = VECTOR('',#5081,1.);
#5081 = DIRECTION('',(0.,0.,1.));
#5082 = PLANE('',#5083);
#5083 = AXIS2_PLACEMENT_3D('',#5084,#5085,#5086);
#5084 = CARTESIAN_POINT('',(6.35,-2.9,4.875482254963));
#5085 = DIRECTION('',(-1.849073676928E-32,-1.,-7.953056611966E-34));
#5086 = DIRECTION('',(-1.,1.849073676928E-32,3.343980932563E-82));
#5087 = ADVANCED_FACE('',(#5088),#5106,.F.);
#5088 = FACE_BOUND('',#5089,.F.);
#5089 = EDGE_LOOP('',(#5090,#5091,#5092,#5100));
#5090 = ORIENTED_EDGE('',*,*,#5046,.F.);
#5091 = ORIENTED_EDGE('',*,*,#4790,.T.);
#5092 = ORIENTED_EDGE('',*,*,#5093,.T.);
#5093 = EDGE_CURVE('',#4791,#5094,#5096,.T.);
#5094 = VERTEX_POINT('',#5095);
#5095 = CARTESIAN_POINT('',(12.7,-1.9,11.));
#5096 = LINE('',#5097,#5098);
#5097 = CARTESIAN_POINT('',(12.005603448276,-1.9,12.62025862069));
#5098 = VECTOR('',#5099,1.);
#5099 = DIRECTION('',(0.393919298579,0.,-0.919145030018));
#5100 = ORIENTED_EDGE('',*,*,#5101,.F.);
#5101 = EDGE_CURVE('',#5039,#5094,#5102,.T.);
#5102 = LINE('',#5103,#5104);
#5103 = CARTESIAN_POINT('',(12.7,-2.9,11.));
#5104 = VECTOR('',#5105,1.);
#5105 = DIRECTION('',(0.,1.,0.));
#5106 = PLANE('',#5107);
#5107 = AXIS2_PLACEMENT_3D('',#5108,#5109,#5110);
#5108 = CARTESIAN_POINT('',(12.55,-2.9,11.35));
#5109 = DIRECTION('',(-0.919145030018,0.,-0.393919298579));
#5110 = DIRECTION('',(0.,1.,0.));
#5111 = ADVANCED_FACE('',(#5112),#5146,.T.);
#5112 = FACE_BOUND('',#5113,.T.);
#5113 = EDGE_LOOP('',(#5114,#5115,#5116,#5124,#5132,#5140));
#5114 = ORIENTED_EDGE('',*,*,#4798,.T.);
#5115 = ORIENTED_EDGE('',*,*,#5093,.T.);
#5116 = ORIENTED_EDGE('',*,*,#5117,.T.);
#5117 = EDGE_CURVE('',#5094,#5118,#5120,.T.);
#5118 = VERTEX_POINT('',#5119);
#5119 = CARTESIAN_POINT('',(12.7,-1.9,7.9));
#5120 = LINE('',#5121,#5122);
#5121 = CARTESIAN_POINT('',(12.7,-1.9,11.7));
#5122 = VECTOR('',#5123,1.);
#5123 = DIRECTION('',(0.,0.,-1.));
#5124 = ORIENTED_EDGE('',*,*,#5125,.F.);
#5125 = EDGE_CURVE('',#5126,#5118,#5128,.T.);
#5126 = VERTEX_POINT('',#5127);
#5127 = CARTESIAN_POINT('',(0.,-1.9,7.9));
#5128 = LINE('',#5129,#5130);
#5129 = CARTESIAN_POINT('',(6.35,-1.9,7.9));
#5130 = VECTOR('',#5131,1.);
#5131 = DIRECTION('',(1.,0.,0.));
#5132 = ORIENTED_EDGE('',*,*,#5133,.F.);
#5133 = EDGE_CURVE('',#5134,#5126,#5136,.T.);
#5134 = VERTEX_POINT('',#5135);
#5135 = CARTESIAN_POINT('',(0.,-1.9,11.));
#5136 = LINE('',#5137,#5138);
#5137 = CARTESIAN_POINT('',(0.,-1.9,11.7));
#5138 = VECTOR('',#5139,1.);
#5139 = DIRECTION('',(-0.,-0.,-1.));
#5140 = ORIENTED_EDGE('',*,*,#5141,.F.);
#5141 = EDGE_CURVE('',#4799,#5134,#5142,.T.);
#5142 = LINE('',#5143,#5144);
#5143 = CARTESIAN_POINT('',(0.694396551724,-1.9,12.62025862069));
#5144 = VECTOR('',#5145,1.);
#5145 = DIRECTION('',(-0.393919298579,-0.,-0.919145030018));
#5146 = PLANE('',#5147);
#5147 = AXIS2_PLACEMENT_3D('',#5148,#5149,#5150);
#5148 = CARTESIAN_POINT('',(6.35,-1.9,9.770817396152));
#5149 = DIRECTION('',(-1.593122493743E-33,1.,-7.467856679115E-32));
#5150 = DIRECTION('',(0.,7.467856679115E-32,1.));
#5151 = ADVANCED_FACE('',(#5152),#5163,.F.);
#5152 = FACE_BOUND('',#5153,.T.);
#5153 = EDGE_LOOP('',(#5154,#5155,#5156,#5157));
#5154 = ORIENTED_EDGE('',*,*,#5053,.F.);
#5155 = ORIENTED_EDGE('',*,*,#4806,.T.);
#5156 = ORIENTED_EDGE('',*,*,#5141,.T.);
#5157 = ORIENTED_EDGE('',*,*,#5158,.F.);
#5158 = EDGE_CURVE('',#5054,#5134,#5159,.T.);
#5159 = LINE('',#5160,#5161);
#5160 = CARTESIAN_POINT('',(0.,-2.9,11.));
#5161 = VECTOR('',#5162,1.);
#5162 = DIRECTION('',(0.,1.,0.));
#5163 = PLANE('',#5164);
#5164 = AXIS2_PLACEMENT_3D('',#5165,#5166,#5167);
#5165 = CARTESIAN_POINT('',(0.15,-2.9,11.35));
#5166 = DIRECTION('',(0.919145030018,0.,-0.393919298579));
#5167 = DIRECTION('',(0.,-1.,0.));
#5168 = ADVANCED_FACE('',(#5169),#5194,.F.);
#5169 = FACE_BOUND('',#5170,.F.);
#5170 = EDGE_LOOP('',(#5171,#5179,#5180,#5188));
#5171 = ORIENTED_EDGE('',*,*,#5172,.T.);
#5172 = EDGE_CURVE('',#5173,#4821,#5175,.T.);
#5173 = VERTEX_POINT('',#5174);
#5174 = CARTESIAN_POINT('',(-1.27,2.9,0.));
#5175 = LINE('',#5176,#5177);
#5176 = CARTESIAN_POINT('',(-1.27,2.9,0.));
#5177 = VECTOR('',#5178,1.);
#5178 = DIRECTION('',(0.,-1.,0.));
#5179 = ORIENTED_EDGE('',*,*,#4820,.T.);
#5180 = ORIENTED_EDGE('',*,*,#5181,.T.);
#5181 = EDGE_CURVE('',#4823,#5182,#5184,.T.);
#5182 = VERTEX_POINT('',#5183);
#5183 = CARTESIAN_POINT('',(-0.75,2.9,0.));
#5184 = LINE('',#5185,#5186);
#5185 = CARTESIAN_POINT('',(-0.75,-2.9,0.));
#5186 = VECTOR('',#5187,1.);
#5187 = DIRECTION('',(0.,1.,0.));
#5188 = ORIENTED_EDGE('',*,*,#5189,.T.);
#5189 = EDGE_CURVE('',#5182,#5173,#5190,.T.);
#5190 = LINE('',#5191,#5192);
#5191 = CARTESIAN_POINT('',(13.97,2.9,0.));
#5192 = VECTOR('',#5193,1.);
#5193 = DIRECTION('',(-1.,0.,0.));
#5194 = PLANE('',#5195);
#5195 = AXIS2_PLACEMENT_3D('',#5196,#5197,#5198);
#5196 = CARTESIAN_POINT('',(6.35,-1.688552128707E-16,0.));
#5197 = DIRECTION('',(0.,0.,1.));
#5198 = DIRECTION('',(1.,0.,-0.));
#5199 = ADVANCED_FACE('',(#5200),#5218,.F.);
#5200 = FACE_BOUND('',#5201,.F.);
#5201 = EDGE_LOOP('',(#5202,#5203,#5211,#5217));
#5202 = ORIENTED_EDGE('',*,*,#4830,.T.);
#5203 = ORIENTED_EDGE('',*,*,#5204,.T.);
#5204 = EDGE_CURVE('',#4831,#5205,#5207,.T.);
#5205 = VERTEX_POINT('',#5206);
#5206 = CARTESIAN_POINT('',(-0.75,2.9,0.6));
#5207 = LINE('',#5208,#5209);
#5208 = CARTESIAN_POINT('',(-0.75,-2.9,0.6));
#5209 = VECTOR('',#5210,1.);
#5210 = DIRECTION('',(0.,1.,0.));
#5211 = ORIENTED_EDGE('',*,*,#5212,.F.);
#5212 = EDGE_CURVE('',#5182,#5205,#5213,.T.);
#5213 = LINE('',#5214,#5215);
#5214 = CARTESIAN_POINT('',(-0.75,2.9,0.));
#5215 = VECTOR('',#5216,1.);
#5216 = DIRECTION('',(0.,0.,1.));
#5217 = ORIENTED_EDGE('',*,*,#5181,.F.);
#5218 = PLANE('',#5219);
#5219 = AXIS2_PLACEMENT_3D('',#5220,#5221,#5222);
#5220 = CARTESIAN_POINT('',(-0.75,-2.9,0.));
#5221 = DIRECTION('',(-1.,0.,0.));
#5222 = DIRECTION('',(0.,1.,0.));
#5223 = ADVANCED_FACE('',(#5224,#5242),#5276,.T.);
#5224 = FACE_BOUND('',#5225,.T.);
#5225 = EDGE_LOOP('',(#5226,#5234,#5240,#5241));
#5226 = ORIENTED_EDGE('',*,*,#5227,.T.);
#5227 = EDGE_CURVE('',#5205,#5228,#5230,.T.);
#5228 = VERTEX_POINT('',#5229);
#5229 = CARTESIAN_POINT('',(0.75,2.9,0.6));
#5230 = LINE('',#5231,#5232);
#5231 = CARTESIAN_POINT('',(-0.75,2.9,0.6));
#5232 = VECTOR('',#5233,1.);
#5233 = DIRECTION('',(1.,0.,0.));
#5234 = ORIENTED_EDGE('',*,*,#5235,.T.);
#5235 = EDGE_CURVE('',#5228,#4839,#5236,.T.);
#5236 = LINE('',#5237,#5238);
#5237 = CARTESIAN_POINT('',(0.75,2.9,0.6));
#5238 = VECTOR('',#5239,1.);
#5239 = DIRECTION('',(0.,-1.,0.));
#5240 = ORIENTED_EDGE('',*,*,#4838,.T.);
#5241 = ORIENTED_EDGE('',*,*,#5204,.T.);
#5242 = FACE_BOUND('',#5243,.T.);
#5243 = EDGE_LOOP('',(#5244,#5254,#5262,#5270));
#5244 = ORIENTED_EDGE('',*,*,#5245,.F.);
#5245 = EDGE_CURVE('',#5246,#5248,#5250,.T.);
#5246 = VERTEX_POINT('',#5247);
#5247 = CARTESIAN_POINT('',(0.32,0.32,0.6));
#5248 = VERTEX_POINT('',#5249);
#5249 = CARTESIAN_POINT('',(0.32,-0.32,0.6));
#5250 = LINE('',#5251,#5252);
#5251 = CARTESIAN_POINT('',(0.32,0.,0.6));
#5252 = VECTOR('',#5253,1.);
#5253 = DIRECTION('',(0.,-1.,0.));
#5254 = ORIENTED_EDGE('',*,*,#5255,.T.);
#5255 = EDGE_CURVE('',#5246,#5256,#5258,.T.);
#5256 = VERTEX_POINT('',#5257);
#5257 = CARTESIAN_POINT('',(-0.32,0.32,0.6));
#5258 = LINE('',#5259,#5260);
#5259 = CARTESIAN_POINT('',(-0.16,0.32,0.6));
#5260 = VECTOR('',#5261,1.);
#5261 = DIRECTION('',(-1.,0.,0.));
#5262 = ORIENTED_EDGE('',*,*,#5263,.T.);
#5263 = EDGE_CURVE('',#5256,#5264,#5266,.T.);
#5264 = VERTEX_POINT('',#5265);
#5265 = CARTESIAN_POINT('',(-0.32,-0.32,0.6));
#5266 = LINE('',#5267,#5268);
#5267 = CARTESIAN_POINT('',(-0.32,0.,0.6));
#5268 = VECTOR('',#5269,1.);
#5269 = DIRECTION('',(0.,-1.,0.));
#5270 = ORIENTED_EDGE('',*,*,#5271,.T.);
#5271 = EDGE_CURVE('',#5264,#5248,#5272,.T.);
#5272 = LINE('',#5273,#5274);
#5273 = CARTESIAN_POINT('',(-0.16,-0.32,0.6));
#5274 = VECTOR('',#5275,1.);
#5275 = DIRECTION('',(1.,0.,0.));
#5276 = PLANE('',#5277);
#5277 = AXIS2_PLACEMENT_3D('',#5278,#5279,#5280);
#5278 = CARTESIAN_POINT('',(-9.7334621337E-16,0.,0.6));
#5279 = DIRECTION('',(-0.,-0.,-1.));
#5280 = DIRECTION('',(-1.,0.,0.));
#5281 = ADVANCED_FACE('',(#5282),#5300,.F.);
#5282 = FACE_BOUND('',#5283,.F.);
#5283 = EDGE_LOOP('',(#5284,#5292,#5293,#5294));
#5284 = ORIENTED_EDGE('',*,*,#5285,.T.);
#5285 = EDGE_CURVE('',#5286,#5228,#5288,.T.);
#5286 = VERTEX_POINT('',#5287);
#5287 = CARTESIAN_POINT('',(0.75,2.9,0.));
#5288 = LINE('',#5289,#5290);
#5289 = CARTESIAN_POINT('',(0.75,2.9,0.));
#5290 = VECTOR('',#5291,1.);
#5291 = DIRECTION('',(0.,0.,1.));
#5292 = ORIENTED_EDGE('',*,*,#5235,.T.);
#5293 = ORIENTED_EDGE('',*,*,#4846,.F.);
#5294 = ORIENTED_EDGE('',*,*,#5295,.F.);
#5295 = EDGE_CURVE('',#5286,#4847,#5296,.T.);
#5296 = LINE('',#5297,#5298);
#5297 = CARTESIAN_POINT('',(0.75,2.9,0.));
#5298 = VECTOR('',#5299,1.);
#5299 = DIRECTION('',(0.,-1.,0.));
#5300 = PLANE('',#5301);
#5301 = AXIS2_PLACEMENT_3D('',#5302,#5303,#5304);
#5302 = CARTESIAN_POINT('',(0.75,2.9,0.));
#5303 = DIRECTION('',(1.,0.,0.));
#5304 = DIRECTION('',(0.,-1.,0.));
#5305 = ADVANCED_FACE('',(#5306,#5324),#5358,.F.);
#5306 = FACE_BOUND('',#5307,.F.);
#5307 = EDGE_LOOP('',(#5308,#5309,#5310,#5318));
#5308 = ORIENTED_EDGE('',*,*,#5295,.T.);
#5309 = ORIENTED_EDGE('',*,*,#4854,.T.);
#5310 = ORIENTED_EDGE('',*,*,#5311,.T.);
#5311 = EDGE_CURVE('',#4855,#5312,#5314,.T.);
#5312 = VERTEX_POINT('',#5313);
#5313 = CARTESIAN_POINT('',(1.79,2.9,0.));
#5314 = LINE('',#5315,#5316);
#5315 = CARTESIAN_POINT('',(1.79,-2.9,0.));
#5316 = VECTOR('',#5317,1.);
#5317 = DIRECTION('',(0.,1.,0.));
#5318 = ORIENTED_EDGE('',*,*,#5319,.T.);
#5319 = EDGE_CURVE('',#5312,#5286,#5320,.T.);
#5320 = LINE('',#5321,#5322);
#5321 = CARTESIAN_POINT('',(13.97,2.9,0.));
#5322 = VECTOR('',#5323,1.);
#5323 = DIRECTION('',(-1.,0.,0.));
#5324 = FACE_BOUND('',#5325,.F.);
#5325 = EDGE_LOOP('',(#5326,#5336,#5344,#5352));
#5326 = ORIENTED_EDGE('',*,*,#5327,.F.);
#5327 = EDGE_CURVE('',#5328,#5330,#5332,.T.);
#5328 = VERTEX_POINT('',#5329);
#5329 = CARTESIAN_POINT('',(1.57,-0.6,0.));
#5330 = VERTEX_POINT('',#5331);
#5331 = CARTESIAN_POINT('',(1.57,0.6,0.));
#5332 = LINE('',#5333,#5334);
#5333 = CARTESIAN_POINT('',(1.57,-0.3,0.));
#5334 = VECTOR('',#5335,1.);
#5335 = DIRECTION('',(0.,1.,0.));
#5336 = ORIENTED_EDGE('',*,*,#5337,.F.);
#5337 = EDGE_CURVE('',#5338,#5328,#5340,.T.);
#5338 = VERTEX_POINT('',#5339);
#5339 = CARTESIAN_POINT('',(0.97,-0.6,0.));
#5340 = LINE('',#5341,#5342);
#5341 = CARTESIAN_POINT('',(3.66,-0.6,0.));
#5342 = VECTOR('',#5343,1.);
#5343 = DIRECTION('',(1.,0.,0.));
#5344 = ORIENTED_EDGE('',*,*,#5345,.F.);
#5345 = EDGE_CURVE('',#5346,#5338,#5348,.T.);
#5346 = VERTEX_POINT('',#5347);
#5347 = CARTESIAN_POINT('',(0.97,0.6,0.));
#5348 = LINE('',#5349,#5350);
#5349 = CARTESIAN_POINT('',(0.97,0.3,0.));
#5350 = VECTOR('',#5351,1.);
#5351 = DIRECTION('',(0.,-1.,0.));
#5352 = ORIENTED_EDGE('',*,*,#5353,.F.);
#5353 = EDGE_CURVE('',#5330,#5346,#5354,.T.);
#5354 = LINE('',#5355,#5356);
#5355 = CARTESIAN_POINT('',(3.96,0.6,0.));
#5356 = VECTOR('',#5357,1.);
#5357 = DIRECTION('',(-1.,0.,0.));
#5358 = PLANE('',#5359);
#5359 = AXIS2_PLACEMENT_3D('',#5360,#5361,#5362);
#5360 = CARTESIAN_POINT('',(6.35,-1.688552128707E-16,0.));
#5361 = DIRECTION('',(0.,0.,1.));
#5362 = DIRECTION('',(1.,0.,-0.));
#5363 = ADVANCED_FACE('',(#5364),#5382,.F.);
#5364 = FACE_BOUND('',#5365,.F.);
#5365 = EDGE_LOOP('',(#5366,#5367,#5375,#5381));
#5366 = ORIENTED_EDGE('',*,*,#4862,.T.);
#5367 = ORIENTED_EDGE('',*,*,#5368,.T.);
#5368 = EDGE_CURVE('',#4863,#5369,#5371,.T.);
#5369 = VERTEX_POINT('',#5370);
#5370 = CARTESIAN_POINT('',(1.79,2.9,0.6));
#5371 = LINE('',#5372,#5373);
#5372 = CARTESIAN_POINT('',(1.79,-2.9,0.6));
#5373 = VECTOR('',#5374,1.);
#5374 = DIRECTION('',(0.,1.,0.));
#5375 = ORIENTED_EDGE('',*,*,#5376,.F.);
#5376 = EDGE_CURVE('',#5312,#5369,#5377,.T.);
#5377 = LINE('',#5378,#5379);
#5378 = CARTESIAN_POINT('',(1.79,2.9,0.));
#5379 = VECTOR('',#5380,1.);
#5380 = DIRECTION('',(0.,0.,1.));
#5381 = ORIENTED_EDGE('',*,*,#5311,.F.);
#5382 = PLANE('',#5383);
#5383 = AXIS2_PLACEMENT_3D('',#5384,#5385,#5386);
#5384 = CARTESIAN_POINT('',(1.79,-2.9,0.));
#5385 = DIRECTION('',(-1.,0.,0.));
#5386 = DIRECTION('',(0.,1.,0.));
#5387 = ADVANCED_FACE('',(#5388,#5406),#5440,.T.);
#5388 = FACE_BOUND('',#5389,.T.);
#5389 = EDGE_LOOP('',(#5390,#5398,#5404,#5405));
#5390 = ORIENTED_EDGE('',*,*,#5391,.T.);
#5391 = EDGE_CURVE('',#5369,#5392,#5394,.T.);
#5392 = VERTEX_POINT('',#5393);
#5393 = CARTESIAN_POINT('',(3.29,2.9,0.6));
#5394 = LINE('',#5395,#5396);
#5395 = CARTESIAN_POINT('',(1.79,2.9,0.6));
#5396 = VECTOR('',#5397,1.);
#5397 = DIRECTION('',(1.,0.,0.));
#5398 = ORIENTED_EDGE('',*,*,#5399,.T.);
#5399 = EDGE_CURVE('',#5392,#4871,#5400,.T.);
#5400 = LINE('',#5401,#5402);
#5401 = CARTESIAN_POINT('',(3.29,2.9,0.6));
#5402 = VECTOR('',#5403,1.);
#5403 = DIRECTION('',(0.,-1.,0.));
#5404 = ORIENTED_EDGE('',*,*,#4870,.T.);
#5405 = ORIENTED_EDGE('',*,*,#5368,.T.);
#5406 = FACE_BOUND('',#5407,.T.);
#5407 = EDGE_LOOP('',(#5408,#5418,#5426,#5434));
#5408 = ORIENTED_EDGE('',*,*,#5409,.T.);
#5409 = EDGE_CURVE('',#5410,#5412,#5414,.T.);
#5410 = VERTEX_POINT('',#5411);
#5411 = CARTESIAN_POINT('',(2.86,0.32,0.6));
#5412 = VERTEX_POINT('',#5413);
#5413 = CARTESIAN_POINT('',(2.22,0.32,0.6));
#5414 = LINE('',#5415,#5416);
#5415 = CARTESIAN_POINT('',(2.38,0.32,0.6));
#5416 = VECTOR('',#5417,1.);
#5417 = DIRECTION('',(-1.,0.,0.));
#5418 = ORIENTED_EDGE('',*,*,#5419,.T.);
#5419 = EDGE_CURVE('',#5412,#5420,#5422,.T.);
#5420 = VERTEX_POINT('',#5421);
#5421 = CARTESIAN_POINT('',(2.22,-0.32,0.6));
#5422 = LINE('',#5423,#5424);
#5423 = CARTESIAN_POINT('',(2.22,0.,0.6));
#5424 = VECTOR('',#5425,1.);
#5425 = DIRECTION('',(0.,-1.,0.));
#5426 = ORIENTED_EDGE('',*,*,#5427,.T.);
#5427 = EDGE_CURVE('',#5420,#5428,#5430,.T.);
#5428 = VERTEX_POINT('',#5429);
#5429 = CARTESIAN_POINT('',(2.86,-0.32,0.6));
#5430 = LINE('',#5431,#5432);
#5431 = CARTESIAN_POINT('',(2.38,-0.32,0.6));
#5432 = VECTOR('',#5433,1.);
#5433 = DIRECTION('',(1.,0.,0.));
#5434 = ORIENTED_EDGE('',*,*,#5435,.F.);
#5435 = EDGE_CURVE('',#5410,#5428,#5436,.T.);
#5436 = LINE('',#5437,#5438);
#5437 = CARTESIAN_POINT('',(2.86,0.,0.6));
#5438 = VECTOR('',#5439,1.);
#5439 = DIRECTION('',(0.,-1.,0.));
#5440 = PLANE('',#5441);
#5441 = AXIS2_PLACEMENT_3D('',#5442,#5443,#5444);
#5442 = CARTESIAN_POINT('',(2.54,0.,0.6));
#5443 = DIRECTION('',(-0.,-0.,-1.));
#5444 = DIRECTION('',(-1.,0.,0.));
#5445 = ADVANCED_FACE('',(#5446),#5464,.F.);
#5446 = FACE_BOUND('',#5447,.F.);
#5447 = EDGE_LOOP('',(#5448,#5456,#5457,#5458));
#5448 = ORIENTED_EDGE('',*,*,#5449,.T.);
#5449 = EDGE_CURVE('',#5450,#5392,#5452,.T.);
#5450 = VERTEX_POINT('',#5451);
#5451 = CARTESIAN_POINT('',(3.29,2.9,0.));
#5452 = LINE('',#5453,#5454);
#5453 = CARTESIAN_POINT('',(3.29,2.9,0.));
#5454 = VECTOR('',#5455,1.);
#5455 = DIRECTION('',(0.,0.,1.));
#5456 = ORIENTED_EDGE('',*,*,#5399,.T.);
#5457 = ORIENTED_EDGE('',*,*,#4878,.F.);
#5458 = ORIENTED_EDGE('',*,*,#5459,.F.);
#5459 = EDGE_CURVE('',#5450,#4879,#5460,.T.);
#5460 = LINE('',#5461,#5462);
#5461 = CARTESIAN_POINT('',(3.29,2.9,0.));
#5462 = VECTOR('',#5463,1.);
#5463 = DIRECTION('',(0.,-1.,0.));
#5464 = PLANE('',#5465);
#5465 = AXIS2_PLACEMENT_3D('',#5466,#5467,#5468);
#5466 = CARTESIAN_POINT('',(3.29,2.9,0.));
#5467 = DIRECTION('',(1.,0.,0.));
#5468 = DIRECTION('',(0.,-1.,0.));
#5469 = ADVANCED_FACE('',(#5470,#5488),#5522,.F.);
#5470 = FACE_BOUND('',#5471,.F.);
#5471 = EDGE_LOOP('',(#5472,#5473,#5474,#5482));
#5472 = ORIENTED_EDGE('',*,*,#5459,.T.);
#5473 = ORIENTED_EDGE('',*,*,#4886,.T.);
#5474 = ORIENTED_EDGE('',*,*,#5475,.T.);
#5475 = EDGE_CURVE('',#4887,#5476,#5478,.T.);
#5476 = VERTEX_POINT('',#5477);
#5477 = CARTESIAN_POINT('',(4.33,2.9,0.));
#5478 = LINE('',#5479,#5480);
#5479 = CARTESIAN_POINT('',(4.33,-2.9,0.));
#5480 = VECTOR('',#5481,1.);
#5481 = DIRECTION('',(0.,1.,0.));
#5482 = ORIENTED_EDGE('',*,*,#5483,.T.);
#5483 = EDGE_CURVE('',#5476,#5450,#5484,.T.);
#5484 = LINE('',#5485,#5486);
#5485 = CARTESIAN_POINT('',(13.97,2.9,0.));
#5486 = VECTOR('',#5487,1.);
#5487 = DIRECTION('',(-1.,0.,0.));
#5488 = FACE_BOUND('',#5489,.F.);
#5489 = EDGE_LOOP('',(#5490,#5500,#5508,#5516));
#5490 = ORIENTED_EDGE('',*,*,#5491,.F.);
#5491 = EDGE_CURVE('',#5492,#5494,#5496,.T.);
#5492 = VERTEX_POINT('',#5493);
#5493 = CARTESIAN_POINT('',(4.11,0.6,0.));
#5494 = VERTEX_POINT('',#5495);
#5495 = CARTESIAN_POINT('',(3.51,0.6,0.));
#5496 = LINE('',#5497,#5498);
#5497 = CARTESIAN_POINT('',(5.23,0.6,0.));
#5498 = VECTOR('',#5499,1.);
#5499 = DIRECTION('',(-1.,0.,0.));
#5500 = ORIENTED_EDGE('',*,*,#5501,.F.);
#5501 = EDGE_CURVE('',#5502,#5492,#5504,.T.);
#5502 = VERTEX_POINT('',#5503);
#5503 = CARTESIAN_POINT('',(4.11,-0.6,0.));
#5504 = LINE('',#5505,#5506);
#5505 = CARTESIAN_POINT('',(4.11,-0.3,0.));
#5506 = VECTOR('',#5507,1.);
#5507 = DIRECTION('',(0.,1.,0.));
#5508 = ORIENTED_EDGE('',*,*,#5509,.F.);
#5509 = EDGE_CURVE('',#5510,#5502,#5512,.T.);
#5510 = VERTEX_POINT('',#5511);
#5511 = CARTESIAN_POINT('',(3.51,-0.6,0.));
#5512 = LINE('',#5513,#5514);
#5513 = CARTESIAN_POINT('',(4.93,-0.6,0.));
#5514 = VECTOR('',#5515,1.);
#5515 = DIRECTION('',(1.,0.,0.));
#5516 = ORIENTED_EDGE('',*,*,#5517,.F.);
#5517 = EDGE_CURVE('',#5494,#5510,#5518,.T.);
#5518 = LINE('',#5519,#5520);
#5519 = CARTESIAN_POINT('',(3.51,0.3,0.));
#5520 = VECTOR('',#5521,1.);
#5521 = DIRECTION('',(0.,-1.,0.));
#5522 = PLANE('',#5523);
#5523 = AXIS2_PLACEMENT_3D('',#5524,#5525,#5526);
#5524 = CARTESIAN_POINT('',(6.35,-1.688552128707E-16,0.));
#5525 = DIRECTION('',(0.,0.,1.));
#5526 = DIRECTION('',(1.,0.,-0.));
#5527 = ADVANCED_FACE('',(#5528),#5546,.F.);
#5528 = FACE_BOUND('',#5529,.F.);
#5529 = EDGE_LOOP('',(#5530,#5531,#5539,#5545));
#5530 = ORIENTED_EDGE('',*,*,#4894,.T.);
#5531 = ORIENTED_EDGE('',*,*,#5532,.T.);
#5532 = EDGE_CURVE('',#4895,#5533,#5535,.T.);
#5533 = VERTEX_POINT('',#5534);
#5534 = CARTESIAN_POINT('',(4.33,2.9,0.6));
#5535 = LINE('',#5536,#5537);
#5536 = CARTESIAN_POINT('',(4.33,-2.9,0.6));
#5537 = VECTOR('',#5538,1.);
#5538 = DIRECTION('',(0.,1.,0.));
#5539 = ORIENTED_EDGE('',*,*,#5540,.F.);
#5540 = EDGE_CURVE('',#5476,#5533,#5541,.T.);
#5541 = LINE('',#5542,#5543);
#5542 = CARTESIAN_POINT('',(4.33,2.9,0.));
#5543 = VECTOR('',#5544,1.);
#5544 = DIRECTION('',(0.,0.,1.));
#5545 = ORIENTED_EDGE('',*,*,#5475,.F.);
#5546 = PLANE('',#5547);
#5547 = AXIS2_PLACEMENT_3D('',#5548,#5549,#5550);
#5548 = CARTESIAN_POINT('',(4.33,-2.9,0.));
#5549 = DIRECTION('',(-1.,0.,0.));
#5550 = DIRECTION('',(0.,1.,0.));
#5551 = ADVANCED_FACE('',(#5552,#5570),#5604,.T.);
#5552 = FACE_BOUND('',#5553,.T.);
#5553 = EDGE_LOOP('',(#5554,#5562,#5568,#5569));
#5554 = ORIENTED_EDGE('',*,*,#5555,.T.);
#5555 = EDGE_CURVE('',#5533,#5556,#5558,.T.);
#5556 = VERTEX_POINT('',#5557);
#5557 = CARTESIAN_POINT('',(5.83,2.9,0.6));
#5558 = LINE('',#5559,#5560);
#5559 = CARTESIAN_POINT('',(4.33,2.9,0.6));
#5560 = VECTOR('',#5561,1.);
#5561 = DIRECTION('',(1.,0.,0.));
#5562 = ORIENTED_EDGE('',*,*,#5563,.T.);
#5563 = EDGE_CURVE('',#5556,#4903,#5564,.T.);
#5564 = LINE('',#5565,#5566);
#5565 = CARTESIAN_POINT('',(5.83,2.9,0.6));
#5566 = VECTOR('',#5567,1.);
#5567 = DIRECTION('',(0.,-1.,0.));
#5568 = ORIENTED_EDGE('',*,*,#4902,.T.);
#5569 = ORIENTED_EDGE('',*,*,#5532,.T.);
#5570 = FACE_BOUND('',#5571,.T.);
#5571 = EDGE_LOOP('',(#5572,#5582,#5590,#5598));
#5572 = ORIENTED_EDGE('',*,*,#5573,.F.);
#5573 = EDGE_CURVE('',#5574,#5576,#5578,.T.);
#5574 = VERTEX_POINT('',#5575);
#5575 = CARTESIAN_POINT('',(5.4,0.32,0.6));
#5576 = VERTEX_POINT('',#5577);
#5577 = CARTESIAN_POINT('',(5.4,-0.32,0.6));
#5578 = LINE('',#5579,#5580);
#5579 = CARTESIAN_POINT('',(5.4,0.,0.6));
#5580 = VECTOR('',#5581,1.);
#5581 = DIRECTION('',(0.,-1.,0.));
#5582 = ORIENTED_EDGE('',*,*,#5583,.T.);
#5583 = EDGE_CURVE('',#5574,#5584,#5586,.T.);
#5584 = VERTEX_POINT('',#5585);
#5585 = CARTESIAN_POINT('',(4.76,0.32,0.6));
#5586 = LINE('',#5587,#5588);
#5587 = CARTESIAN_POINT('',(4.92,0.32,0.6));
#5588 = VECTOR('',#5589,1.);
#5589 = DIRECTION('',(-1.,0.,0.));
#5590 = ORIENTED_EDGE('',*,*,#5591,.T.);
#5591 = EDGE_CURVE('',#5584,#5592,#5594,.T.);
#5592 = VERTEX_POINT('',#5593);
#5593 = CARTESIAN_POINT('',(4.76,-0.32,0.6));
#5594 = LINE('',#5595,#5596);
#5595 = CARTESIAN_POINT('',(4.76,0.,0.6));
#5596 = VECTOR('',#5597,1.);
#5597 = DIRECTION('',(0.,-1.,0.));
#5598 = ORIENTED_EDGE('',*,*,#5599,.T.);
#5599 = EDGE_CURVE('',#5592,#5576,#5600,.T.);
#5600 = LINE('',#5601,#5602);
#5601 = CARTESIAN_POINT('',(4.92,-0.32,0.6));
#5602 = VECTOR('',#5603,1.);
#5603 = DIRECTION('',(1.,0.,0.));
#5604 = PLANE('',#5605);
#5605 = AXIS2_PLACEMENT_3D('',#5606,#5607,#5608);
#5606 = CARTESIAN_POINT('',(5.08,0.,0.6));
#5607 = DIRECTION('',(-0.,-0.,-1.));
#5608 = DIRECTION('',(-1.,0.,0.));
#5609 = ADVANCED_FACE('',(#5610),#5628,.F.);
#5610 = FACE_BOUND('',#5611,.F.);
#5611 = EDGE_LOOP('',(#5612,#5620,#5621,#5622));
#5612 = ORIENTED_EDGE('',*,*,#5613,.T.);
#5613 = EDGE_CURVE('',#5614,#5556,#5616,.T.);
#5614 = VERTEX_POINT('',#5615);
#5615 = CARTESIAN_POINT('',(5.83,2.9,0.));
#5616 = LINE('',#5617,#5618);
#5617 = CARTESIAN_POINT('',(5.83,2.9,0.));
#5618 = VECTOR('',#5619,1.);
#5619 = DIRECTION('',(0.,0.,1.));
#5620 = ORIENTED_EDGE('',*,*,#5563,.T.);
#5621 = ORIENTED_EDGE('',*,*,#4910,.F.);
#5622 = ORIENTED_EDGE('',*,*,#5623,.F.);
#5623 = EDGE_CURVE('',#5614,#4911,#5624,.T.);
#5624 = LINE('',#5625,#5626);
#5625 = CARTESIAN_POINT('',(5.83,2.9,0.));
#5626 = VECTOR('',#5627,1.);
#5627 = DIRECTION('',(0.,-1.,0.));
#5628 = PLANE('',#5629);
#5629 = AXIS2_PLACEMENT_3D('',#5630,#5631,#5632);
#5630 = CARTESIAN_POINT('',(5.83,2.9,0.));
#5631 = DIRECTION('',(1.,0.,0.));
#5632 = DIRECTION('',(0.,-1.,0.));
#5633 = ADVANCED_FACE('',(#5634,#5652),#5686,.F.);
#5634 = FACE_BOUND('',#5635,.F.);
#5635 = EDGE_LOOP('',(#5636,#5637,#5638,#5646));
#5636 = ORIENTED_EDGE('',*,*,#5623,.T.);
#5637 = ORIENTED_EDGE('',*,*,#4918,.T.);
#5638 = ORIENTED_EDGE('',*,*,#5639,.T.);
#5639 = EDGE_CURVE('',#4919,#5640,#5642,.T.);
#5640 = VERTEX_POINT('',#5641);
#5641 = CARTESIAN_POINT('',(6.87,2.9,0.));
#5642 = LINE('',#5643,#5644);
#5643 = CARTESIAN_POINT('',(6.87,-2.9,0.));
#5644 = VECTOR('',#5645,1.);
#5645 = DIRECTION('',(0.,1.,0.));
#5646 = ORIENTED_EDGE('',*,*,#5647,.T.);
#5647 = EDGE_CURVE('',#5640,#5614,#5648,.T.);
#5648 = LINE('',#5649,#5650);
#5649 = CARTESIAN_POINT('',(13.97,2.9,0.));
#5650 = VECTOR('',#5651,1.);
#5651 = DIRECTION('',(-1.,0.,0.));
#5652 = FACE_BOUND('',#5653,.F.);
#5653 = EDGE_LOOP('',(#5654,#5664,#5672,#5680));
#5654 = ORIENTED_EDGE('',*,*,#5655,.F.);
#5655 = EDGE_CURVE('',#5656,#5658,#5660,.T.);
#5656 = VERTEX_POINT('',#5657);
#5657 = CARTESIAN_POINT('',(6.65,0.6,0.));
#5658 = VERTEX_POINT('',#5659);
#5659 = CARTESIAN_POINT('',(6.05,0.6,0.));
#5660 = LINE('',#5661,#5662);
#5661 = CARTESIAN_POINT('',(6.5,0.6,0.));
#5662 = VECTOR('',#5663,1.);
#5663 = DIRECTION('',(-1.,0.,0.));
#5664 = ORIENTED_EDGE('',*,*,#5665,.F.);
#5665 = EDGE_CURVE('',#5666,#5656,#5668,.T.);
#5666 = VERTEX_POINT('',#5667);
#5667 = CARTESIAN_POINT('',(6.65,-0.6,0.));
#5668 = LINE('',#5669,#5670);
#5669 = CARTESIAN_POINT('',(6.65,-0.3,0.));
#5670 = VECTOR('',#5671,1.);
#5671 = DIRECTION('',(0.,1.,0.));
#5672 = ORIENTED_EDGE('',*,*,#5673,.F.);
#5673 = EDGE_CURVE('',#5674,#5666,#5676,.T.);
#5674 = VERTEX_POINT('',#5675);
#5675 = CARTESIAN_POINT('',(6.05,-0.6,0.));
#5676 = LINE('',#5677,#5678);
#5677 = CARTESIAN_POINT('',(6.2,-0.6,0.));
#5678 = VECTOR('',#5679,1.);
#5679 = DIRECTION('',(1.,0.,0.));
#5680 = ORIENTED_EDGE('',*,*,#5681,.F.);
#5681 = EDGE_CURVE('',#5658,#5674,#5682,.T.);
#5682 = LINE('',#5683,#5684);
#5683 = CARTESIAN_POINT('',(6.05,0.3,0.));
#5684 = VECTOR('',#5685,1.);
#5685 = DIRECTION('',(0.,-1.,0.));
#5686 = PLANE('',#5687);
#5687 = AXIS2_PLACEMENT_3D('',#5688,#5689,#5690);
#5688 = CARTESIAN_POINT('',(6.35,-1.688552128707E-16,0.));
#5689 = DIRECTION('',(0.,0.,1.));
#5690 = DIRECTION('',(1.,0.,-0.));
#5691 = ADVANCED_FACE('',(#5692),#5710,.F.);
#5692 = FACE_BOUND('',#5693,.F.);
#5693 = EDGE_LOOP('',(#5694,#5695,#5703,#5709));
#5694 = ORIENTED_EDGE('',*,*,#4926,.T.);
#5695 = ORIENTED_EDGE('',*,*,#5696,.T.);
#5696 = EDGE_CURVE('',#4927,#5697,#5699,.T.);
#5697 = VERTEX_POINT('',#5698);
#5698 = CARTESIAN_POINT('',(6.87,2.9,0.6));
#5699 = LINE('',#5700,#5701);
#5700 = CARTESIAN_POINT('',(6.87,-2.9,0.6));
#5701 = VECTOR('',#5702,1.);
#5702 = DIRECTION('',(0.,1.,0.));
#5703 = ORIENTED_EDGE('',*,*,#5704,.F.);
#5704 = EDGE_CURVE('',#5640,#5697,#5705,.T.);
#5705 = LINE('',#5706,#5707);
#5706 = CARTESIAN_POINT('',(6.87,2.9,0.));
#5707 = VECTOR('',#5708,1.);
#5708 = DIRECTION('',(0.,0.,1.));
#5709 = ORIENTED_EDGE('',*,*,#5639,.F.);
#5710 = PLANE('',#5711);
#5711 = AXIS2_PLACEMENT_3D('',#5712,#5713,#5714);
#5712 = CARTESIAN_POINT('',(6.87,-2.9,0.));
#5713 = DIRECTION('',(-1.,0.,0.));
#5714 = DIRECTION('',(0.,1.,0.));
#5715 = ADVANCED_FACE('',(#5716,#5734),#5768,.T.);
#5716 = FACE_BOUND('',#5717,.T.);
#5717 = EDGE_LOOP('',(#5718,#5726,#5732,#5733));
#5718 = ORIENTED_EDGE('',*,*,#5719,.T.);
#5719 = EDGE_CURVE('',#5697,#5720,#5722,.T.);
#5720 = VERTEX_POINT('',#5721);
#5721 = CARTESIAN_POINT('',(8.37,2.9,0.6));
#5722 = LINE('',#5723,#5724);
#5723 = CARTESIAN_POINT('',(6.87,2.9,0.6));
#5724 = VECTOR('',#5725,1.);
#5725 = DIRECTION('',(1.,0.,0.));
#5726 = ORIENTED_EDGE('',*,*,#5727,.T.);
#5727 = EDGE_CURVE('',#5720,#4935,#5728,.T.);
#5728 = LINE('',#5729,#5730);
#5729 = CARTESIAN_POINT('',(8.37,2.9,0.6));
#5730 = VECTOR('',#5731,1.);
#5731 = DIRECTION('',(0.,-1.,0.));
#5732 = ORIENTED_EDGE('',*,*,#4934,.T.);
#5733 = ORIENTED_EDGE('',*,*,#5696,.T.);
#5734 = FACE_BOUND('',#5735,.T.);
#5735 = EDGE_LOOP('',(#5736,#5746,#5754,#5762));
#5736 = ORIENTED_EDGE('',*,*,#5737,.F.);
#5737 = EDGE_CURVE('',#5738,#5740,#5742,.T.);
#5738 = VERTEX_POINT('',#5739);
#5739 = CARTESIAN_POINT('',(7.94,0.32,0.6));
#5740 = VERTEX_POINT('',#5741);
#5741 = CARTESIAN_POINT('',(7.94,-0.32,0.6));
#5742 = LINE('',#5743,#5744);
#5743 = CARTESIAN_POINT('',(7.94,0.,0.6));
#5744 = VECTOR('',#5745,1.);
#5745 = DIRECTION('',(0.,-1.,0.));
#5746 = ORIENTED_EDGE('',*,*,#5747,.T.);
#5747 = EDGE_CURVE('',#5738,#5748,#5750,.T.);
#5748 = VERTEX_POINT('',#5749);
#5749 = CARTESIAN_POINT('',(7.3,0.32,0.6));
#5750 = LINE('',#5751,#5752);
#5751 = CARTESIAN_POINT('',(7.46,0.32,0.6));
#5752 = VECTOR('',#5753,1.);
#5753 = DIRECTION('',(-1.,0.,0.));
#5754 = ORIENTED_EDGE('',*,*,#5755,.T.);
#5755 = EDGE_CURVE('',#5748,#5756,#5758,.T.);
#5756 = VERTEX_POINT('',#5757);
#5757 = CARTESIAN_POINT('',(7.3,-0.32,0.6));
#5758 = LINE('',#5759,#5760);
#5759 = CARTESIAN_POINT('',(7.3,0.,0.6));
#5760 = VECTOR('',#5761,1.);
#5761 = DIRECTION('',(0.,-1.,0.));
#5762 = ORIENTED_EDGE('',*,*,#5763,.T.);
#5763 = EDGE_CURVE('',#5756,#5740,#5764,.T.);
#5764 = LINE('',#5765,#5766);
#5765 = CARTESIAN_POINT('',(7.46,-0.32,0.6));
#5766 = VECTOR('',#5767,1.);
#5767 = DIRECTION('',(1.,0.,0.));
#5768 = PLANE('',#5769);
#5769 = AXIS2_PLACEMENT_3D('',#5770,#5771,#5772);
#5770 = CARTESIAN_POINT('',(7.62,0.,0.6));
#5771 = DIRECTION('',(-0.,-0.,-1.));
#5772 = DIRECTION('',(-1.,0.,0.));
#5773 = ADVANCED_FACE('',(#5774),#5792,.F.);
#5774 = FACE_BOUND('',#5775,.F.);
#5775 = EDGE_LOOP('',(#5776,#5784,#5785,#5786));
#5776 = ORIENTED_EDGE('',*,*,#5777,.T.);
#5777 = EDGE_CURVE('',#5778,#5720,#5780,.T.);
#5778 = VERTEX_POINT('',#5779);
#5779 = CARTESIAN_POINT('',(8.37,2.9,0.));
#5780 = LINE('',#5781,#5782);
#5781 = CARTESIAN_POINT('',(8.37,2.9,0.));
#5782 = VECTOR('',#5783,1.);
#5783 = DIRECTION('',(0.,0.,1.));
#5784 = ORIENTED_EDGE('',*,*,#5727,.T.);
#5785 = ORIENTED_EDGE('',*,*,#4942,.F.);
#5786 = ORIENTED_EDGE('',*,*,#5787,.F.);
#5787 = EDGE_CURVE('',#5778,#4943,#5788,.T.);
#5788 = LINE('',#5789,#5790);
#5789 = CARTESIAN_POINT('',(8.37,2.9,0.));
#5790 = VECTOR('',#5791,1.);
#5791 = DIRECTION('',(0.,-1.,0.));
#5792 = PLANE('',#5793);
#5793 = AXIS2_PLACEMENT_3D('',#5794,#5795,#5796);
#5794 = CARTESIAN_POINT('',(8.37,2.9,0.));
#5795 = DIRECTION('',(1.,0.,0.));
#5796 = DIRECTION('',(0.,-1.,0.));
#5797 = ADVANCED_FACE('',(#5798,#5816),#5850,.F.);
#5798 = FACE_BOUND('',#5799,.F.);
#5799 = EDGE_LOOP('',(#5800,#5801,#5802,#5810));
#5800 = ORIENTED_EDGE('',*,*,#5787,.T.);
#5801 = ORIENTED_EDGE('',*,*,#4950,.T.);
#5802 = ORIENTED_EDGE('',*,*,#5803,.T.);
#5803 = EDGE_CURVE('',#4951,#5804,#5806,.T.);
#5804 = VERTEX_POINT('',#5805);
#5805 = CARTESIAN_POINT('',(9.41,2.9,0.));
#5806 = LINE('',#5807,#5808);
#5807 = CARTESIAN_POINT('',(9.41,-2.9,0.));
#5808 = VECTOR('',#5809,1.);
#5809 = DIRECTION('',(0.,1.,0.));
#5810 = ORIENTED_EDGE('',*,*,#5811,.T.);
#5811 = EDGE_CURVE('',#5804,#5778,#5812,.T.);
#5812 = LINE('',#5813,#5814);
#5813 = CARTESIAN_POINT('',(13.97,2.9,0.));
#5814 = VECTOR('',#5815,1.);
#5815 = DIRECTION('',(-1.,0.,0.));
#5816 = FACE_BOUND('',#5817,.F.);
#5817 = EDGE_LOOP('',(#5818,#5828,#5836,#5844));
#5818 = ORIENTED_EDGE('',*,*,#5819,.F.);
#5819 = EDGE_CURVE('',#5820,#5822,#5824,.T.);
#5820 = VERTEX_POINT('',#5821);
#5821 = CARTESIAN_POINT('',(8.59,-0.6,0.));
#5822 = VERTEX_POINT('',#5823);
#5823 = CARTESIAN_POINT('',(9.19,-0.6,0.));
#5824 = LINE('',#5825,#5826);
#5825 = CARTESIAN_POINT('',(7.47,-0.6,0.));
#5826 = VECTOR('',#5827,1.);
#5827 = DIRECTION('',(1.,0.,0.));
#5828 = ORIENTED_EDGE('',*,*,#5829,.F.);
#5829 = EDGE_CURVE('',#5830,#5820,#5832,.T.);
#5830 = VERTEX_POINT('',#5831);
#5831 = CARTESIAN_POINT('',(8.59,0.6,0.));
#5832 = LINE('',#5833,#5834);
#5833 = CARTESIAN_POINT('',(8.59,0.3,0.));
#5834 = VECTOR('',#5835,1.);
#5835 = DIRECTION('',(0.,-1.,0.));
#5836 = ORIENTED_EDGE('',*,*,#5837,.F.);
#5837 = EDGE_CURVE('',#5838,#5830,#5840,.T.);
#5838 = VERTEX_POINT('',#5839);
#5839 = CARTESIAN_POINT('',(9.19,0.6,0.));
#5840 = LINE('',#5841,#5842);
#5841 = CARTESIAN_POINT('',(7.77,0.6,0.));
#5842 = VECTOR('',#5843,1.);
#5843 = DIRECTION('',(-1.,0.,0.));
#5844 = ORIENTED_EDGE('',*,*,#5845,.F.);
#5845 = EDGE_CURVE('',#5822,#5838,#5846,.T.);
#5846 = LINE('',#5847,#5848);
#5847 = CARTESIAN_POINT('',(9.19,-0.3,0.));
#5848 = VECTOR('',#5849,1.);
#5849 = DIRECTION('',(0.,1.,0.));
#5850 = PLANE('',#5851);
#5851 = AXIS2_PLACEMENT_3D('',#5852,#5853,#5854);
#5852 = CARTESIAN_POINT('',(6.35,-1.688552128707E-16,0.));
#5853 = DIRECTION('',(0.,0.,1.));
#5854 = DIRECTION('',(1.,0.,-0.));
#5855 = ADVANCED_FACE('',(#5856),#5874,.F.);
#5856 = FACE_BOUND('',#5857,.F.);
#5857 = EDGE_LOOP('',(#5858,#5859,#5867,#5873));
#5858 = ORIENTED_EDGE('',*,*,#4958,.T.);
#5859 = ORIENTED_EDGE('',*,*,#5860,.T.);
#5860 = EDGE_CURVE('',#4959,#5861,#5863,.T.);
#5861 = VERTEX_POINT('',#5862);
#5862 = CARTESIAN_POINT('',(9.41,2.9,0.6));
#5863 = LINE('',#5864,#5865);
#5864 = CARTESIAN_POINT('',(9.41,-2.9,0.6));
#5865 = VECTOR('',#5866,1.);
#5866 = DIRECTION('',(0.,1.,0.));
#5867 = ORIENTED_EDGE('',*,*,#5868,.F.);
#5868 = EDGE_CURVE('',#5804,#5861,#5869,.T.);
#5869 = LINE('',#5870,#5871);
#5870 = CARTESIAN_POINT('',(9.41,2.9,0.));
#5871 = VECTOR('',#5872,1.);
#5872 = DIRECTION('',(0.,0.,1.));
#5873 = ORIENTED_EDGE('',*,*,#5803,.F.);
#5874 = PLANE('',#5875);
#5875 = AXIS2_PLACEMENT_3D('',#5876,#5877,#5878);
#5876 = CARTESIAN_POINT('',(9.41,-2.9,0.));
#5877 = DIRECTION('',(-1.,0.,0.));
#5878 = DIRECTION('',(0.,1.,0.));
#5879 = ADVANCED_FACE('',(#5880,#5898),#5932,.T.);
#5880 = FACE_BOUND('',#5881,.T.);
#5881 = EDGE_LOOP('',(#5882,#5890,#5896,#5897));
#5882 = ORIENTED_EDGE('',*,*,#5883,.T.);
#5883 = EDGE_CURVE('',#5861,#5884,#5886,.T.);
#5884 = VERTEX_POINT('',#5885);
#5885 = CARTESIAN_POINT('',(10.91,2.9,0.6));
#5886 = LINE('',#5887,#5888);
#5887 = CARTESIAN_POINT('',(9.41,2.9,0.6));
#5888 = VECTOR('',#5889,1.);
#5889 = DIRECTION('',(1.,0.,0.));
#5890 = ORIENTED_EDGE('',*,*,#5891,.T.);
#5891 = EDGE_CURVE('',#5884,#4967,#5892,.T.);
#5892 = LINE('',#5893,#5894);
#5893 = CARTESIAN_POINT('',(10.91,2.9,0.6));
#5894 = VECTOR('',#5895,1.);
#5895 = DIRECTION('',(0.,-1.,0.));
#5896 = ORIENTED_EDGE('',*,*,#4966,.T.);
#5897 = ORIENTED_EDGE('',*,*,#5860,.T.);
#5898 = FACE_BOUND('',#5899,.T.);
#5899 = EDGE_LOOP('',(#5900,#5910,#5918,#5926));
#5900 = ORIENTED_EDGE('',*,*,#5901,.T.);
#5901 = EDGE_CURVE('',#5902,#5904,#5906,.T.);
#5902 = VERTEX_POINT('',#5903);
#5903 = CARTESIAN_POINT('',(10.48,0.32,0.6));
#5904 = VERTEX_POINT('',#5905);
#5905 = CARTESIAN_POINT('',(9.84,0.32,0.6));
#5906 = LINE('',#5907,#5908);
#5907 = CARTESIAN_POINT('',(10.,0.32,0.6));
#5908 = VECTOR('',#5909,1.);
#5909 = DIRECTION('',(-1.,0.,0.));
#5910 = ORIENTED_EDGE('',*,*,#5911,.T.);
#5911 = EDGE_CURVE('',#5904,#5912,#5914,.T.);
#5912 = VERTEX_POINT('',#5913);
#5913 = CARTESIAN_POINT('',(9.84,-0.32,0.6));
#5914 = LINE('',#5915,#5916);
#5915 = CARTESIAN_POINT('',(9.84,0.,0.6));
#5916 = VECTOR('',#5917,1.);
#5917 = DIRECTION('',(0.,-1.,0.));
#5918 = ORIENTED_EDGE('',*,*,#5919,.T.);
#5919 = EDGE_CURVE('',#5912,#5920,#5922,.T.);
#5920 = VERTEX_POINT('',#5921);
#5921 = CARTESIAN_POINT('',(10.48,-0.32,0.6));
#5922 = LINE('',#5923,#5924);
#5923 = CARTESIAN_POINT('',(10.,-0.32,0.6));
#5924 = VECTOR('',#5925,1.);
#5925 = DIRECTION('',(1.,0.,0.));
#5926 = ORIENTED_EDGE('',*,*,#5927,.F.);
#5927 = EDGE_CURVE('',#5902,#5920,#5928,.T.);
#5928 = LINE('',#5929,#5930);
#5929 = CARTESIAN_POINT('',(10.48,0.,0.6));
#5930 = VECTOR('',#5931,1.);
#5931 = DIRECTION('',(0.,-1.,0.));
#5932 = PLANE('',#5933);
#5933 = AXIS2_PLACEMENT_3D('',#5934,#5935,#5936);
#5934 = CARTESIAN_POINT('',(10.16,0.,0.6));
#5935 = DIRECTION('',(-0.,-0.,-1.));
#5936 = DIRECTION('',(-1.,0.,0.));
#5937 = ADVANCED_FACE('',(#5938),#5956,.F.);
#5938 = FACE_BOUND('',#5939,.F.);
#5939 = EDGE_LOOP('',(#5940,#5948,#5949,#5950));
#5940 = ORIENTED_EDGE('',*,*,#5941,.T.);
#5941 = EDGE_CURVE('',#5942,#5884,#5944,.T.);
#5942 = VERTEX_POINT('',#5943);
#5943 = CARTESIAN_POINT('',(10.91,2.9,0.));
#5944 = LINE('',#5945,#5946);
#5945 = CARTESIAN_POINT('',(10.91,2.9,0.));
#5946 = VECTOR('',#5947,1.);
#5947 = DIRECTION('',(0.,0.,1.));
#5948 = ORIENTED_EDGE('',*,*,#5891,.T.);
#5949 = ORIENTED_EDGE('',*,*,#4974,.F.);
#5950 = ORIENTED_EDGE('',*,*,#5951,.F.);
#5951 = EDGE_CURVE('',#5942,#4975,#5952,.T.);
#5952 = LINE('',#5953,#5954);
#5953 = CARTESIAN_POINT('',(10.91,2.9,0.));
#5954 = VECTOR('',#5955,1.);
#5955 = DIRECTION('',(0.,-1.,0.));
#5956 = PLANE('',#5957);
#5957 = AXIS2_PLACEMENT_3D('',#5958,#5959,#5960);
#5958 = CARTESIAN_POINT('',(10.91,2.9,0.));
#5959 = DIRECTION('',(1.,0.,0.));
#5960 = DIRECTION('',(0.,-1.,0.));
#5961 = ADVANCED_FACE('',(#5962,#5980),#6014,.F.);
#5962 = FACE_BOUND('',#5963,.F.);
#5963 = EDGE_LOOP('',(#5964,#5965,#5966,#5974));
#5964 = ORIENTED_EDGE('',*,*,#5951,.T.);
#5965 = ORIENTED_EDGE('',*,*,#4982,.T.);
#5966 = ORIENTED_EDGE('',*,*,#5967,.T.);
#5967 = EDGE_CURVE('',#4983,#5968,#5970,.T.);
#5968 = VERTEX_POINT('',#5969);
#5969 = CARTESIAN_POINT('',(11.95,2.9,0.));
#5970 = LINE('',#5971,#5972);
#5971 = CARTESIAN_POINT('',(11.95,-2.9,0.));
#5972 = VECTOR('',#5973,1.);
#5973 = DIRECTION('',(0.,1.,0.));
#5974 = ORIENTED_EDGE('',*,*,#5975,.T.);
#5975 = EDGE_CURVE('',#5968,#5942,#5976,.T.);
#5976 = LINE('',#5977,#5978);
#5977 = CARTESIAN_POINT('',(13.97,2.9,0.));
#5978 = VECTOR('',#5979,1.);
#5979 = DIRECTION('',(-1.,0.,0.));
#5980 = FACE_BOUND('',#5981,.F.);
#5981 = EDGE_LOOP('',(#5982,#5992,#6000,#6008));
#5982 = ORIENTED_EDGE('',*,*,#5983,.F.);
#5983 = EDGE_CURVE('',#5984,#5986,#5988,.T.);
#5984 = VERTEX_POINT('',#5985);
#5985 = CARTESIAN_POINT('',(11.13,0.6,0.));
#5986 = VERTEX_POINT('',#5987);
#5987 = CARTESIAN_POINT('',(11.13,-0.6,0.));
#5988 = LINE('',#5989,#5990);
#5989 = CARTESIAN_POINT('',(11.13,0.3,0.));
#5990 = VECTOR('',#5991,1.);
#5991 = DIRECTION('',(0.,-1.,0.));
#5992 = ORIENTED_EDGE('',*,*,#5993,.F.);
#5993 = EDGE_CURVE('',#5994,#5984,#5996,.T.);
#5994 = VERTEX_POINT('',#5995);
#5995 = CARTESIAN_POINT('',(11.73,0.6,0.));
#5996 = LINE('',#5997,#5998);
#5997 = CARTESIAN_POINT('',(9.04,0.6,0.));
#5998 = VECTOR('',#5999,1.);
#5999 = DIRECTION('',(-1.,0.,0.));
#6000 = ORIENTED_EDGE('',*,*,#6001,.F.);
#6001 = EDGE_CURVE('',#6002,#5994,#6004,.T.);
#6002 = VERTEX_POINT('',#6003);
#6003 = CARTESIAN_POINT('',(11.73,-0.6,0.));
#6004 = LINE('',#6005,#6006);
#6005 = CARTESIAN_POINT('',(11.73,-0.3,0.));
#6006 = VECTOR('',#6007,1.);
#6007 = DIRECTION('',(0.,1.,0.));
#6008 = ORIENTED_EDGE('',*,*,#6009,.F.);
#6009 = EDGE_CURVE('',#5986,#6002,#6010,.T.);
#6010 = LINE('',#6011,#6012);
#6011 = CARTESIAN_POINT('',(8.74,-0.6,0.));
#6012 = VECTOR('',#6013,1.);
#6013 = DIRECTION('',(1.,0.,0.));
#6014 = PLANE('',#6015);
#6015 = AXIS2_PLACEMENT_3D('',#6016,#6017,#6018);
#6016 = CARTESIAN_POINT('',(6.35,-1.688552128707E-16,0.));
#6017 = DIRECTION('',(0.,0.,1.));
#6018 = DIRECTION('',(1.,0.,-0.));
#6019 = ADVANCED_FACE('',(#6020),#6038,.F.);
#6020 = FACE_BOUND('',#6021,.F.);
#6021 = EDGE_LOOP('',(#6022,#6023,#6031,#6037));
#6022 = ORIENTED_EDGE('',*,*,#4990,.T.);
#6023 = ORIENTED_EDGE('',*,*,#6024,.T.);
#6024 = EDGE_CURVE('',#4991,#6025,#6027,.T.);
#6025 = VERTEX_POINT('',#6026);
#6026 = CARTESIAN_POINT('',(11.95,2.9,0.6));
#6027 = LINE('',#6028,#6029);
#6028 = CARTESIAN_POINT('',(11.95,-2.9,0.6));
#6029 = VECTOR('',#6030,1.);
#6030 = DIRECTION('',(0.,1.,0.));
#6031 = ORIENTED_EDGE('',*,*,#6032,.F.);
#6032 = EDGE_CURVE('',#5968,#6025,#6033,.T.);
#6033 = LINE('',#6034,#6035);
#6034 = CARTESIAN_POINT('',(11.95,2.9,0.));
#6035 = VECTOR('',#6036,1.);
#6036 = DIRECTION('',(0.,0.,1.));
#6037 = ORIENTED_EDGE('',*,*,#5967,.F.);
#6038 = PLANE('',#6039);
#6039 = AXIS2_PLACEMENT_3D('',#6040,#6041,#6042);
#6040 = CARTESIAN_POINT('',(11.95,-2.9,0.));
#6041 = DIRECTION('',(-1.,0.,0.));
#6042 = DIRECTION('',(0.,1.,0.));
#6043 = ADVANCED_FACE('',(#6044,#6062),#6096,.T.);
#6044 = FACE_BOUND('',#6045,.T.);
#6045 = EDGE_LOOP('',(#6046,#6054,#6060,#6061));
#6046 = ORIENTED_EDGE('',*,*,#6047,.T.);
#6047 = EDGE_CURVE('',#6025,#6048,#6050,.T.);
#6048 = VERTEX_POINT('',#6049);
#6049 = CARTESIAN_POINT('',(13.45,2.9,0.6));
#6050 = LINE('',#6051,#6052);
#6051 = CARTESIAN_POINT('',(11.95,2.9,0.6));
#6052 = VECTOR('',#6053,1.);
#6053 = DIRECTION('',(1.,0.,0.));
#6054 = ORIENTED_EDGE('',*,*,#6055,.T.);
#6055 = EDGE_CURVE('',#6048,#4999,#6056,.T.);
#6056 = LINE('',#6057,#6058);
#6057 = CARTESIAN_POINT('',(13.45,2.9,0.6));
#6058 = VECTOR('',#6059,1.);
#6059 = DIRECTION('',(0.,-1.,0.));
#6060 = ORIENTED_EDGE('',*,*,#4998,.T.);
#6061 = ORIENTED_EDGE('',*,*,#6024,.T.);
#6062 = FACE_BOUND('',#6063,.T.);
#6063 = EDGE_LOOP('',(#6064,#6074,#6082,#6090));
#6064 = ORIENTED_EDGE('',*,*,#6065,.T.);
#6065 = EDGE_CURVE('',#6066,#6068,#6070,.T.);
#6066 = VERTEX_POINT('',#6067);
#6067 = CARTESIAN_POINT('',(12.38,0.32,0.6));
#6068 = VERTEX_POINT('',#6069);
#6069 = CARTESIAN_POINT('',(12.38,-0.32,0.6));
#6070 = LINE('',#6071,#6072);
#6071 = CARTESIAN_POINT('',(12.38,0.,0.6));
#6072 = VECTOR('',#6073,1.);
#6073 = DIRECTION('',(0.,-1.,0.));
#6074 = ORIENTED_EDGE('',*,*,#6075,.T.);
#6075 = EDGE_CURVE('',#6068,#6076,#6078,.T.);
#6076 = VERTEX_POINT('',#6077);
#6077 = CARTESIAN_POINT('',(13.02,-0.32,0.6));
#6078 = LINE('',#6079,#6080);
#6079 = CARTESIAN_POINT('',(12.54,-0.32,0.6));
#6080 = VECTOR('',#6081,1.);
#6081 = DIRECTION('',(1.,0.,0.));
#6082 = ORIENTED_EDGE('',*,*,#6083,.F.);
#6083 = EDGE_CURVE('',#6084,#6076,#6086,.T.);
#6084 = VERTEX_POINT('',#6085);
#6085 = CARTESIAN_POINT('',(13.02,0.32,0.6));
#6086 = LINE('',#6087,#6088);
#6087 = CARTESIAN_POINT('',(13.02,0.,0.6));
#6088 = VECTOR('',#6089,1.);
#6089 = DIRECTION('',(0.,-1.,0.));
#6090 = ORIENTED_EDGE('',*,*,#6091,.T.);
#6091 = EDGE_CURVE('',#6084,#6066,#6092,.T.);
#6092 = LINE('',#6093,#6094);
#6093 = CARTESIAN_POINT('',(12.54,0.32,0.6));
#6094 = VECTOR('',#6095,1.);
#6095 = DIRECTION('',(-1.,0.,0.));
#6096 = PLANE('',#6097);
#6097 = AXIS2_PLACEMENT_3D('',#6098,#6099,#6100);
#6098 = CARTESIAN_POINT('',(12.7,0.,0.6));
#6099 = DIRECTION('',(-0.,-0.,-1.));
#6100 = DIRECTION('',(-1.,0.,0.));
#6101 = ADVANCED_FACE('',(#6102),#6120,.F.);
#6102 = FACE_BOUND('',#6103,.F.);
#6103 = EDGE_LOOP('',(#6104,#6112,#6113,#6114));
#6104 = ORIENTED_EDGE('',*,*,#6105,.T.);
#6105 = EDGE_CURVE('',#6106,#6048,#6108,.T.);
#6106 = VERTEX_POINT('',#6107);
#6107 = CARTESIAN_POINT('',(13.45,2.9,0.));
#6108 = LINE('',#6109,#6110);
#6109 = CARTESIAN_POINT('',(13.45,2.9,0.));
#6110 = VECTOR('',#6111,1.);
#6111 = DIRECTION('',(0.,0.,1.));
#6112 = ORIENTED_EDGE('',*,*,#6055,.T.);
#6113 = ORIENTED_EDGE('',*,*,#5006,.F.);
#6114 = ORIENTED_EDGE('',*,*,#6115,.F.);
#6115 = EDGE_CURVE('',#6106,#5007,#6116,.T.);
#6116 = LINE('',#6117,#6118);
#6117 = CARTESIAN_POINT('',(13.45,2.9,0.));
#6118 = VECTOR('',#6119,1.);
#6119 = DIRECTION('',(0.,-1.,0.));
#6120 = PLANE('',#6121);
#6121 = AXIS2_PLACEMENT_3D('',#6122,#6123,#6124);
#6122 = CARTESIAN_POINT('',(13.45,2.9,0.));
#6123 = DIRECTION('',(1.,0.,0.));
#6124 = DIRECTION('',(0.,-1.,0.));
#6125 = ADVANCED_FACE('',(#6126),#6144,.F.);
#6126 = FACE_BOUND('',#6127,.F.);
#6127 = EDGE_LOOP('',(#6128,#6129,#6130,#6138));
#6128 = ORIENTED_EDGE('',*,*,#6115,.T.);
#6129 = ORIENTED_EDGE('',*,*,#5014,.T.);
#6130 = ORIENTED_EDGE('',*,*,#6131,.T.);
#6131 = EDGE_CURVE('',#5015,#6132,#6134,.T.);
#6132 = VERTEX_POINT('',#6133);
#6133 = CARTESIAN_POINT('',(13.97,2.9,0.));
#6134 = LINE('',#6135,#6136);
#6135 = CARTESIAN_POINT('',(13.97,-2.9,0.));
#6136 = VECTOR('',#6137,1.);
#6137 = DIRECTION('',(0.,1.,0.));
#6138 = ORIENTED_EDGE('',*,*,#6139,.T.);
#6139 = EDGE_CURVE('',#6132,#6106,#6140,.T.);
#6140 = LINE('',#6141,#6142);
#6141 = CARTESIAN_POINT('',(13.97,2.9,0.));
#6142 = VECTOR('',#6143,1.);
#6143 = DIRECTION('',(-1.,0.,0.));
#6144 = PLANE('',#6145);
#6145 = AXIS2_PLACEMENT_3D('',#6146,#6147,#6148);
#6146 = CARTESIAN_POINT('',(6.35,-1.688552128707E-16,0.));
#6147 = DIRECTION('',(0.,0.,1.));
#6148 = DIRECTION('',(1.,0.,-0.));
#6149 = ADVANCED_FACE('',(#6150),#6168,.F.);
#6150 = FACE_BOUND('',#6151,.F.);
#6151 = EDGE_LOOP('',(#6152,#6153,#6161,#6167));
#6152 = ORIENTED_EDGE('',*,*,#5022,.T.);
#6153 = ORIENTED_EDGE('',*,*,#6154,.T.);
#6154 = EDGE_CURVE('',#5023,#6155,#6157,.T.);
#6155 = VERTEX_POINT('',#6156);
#6156 = CARTESIAN_POINT('',(13.97,2.9,3.17));
#6157 = LINE('',#6158,#6159);
#6158 = CARTESIAN_POINT('',(13.97,-2.9,3.17));
#6159 = VECTOR('',#6160,1.);
#6160 = DIRECTION('',(0.,1.,0.));
#6161 = ORIENTED_EDGE('',*,*,#6162,.F.);
#6162 = EDGE_CURVE('',#6132,#6155,#6163,.T.);
#6163 = LINE('',#6164,#6165);
#6164 = CARTESIAN_POINT('',(13.97,2.9,0.));
#6165 = VECTOR('',#6166,1.);
#6166 = DIRECTION('',(0.,0.,1.));
#6167 = ORIENTED_EDGE('',*,*,#6131,.F.);
#6168 = PLANE('',#6169);
#6169 = AXIS2_PLACEMENT_3D('',#6170,#6171,#6172);
#6170 = CARTESIAN_POINT('',(13.97,-2.9,0.));
#6171 = DIRECTION('',(-1.,0.,0.));
#6172 = DIRECTION('',(0.,1.,0.));
#6173 = ADVANCED_FACE('',(#6174,#6215,#6249,#6283,#6317,#6351,#6385,
    #6419,#6453,#6487,#6521,#6555),#6589,.T.);
#6174 = FACE_BOUND('',#6175,.T.);
#6175 = EDGE_LOOP('',(#6176,#6184,#6185,#6193,#6201,#6207,#6208,#6209));
#6176 = ORIENTED_EDGE('',*,*,#6177,.T.);
#6177 = EDGE_CURVE('',#6178,#5070,#6180,.T.);
#6178 = VERTEX_POINT('',#6179);
#6179 = CARTESIAN_POINT('',(-1.27,2.9,3.17));
#6180 = LINE('',#6181,#6182);
#6181 = CARTESIAN_POINT('',(-1.27,2.9,3.17));
#6182 = VECTOR('',#6183,1.);
#6183 = DIRECTION('',(0.,-1.,0.));
#6184 = ORIENTED_EDGE('',*,*,#5069,.T.);
#6185 = ORIENTED_EDGE('',*,*,#6186,.F.);
#6186 = EDGE_CURVE('',#6187,#5062,#6189,.T.);
#6187 = VERTEX_POINT('',#6188);
#6188 = CARTESIAN_POINT('',(0.,-1.3,3.17));
#6189 = LINE('',#6190,#6191);
#6190 = CARTESIAN_POINT('',(0.,-1.3,3.17));
#6191 = VECTOR('',#6192,1.);
#6192 = DIRECTION('',(-0.,-1.,-0.));
#6193 = ORIENTED_EDGE('',*,*,#6194,.F.);
#6194 = EDGE_CURVE('',#6195,#6187,#6197,.T.);
#6195 = VERTEX_POINT('',#6196);
#6196 = CARTESIAN_POINT('',(12.7,-1.3,3.17));
#6197 = LINE('',#6198,#6199);
#6198 = CARTESIAN_POINT('',(6.35,-1.3,3.17));
#6199 = VECTOR('',#6200,1.);
#6200 = DIRECTION('',(-1.,-0.,-0.));
#6201 = ORIENTED_EDGE('',*,*,#6202,.T.);
#6202 = EDGE_CURVE('',#6195,#5031,#6203,.T.);
#6203 = LINE('',#6204,#6205);
#6204 = CARTESIAN_POINT('',(12.7,-1.3,3.17));
#6205 = VECTOR('',#6206,1.);
#6206 = DIRECTION('',(0.,-1.,0.));
#6207 = ORIENTED_EDGE('',*,*,#5030,.T.);
#6208 = ORIENTED_EDGE('',*,*,#6154,.T.);
#6209 = ORIENTED_EDGE('',*,*,#6210,.T.);
#6210 = EDGE_CURVE('',#6155,#6178,#6211,.T.);
#6211 = LINE('',#6212,#6213);
#6212 = CARTESIAN_POINT('',(13.97,2.9,3.17));
#6213 = VECTOR('',#6214,1.);
#6214 = DIRECTION('',(-1.,0.,0.));
#6215 = FACE_BOUND('',#6216,.T.);
#6216 = EDGE_LOOP('',(#6217,#6227,#6235,#6243));
#6217 = ORIENTED_EDGE('',*,*,#6218,.F.);
#6218 = EDGE_CURVE('',#6219,#6221,#6223,.T.);
#6219 = VERTEX_POINT('',#6220);
#6220 = CARTESIAN_POINT('',(7.94,-0.32,3.17));
#6221 = VERTEX_POINT('',#6222);
#6222 = CARTESIAN_POINT('',(7.94,0.32,3.17));
#6223 = LINE('',#6224,#6225);
#6224 = CARTESIAN_POINT('',(7.94,-8.442760643537E-17,3.17));
#6225 = VECTOR('',#6226,1.);
#6226 = DIRECTION('',(0.,1.,0.));
#6227 = ORIENTED_EDGE('',*,*,#6228,.T.);
#6228 = EDGE_CURVE('',#6219,#6229,#6231,.T.);
#6229 = VERTEX_POINT('',#6230);
#6230 = CARTESIAN_POINT('',(7.3,-0.32,3.17));
#6231 = LINE('',#6232,#6233);
#6232 = CARTESIAN_POINT('',(6.825,-0.32,3.17));
#6233 = VECTOR('',#6234,1.);
#6234 = DIRECTION('',(-1.,0.,0.));
#6235 = ORIENTED_EDGE('',*,*,#6236,.T.);
#6236 = EDGE_CURVE('',#6229,#6237,#6239,.T.);
#6237 = VERTEX_POINT('',#6238);
#6238 = CARTESIAN_POINT('',(7.3,0.32,3.17));
#6239 = LINE('',#6240,#6241);
#6240 = CARTESIAN_POINT('',(7.3,-8.442760643537E-17,3.17));
#6241 = VECTOR('',#6242,1.);
#6242 = DIRECTION('',(0.,1.,0.));
#6243 = ORIENTED_EDGE('',*,*,#6244,.T.);
#6244 = EDGE_CURVE('',#6237,#6221,#6245,.T.);
#6245 = LINE('',#6246,#6247);
#6246 = CARTESIAN_POINT('',(6.825,0.32,3.17));
#6247 = VECTOR('',#6248,1.);
#6248 = DIRECTION('',(1.,0.,0.));
#6249 = FACE_BOUND('',#6250,.T.);
#6250 = EDGE_LOOP('',(#6251,#6261,#6269,#6277));
#6251 = ORIENTED_EDGE('',*,*,#6252,.F.);
#6252 = EDGE_CURVE('',#6253,#6255,#6257,.T.);
#6253 = VERTEX_POINT('',#6254);
#6254 = CARTESIAN_POINT('',(8.59,-0.6,3.17));
#6255 = VERTEX_POINT('',#6256);
#6256 = CARTESIAN_POINT('',(9.19,-0.6,3.17));
#6257 = LINE('',#6258,#6259);
#6258 = CARTESIAN_POINT('',(8.59,-0.6,3.17));
#6259 = VECTOR('',#6260,1.);
#6260 = DIRECTION('',(1.,0.,0.));
#6261 = ORIENTED_EDGE('',*,*,#6262,.F.);
#6262 = EDGE_CURVE('',#6263,#6253,#6265,.T.);
#6263 = VERTEX_POINT('',#6264);
#6264 = CARTESIAN_POINT('',(8.59,0.6,3.17));
#6265 = LINE('',#6266,#6267);
#6266 = CARTESIAN_POINT('',(8.59,0.6,3.17));
#6267 = VECTOR('',#6268,1.);
#6268 = DIRECTION('',(0.,-1.,0.));
#6269 = ORIENTED_EDGE('',*,*,#6270,.F.);
#6270 = EDGE_CURVE('',#6271,#6263,#6273,.T.);
#6271 = VERTEX_POINT('',#6272);
#6272 = CARTESIAN_POINT('',(9.19,0.6,3.17));
#6273 = LINE('',#6274,#6275);
#6274 = CARTESIAN_POINT('',(9.19,0.6,3.17));
#6275 = VECTOR('',#6276,1.);
#6276 = DIRECTION('',(-1.,0.,0.));
#6277 = ORIENTED_EDGE('',*,*,#6278,.F.);
#6278 = EDGE_CURVE('',#6255,#6271,#6279,.T.);
#6279 = LINE('',#6280,#6281);
#6280 = CARTESIAN_POINT('',(9.19,-0.6,3.17));
#6281 = VECTOR('',#6282,1.);
#6282 = DIRECTION('',(0.,1.,0.));
#6283 = FACE_BOUND('',#6284,.T.);
#6284 = EDGE_LOOP('',(#6285,#6295,#6303,#6311));
#6285 = ORIENTED_EDGE('',*,*,#6286,.F.);
#6286 = EDGE_CURVE('',#6287,#6289,#6291,.T.);
#6287 = VERTEX_POINT('',#6288);
#6288 = CARTESIAN_POINT('',(13.02,-0.32,3.17));
#6289 = VERTEX_POINT('',#6290);
#6290 = CARTESIAN_POINT('',(13.02,0.32,3.17));
#6291 = LINE('',#6292,#6293);
#6292 = CARTESIAN_POINT('',(13.02,-8.442760643537E-17,3.17));
#6293 = VECTOR('',#6294,1.);
#6294 = DIRECTION('',(0.,1.,0.));
#6295 = ORIENTED_EDGE('',*,*,#6296,.T.);
#6296 = EDGE_CURVE('',#6287,#6297,#6299,.T.);
#6297 = VERTEX_POINT('',#6298);
#6298 = CARTESIAN_POINT('',(12.38,-0.32,3.17));
#6299 = LINE('',#6300,#6301);
#6300 = CARTESIAN_POINT('',(9.365,-0.32,3.17));
#6301 = VECTOR('',#6302,1.);
#6302 = DIRECTION('',(-1.,0.,0.));
#6303 = ORIENTED_EDGE('',*,*,#6304,.T.);
#6304 = EDGE_CURVE('',#6297,#6305,#6307,.T.);
#6305 = VERTEX_POINT('',#6306);
#6306 = CARTESIAN_POINT('',(12.38,0.32,3.17));
#6307 = LINE('',#6308,#6309);
#6308 = CARTESIAN_POINT('',(12.38,-8.442760643537E-17,3.17));
#6309 = VECTOR('',#6310,1.);
#6310 = DIRECTION('',(0.,1.,0.));
#6311 = ORIENTED_EDGE('',*,*,#6312,.T.);
#6312 = EDGE_CURVE('',#6305,#6289,#6313,.T.);
#6313 = LINE('',#6314,#6315);
#6314 = CARTESIAN_POINT('',(9.365,0.32,3.17));
#6315 = VECTOR('',#6316,1.);
#6316 = DIRECTION('',(1.,0.,0.));
#6317 = FACE_BOUND('',#6318,.T.);
#6318 = EDGE_LOOP('',(#6319,#6329,#6337,#6345));
#6319 = ORIENTED_EDGE('',*,*,#6320,.F.);
#6320 = EDGE_CURVE('',#6321,#6323,#6325,.T.);
#6321 = VERTEX_POINT('',#6322);
#6322 = CARTESIAN_POINT('',(11.13,0.6,3.17));
#6323 = VERTEX_POINT('',#6324);
#6324 = CARTESIAN_POINT('',(11.13,-0.6,3.17));
#6325 = LINE('',#6326,#6327);
#6326 = CARTESIAN_POINT('',(11.13,0.6,3.17));
#6327 = VECTOR('',#6328,1.);
#6328 = DIRECTION('',(0.,-1.,0.));
#6329 = ORIENTED_EDGE('',*,*,#6330,.F.);
#6330 = EDGE_CURVE('',#6331,#6321,#6333,.T.);
#6331 = VERTEX_POINT('',#6332);
#6332 = CARTESIAN_POINT('',(11.73,0.6,3.17));
#6333 = LINE('',#6334,#6335);
#6334 = CARTESIAN_POINT('',(11.73,0.6,3.17));
#6335 = VECTOR('',#6336,1.);
#6336 = DIRECTION('',(-1.,0.,0.));
#6337 = ORIENTED_EDGE('',*,*,#6338,.F.);
#6338 = EDGE_CURVE('',#6339,#6331,#6341,.T.);
#6339 = VERTEX_POINT('',#6340);
#6340 = CARTESIAN_POINT('',(11.73,-0.6,3.17));
#6341 = LINE('',#6342,#6343);
#6342 = CARTESIAN_POINT('',(11.73,-0.6,3.17));
#6343 = VECTOR('',#6344,1.);
#6344 = DIRECTION('',(0.,1.,0.));
#6345 = ORIENTED_EDGE('',*,*,#6346,.F.);
#6346 = EDGE_CURVE('',#6323,#6339,#6347,.T.);
#6347 = LINE('',#6348,#6349);
#6348 = CARTESIAN_POINT('',(11.13,-0.6,3.17));
#6349 = VECTOR('',#6350,1.);
#6350 = DIRECTION('',(1.,0.,0.));
#6351 = FACE_BOUND('',#6352,.T.);
#6352 = EDGE_LOOP('',(#6353,#6363,#6371,#6379));
#6353 = ORIENTED_EDGE('',*,*,#6354,.T.);
#6354 = EDGE_CURVE('',#6355,#6357,#6359,.T.);
#6355 = VERTEX_POINT('',#6356);
#6356 = CARTESIAN_POINT('',(10.48,-0.32,3.17));
#6357 = VERTEX_POINT('',#6358);
#6358 = CARTESIAN_POINT('',(9.84,-0.32,3.17));
#6359 = LINE('',#6360,#6361);
#6360 = CARTESIAN_POINT('',(8.095,-0.32,3.17));
#6361 = VECTOR('',#6362,1.);
#6362 = DIRECTION('',(-1.,0.,0.));
#6363 = ORIENTED_EDGE('',*,*,#6364,.T.);
#6364 = EDGE_CURVE('',#6357,#6365,#6367,.T.);
#6365 = VERTEX_POINT('',#6366);
#6366 = CARTESIAN_POINT('',(9.84,0.32,3.17));
#6367 = LINE('',#6368,#6369);
#6368 = CARTESIAN_POINT('',(9.84,-8.442760643537E-17,3.17));
#6369 = VECTOR('',#6370,1.);
#6370 = DIRECTION('',(0.,1.,0.));
#6371 = ORIENTED_EDGE('',*,*,#6372,.T.);
#6372 = EDGE_CURVE('',#6365,#6373,#6375,.T.);
#6373 = VERTEX_POINT('',#6374);
#6374 = CARTESIAN_POINT('',(10.48,0.32,3.17));
#6375 = LINE('',#6376,#6377);
#6376 = CARTESIAN_POINT('',(8.095,0.32,3.17));
#6377 = VECTOR('',#6378,1.);
#6378 = DIRECTION('',(1.,0.,0.));
#6379 = ORIENTED_EDGE('',*,*,#6380,.F.);
#6380 = EDGE_CURVE('',#6355,#6373,#6381,.T.);
#6381 = LINE('',#6382,#6383);
#6382 = CARTESIAN_POINT('',(10.48,-8.442760643537E-17,3.17));
#6383 = VECTOR('',#6384,1.);
#6384 = DIRECTION('',(0.,1.,0.));
#6385 = FACE_BOUND('',#6386,.T.);
#6386 = EDGE_LOOP('',(#6387,#6397,#6405,#6413));
#6387 = ORIENTED_EDGE('',*,*,#6388,.F.);
#6388 = EDGE_CURVE('',#6389,#6391,#6393,.T.);
#6389 = VERTEX_POINT('',#6390);
#6390 = CARTESIAN_POINT('',(1.57,-0.6,3.17));
#6391 = VERTEX_POINT('',#6392);
#6392 = CARTESIAN_POINT('',(1.57,0.6,3.17));
#6393 = LINE('',#6394,#6395);
#6394 = CARTESIAN_POINT('',(1.57,-0.6,3.17));
#6395 = VECTOR('',#6396,1.);
#6396 = DIRECTION('',(0.,1.,0.));
#6397 = ORIENTED_EDGE('',*,*,#6398,.F.);
#6398 = EDGE_CURVE('',#6399,#6389,#6401,.T.);
#6399 = VERTEX_POINT('',#6400);
#6400 = CARTESIAN_POINT('',(0.97,-0.6,3.17));
#6401 = LINE('',#6402,#6403);
#6402 = CARTESIAN_POINT('',(0.97,-0.6,3.17));
#6403 = VECTOR('',#6404,1.);
#6404 = DIRECTION('',(1.,0.,0.));
#6405 = ORIENTED_EDGE('',*,*,#6406,.F.);
#6406 = EDGE_CURVE('',#6407,#6399,#6409,.T.);
#6407 = VERTEX_POINT('',#6408);
#6408 = CARTESIAN_POINT('',(0.97,0.6,3.17));
#6409 = LINE('',#6410,#6411);
#6410 = CARTESIAN_POINT('',(0.97,0.6,3.17));
#6411 = VECTOR('',#6412,1.);
#6412 = DIRECTION('',(0.,-1.,0.));
#6413 = ORIENTED_EDGE('',*,*,#6414,.F.);
#6414 = EDGE_CURVE('',#6391,#6407,#6415,.T.);
#6415 = LINE('',#6416,#6417);
#6416 = CARTESIAN_POINT('',(1.57,0.6,3.17));
#6417 = VECTOR('',#6418,1.);
#6418 = DIRECTION('',(-1.,0.,0.));
#6419 = FACE_BOUND('',#6420,.T.);
#6420 = EDGE_LOOP('',(#6421,#6431,#6439,#6447));
#6421 = ORIENTED_EDGE('',*,*,#6422,.F.);
#6422 = EDGE_CURVE('',#6423,#6425,#6427,.T.);
#6423 = VERTEX_POINT('',#6424);
#6424 = CARTESIAN_POINT('',(4.11,-0.6,3.17));
#6425 = VERTEX_POINT('',#6426);
#6426 = CARTESIAN_POINT('',(4.11,0.6,3.17));
#6427 = LINE('',#6428,#6429);
#6428 = CARTESIAN_POINT('',(4.11,-0.6,3.17));
#6429 = VECTOR('',#6430,1.);
#6430 = DIRECTION('',(0.,1.,0.));
#6431 = ORIENTED_EDGE('',*,*,#6432,.F.);
#6432 = EDGE_CURVE('',#6433,#6423,#6435,.T.);
#6433 = VERTEX_POINT('',#6434);
#6434 = CARTESIAN_POINT('',(3.51,-0.6,3.17));
#6435 = LINE('',#6436,#6437);
#6436 = CARTESIAN_POINT('',(3.51,-0.6,3.17));
#6437 = VECTOR('',#6438,1.);
#6438 = DIRECTION('',(1.,0.,0.));
#6439 = ORIENTED_EDGE('',*,*,#6440,.F.);
#6440 = EDGE_CURVE('',#6441,#6433,#6443,.T.);
#6441 = VERTEX_POINT('',#6442);
#6442 = CARTESIAN_POINT('',(3.51,0.6,3.17));
#6443 = LINE('',#6444,#6445);
#6444 = CARTESIAN_POINT('',(3.51,0.6,3.17));
#6445 = VECTOR('',#6446,1.);
#6446 = DIRECTION('',(0.,-1.,0.));
#6447 = ORIENTED_EDGE('',*,*,#6448,.F.);
#6448 = EDGE_CURVE('',#6425,#6441,#6449,.T.);
#6449 = LINE('',#6450,#6451);
#6450 = CARTESIAN_POINT('',(4.11,0.6,3.17));
#6451 = VECTOR('',#6452,1.);
#6452 = DIRECTION('',(-1.,0.,0.));
#6453 = FACE_BOUND('',#6454,.T.);
#6454 = EDGE_LOOP('',(#6455,#6465,#6473,#6481));
#6455 = ORIENTED_EDGE('',*,*,#6456,.T.);
#6456 = EDGE_CURVE('',#6457,#6459,#6461,.T.);
#6457 = VERTEX_POINT('',#6458);
#6458 = CARTESIAN_POINT('',(2.86,-0.32,3.17));
#6459 = VERTEX_POINT('',#6460);
#6460 = CARTESIAN_POINT('',(2.22,-0.32,3.17));
#6461 = LINE('',#6462,#6463);
#6462 = CARTESIAN_POINT('',(4.285,-0.32,3.17));
#6463 = VECTOR('',#6464,1.);
#6464 = DIRECTION('',(-1.,0.,0.));
#6465 = ORIENTED_EDGE('',*,*,#6466,.T.);
#6466 = EDGE_CURVE('',#6459,#6467,#6469,.T.);
#6467 = VERTEX_POINT('',#6468);
#6468 = CARTESIAN_POINT('',(2.22,0.32,3.17));
#6469 = LINE('',#6470,#6471);
#6470 = CARTESIAN_POINT('',(2.22,-8.442760643537E-17,3.17));
#6471 = VECTOR('',#6472,1.);
#6472 = DIRECTION('',(0.,1.,0.));
#6473 = ORIENTED_EDGE('',*,*,#6474,.T.);
#6474 = EDGE_CURVE('',#6467,#6475,#6477,.T.);
#6475 = VERTEX_POINT('',#6476);
#6476 = CARTESIAN_POINT('',(2.86,0.32,3.17));
#6477 = LINE('',#6478,#6479);
#6478 = CARTESIAN_POINT('',(4.285,0.32,3.17));
#6479 = VECTOR('',#6480,1.);
#6480 = DIRECTION('',(1.,0.,0.));
#6481 = ORIENTED_EDGE('',*,*,#6482,.F.);
#6482 = EDGE_CURVE('',#6457,#6475,#6483,.T.);
#6483 = LINE('',#6484,#6485);
#6484 = CARTESIAN_POINT('',(2.86,-8.442760643537E-17,3.17));
#6485 = VECTOR('',#6486,1.);
#6486 = DIRECTION('',(0.,1.,0.));
#6487 = FACE_BOUND('',#6488,.T.);
#6488 = EDGE_LOOP('',(#6489,#6499,#6507,#6515));
#6489 = ORIENTED_EDGE('',*,*,#6490,.F.);
#6490 = EDGE_CURVE('',#6491,#6493,#6495,.T.);
#6491 = VERTEX_POINT('',#6492);
#6492 = CARTESIAN_POINT('',(6.05,-0.6,3.17));
#6493 = VERTEX_POINT('',#6494);
#6494 = CARTESIAN_POINT('',(6.65,-0.6,3.17));
#6495 = LINE('',#6496,#6497);
#6496 = CARTESIAN_POINT('',(6.05,-0.6,3.17));
#6497 = VECTOR('',#6498,1.);
#6498 = DIRECTION('',(1.,0.,0.));
#6499 = ORIENTED_EDGE('',*,*,#6500,.F.);
#6500 = EDGE_CURVE('',#6501,#6491,#6503,.T.);
#6501 = VERTEX_POINT('',#6502);
#6502 = CARTESIAN_POINT('',(6.05,0.6,3.17));
#6503 = LINE('',#6504,#6505);
#6504 = CARTESIAN_POINT('',(6.05,0.6,3.17));
#6505 = VECTOR('',#6506,1.);
#6506 = DIRECTION('',(0.,-1.,0.));
#6507 = ORIENTED_EDGE('',*,*,#6508,.F.);
#6508 = EDGE_CURVE('',#6509,#6501,#6511,.T.);
#6509 = VERTEX_POINT('',#6510);
#6510 = CARTESIAN_POINT('',(6.65,0.6,3.17));
#6511 = LINE('',#6512,#6513);
#6512 = CARTESIAN_POINT('',(6.65,0.6,3.17));
#6513 = VECTOR('',#6514,1.);
#6514 = DIRECTION('',(-1.,0.,0.));
#6515 = ORIENTED_EDGE('',*,*,#6516,.F.);
#6516 = EDGE_CURVE('',#6493,#6509,#6517,.T.);
#6517 = LINE('',#6518,#6519);
#6518 = CARTESIAN_POINT('',(6.65,-0.6,3.17));
#6519 = VECTOR('',#6520,1.);
#6520 = DIRECTION('',(0.,1.,0.));
#6521 = FACE_BOUND('',#6522,.T.);
#6522 = EDGE_LOOP('',(#6523,#6533,#6541,#6549));
#6523 = ORIENTED_EDGE('',*,*,#6524,.F.);
#6524 = EDGE_CURVE('',#6525,#6527,#6529,.T.);
#6525 = VERTEX_POINT('',#6526);
#6526 = CARTESIAN_POINT('',(5.4,-0.32,3.17));
#6527 = VERTEX_POINT('',#6528);
#6528 = CARTESIAN_POINT('',(5.4,0.32,3.17));
#6529 = LINE('',#6530,#6531);
#6530 = CARTESIAN_POINT('',(5.4,-8.442760643537E-17,3.17));
#6531 = VECTOR('',#6532,1.);
#6532 = DIRECTION('',(0.,1.,0.));
#6533 = ORIENTED_EDGE('',*,*,#6534,.T.);
#6534 = EDGE_CURVE('',#6525,#6535,#6537,.T.);
#6535 = VERTEX_POINT('',#6536);
#6536 = CARTESIAN_POINT('',(4.76,-0.32,3.17));
#6537 = LINE('',#6538,#6539);
#6538 = CARTESIAN_POINT('',(5.555,-0.32,3.17));
#6539 = VECTOR('',#6540,1.);
#6540 = DIRECTION('',(-1.,0.,0.));
#6541 = ORIENTED_EDGE('',*,*,#6542,.T.);
#6542 = EDGE_CURVE('',#6535,#6543,#6545,.T.);
#6543 = VERTEX_POINT('',#6544);
#6544 = CARTESIAN_POINT('',(4.76,0.32,3.17));
#6545 = LINE('',#6546,#6547);
#6546 = CARTESIAN_POINT('',(4.76,-8.442760643537E-17,3.17));
#6547 = VECTOR('',#6548,1.);
#6548 = DIRECTION('',(0.,1.,0.));
#6549 = ORIENTED_EDGE('',*,*,#6550,.T.);
#6550 = EDGE_CURVE('',#6543,#6527,#6551,.T.);
#6551 = LINE('',#6552,#6553);
#6552 = CARTESIAN_POINT('',(5.555,0.32,3.17));
#6553 = VECTOR('',#6554,1.);
#6554 = DIRECTION('',(1.,0.,0.));
#6555 = FACE_BOUND('',#6556,.T.);
#6556 = EDGE_LOOP('',(#6557,#6567,#6575,#6583));
#6557 = ORIENTED_EDGE('',*,*,#6558,.F.);
#6558 = EDGE_CURVE('',#6559,#6561,#6563,.T.);
#6559 = VERTEX_POINT('',#6560);
#6560 = CARTESIAN_POINT('',(0.32,-0.32,3.17));
#6561 = VERTEX_POINT('',#6562);
#6562 = CARTESIAN_POINT('',(0.32,0.32,3.17));
#6563 = LINE('',#6564,#6565);
#6564 = CARTESIAN_POINT('',(0.32,-8.442760643537E-17,3.17));
#6565 = VECTOR('',#6566,1.);
#6566 = DIRECTION('',(0.,1.,0.));
#6567 = ORIENTED_EDGE('',*,*,#6568,.T.);
#6568 = EDGE_CURVE('',#6559,#6569,#6571,.T.);
#6569 = VERTEX_POINT('',#6570);
#6570 = CARTESIAN_POINT('',(-0.32,-0.32,3.17));
#6571 = LINE('',#6572,#6573);
#6572 = CARTESIAN_POINT('',(3.015,-0.32,3.17));
#6573 = VECTOR('',#6574,1.);
#6574 = DIRECTION('',(-1.,0.,0.));
#6575 = ORIENTED_EDGE('',*,*,#6576,.T.);
#6576 = EDGE_CURVE('',#6569,#6577,#6579,.T.);
#6577 = VERTEX_POINT('',#6578);
#6578 = CARTESIAN_POINT('',(-0.32,0.32,3.17));
#6579 = LINE('',#6580,#6581);
#6580 = CARTESIAN_POINT('',(-0.32,-8.442760643537E-17,3.17));
#6581 = VECTOR('',#6582,1.);
#6582 = DIRECTION('',(0.,1.,0.));
#6583 = ORIENTED_EDGE('',*,*,#6584,.T.);
#6584 = EDGE_CURVE('',#6577,#6561,#6585,.T.);
#6585 = LINE('',#6586,#6587);
#6586 = CARTESIAN_POINT('',(3.015,0.32,3.17));
#6587 = VECTOR('',#6588,1.);
#6588 = DIRECTION('',(1.,0.,0.));
#6589 = PLANE('',#6590);
#6590 = AXIS2_PLACEMENT_3D('',#6591,#6592,#6593);
#6591 = CARTESIAN_POINT('',(6.35,-1.688552128707E-16,3.17));
#6592 = DIRECTION('',(0.,0.,1.));
#6593 = DIRECTION('',(1.,0.,-0.));
#6594 = ADVANCED_FACE('',(#6595),#6640,.F.);
#6595 = FACE_BOUND('',#6596,.F.);
#6596 = EDGE_LOOP('',(#6597,#6598,#6599,#6600,#6608,#6616,#6624,#6632,
    #6639));
#6597 = ORIENTED_EDGE('',*,*,#5038,.T.);
#6598 = ORIENTED_EDGE('',*,*,#5101,.T.);
#6599 = ORIENTED_EDGE('',*,*,#5117,.T.);
#6600 = ORIENTED_EDGE('',*,*,#6601,.T.);
#6601 = EDGE_CURVE('',#5118,#6602,#6604,.T.);
#6602 = VERTEX_POINT('',#6603);
#6603 = CARTESIAN_POINT('',(12.7,-1.4,7.));
#6604 = LINE('',#6605,#6606);
#6605 = CARTESIAN_POINT('',(12.7,-1.9,7.9));
#6606 = VECTOR('',#6607,1.);
#6607 = DIRECTION('',(0.,0.485642931179,-0.874157276121));
#6608 = ORIENTED_EDGE('',*,*,#6609,.T.);
#6609 = EDGE_CURVE('',#6602,#6610,#6612,.T.);
#6610 = VERTEX_POINT('',#6611);
#6611 = CARTESIAN_POINT('',(12.7,-1.4,6.));
#6612 = LINE('',#6613,#6614);
#6613 = CARTESIAN_POINT('',(12.7,-1.4,7.));
#6614 = VECTOR('',#6615,1.);
#6615 = DIRECTION('',(0.,0.,-1.));
#6616 = ORIENTED_EDGE('',*,*,#6617,.T.);
#6617 = EDGE_CURVE('',#6610,#6618,#6620,.T.);
#6618 = VERTEX_POINT('',#6619);
#6619 = CARTESIAN_POINT('',(12.7,-1.9,5.5));
#6620 = LINE('',#6621,#6622);
#6621 = CARTESIAN_POINT('',(12.7,-1.4,6.));
#6622 = VECTOR('',#6623,1.);
#6623 = DIRECTION('',(0.,-0.707106781187,-0.707106781187));
#6624 = ORIENTED_EDGE('',*,*,#6625,.T.);
#6625 = EDGE_CURVE('',#6618,#6626,#6628,.T.);
#6626 = VERTEX_POINT('',#6627);
#6627 = CARTESIAN_POINT('',(12.7,-1.9,3.8));
#6628 = LINE('',#6629,#6630);
#6629 = CARTESIAN_POINT('',(12.7,-1.9,5.5));
#6630 = VECTOR('',#6631,1.);
#6631 = DIRECTION('',(0.,0.,-1.));
#6632 = ORIENTED_EDGE('',*,*,#6633,.T.);
#6633 = EDGE_CURVE('',#6626,#6195,#6634,.T.);
#6634 = CIRCLE('',#6635,0.601382070665);
#6635 = AXIS2_PLACEMENT_3D('',#6636,#6637,#6638);
#6636 = CARTESIAN_POINT('',(12.7,-1.299299254479,3.771381662401));
#6637 = DIRECTION('',(1.,0.,0.));
#6638 = DIRECTION('',(0.,-0.998867067749,4.758761359E-02));
#6639 = ORIENTED_EDGE('',*,*,#6202,.T.);
#6640 = PLANE('',#6641);
#6641 = AXIS2_PLACEMENT_3D('',#6642,#6643,#6644);
#6642 = CARTESIAN_POINT('',(12.7,-2.303583274757,7.224177570025));
#6643 = DIRECTION('',(-1.,-0.,-0.));
#6644 = DIRECTION('',(0.,0.,-1.));
#6645 = ADVANCED_FACE('',(#6646),#6691,.F.);
#6646 = FACE_BOUND('',#6647,.T.);
#6647 = EDGE_LOOP('',(#6648,#6649,#6650,#6651,#6659,#6667,#6675,#6683,
    #6690));
#6648 = ORIENTED_EDGE('',*,*,#5061,.T.);
#6649 = ORIENTED_EDGE('',*,*,#5158,.T.);
#6650 = ORIENTED_EDGE('',*,*,#5133,.T.);
#6651 = ORIENTED_EDGE('',*,*,#6652,.T.);
#6652 = EDGE_CURVE('',#5126,#6653,#6655,.T.);
#6653 = VERTEX_POINT('',#6654);
#6654 = CARTESIAN_POINT('',(0.,-1.4,7.));
#6655 = LINE('',#6656,#6657);
#6656 = CARTESIAN_POINT('',(0.,-1.9,7.9));
#6657 = VECTOR('',#6658,1.);
#6658 = DIRECTION('',(0.,0.485642931179,-0.874157276121));
#6659 = ORIENTED_EDGE('',*,*,#6660,.T.);
#6660 = EDGE_CURVE('',#6653,#6661,#6663,.T.);
#6661 = VERTEX_POINT('',#6662);
#6662 = CARTESIAN_POINT('',(0.,-1.4,6.));
#6663 = LINE('',#6664,#6665);
#6664 = CARTESIAN_POINT('',(0.,-1.4,7.));
#6665 = VECTOR('',#6666,1.);
#6666 = DIRECTION('',(-0.,-0.,-1.));
#6667 = ORIENTED_EDGE('',*,*,#6668,.T.);
#6668 = EDGE_CURVE('',#6661,#6669,#6671,.T.);
#6669 = VERTEX_POINT('',#6670);
#6670 = CARTESIAN_POINT('',(0.,-1.9,5.5));
#6671 = LINE('',#6672,#6673);
#6672 = CARTESIAN_POINT('',(0.,-1.4,6.));
#6673 = VECTOR('',#6674,1.);
#6674 = DIRECTION('',(-0.,-0.707106781187,-0.707106781187));
#6675 = ORIENTED_EDGE('',*,*,#6676,.T.);
#6676 = EDGE_CURVE('',#6669,#6677,#6679,.T.);
#6677 = VERTEX_POINT('',#6678);
#6678 = CARTESIAN_POINT('',(0.,-1.9,3.8));
#6679 = LINE('',#6680,#6681);
#6680 = CARTESIAN_POINT('',(0.,-1.9,5.5));
#6681 = VECTOR('',#6682,1.);
#6682 = DIRECTION('',(-0.,-0.,-1.));
#6683 = ORIENTED_EDGE('',*,*,#6684,.T.);
#6684 = EDGE_CURVE('',#6677,#6187,#6685,.T.);
#6685 = CIRCLE('',#6686,0.601382070665);
#6686 = AXIS2_PLACEMENT_3D('',#6687,#6688,#6689);
#6687 = CARTESIAN_POINT('',(0.,-1.299299254479,3.771381662401));
#6688 = DIRECTION('',(1.,0.,0.));
#6689 = DIRECTION('',(0.,-0.998867067749,4.758761359E-02));
#6690 = ORIENTED_EDGE('',*,*,#6186,.T.);
#6691 = PLANE('',#6692);
#6692 = AXIS2_PLACEMENT_3D('',#6693,#6694,#6695);
#6693 = CARTESIAN_POINT('',(0.,-2.303583274757,7.224177570025));
#6694 = DIRECTION('',(1.,0.,0.));
#6695 = DIRECTION('',(0.,0.,1.));
#6696 = ADVANCED_FACE('',(#6697),#6708,.F.);
#6697 = FACE_BOUND('',#6698,.F.);
#6698 = EDGE_LOOP('',(#6699,#6705,#6706,#6707));
#6699 = ORIENTED_EDGE('',*,*,#6700,.T.);
#6700 = EDGE_CURVE('',#5173,#6178,#6701,.T.);
#6701 = LINE('',#6702,#6703);
#6702 = CARTESIAN_POINT('',(-1.27,2.9,0.));
#6703 = VECTOR('',#6704,1.);
#6704 = DIRECTION('',(0.,0.,1.));
#6705 = ORIENTED_EDGE('',*,*,#6177,.T.);
#6706 = ORIENTED_EDGE('',*,*,#5077,.F.);
#6707 = ORIENTED_EDGE('',*,*,#5172,.F.);
#6708 = PLANE('',#6709);
#6709 = AXIS2_PLACEMENT_3D('',#6710,#6711,#6712);
#6710 = CARTESIAN_POINT('',(-1.27,2.9,0.));
#6711 = DIRECTION('',(1.,0.,0.));
#6712 = DIRECTION('',(0.,-1.,0.));
#6713 = ADVANCED_FACE('',(#6714),#6725,.T.);
#6714 = FACE_BOUND('',#6715,.T.);
#6715 = EDGE_LOOP('',(#6716,#6717,#6718,#6724));
#6716 = ORIENTED_EDGE('',*,*,#5125,.T.);
#6717 = ORIENTED_EDGE('',*,*,#6601,.T.);
#6718 = ORIENTED_EDGE('',*,*,#6719,.F.);
#6719 = EDGE_CURVE('',#6653,#6602,#6720,.T.);
#6720 = LINE('',#6721,#6722);
#6721 = CARTESIAN_POINT('',(6.35,-1.4,7.));
#6722 = VECTOR('',#6723,1.);
#6723 = DIRECTION('',(1.,0.,0.));
#6724 = ORIENTED_EDGE('',*,*,#6652,.F.);
#6725 = PLANE('',#6726);
#6726 = AXIS2_PLACEMENT_3D('',#6727,#6728,#6729);
#6727 = CARTESIAN_POINT('',(6.35,-1.65,7.45));
#6728 = DIRECTION('',(0.,0.874157276121,0.485642931179));
#6729 = DIRECTION('',(0.,-0.485642931179,0.874157276121));
#6730 = ADVANCED_FACE('',(#6731),#6761,.F.);
#6731 = FACE_BOUND('',#6732,.F.);
#6732 = EDGE_LOOP('',(#6733,#6734,#6735,#6736,#6737,#6738,#6739,#6740,
    #6741,#6742,#6743,#6744,#6745,#6746,#6747,#6748,#6749,#6750,#6751,
    #6752,#6753,#6754,#6755,#6756,#6757,#6758,#6759,#6760));
#6733 = ORIENTED_EDGE('',*,*,#6139,.F.);
#6734 = ORIENTED_EDGE('',*,*,#6162,.T.);
#6735 = ORIENTED_EDGE('',*,*,#6210,.T.);
#6736 = ORIENTED_EDGE('',*,*,#6700,.F.);
#6737 = ORIENTED_EDGE('',*,*,#5189,.F.);
#6738 = ORIENTED_EDGE('',*,*,#5212,.T.);
#6739 = ORIENTED_EDGE('',*,*,#5227,.T.);
#6740 = ORIENTED_EDGE('',*,*,#5285,.F.);
#6741 = ORIENTED_EDGE('',*,*,#5319,.F.);
#6742 = ORIENTED_EDGE('',*,*,#5376,.T.);
#6743 = ORIENTED_EDGE('',*,*,#5391,.T.);
#6744 = ORIENTED_EDGE('',*,*,#5449,.F.);
#6745 = ORIENTED_EDGE('',*,*,#5483,.F.);
#6746 = ORIENTED_EDGE('',*,*,#5540,.T.);
#6747 = ORIENTED_EDGE('',*,*,#5555,.T.);
#6748 = ORIENTED_EDGE('',*,*,#5613,.F.);
#6749 = ORIENTED_EDGE('',*,*,#5647,.F.);
#6750 = ORIENTED_EDGE('',*,*,#5704,.T.);
#6751 = ORIENTED_EDGE('',*,*,#5719,.T.);
#6752 = ORIENTED_EDGE('',*,*,#5777,.F.);
#6753 = ORIENTED_EDGE('',*,*,#5811,.F.);
#6754 = ORIENTED_EDGE('',*,*,#5868,.T.);
#6755 = ORIENTED_EDGE('',*,*,#5883,.T.);
#6756 = ORIENTED_EDGE('',*,*,#5941,.F.);
#6757 = ORIENTED_EDGE('',*,*,#5975,.F.);
#6758 = ORIENTED_EDGE('',*,*,#6032,.T.);
#6759 = ORIENTED_EDGE('',*,*,#6047,.T.);
#6760 = ORIENTED_EDGE('',*,*,#6105,.F.);
#6761 = PLANE('',#6762);
#6762 = AXIS2_PLACEMENT_3D('',#6763,#6764,#6765);
#6763 = CARTESIAN_POINT('',(13.97,2.9,0.));
#6764 = DIRECTION('',(0.,-1.,0.));
#6765 = DIRECTION('',(-1.,0.,0.));
#6766 = ADVANCED_FACE('',(#6767),#6792,.T.);
#6767 = FACE_BOUND('',#6768,.T.);
#6768 = EDGE_LOOP('',(#6769,#6779,#6785,#6786));
#6769 = ORIENTED_EDGE('',*,*,#6770,.T.);
#6770 = EDGE_CURVE('',#6771,#6773,#6775,.T.);
#6771 = VERTEX_POINT('',#6772);
#6772 = CARTESIAN_POINT('',(0.32,-0.32,-3.31));
#6773 = VERTEX_POINT('',#6774);
#6774 = CARTESIAN_POINT('',(0.32,0.32,-3.31));
#6775 = LINE('',#6776,#6777);
#6776 = CARTESIAN_POINT('',(0.32,-0.32,-3.31));
#6777 = VECTOR('',#6778,1.);
#6778 = DIRECTION('',(0.,1.,0.));
#6779 = ORIENTED_EDGE('',*,*,#6780,.T.);
#6780 = EDGE_CURVE('',#6773,#5246,#6781,.T.);
#6781 = LINE('',#6782,#6783);
#6782 = CARTESIAN_POINT('',(0.32,0.32,-3.56));
#6783 = VECTOR('',#6784,1.);
#6784 = DIRECTION('',(0.,0.,1.));
#6785 = ORIENTED_EDGE('',*,*,#5245,.T.);
#6786 = ORIENTED_EDGE('',*,*,#6787,.T.);
#6787 = EDGE_CURVE('',#5248,#6771,#6788,.T.);
#6788 = LINE('',#6789,#6790);
#6789 = CARTESIAN_POINT('',(0.32,-0.32,10.66));
#6790 = VECTOR('',#6791,1.);
#6791 = DIRECTION('',(0.,0.,-1.));
#6792 = PLANE('',#6793);
#6793 = AXIS2_PLACEMENT_3D('',#6794,#6795,#6796);
#6794 = CARTESIAN_POINT('',(0.32,0.,3.55));
#6795 = DIRECTION('',(1.,0.,0.));
#6796 = DIRECTION('',(0.,0.,1.));
#6797 = ADVANCED_FACE('',(#6798),#6816,.F.);
#6798 = FACE_BOUND('',#6799,.F.);
#6799 = EDGE_LOOP('',(#6800,#6808,#6814,#6815));
#6800 = ORIENTED_EDGE('',*,*,#6801,.F.);
#6801 = EDGE_CURVE('',#6802,#6771,#6804,.T.);
#6802 = VERTEX_POINT('',#6803);
#6803 = CARTESIAN_POINT('',(-0.32,-0.32,-3.31));
#6804 = LINE('',#6805,#6806);
#6805 = CARTESIAN_POINT('',(-7.E-02,-0.32,-3.31));
#6806 = VECTOR('',#6807,1.);
#6807 = DIRECTION('',(1.,0.,0.));
#6808 = ORIENTED_EDGE('',*,*,#6809,.F.);
#6809 = EDGE_CURVE('',#5264,#6802,#6810,.T.);
#6810 = LINE('',#6811,#6812);
#6811 = CARTESIAN_POINT('',(-0.32,-0.32,10.66));
#6812 = VECTOR('',#6813,1.);
#6813 = DIRECTION('',(0.,0.,-1.));
#6814 = ORIENTED_EDGE('',*,*,#5271,.T.);
#6815 = ORIENTED_EDGE('',*,*,#6787,.T.);
#6816 = PLANE('',#6817);
#6817 = AXIS2_PLACEMENT_3D('',#6818,#6819,#6820);
#6818 = CARTESIAN_POINT('',(-0.32,-0.32,10.66));
#6819 = DIRECTION('',(0.,1.,0.));
#6820 = DIRECTION('',(0.,0.,-1.));
#6821 = ADVANCED_FACE('',(#6822),#6840,.F.);
#6822 = FACE_BOUND('',#6823,.F.);
#6823 = EDGE_LOOP('',(#6824,#6832,#6838,#6839));
#6824 = ORIENTED_EDGE('',*,*,#6825,.T.);
#6825 = EDGE_CURVE('',#6802,#6826,#6828,.T.);
#6826 = VERTEX_POINT('',#6827);
#6827 = CARTESIAN_POINT('',(-0.32,0.32,-3.31));
#6828 = LINE('',#6829,#6830);
#6829 = CARTESIAN_POINT('',(-0.32,-0.32,-3.31));
#6830 = VECTOR('',#6831,1.);
#6831 = DIRECTION('',(0.,1.,0.));
#6832 = ORIENTED_EDGE('',*,*,#6833,.T.);
#6833 = EDGE_CURVE('',#6826,#5256,#6834,.T.);
#6834 = LINE('',#6835,#6836);
#6835 = CARTESIAN_POINT('',(-0.32,0.32,-3.56));
#6836 = VECTOR('',#6837,1.);
#6837 = DIRECTION('',(0.,0.,1.));
#6838 = ORIENTED_EDGE('',*,*,#5263,.T.);
#6839 = ORIENTED_EDGE('',*,*,#6809,.T.);
#6840 = PLANE('',#6841);
#6841 = AXIS2_PLACEMENT_3D('',#6842,#6843,#6844);
#6842 = CARTESIAN_POINT('',(-0.32,0.,3.55));
#6843 = DIRECTION('',(1.,0.,0.));
#6844 = DIRECTION('',(0.,0.,1.));
#6845 = ADVANCED_FACE('',(#6846),#6857,.F.);
#6846 = FACE_BOUND('',#6847,.F.);
#6847 = EDGE_LOOP('',(#6848,#6849,#6855,#6856));
#6848 = ORIENTED_EDGE('',*,*,#6833,.F.);
#6849 = ORIENTED_EDGE('',*,*,#6850,.T.);
#6850 = EDGE_CURVE('',#6826,#6773,#6851,.T.);
#6851 = LINE('',#6852,#6853);
#6852 = CARTESIAN_POINT('',(-7.E-02,0.32,-3.31));
#6853 = VECTOR('',#6854,1.);
#6854 = DIRECTION('',(1.,0.,0.));
#6855 = ORIENTED_EDGE('',*,*,#6780,.T.);
#6856 = ORIENTED_EDGE('',*,*,#5255,.T.);
#6857 = PLANE('',#6858);
#6858 = AXIS2_PLACEMENT_3D('',#6859,#6860,#6861);
#6859 = CARTESIAN_POINT('',(-0.32,0.32,-3.56));
#6860 = DIRECTION('',(0.,-1.,0.));
#6861 = DIRECTION('',(0.,0.,1.));
#6862 = ADVANCED_FACE('',(#6863),#6879,.F.);
#6863 = FACE_BOUND('',#6864,.F.);
#6864 = EDGE_LOOP('',(#6865,#6866,#6872,#6873));
#6865 = ORIENTED_EDGE('',*,*,#6388,.F.);
#6866 = ORIENTED_EDGE('',*,*,#6867,.T.);
#6867 = EDGE_CURVE('',#6389,#5328,#6868,.T.);
#6868 = LINE('',#6869,#6870);
#6869 = CARTESIAN_POINT('',(1.57,-0.6,3.17));
#6870 = VECTOR('',#6871,1.);
#6871 = DIRECTION('',(-0.,-0.,-1.));
#6872 = ORIENTED_EDGE('',*,*,#5327,.T.);
#6873 = ORIENTED_EDGE('',*,*,#6874,.F.);
#6874 = EDGE_CURVE('',#6391,#5330,#6875,.T.);
#6875 = LINE('',#6876,#6877);
#6876 = CARTESIAN_POINT('',(1.57,0.6,3.17));
#6877 = VECTOR('',#6878,1.);
#6878 = DIRECTION('',(-0.,-0.,-1.));
#6879 = PLANE('',#6880);
#6880 = AXIS2_PLACEMENT_3D('',#6881,#6882,#6883);
#6881 = CARTESIAN_POINT('',(1.57,-0.6,3.17));
#6882 = DIRECTION('',(1.,0.,0.));
#6883 = DIRECTION('',(-0.,1.,0.));
#6884 = ADVANCED_FACE('',(#6885),#6896,.F.);
#6885 = FACE_BOUND('',#6886,.F.);
#6886 = EDGE_LOOP('',(#6887,#6888,#6889,#6890));
#6887 = ORIENTED_EDGE('',*,*,#6414,.F.);
#6888 = ORIENTED_EDGE('',*,*,#6874,.T.);
#6889 = ORIENTED_EDGE('',*,*,#5353,.T.);
#6890 = ORIENTED_EDGE('',*,*,#6891,.F.);
#6891 = EDGE_CURVE('',#6407,#5346,#6892,.T.);
#6892 = LINE('',#6893,#6894);
#6893 = CARTESIAN_POINT('',(0.97,0.6,3.17));
#6894 = VECTOR('',#6895,1.);
#6895 = DIRECTION('',(-0.,-0.,-1.));
#6896 = PLANE('',#6897);
#6897 = AXIS2_PLACEMENT_3D('',#6898,#6899,#6900);
#6898 = CARTESIAN_POINT('',(1.57,0.6,3.17));
#6899 = DIRECTION('',(0.,1.,0.));
#6900 = DIRECTION('',(-1.,0.,0.));
#6901 = ADVANCED_FACE('',(#6902),#6913,.F.);
#6902 = FACE_BOUND('',#6903,.F.);
#6903 = EDGE_LOOP('',(#6904,#6905,#6906,#6907));
#6904 = ORIENTED_EDGE('',*,*,#6406,.F.);
#6905 = ORIENTED_EDGE('',*,*,#6891,.T.);
#6906 = ORIENTED_EDGE('',*,*,#5345,.T.);
#6907 = ORIENTED_EDGE('',*,*,#6908,.F.);
#6908 = EDGE_CURVE('',#6399,#5338,#6909,.T.);
#6909 = LINE('',#6910,#6911);
#6910 = CARTESIAN_POINT('',(0.97,-0.6,3.17));
#6911 = VECTOR('',#6912,1.);
#6912 = DIRECTION('',(-0.,-0.,-1.));
#6913 = PLANE('',#6914);
#6914 = AXIS2_PLACEMENT_3D('',#6915,#6916,#6917);
#6915 = CARTESIAN_POINT('',(0.97,0.6,3.17));
#6916 = DIRECTION('',(-1.,0.,0.));
#6917 = DIRECTION('',(0.,-1.,0.));
#6918 = ADVANCED_FACE('',(#6919),#6925,.F.);
#6919 = FACE_BOUND('',#6920,.F.);
#6920 = EDGE_LOOP('',(#6921,#6922,#6923,#6924));
#6921 = ORIENTED_EDGE('',*,*,#6398,.F.);
#6922 = ORIENTED_EDGE('',*,*,#6908,.T.);
#6923 = ORIENTED_EDGE('',*,*,#5337,.T.);
#6924 = ORIENTED_EDGE('',*,*,#6867,.F.);
#6925 = PLANE('',#6926);
#6926 = AXIS2_PLACEMENT_3D('',#6927,#6928,#6929);
#6927 = CARTESIAN_POINT('',(0.97,-0.6,3.17));
#6928 = DIRECTION('',(0.,-1.,0.));
#6929 = DIRECTION('',(1.,0.,0.));
#6930 = ADVANCED_FACE('',(#6931),#6956,.F.);
#6931 = FACE_BOUND('',#6932,.F.);
#6932 = EDGE_LOOP('',(#6933,#6941,#6949,#6955));
#6933 = ORIENTED_EDGE('',*,*,#6934,.F.);
#6934 = EDGE_CURVE('',#6935,#5412,#6937,.T.);
#6935 = VERTEX_POINT('',#6936);
#6936 = CARTESIAN_POINT('',(2.22,0.32,-3.31));
#6937 = LINE('',#6938,#6939);
#6938 = CARTESIAN_POINT('',(2.22,0.32,-3.56));
#6939 = VECTOR('',#6940,1.);
#6940 = DIRECTION('',(0.,0.,1.));
#6941 = ORIENTED_EDGE('',*,*,#6942,.T.);
#6942 = EDGE_CURVE('',#6935,#6943,#6945,.T.);
#6943 = VERTEX_POINT('',#6944);
#6944 = CARTESIAN_POINT('',(2.86,0.32,-3.31));
#6945 = LINE('',#6946,#6947);
#6946 = CARTESIAN_POINT('',(2.47,0.32,-3.31));
#6947 = VECTOR('',#6948,1.);
#6948 = DIRECTION('',(1.,0.,0.));
#6949 = ORIENTED_EDGE('',*,*,#6950,.T.);
#6950 = EDGE_CURVE('',#6943,#5410,#6951,.T.);
#6951 = LINE('',#6952,#6953);
#6952 = CARTESIAN_POINT('',(2.86,0.32,-3.56));
#6953 = VECTOR('',#6954,1.);
#6954 = DIRECTION('',(0.,0.,1.));
#6955 = ORIENTED_EDGE('',*,*,#5409,.T.);
#6956 = PLANE('',#6957);
#6957 = AXIS2_PLACEMENT_3D('',#6958,#6959,#6960);
#6958 = CARTESIAN_POINT('',(2.22,0.32,-3.56));
#6959 = DIRECTION('',(0.,-1.,0.));
#6960 = DIRECTION('',(0.,0.,1.));
#6961 = ADVANCED_FACE('',(#6962),#6980,.T.);
#6962 = FACE_BOUND('',#6963,.T.);
#6963 = EDGE_LOOP('',(#6964,#6972,#6973,#6974));
#6964 = ORIENTED_EDGE('',*,*,#6965,.T.);
#6965 = EDGE_CURVE('',#6966,#6943,#6968,.T.);
#6966 = VERTEX_POINT('',#6967);
#6967 = CARTESIAN_POINT('',(2.86,-0.32,-3.31));
#6968 = LINE('',#6969,#6970);
#6969 = CARTESIAN_POINT('',(2.86,-0.32,-3.31));
#6970 = VECTOR('',#6971,1.);
#6971 = DIRECTION('',(0.,1.,0.));
#6972 = ORIENTED_EDGE('',*,*,#6950,.T.);
#6973 = ORIENTED_EDGE('',*,*,#5435,.T.);
#6974 = ORIENTED_EDGE('',*,*,#6975,.T.);
#6975 = EDGE_CURVE('',#5428,#6966,#6976,.T.);
#6976 = LINE('',#6977,#6978);
#6977 = CARTESIAN_POINT('',(2.86,-0.32,10.66));
#6978 = VECTOR('',#6979,1.);
#6979 = DIRECTION('',(0.,0.,-1.));
#6980 = PLANE('',#6981);
#6981 = AXIS2_PLACEMENT_3D('',#6982,#6983,#6984);
#6982 = CARTESIAN_POINT('',(2.86,0.,3.55));
#6983 = DIRECTION('',(1.,0.,0.));
#6984 = DIRECTION('',(0.,0.,1.));
#6985 = ADVANCED_FACE('',(#6986),#7004,.F.);
#6986 = FACE_BOUND('',#6987,.F.);
#6987 = EDGE_LOOP('',(#6988,#6996,#7002,#7003));
#6988 = ORIENTED_EDGE('',*,*,#6989,.F.);
#6989 = EDGE_CURVE('',#6990,#6966,#6992,.T.);
#6990 = VERTEX_POINT('',#6991);
#6991 = CARTESIAN_POINT('',(2.22,-0.32,-3.31));
#6992 = LINE('',#6993,#6994);
#6993 = CARTESIAN_POINT('',(2.47,-0.32,-3.31));
#6994 = VECTOR('',#6995,1.);
#6995 = DIRECTION('',(1.,0.,0.));
#6996 = ORIENTED_EDGE('',*,*,#6997,.F.);
#6997 = EDGE_CURVE('',#5420,#6990,#6998,.T.);
#6998 = LINE('',#6999,#7000);
#6999 = CARTESIAN_POINT('',(2.22,-0.32,10.66));
#7000 = VECTOR('',#7001,1.);
#7001 = DIRECTION('',(0.,0.,-1.));
#7002 = ORIENTED_EDGE('',*,*,#5427,.T.);
#7003 = ORIENTED_EDGE('',*,*,#6975,.T.);
#7004 = PLANE('',#7005);
#7005 = AXIS2_PLACEMENT_3D('',#7006,#7007,#7008);
#7006 = CARTESIAN_POINT('',(2.22,-0.32,10.66));
#7007 = DIRECTION('',(0.,1.,0.));
#7008 = DIRECTION('',(0.,0.,-1.));
#7009 = ADVANCED_FACE('',(#7010),#7021,.F.);
#7010 = FACE_BOUND('',#7011,.F.);
#7011 = EDGE_LOOP('',(#7012,#7018,#7019,#7020));
#7012 = ORIENTED_EDGE('',*,*,#7013,.T.);
#7013 = EDGE_CURVE('',#6990,#6935,#7014,.T.);
#7014 = LINE('',#7015,#7016);
#7015 = CARTESIAN_POINT('',(2.22,-0.32,-3.31));
#7016 = VECTOR('',#7017,1.);
#7017 = DIRECTION('',(0.,1.,0.));
#7018 = ORIENTED_EDGE('',*,*,#6934,.T.);
#7019 = ORIENTED_EDGE('',*,*,#5419,.T.);
#7020 = ORIENTED_EDGE('',*,*,#6997,.T.);
#7021 = PLANE('',#7022);
#7022 = AXIS2_PLACEMENT_3D('',#7023,#7024,#7025);
#7023 = CARTESIAN_POINT('',(2.22,0.,3.55));
#7024 = DIRECTION('',(1.,0.,0.));
#7025 = DIRECTION('',(0.,0.,1.));
#7026 = ADVANCED_FACE('',(#7027),#7043,.F.);
#7027 = FACE_BOUND('',#7028,.F.);
#7028 = EDGE_LOOP('',(#7029,#7030,#7036,#7037));
#7029 = ORIENTED_EDGE('',*,*,#6448,.F.);
#7030 = ORIENTED_EDGE('',*,*,#7031,.T.);
#7031 = EDGE_CURVE('',#6425,#5492,#7032,.T.);
#7032 = LINE('',#7033,#7034);
#7033 = CARTESIAN_POINT('',(4.11,0.6,3.17));
#7034 = VECTOR('',#7035,1.);
#7035 = DIRECTION('',(-0.,-0.,-1.));
#7036 = ORIENTED_EDGE('',*,*,#5491,.T.);
#7037 = ORIENTED_EDGE('',*,*,#7038,.F.);
#7038 = EDGE_CURVE('',#6441,#5494,#7039,.T.);
#7039 = LINE('',#7040,#7041);
#7040 = CARTESIAN_POINT('',(3.51,0.6,3.17));
#7041 = VECTOR('',#7042,1.);
#7042 = DIRECTION('',(-0.,-0.,-1.));
#7043 = PLANE('',#7044);
#7044 = AXIS2_PLACEMENT_3D('',#7045,#7046,#7047);
#7045 = CARTESIAN_POINT('',(4.11,0.6,3.17));
#7046 = DIRECTION('',(0.,1.,0.));
#7047 = DIRECTION('',(-1.,0.,0.));
#7048 = ADVANCED_FACE('',(#7049),#7060,.F.);
#7049 = FACE_BOUND('',#7050,.F.);
#7050 = EDGE_LOOP('',(#7051,#7052,#7053,#7054));
#7051 = ORIENTED_EDGE('',*,*,#6440,.F.);
#7052 = ORIENTED_EDGE('',*,*,#7038,.T.);
#7053 = ORIENTED_EDGE('',*,*,#5517,.T.);
#7054 = ORIENTED_EDGE('',*,*,#7055,.F.);
#7055 = EDGE_CURVE('',#6433,#5510,#7056,.T.);
#7056 = LINE('',#7057,#7058);
#7057 = CARTESIAN_POINT('',(3.51,-0.6,3.17));
#7058 = VECTOR('',#7059,1.);
#7059 = DIRECTION('',(-0.,-0.,-1.));
#7060 = PLANE('',#7061);
#7061 = AXIS2_PLACEMENT_3D('',#7062,#7063,#7064);
#7062 = CARTESIAN_POINT('',(3.51,0.6,3.17));
#7063 = DIRECTION('',(-1.,0.,0.));
#7064 = DIRECTION('',(0.,-1.,0.));
#7065 = ADVANCED_FACE('',(#7066),#7077,.F.);
#7066 = FACE_BOUND('',#7067,.F.);
#7067 = EDGE_LOOP('',(#7068,#7069,#7070,#7071));
#7068 = ORIENTED_EDGE('',*,*,#6432,.F.);
#7069 = ORIENTED_EDGE('',*,*,#7055,.T.);
#7070 = ORIENTED_EDGE('',*,*,#5509,.T.);
#7071 = ORIENTED_EDGE('',*,*,#7072,.F.);
#7072 = EDGE_CURVE('',#6423,#5502,#7073,.T.);
#7073 = LINE('',#7074,#7075);
#7074 = CARTESIAN_POINT('',(4.11,-0.6,3.17));
#7075 = VECTOR('',#7076,1.);
#7076 = DIRECTION('',(-0.,-0.,-1.));
#7077 = PLANE('',#7078);
#7078 = AXIS2_PLACEMENT_3D('',#7079,#7080,#7081);
#7079 = CARTESIAN_POINT('',(3.51,-0.6,3.17));
#7080 = DIRECTION('',(0.,-1.,0.));
#7081 = DIRECTION('',(1.,0.,0.));
#7082 = ADVANCED_FACE('',(#7083),#7089,.F.);
#7083 = FACE_BOUND('',#7084,.F.);
#7084 = EDGE_LOOP('',(#7085,#7086,#7087,#7088));
#7085 = ORIENTED_EDGE('',*,*,#6422,.F.);
#7086 = ORIENTED_EDGE('',*,*,#7072,.T.);
#7087 = ORIENTED_EDGE('',*,*,#5501,.T.);
#7088 = ORIENTED_EDGE('',*,*,#7031,.F.);
#7089 = PLANE('',#7090);
#7090 = AXIS2_PLACEMENT_3D('',#7091,#7092,#7093);
#7091 = CARTESIAN_POINT('',(4.11,-0.6,3.17));
#7092 = DIRECTION('',(1.,0.,0.));
#7093 = DIRECTION('',(-0.,1.,0.));
#7094 = ADVANCED_FACE('',(#7095),#7120,.T.);
#7095 = FACE_BOUND('',#7096,.T.);
#7096 = EDGE_LOOP('',(#7097,#7107,#7113,#7114));
#7097 = ORIENTED_EDGE('',*,*,#7098,.T.);
#7098 = EDGE_CURVE('',#7099,#7101,#7103,.T.);
#7099 = VERTEX_POINT('',#7100);
#7100 = CARTESIAN_POINT('',(5.4,-0.32,-3.31));
#7101 = VERTEX_POINT('',#7102);
#7102 = CARTESIAN_POINT('',(5.4,0.32,-3.31));
#7103 = LINE('',#7104,#7105);
#7104 = CARTESIAN_POINT('',(5.4,-0.32,-3.31));
#7105 = VECTOR('',#7106,1.);
#7106 = DIRECTION('',(0.,1.,0.));
#7107 = ORIENTED_EDGE('',*,*,#7108,.T.);
#7108 = EDGE_CURVE('',#7101,#5574,#7109,.T.);
#7109 = LINE('',#7110,#7111);
#7110 = CARTESIAN_POINT('',(5.4,0.32,-3.56));
#7111 = VECTOR('',#7112,1.);
#7112 = DIRECTION('',(0.,0.,1.));
#7113 = ORIENTED_EDGE('',*,*,#5573,.T.);
#7114 = ORIENTED_EDGE('',*,*,#7115,.T.);
#7115 = EDGE_CURVE('',#5576,#7099,#7116,.T.);
#7116 = LINE('',#7117,#7118);
#7117 = CARTESIAN_POINT('',(5.4,-0.32,10.66));
#7118 = VECTOR('',#7119,1.);
#7119 = DIRECTION('',(0.,0.,-1.));
#7120 = PLANE('',#7121);
#7121 = AXIS2_PLACEMENT_3D('',#7122,#7123,#7124);
#7122 = CARTESIAN_POINT('',(5.4,0.,3.55));
#7123 = DIRECTION('',(1.,0.,0.));
#7124 = DIRECTION('',(0.,0.,1.));
#7125 = ADVANCED_FACE('',(#7126),#7144,.F.);
#7126 = FACE_BOUND('',#7127,.F.);
#7127 = EDGE_LOOP('',(#7128,#7136,#7142,#7143));
#7128 = ORIENTED_EDGE('',*,*,#7129,.F.);
#7129 = EDGE_CURVE('',#7130,#7099,#7132,.T.);
#7130 = VERTEX_POINT('',#7131);
#7131 = CARTESIAN_POINT('',(4.76,-0.32,-3.31));
#7132 = LINE('',#7133,#7134);
#7133 = CARTESIAN_POINT('',(5.01,-0.32,-3.31));
#7134 = VECTOR('',#7135,1.);
#7135 = DIRECTION('',(1.,0.,0.));
#7136 = ORIENTED_EDGE('',*,*,#7137,.F.);
#7137 = EDGE_CURVE('',#5592,#7130,#7138,.T.);
#7138 = LINE('',#7139,#7140);
#7139 = CARTESIAN_POINT('',(4.76,-0.32,10.66));
#7140 = VECTOR('',#7141,1.);
#7141 = DIRECTION('',(0.,0.,-1.));
#7142 = ORIENTED_EDGE('',*,*,#5599,.T.);
#7143 = ORIENTED_EDGE('',*,*,#7115,.T.);
#7144 = PLANE('',#7145);
#7145 = AXIS2_PLACEMENT_3D('',#7146,#7147,#7148);
#7146 = CARTESIAN_POINT('',(4.76,-0.32,10.66));
#7147 = DIRECTION('',(0.,1.,0.));
#7148 = DIRECTION('',(0.,0.,-1.));
#7149 = ADVANCED_FACE('',(#7150),#7168,.F.);
#7150 = FACE_BOUND('',#7151,.F.);
#7151 = EDGE_LOOP('',(#7152,#7160,#7166,#7167));
#7152 = ORIENTED_EDGE('',*,*,#7153,.T.);
#7153 = EDGE_CURVE('',#7130,#7154,#7156,.T.);
#7154 = VERTEX_POINT('',#7155);
#7155 = CARTESIAN_POINT('',(4.76,0.32,-3.31));
#7156 = LINE('',#7157,#7158);
#7157 = CARTESIAN_POINT('',(4.76,-0.32,-3.31));
#7158 = VECTOR('',#7159,1.);
#7159 = DIRECTION('',(0.,1.,0.));
#7160 = ORIENTED_EDGE('',*,*,#7161,.T.);
#7161 = EDGE_CURVE('',#7154,#5584,#7162,.T.);
#7162 = LINE('',#7163,#7164);
#7163 = CARTESIAN_POINT('',(4.76,0.32,-3.56));
#7164 = VECTOR('',#7165,1.);
#7165 = DIRECTION('',(0.,0.,1.));
#7166 = ORIENTED_EDGE('',*,*,#5591,.T.);
#7167 = ORIENTED_EDGE('',*,*,#7137,.T.);
#7168 = PLANE('',#7169);
#7169 = AXIS2_PLACEMENT_3D('',#7170,#7171,#7172);
#7170 = CARTESIAN_POINT('',(4.76,0.,3.55));
#7171 = DIRECTION('',(1.,0.,0.));
#7172 = DIRECTION('',(0.,0.,1.));
#7173 = ADVANCED_FACE('',(#7174),#7185,.F.);
#7174 = FACE_BOUND('',#7175,.F.);
#7175 = EDGE_LOOP('',(#7176,#7177,#7183,#7184));
#7176 = ORIENTED_EDGE('',*,*,#7161,.F.);
#7177 = ORIENTED_EDGE('',*,*,#7178,.T.);
#7178 = EDGE_CURVE('',#7154,#7101,#7179,.T.);
#7179 = LINE('',#7180,#7181);
#7180 = CARTESIAN_POINT('',(5.01,0.32,-3.31));
#7181 = VECTOR('',#7182,1.);
#7182 = DIRECTION('',(1.,0.,0.));
#7183 = ORIENTED_EDGE('',*,*,#7108,.T.);
#7184 = ORIENTED_EDGE('',*,*,#5583,.T.);
#7185 = PLANE('',#7186);
#7186 = AXIS2_PLACEMENT_3D('',#7187,#7188,#7189);
#7187 = CARTESIAN_POINT('',(4.76,0.32,-3.56));
#7188 = DIRECTION('',(0.,-1.,0.));
#7189 = DIRECTION('',(0.,0.,1.));
#7190 = ADVANCED_FACE('',(#7191),#7207,.F.);
#7191 = FACE_BOUND('',#7192,.F.);
#7192 = EDGE_LOOP('',(#7193,#7194,#7200,#7201));
#7193 = ORIENTED_EDGE('',*,*,#6508,.F.);
#7194 = ORIENTED_EDGE('',*,*,#7195,.T.);
#7195 = EDGE_CURVE('',#6509,#5656,#7196,.T.);
#7196 = LINE('',#7197,#7198);
#7197 = CARTESIAN_POINT('',(6.65,0.6,3.17));
#7198 = VECTOR('',#7199,1.);
#7199 = DIRECTION('',(-0.,-0.,-1.));
#7200 = ORIENTED_EDGE('',*,*,#5655,.T.);
#7201 = ORIENTED_EDGE('',*,*,#7202,.F.);
#7202 = EDGE_CURVE('',#6501,#5658,#7203,.T.);
#7203 = LINE('',#7204,#7205);
#7204 = CARTESIAN_POINT('',(6.05,0.6,3.17));
#7205 = VECTOR('',#7206,1.);
#7206 = DIRECTION('',(-0.,-0.,-1.));
#7207 = PLANE('',#7208);
#7208 = AXIS2_PLACEMENT_3D('',#7209,#7210,#7211);
#7209 = CARTESIAN_POINT('',(6.65,0.6,3.17));
#7210 = DIRECTION('',(0.,1.,0.));
#7211 = DIRECTION('',(-1.,0.,0.));
#7212 = ADVANCED_FACE('',(#7213),#7224,.F.);
#7213 = FACE_BOUND('',#7214,.F.);
#7214 = EDGE_LOOP('',(#7215,#7216,#7217,#7218));
#7215 = ORIENTED_EDGE('',*,*,#6500,.F.);
#7216 = ORIENTED_EDGE('',*,*,#7202,.T.);
#7217 = ORIENTED_EDGE('',*,*,#5681,.T.);
#7218 = ORIENTED_EDGE('',*,*,#7219,.F.);
#7219 = EDGE_CURVE('',#6491,#5674,#7220,.T.);
#7220 = LINE('',#7221,#7222);
#7221 = CARTESIAN_POINT('',(6.05,-0.6,3.17));
#7222 = VECTOR('',#7223,1.);
#7223 = DIRECTION('',(-0.,-0.,-1.));
#7224 = PLANE('',#7225);
#7225 = AXIS2_PLACEMENT_3D('',#7226,#7227,#7228);
#7226 = CARTESIAN_POINT('',(6.05,0.6,3.17));
#7227 = DIRECTION('',(-1.,0.,0.));
#7228 = DIRECTION('',(0.,-1.,0.));
#7229 = ADVANCED_FACE('',(#7230),#7241,.F.);
#7230 = FACE_BOUND('',#7231,.F.);
#7231 = EDGE_LOOP('',(#7232,#7233,#7234,#7235));
#7232 = ORIENTED_EDGE('',*,*,#6490,.F.);
#7233 = ORIENTED_EDGE('',*,*,#7219,.T.);
#7234 = ORIENTED_EDGE('',*,*,#5673,.T.);
#7235 = ORIENTED_EDGE('',*,*,#7236,.F.);
#7236 = EDGE_CURVE('',#6493,#5666,#7237,.T.);
#7237 = LINE('',#7238,#7239);
#7238 = CARTESIAN_POINT('',(6.65,-0.6,3.17));
#7239 = VECTOR('',#7240,1.);
#7240 = DIRECTION('',(-0.,-0.,-1.));
#7241 = PLANE('',#7242);
#7242 = AXIS2_PLACEMENT_3D('',#7243,#7244,#7245);
#7243 = CARTESIAN_POINT('',(6.05,-0.6,3.17));
#7244 = DIRECTION('',(0.,-1.,0.));
#7245 = DIRECTION('',(1.,0.,0.));
#7246 = ADVANCED_FACE('',(#7247),#7253,.F.);
#7247 = FACE_BOUND('',#7248,.F.);
#7248 = EDGE_LOOP('',(#7249,#7250,#7251,#7252));
#7249 = ORIENTED_EDGE('',*,*,#6516,.F.);
#7250 = ORIENTED_EDGE('',*,*,#7236,.T.);
#7251 = ORIENTED_EDGE('',*,*,#5665,.T.);
#7252 = ORIENTED_EDGE('',*,*,#7195,.F.);
#7253 = PLANE('',#7254);
#7254 = AXIS2_PLACEMENT_3D('',#7255,#7256,#7257);
#7255 = CARTESIAN_POINT('',(6.65,-0.6,3.17));
#7256 = DIRECTION('',(1.,0.,0.));
#7257 = DIRECTION('',(-0.,1.,0.));
#7258 = ADVANCED_FACE('',(#7259),#7284,.T.);
#7259 = FACE_BOUND('',#7260,.T.);
#7260 = EDGE_LOOP('',(#7261,#7271,#7277,#7278));
#7261 = ORIENTED_EDGE('',*,*,#7262,.T.);
#7262 = EDGE_CURVE('',#7263,#7265,#7267,.T.);
#7263 = VERTEX_POINT('',#7264);
#7264 = CARTESIAN_POINT('',(7.94,-0.32,-3.31));
#7265 = VERTEX_POINT('',#7266);
#7266 = CARTESIAN_POINT('',(7.94,0.32,-3.31));
#7267 = LINE('',#7268,#7269);
#7268 = CARTESIAN_POINT('',(7.94,-0.32,-3.31));
#7269 = VECTOR('',#7270,1.);
#7270 = DIRECTION('',(0.,1.,0.));
#7271 = ORIENTED_EDGE('',*,*,#7272,.T.);
#7272 = EDGE_CURVE('',#7265,#5738,#7273,.T.);
#7273 = LINE('',#7274,#7275);
#7274 = CARTESIAN_POINT('',(7.94,0.32,-3.56));
#7275 = VECTOR('',#7276,1.);
#7276 = DIRECTION('',(0.,0.,1.));
#7277 = ORIENTED_EDGE('',*,*,#5737,.T.);
#7278 = ORIENTED_EDGE('',*,*,#7279,.T.);
#7279 = EDGE_CURVE('',#5740,#7263,#7280,.T.);
#7280 = LINE('',#7281,#7282);
#7281 = CARTESIAN_POINT('',(7.94,-0.32,10.66));
#7282 = VECTOR('',#7283,1.);
#7283 = DIRECTION('',(0.,0.,-1.));
#7284 = PLANE('',#7285);
#7285 = AXIS2_PLACEMENT_3D('',#7286,#7287,#7288);
#7286 = CARTESIAN_POINT('',(7.94,0.,3.55));
#7287 = DIRECTION('',(1.,0.,0.));
#7288 = DIRECTION('',(0.,0.,1.));
#7289 = ADVANCED_FACE('',(#7290),#7308,.F.);
#7290 = FACE_BOUND('',#7291,.F.);
#7291 = EDGE_LOOP('',(#7292,#7300,#7306,#7307));
#7292 = ORIENTED_EDGE('',*,*,#7293,.F.);
#7293 = EDGE_CURVE('',#7294,#7263,#7296,.T.);
#7294 = VERTEX_POINT('',#7295);
#7295 = CARTESIAN_POINT('',(7.3,-0.32,-3.31));
#7296 = LINE('',#7297,#7298);
#7297 = CARTESIAN_POINT('',(7.55,-0.32,-3.31));
#7298 = VECTOR('',#7299,1.);
#7299 = DIRECTION('',(1.,0.,0.));
#7300 = ORIENTED_EDGE('',*,*,#7301,.F.);
#7301 = EDGE_CURVE('',#5756,#7294,#7302,.T.);
#7302 = LINE('',#7303,#7304);
#7303 = CARTESIAN_POINT('',(7.3,-0.32,10.66));
#7304 = VECTOR('',#7305,1.);
#7305 = DIRECTION('',(0.,0.,-1.));
#7306 = ORIENTED_EDGE('',*,*,#5763,.T.);
#7307 = ORIENTED_EDGE('',*,*,#7279,.T.);
#7308 = PLANE('',#7309);
#7309 = AXIS2_PLACEMENT_3D('',#7310,#7311,#7312);
#7310 = CARTESIAN_POINT('',(7.3,-0.32,10.66));
#7311 = DIRECTION('',(0.,1.,0.));
#7312 = DIRECTION('',(0.,0.,-1.));
#7313 = ADVANCED_FACE('',(#7314),#7332,.F.);
#7314 = FACE_BOUND('',#7315,.F.);
#7315 = EDGE_LOOP('',(#7316,#7324,#7330,#7331));
#7316 = ORIENTED_EDGE('',*,*,#7317,.T.);
#7317 = EDGE_CURVE('',#7294,#7318,#7320,.T.);
#7318 = VERTEX_POINT('',#7319);
#7319 = CARTESIAN_POINT('',(7.3,0.32,-3.31));
#7320 = LINE('',#7321,#7322);
#7321 = CARTESIAN_POINT('',(7.3,-0.32,-3.31));
#7322 = VECTOR('',#7323,1.);
#7323 = DIRECTION('',(0.,1.,0.));
#7324 = ORIENTED_EDGE('',*,*,#7325,.T.);
#7325 = EDGE_CURVE('',#7318,#5748,#7326,.T.);
#7326 = LINE('',#7327,#7328);
#7327 = CARTESIAN_POINT('',(7.3,0.32,-3.56));
#7328 = VECTOR('',#7329,1.);
#7329 = DIRECTION('',(0.,0.,1.));
#7330 = ORIENTED_EDGE('',*,*,#5755,.T.);
#7331 = ORIENTED_EDGE('',*,*,#7301,.T.);
#7332 = PLANE('',#7333);
#7333 = AXIS2_PLACEMENT_3D('',#7334,#7335,#7336);
#7334 = CARTESIAN_POINT('',(7.3,0.,3.55));
#7335 = DIRECTION('',(1.,0.,0.));
#7336 = DIRECTION('',(0.,0.,1.));
#7337 = ADVANCED_FACE('',(#7338),#7349,.F.);
#7338 = FACE_BOUND('',#7339,.F.);
#7339 = EDGE_LOOP('',(#7340,#7341,#7347,#7348));
#7340 = ORIENTED_EDGE('',*,*,#7325,.F.);
#7341 = ORIENTED_EDGE('',*,*,#7342,.T.);
#7342 = EDGE_CURVE('',#7318,#7265,#7343,.T.);
#7343 = LINE('',#7344,#7345);
#7344 = CARTESIAN_POINT('',(7.55,0.32,-3.31));
#7345 = VECTOR('',#7346,1.);
#7346 = DIRECTION('',(1.,0.,0.));
#7347 = ORIENTED_EDGE('',*,*,#7272,.T.);
#7348 = ORIENTED_EDGE('',*,*,#5747,.T.);
#7349 = PLANE('',#7350);
#7350 = AXIS2_PLACEMENT_3D('',#7351,#7352,#7353);
#7351 = CARTESIAN_POINT('',(7.3,0.32,-3.56));
#7352 = DIRECTION('',(0.,-1.,0.));
#7353 = DIRECTION('',(0.,0.,1.));
#7354 = ADVANCED_FACE('',(#7355),#7371,.F.);
#7355 = FACE_BOUND('',#7356,.F.);
#7356 = EDGE_LOOP('',(#7357,#7358,#7364,#7365));
#7357 = ORIENTED_EDGE('',*,*,#6252,.F.);
#7358 = ORIENTED_EDGE('',*,*,#7359,.T.);
#7359 = EDGE_CURVE('',#6253,#5820,#7360,.T.);
#7360 = LINE('',#7361,#7362);
#7361 = CARTESIAN_POINT('',(8.59,-0.6,3.17));
#7362 = VECTOR('',#7363,1.);
#7363 = DIRECTION('',(-0.,-0.,-1.));
#7364 = ORIENTED_EDGE('',*,*,#5819,.T.);
#7365 = ORIENTED_EDGE('',*,*,#7366,.F.);
#7366 = EDGE_CURVE('',#6255,#5822,#7367,.T.);
#7367 = LINE('',#7368,#7369);
#7368 = CARTESIAN_POINT('',(9.19,-0.6,3.17));
#7369 = VECTOR('',#7370,1.);
#7370 = DIRECTION('',(-0.,-0.,-1.));
#7371 = PLANE('',#7372);
#7372 = AXIS2_PLACEMENT_3D('',#7373,#7374,#7375);
#7373 = CARTESIAN_POINT('',(8.59,-0.6,3.17));
#7374 = DIRECTION('',(0.,-1.,0.));
#7375 = DIRECTION('',(1.,0.,0.));
#7376 = ADVANCED_FACE('',(#7377),#7388,.F.);
#7377 = FACE_BOUND('',#7378,.F.);
#7378 = EDGE_LOOP('',(#7379,#7380,#7381,#7382));
#7379 = ORIENTED_EDGE('',*,*,#6278,.F.);
#7380 = ORIENTED_EDGE('',*,*,#7366,.T.);
#7381 = ORIENTED_EDGE('',*,*,#5845,.T.);
#7382 = ORIENTED_EDGE('',*,*,#7383,.F.);
#7383 = EDGE_CURVE('',#6271,#5838,#7384,.T.);
#7384 = LINE('',#7385,#7386);
#7385 = CARTESIAN_POINT('',(9.19,0.6,3.17));
#7386 = VECTOR('',#7387,1.);
#7387 = DIRECTION('',(-0.,-0.,-1.));
#7388 = PLANE('',#7389);
#7389 = AXIS2_PLACEMENT_3D('',#7390,#7391,#7392);
#7390 = CARTESIAN_POINT('',(9.19,-0.6,3.17));
#7391 = DIRECTION('',(1.,0.,0.));
#7392 = DIRECTION('',(-0.,1.,0.));
#7393 = ADVANCED_FACE('',(#7394),#7405,.F.);
#7394 = FACE_BOUND('',#7395,.F.);
#7395 = EDGE_LOOP('',(#7396,#7397,#7398,#7399));
#7396 = ORIENTED_EDGE('',*,*,#6270,.F.);
#7397 = ORIENTED_EDGE('',*,*,#7383,.T.);
#7398 = ORIENTED_EDGE('',*,*,#5837,.T.);
#7399 = ORIENTED_EDGE('',*,*,#7400,.F.);
#7400 = EDGE_CURVE('',#6263,#5830,#7401,.T.);
#7401 = LINE('',#7402,#7403);
#7402 = CARTESIAN_POINT('',(8.59,0.6,3.17));
#7403 = VECTOR('',#7404,1.);
#7404 = DIRECTION('',(-0.,-0.,-1.));
#7405 = PLANE('',#7406);
#7406 = AXIS2_PLACEMENT_3D('',#7407,#7408,#7409);
#7407 = CARTESIAN_POINT('',(9.19,0.6,3.17));
#7408 = DIRECTION('',(0.,1.,0.));
#7409 = DIRECTION('',(-1.,0.,0.));
#7410 = ADVANCED_FACE('',(#7411),#7417,.F.);
#7411 = FACE_BOUND('',#7412,.F.);
#7412 = EDGE_LOOP('',(#7413,#7414,#7415,#7416));
#7413 = ORIENTED_EDGE('',*,*,#6262,.F.);
#7414 = ORIENTED_EDGE('',*,*,#7400,.T.);
#7415 = ORIENTED_EDGE('',*,*,#5829,.T.);
#7416 = ORIENTED_EDGE('',*,*,#7359,.F.);
#7417 = PLANE('',#7418);
#7418 = AXIS2_PLACEMENT_3D('',#7419,#7420,#7421);
#7419 = CARTESIAN_POINT('',(8.59,0.6,3.17));
#7420 = DIRECTION('',(-1.,0.,0.));
#7421 = DIRECTION('',(0.,-1.,0.));
#7422 = ADVANCED_FACE('',(#7423),#7448,.F.);
#7423 = FACE_BOUND('',#7424,.F.);
#7424 = EDGE_LOOP('',(#7425,#7433,#7441,#7447));
#7425 = ORIENTED_EDGE('',*,*,#7426,.F.);
#7426 = EDGE_CURVE('',#7427,#5904,#7429,.T.);
#7427 = VERTEX_POINT('',#7428);
#7428 = CARTESIAN_POINT('',(9.84,0.32,-3.31));
#7429 = LINE('',#7430,#7431);
#7430 = CARTESIAN_POINT('',(9.84,0.32,-3.56));
#7431 = VECTOR('',#7432,1.);
#7432 = DIRECTION('',(0.,0.,1.));
#7433 = ORIENTED_EDGE('',*,*,#7434,.T.);
#7434 = EDGE_CURVE('',#7427,#7435,#7437,.T.);
#7435 = VERTEX_POINT('',#7436);
#7436 = CARTESIAN_POINT('',(10.48,0.32,-3.31));
#7437 = LINE('',#7438,#7439);
#7438 = CARTESIAN_POINT('',(10.09,0.32,-3.31));
#7439 = VECTOR('',#7440,1.);
#7440 = DIRECTION('',(1.,0.,0.));
#7441 = ORIENTED_EDGE('',*,*,#7442,.T.);
#7442 = EDGE_CURVE('',#7435,#5902,#7443,.T.);
#7443 = LINE('',#7444,#7445);
#7444 = CARTESIAN_POINT('',(10.48,0.32,-3.56));
#7445 = VECTOR('',#7446,1.);
#7446 = DIRECTION('',(0.,0.,1.));
#7447 = ORIENTED_EDGE('',*,*,#5901,.T.);
#7448 = PLANE('',#7449);
#7449 = AXIS2_PLACEMENT_3D('',#7450,#7451,#7452);
#7450 = CARTESIAN_POINT('',(9.84,0.32,-3.56));
#7451 = DIRECTION('',(0.,-1.,0.));
#7452 = DIRECTION('',(0.,0.,1.));
#7453 = ADVANCED_FACE('',(#7454),#7472,.T.);
#7454 = FACE_BOUND('',#7455,.T.);
#7455 = EDGE_LOOP('',(#7456,#7464,#7465,#7466));
#7456 = ORIENTED_EDGE('',*,*,#7457,.T.);
#7457 = EDGE_CURVE('',#7458,#7435,#7460,.T.);
#7458 = VERTEX_POINT('',#7459);
#7459 = CARTESIAN_POINT('',(10.48,-0.32,-3.31));
#7460 = LINE('',#7461,#7462);
#7461 = CARTESIAN_POINT('',(10.48,-0.32,-3.31));
#7462 = VECTOR('',#7463,1.);
#7463 = DIRECTION('',(0.,1.,0.));
#7464 = ORIENTED_EDGE('',*,*,#7442,.T.);
#7465 = ORIENTED_EDGE('',*,*,#5927,.T.);
#7466 = ORIENTED_EDGE('',*,*,#7467,.T.);
#7467 = EDGE_CURVE('',#5920,#7458,#7468,.T.);
#7468 = LINE('',#7469,#7470);
#7469 = CARTESIAN_POINT('',(10.48,-0.32,10.66));
#7470 = VECTOR('',#7471,1.);
#7471 = DIRECTION('',(0.,0.,-1.));
#7472 = PLANE('',#7473);
#7473 = AXIS2_PLACEMENT_3D('',#7474,#7475,#7476);
#7474 = CARTESIAN_POINT('',(10.48,0.,3.55));
#7475 = DIRECTION('',(1.,0.,0.));
#7476 = DIRECTION('',(0.,0.,1.));
#7477 = ADVANCED_FACE('',(#7478),#7496,.F.);
#7478 = FACE_BOUND('',#7479,.F.);
#7479 = EDGE_LOOP('',(#7480,#7488,#7494,#7495));
#7480 = ORIENTED_EDGE('',*,*,#7481,.F.);
#7481 = EDGE_CURVE('',#7482,#7458,#7484,.T.);
#7482 = VERTEX_POINT('',#7483);
#7483 = CARTESIAN_POINT('',(9.84,-0.32,-3.31));
#7484 = LINE('',#7485,#7486);
#7485 = CARTESIAN_POINT('',(10.09,-0.32,-3.31));
#7486 = VECTOR('',#7487,1.);
#7487 = DIRECTION('',(1.,0.,0.));
#7488 = ORIENTED_EDGE('',*,*,#7489,.F.);
#7489 = EDGE_CURVE('',#5912,#7482,#7490,.T.);
#7490 = LINE('',#7491,#7492);
#7491 = CARTESIAN_POINT('',(9.84,-0.32,10.66));
#7492 = VECTOR('',#7493,1.);
#7493 = DIRECTION('',(0.,0.,-1.));
#7494 = ORIENTED_EDGE('',*,*,#5919,.T.);
#7495 = ORIENTED_EDGE('',*,*,#7467,.T.);
#7496 = PLANE('',#7497);
#7497 = AXIS2_PLACEMENT_3D('',#7498,#7499,#7500);
#7498 = CARTESIAN_POINT('',(9.84,-0.32,10.66));
#7499 = DIRECTION('',(0.,1.,0.));
#7500 = DIRECTION('',(0.,0.,-1.));
#7501 = ADVANCED_FACE('',(#7502),#7513,.F.);
#7502 = FACE_BOUND('',#7503,.F.);
#7503 = EDGE_LOOP('',(#7504,#7510,#7511,#7512));
#7504 = ORIENTED_EDGE('',*,*,#7505,.T.);
#7505 = EDGE_CURVE('',#7482,#7427,#7506,.T.);
#7506 = LINE('',#7507,#7508);
#7507 = CARTESIAN_POINT('',(9.84,-0.32,-3.31));
#7508 = VECTOR('',#7509,1.);
#7509 = DIRECTION('',(0.,1.,0.));
#7510 = ORIENTED_EDGE('',*,*,#7426,.T.);
#7511 = ORIENTED_EDGE('',*,*,#5911,.T.);
#7512 = ORIENTED_EDGE('',*,*,#7489,.T.);
#7513 = PLANE('',#7514);
#7514 = AXIS2_PLACEMENT_3D('',#7515,#7516,#7517);
#7515 = CARTESIAN_POINT('',(9.84,0.,3.55));
#7516 = DIRECTION('',(1.,0.,0.));
#7517 = DIRECTION('',(0.,0.,1.));
#7518 = ADVANCED_FACE('',(#7519),#7535,.F.);
#7519 = FACE_BOUND('',#7520,.F.);
#7520 = EDGE_LOOP('',(#7521,#7522,#7528,#7529));
#7521 = ORIENTED_EDGE('',*,*,#6320,.F.);
#7522 = ORIENTED_EDGE('',*,*,#7523,.T.);
#7523 = EDGE_CURVE('',#6321,#5984,#7524,.T.);
#7524 = LINE('',#7525,#7526);
#7525 = CARTESIAN_POINT('',(11.13,0.6,3.17));
#7526 = VECTOR('',#7527,1.);
#7527 = DIRECTION('',(-0.,-0.,-1.));
#7528 = ORIENTED_EDGE('',*,*,#5983,.T.);
#7529 = ORIENTED_EDGE('',*,*,#7530,.F.);
#7530 = EDGE_CURVE('',#6323,#5986,#7531,.T.);
#7531 = LINE('',#7532,#7533);
#7532 = CARTESIAN_POINT('',(11.13,-0.6,3.17));
#7533 = VECTOR('',#7534,1.);
#7534 = DIRECTION('',(-0.,-0.,-1.));
#7535 = PLANE('',#7536);
#7536 = AXIS2_PLACEMENT_3D('',#7537,#7538,#7539);
#7537 = CARTESIAN_POINT('',(11.13,0.6,3.17));
#7538 = DIRECTION('',(-1.,0.,0.));
#7539 = DIRECTION('',(0.,-1.,0.));
#7540 = ADVANCED_FACE('',(#7541),#7552,.F.);
#7541 = FACE_BOUND('',#7542,.F.);
#7542 = EDGE_LOOP('',(#7543,#7544,#7545,#7546));
#7543 = ORIENTED_EDGE('',*,*,#6346,.F.);
#7544 = ORIENTED_EDGE('',*,*,#7530,.T.);
#7545 = ORIENTED_EDGE('',*,*,#6009,.T.);
#7546 = ORIENTED_EDGE('',*,*,#7547,.F.);
#7547 = EDGE_CURVE('',#6339,#6002,#7548,.T.);
#7548 = LINE('',#7549,#7550);
#7549 = CARTESIAN_POINT('',(11.73,-0.6,3.17));
#7550 = VECTOR('',#7551,1.);
#7551 = DIRECTION('',(-0.,-0.,-1.));
#7552 = PLANE('',#7553);
#7553 = AXIS2_PLACEMENT_3D('',#7554,#7555,#7556);
#7554 = CARTESIAN_POINT('',(11.13,-0.6,3.17));
#7555 = DIRECTION('',(0.,-1.,0.));
#7556 = DIRECTION('',(1.,0.,0.));
#7557 = ADVANCED_FACE('',(#7558),#7569,.F.);
#7558 = FACE_BOUND('',#7559,.F.);
#7559 = EDGE_LOOP('',(#7560,#7561,#7562,#7563));
#7560 = ORIENTED_EDGE('',*,*,#6338,.F.);
#7561 = ORIENTED_EDGE('',*,*,#7547,.T.);
#7562 = ORIENTED_EDGE('',*,*,#6001,.T.);
#7563 = ORIENTED_EDGE('',*,*,#7564,.F.);
#7564 = EDGE_CURVE('',#6331,#5994,#7565,.T.);
#7565 = LINE('',#7566,#7567);
#7566 = CARTESIAN_POINT('',(11.73,0.6,3.17));
#7567 = VECTOR('',#7568,1.);
#7568 = DIRECTION('',(-0.,-0.,-1.));
#7569 = PLANE('',#7570);
#7570 = AXIS2_PLACEMENT_3D('',#7571,#7572,#7573);
#7571 = CARTESIAN_POINT('',(11.73,-0.6,3.17));
#7572 = DIRECTION('',(1.,0.,0.));
#7573 = DIRECTION('',(-0.,1.,0.));
#7574 = ADVANCED_FACE('',(#7575),#7581,.F.);
#7575 = FACE_BOUND('',#7576,.F.);
#7576 = EDGE_LOOP('',(#7577,#7578,#7579,#7580));
#7577 = ORIENTED_EDGE('',*,*,#6330,.F.);
#7578 = ORIENTED_EDGE('',*,*,#7564,.T.);
#7579 = ORIENTED_EDGE('',*,*,#5993,.T.);
#7580 = ORIENTED_EDGE('',*,*,#7523,.F.);
#7581 = PLANE('',#7582);
#7582 = AXIS2_PLACEMENT_3D('',#7583,#7584,#7585);
#7583 = CARTESIAN_POINT('',(11.73,0.6,3.17));
#7584 = DIRECTION('',(0.,1.,0.));
#7585 = DIRECTION('',(-1.,0.,0.));
#7586 = ADVANCED_FACE('',(#7587),#7612,.F.);
#7587 = FACE_BOUND('',#7588,.F.);
#7588 = EDGE_LOOP('',(#7589,#7599,#7605,#7606));
#7589 = ORIENTED_EDGE('',*,*,#7590,.T.);
#7590 = EDGE_CURVE('',#7591,#7593,#7595,.T.);
#7591 = VERTEX_POINT('',#7592);
#7592 = CARTESIAN_POINT('',(12.38,-0.32,-3.31));
#7593 = VERTEX_POINT('',#7594);
#7594 = CARTESIAN_POINT('',(12.38,0.32,-3.31));
#7595 = LINE('',#7596,#7597);
#7596 = CARTESIAN_POINT('',(12.38,-0.32,-3.31));
#7597 = VECTOR('',#7598,1.);
#7598 = DIRECTION('',(0.,1.,0.));
#7599 = ORIENTED_EDGE('',*,*,#7600,.T.);
#7600 = EDGE_CURVE('',#7593,#6066,#7601,.T.);
#7601 = LINE('',#7602,#7603);
#7602 = CARTESIAN_POINT('',(12.38,0.32,-3.56));
#7603 = VECTOR('',#7604,1.);
#7604 = DIRECTION('',(0.,0.,1.));
#7605 = ORIENTED_EDGE('',*,*,#6065,.T.);
#7606 = ORIENTED_EDGE('',*,*,#7607,.T.);
#7607 = EDGE_CURVE('',#6068,#7591,#7608,.T.);
#7608 = LINE('',#7609,#7610);
#7609 = CARTESIAN_POINT('',(12.38,-0.32,10.66));
#7610 = VECTOR('',#7611,1.);
#7611 = DIRECTION('',(0.,0.,-1.));
#7612 = PLANE('',#7613);
#7613 = AXIS2_PLACEMENT_3D('',#7614,#7615,#7616);
#7614 = CARTESIAN_POINT('',(12.38,0.,3.55));
#7615 = DIRECTION('',(1.,0.,0.));
#7616 = DIRECTION('',(0.,0.,1.));
#7617 = ADVANCED_FACE('',(#7618),#7636,.F.);
#7618 = FACE_BOUND('',#7619,.F.);
#7619 = EDGE_LOOP('',(#7620,#7621,#7629,#7635));
#7620 = ORIENTED_EDGE('',*,*,#7600,.F.);
#7621 = ORIENTED_EDGE('',*,*,#7622,.T.);
#7622 = EDGE_CURVE('',#7593,#7623,#7625,.T.);
#7623 = VERTEX_POINT('',#7624);
#7624 = CARTESIAN_POINT('',(13.02,0.32,-3.31));
#7625 = LINE('',#7626,#7627);
#7626 = CARTESIAN_POINT('',(12.63,0.32,-3.31));
#7627 = VECTOR('',#7628,1.);
#7628 = DIRECTION('',(1.,0.,0.));
#7629 = ORIENTED_EDGE('',*,*,#7630,.T.);
#7630 = EDGE_CURVE('',#7623,#6084,#7631,.T.);
#7631 = LINE('',#7632,#7633);
#7632 = CARTESIAN_POINT('',(13.02,0.32,-3.56));
#7633 = VECTOR('',#7634,1.);
#7634 = DIRECTION('',(0.,0.,1.));
#7635 = ORIENTED_EDGE('',*,*,#6091,.T.);
#7636 = PLANE('',#7637);
#7637 = AXIS2_PLACEMENT_3D('',#7638,#7639,#7640);
#7638 = CARTESIAN_POINT('',(12.38,0.32,-3.56));
#7639 = DIRECTION('',(0.,-1.,0.));
#7640 = DIRECTION('',(0.,0.,1.));
#7641 = ADVANCED_FACE('',(#7642),#7660,.T.);
#7642 = FACE_BOUND('',#7643,.T.);
#7643 = EDGE_LOOP('',(#7644,#7652,#7653,#7654));
#7644 = ORIENTED_EDGE('',*,*,#7645,.T.);
#7645 = EDGE_CURVE('',#7646,#7623,#7648,.T.);
#7646 = VERTEX_POINT('',#7647);
#7647 = CARTESIAN_POINT('',(13.02,-0.32,-3.31));
#7648 = LINE('',#7649,#7650);
#7649 = CARTESIAN_POINT('',(13.02,-0.32,-3.31));
#7650 = VECTOR('',#7651,1.);
#7651 = DIRECTION('',(0.,1.,0.));
#7652 = ORIENTED_EDGE('',*,*,#7630,.T.);
#7653 = ORIENTED_EDGE('',*,*,#6083,.T.);
#7654 = ORIENTED_EDGE('',*,*,#7655,.T.);
#7655 = EDGE_CURVE('',#6076,#7646,#7656,.T.);
#7656 = LINE('',#7657,#7658);
#7657 = CARTESIAN_POINT('',(13.02,-0.32,10.66));
#7658 = VECTOR('',#7659,1.);
#7659 = DIRECTION('',(0.,0.,-1.));
#7660 = PLANE('',#7661);
#7661 = AXIS2_PLACEMENT_3D('',#7662,#7663,#7664);
#7662 = CARTESIAN_POINT('',(13.02,0.,3.55));
#7663 = DIRECTION('',(1.,0.,0.));
#7664 = DIRECTION('',(0.,0.,1.));
#7665 = ADVANCED_FACE('',(#7666),#7677,.F.);
#7666 = FACE_BOUND('',#7667,.F.);
#7667 = EDGE_LOOP('',(#7668,#7674,#7675,#7676));
#7668 = ORIENTED_EDGE('',*,*,#7669,.F.);
#7669 = EDGE_CURVE('',#7591,#7646,#7670,.T.);
#7670 = LINE('',#7671,#7672);
#7671 = CARTESIAN_POINT('',(12.63,-0.32,-3.31));
#7672 = VECTOR('',#7673,1.);
#7673 = DIRECTION('',(1.,0.,0.));
#7674 = ORIENTED_EDGE('',*,*,#7607,.F.);
#7675 = ORIENTED_EDGE('',*,*,#6075,.T.);
#7676 = ORIENTED_EDGE('',*,*,#7655,.T.);
#7677 = PLANE('',#7678);
#7678 = AXIS2_PLACEMENT_3D('',#7679,#7680,#7681);
#7679 = CARTESIAN_POINT('',(12.38,-0.32,10.66));
#7680 = DIRECTION('',(0.,1.,0.));
#7681 = DIRECTION('',(0.,0.,-1.));
#7682 = ADVANCED_FACE('',(#7683),#7694,.F.);
#7683 = FACE_BOUND('',#7684,.F.);
#7684 = EDGE_LOOP('',(#7685,#7686,#7692,#7693));
#7685 = ORIENTED_EDGE('',*,*,#6633,.F.);
#7686 = ORIENTED_EDGE('',*,*,#7687,.F.);
#7687 = EDGE_CURVE('',#6677,#6626,#7688,.T.);
#7688 = LINE('',#7689,#7690);
#7689 = CARTESIAN_POINT('',(6.35,-1.9,3.8));
#7690 = VECTOR('',#7691,1.);
#7691 = DIRECTION('',(1.,0.,0.));
#7692 = ORIENTED_EDGE('',*,*,#6684,.T.);
#7693 = ORIENTED_EDGE('',*,*,#6194,.F.);
#7694 = CYLINDRICAL_SURFACE('',#7695,0.601382070665);
#7695 = AXIS2_PLACEMENT_3D('',#7696,#7697,#7698);
#7696 = CARTESIAN_POINT('',(6.35,-1.299299254479,3.771381662401));
#7697 = DIRECTION('',(-1.,-0.,-0.));
#7698 = DIRECTION('',(0.,-0.998867067749,4.758761359E-02));
#7699 = ADVANCED_FACE('',(#7700),#7725,.T.);
#7700 = FACE_BOUND('',#7701,.T.);
#7701 = EDGE_LOOP('',(#7702,#7703,#7711,#7719));
#7702 = ORIENTED_EDGE('',*,*,#6218,.T.);
#7703 = ORIENTED_EDGE('',*,*,#7704,.T.);
#7704 = EDGE_CURVE('',#6221,#7705,#7707,.T.);
#7705 = VERTEX_POINT('',#7706);
#7706 = CARTESIAN_POINT('',(7.94,0.32,10.41));
#7707 = LINE('',#7708,#7709);
#7708 = CARTESIAN_POINT('',(7.94,0.32,-3.56));
#7709 = VECTOR('',#7710,1.);
#7710 = DIRECTION('',(0.,0.,1.));
#7711 = ORIENTED_EDGE('',*,*,#7712,.T.);
#7712 = EDGE_CURVE('',#7705,#7713,#7715,.T.);
#7713 = VERTEX_POINT('',#7714);
#7714 = CARTESIAN_POINT('',(7.94,-0.32,10.41));
#7715 = LINE('',#7716,#7717);
#7716 = CARTESIAN_POINT('',(7.94,0.32,10.41));
#7717 = VECTOR('',#7718,1.);
#7718 = DIRECTION('',(0.,-1.,0.));
#7719 = ORIENTED_EDGE('',*,*,#7720,.T.);
#7720 = EDGE_CURVE('',#7713,#6219,#7721,.T.);
#7721 = LINE('',#7722,#7723);
#7722 = CARTESIAN_POINT('',(7.94,-0.32,10.66));
#7723 = VECTOR('',#7724,1.);
#7724 = DIRECTION('',(0.,0.,-1.));
#7725 = PLANE('',#7726);
#7726 = AXIS2_PLACEMENT_3D('',#7727,#7728,#7729);
#7727 = CARTESIAN_POINT('',(7.94,0.,3.55));
#7728 = DIRECTION('',(1.,0.,0.));
#7729 = DIRECTION('',(0.,0.,1.));
#7730 = ADVANCED_FACE('',(#7731),#7749,.F.);
#7731 = FACE_BOUND('',#7732,.F.);
#7732 = EDGE_LOOP('',(#7733,#7741,#7742,#7743));
#7733 = ORIENTED_EDGE('',*,*,#7734,.F.);
#7734 = EDGE_CURVE('',#6237,#7735,#7737,.T.);
#7735 = VERTEX_POINT('',#7736);
#7736 = CARTESIAN_POINT('',(7.3,0.32,10.41));
#7737 = LINE('',#7738,#7739);
#7738 = CARTESIAN_POINT('',(7.3,0.32,-3.56));
#7739 = VECTOR('',#7740,1.);
#7740 = DIRECTION('',(0.,0.,1.));
#7741 = ORIENTED_EDGE('',*,*,#6244,.T.);
#7742 = ORIENTED_EDGE('',*,*,#7704,.T.);
#7743 = ORIENTED_EDGE('',*,*,#7744,.F.);
#7744 = EDGE_CURVE('',#7735,#7705,#7745,.T.);
#7745 = LINE('',#7746,#7747);
#7746 = CARTESIAN_POINT('',(7.55,0.32,10.41));
#7747 = VECTOR('',#7748,1.);
#7748 = DIRECTION('',(1.,0.,0.));
#7749 = PLANE('',#7750);
#7750 = AXIS2_PLACEMENT_3D('',#7751,#7752,#7753);
#7751 = CARTESIAN_POINT('',(7.3,0.32,-3.56));
#7752 = DIRECTION('',(0.,-1.,0.));
#7753 = DIRECTION('',(0.,0.,1.));
#7754 = ADVANCED_FACE('',(#7755),#7773,.F.);
#7755 = FACE_BOUND('',#7756,.F.);
#7756 = EDGE_LOOP('',(#7757,#7758,#7759,#7767));
#7757 = ORIENTED_EDGE('',*,*,#6236,.T.);
#7758 = ORIENTED_EDGE('',*,*,#7734,.T.);
#7759 = ORIENTED_EDGE('',*,*,#7760,.T.);
#7760 = EDGE_CURVE('',#7735,#7761,#7763,.T.);
#7761 = VERTEX_POINT('',#7762);
#7762 = CARTESIAN_POINT('',(7.3,-0.32,10.41));
#7763 = LINE('',#7764,#7765);
#7764 = CARTESIAN_POINT('',(7.3,0.32,10.41));
#7765 = VECTOR('',#7766,1.);
#7766 = DIRECTION('',(0.,-1.,0.));
#7767 = ORIENTED_EDGE('',*,*,#7768,.T.);
#7768 = EDGE_CURVE('',#7761,#6229,#7769,.T.);
#7769 = LINE('',#7770,#7771);
#7770 = CARTESIAN_POINT('',(7.3,-0.32,10.66));
#7771 = VECTOR('',#7772,1.);
#7772 = DIRECTION('',(0.,0.,-1.));
#7773 = PLANE('',#7774);
#7774 = AXIS2_PLACEMENT_3D('',#7775,#7776,#7777);
#7775 = CARTESIAN_POINT('',(7.3,0.,3.55));
#7776 = DIRECTION('',(1.,0.,0.));
#7777 = DIRECTION('',(0.,0.,1.));
#7778 = ADVANCED_FACE('',(#7779),#7790,.F.);
#7779 = FACE_BOUND('',#7780,.F.);
#7780 = EDGE_LOOP('',(#7781,#7782,#7783,#7789));
#7781 = ORIENTED_EDGE('',*,*,#6228,.T.);
#7782 = ORIENTED_EDGE('',*,*,#7768,.F.);
#7783 = ORIENTED_EDGE('',*,*,#7784,.T.);
#7784 = EDGE_CURVE('',#7761,#7713,#7785,.T.);
#7785 = LINE('',#7786,#7787);
#7786 = CARTESIAN_POINT('',(7.55,-0.32,10.41));
#7787 = VECTOR('',#7788,1.);
#7788 = DIRECTION('',(1.,0.,0.));
#7789 = ORIENTED_EDGE('',*,*,#7720,.T.);
#7790 = PLANE('',#7791);
#7791 = AXIS2_PLACEMENT_3D('',#7792,#7793,#7794);
#7792 = CARTESIAN_POINT('',(7.3,-0.32,10.66));
#7793 = DIRECTION('',(0.,1.,0.));
#7794 = DIRECTION('',(0.,0.,-1.));
#7795 = ADVANCED_FACE('',(#7796),#7821,.T.);
#7796 = FACE_BOUND('',#7797,.T.);
#7797 = EDGE_LOOP('',(#7798,#7799,#7807,#7815));
#7798 = ORIENTED_EDGE('',*,*,#6286,.T.);
#7799 = ORIENTED_EDGE('',*,*,#7800,.T.);
#7800 = EDGE_CURVE('',#6289,#7801,#7803,.T.);
#7801 = VERTEX_POINT('',#7802);
#7802 = CARTESIAN_POINT('',(13.02,0.32,10.41));
#7803 = LINE('',#7804,#7805);
#7804 = CARTESIAN_POINT('',(13.02,0.32,-3.56));
#7805 = VECTOR('',#7806,1.);
#7806 = DIRECTION('',(0.,0.,1.));
#7807 = ORIENTED_EDGE('',*,*,#7808,.T.);
#7808 = EDGE_CURVE('',#7801,#7809,#7811,.T.);
#7809 = VERTEX_POINT('',#7810);
#7810 = CARTESIAN_POINT('',(13.02,-0.32,10.41));
#7811 = LINE('',#7812,#7813);
#7812 = CARTESIAN_POINT('',(13.02,0.32,10.41));
#7813 = VECTOR('',#7814,1.);
#7814 = DIRECTION('',(0.,-1.,0.));
#7815 = ORIENTED_EDGE('',*,*,#7816,.T.);
#7816 = EDGE_CURVE('',#7809,#6287,#7817,.T.);
#7817 = LINE('',#7818,#7819);
#7818 = CARTESIAN_POINT('',(13.02,-0.32,10.66));
#7819 = VECTOR('',#7820,1.);
#7820 = DIRECTION('',(0.,0.,-1.));
#7821 = PLANE('',#7822);
#7822 = AXIS2_PLACEMENT_3D('',#7823,#7824,#7825);
#7823 = CARTESIAN_POINT('',(13.02,0.,3.55));
#7824 = DIRECTION('',(1.,0.,0.));
#7825 = DIRECTION('',(0.,0.,1.));
#7826 = ADVANCED_FACE('',(#7827),#7845,.F.);
#7827 = FACE_BOUND('',#7828,.F.);
#7828 = EDGE_LOOP('',(#7829,#7837,#7838,#7839));
#7829 = ORIENTED_EDGE('',*,*,#7830,.F.);
#7830 = EDGE_CURVE('',#6305,#7831,#7833,.T.);
#7831 = VERTEX_POINT('',#7832);
#7832 = CARTESIAN_POINT('',(12.38,0.32,10.41));
#7833 = LINE('',#7834,#7835);
#7834 = CARTESIAN_POINT('',(12.38,0.32,-3.56));
#7835 = VECTOR('',#7836,1.);
#7836 = DIRECTION('',(0.,0.,1.));
#7837 = ORIENTED_EDGE('',*,*,#6312,.T.);
#7838 = ORIENTED_EDGE('',*,*,#7800,.T.);
#7839 = ORIENTED_EDGE('',*,*,#7840,.F.);
#7840 = EDGE_CURVE('',#7831,#7801,#7841,.T.);
#7841 = LINE('',#7842,#7843);
#7842 = CARTESIAN_POINT('',(12.63,0.32,10.41));
#7843 = VECTOR('',#7844,1.);
#7844 = DIRECTION('',(1.,0.,0.));
#7845 = PLANE('',#7846);
#7846 = AXIS2_PLACEMENT_3D('',#7847,#7848,#7849);
#7847 = CARTESIAN_POINT('',(12.38,0.32,-3.56));
#7848 = DIRECTION('',(0.,-1.,0.));
#7849 = DIRECTION('',(0.,0.,1.));
#7850 = ADVANCED_FACE('',(#7851),#7869,.F.);
#7851 = FACE_BOUND('',#7852,.F.);
#7852 = EDGE_LOOP('',(#7853,#7854,#7855,#7863));
#7853 = ORIENTED_EDGE('',*,*,#6304,.T.);
#7854 = ORIENTED_EDGE('',*,*,#7830,.T.);
#7855 = ORIENTED_EDGE('',*,*,#7856,.T.);
#7856 = EDGE_CURVE('',#7831,#7857,#7859,.T.);
#7857 = VERTEX_POINT('',#7858);
#7858 = CARTESIAN_POINT('',(12.38,-0.32,10.41));
#7859 = LINE('',#7860,#7861);
#7860 = CARTESIAN_POINT('',(12.38,0.32,10.41));
#7861 = VECTOR('',#7862,1.);
#7862 = DIRECTION('',(0.,-1.,0.));
#7863 = ORIENTED_EDGE('',*,*,#7864,.T.);
#7864 = EDGE_CURVE('',#7857,#6297,#7865,.T.);
#7865 = LINE('',#7866,#7867);
#7866 = CARTESIAN_POINT('',(12.38,-0.32,10.66));
#7867 = VECTOR('',#7868,1.);
#7868 = DIRECTION('',(0.,0.,-1.));
#7869 = PLANE('',#7870);
#7870 = AXIS2_PLACEMENT_3D('',#7871,#7872,#7873);
#7871 = CARTESIAN_POINT('',(12.38,0.,3.55));
#7872 = DIRECTION('',(1.,0.,0.));
#7873 = DIRECTION('',(0.,0.,1.));
#7874 = ADVANCED_FACE('',(#7875),#7886,.F.);
#7875 = FACE_BOUND('',#7876,.F.);
#7876 = EDGE_LOOP('',(#7877,#7878,#7879,#7885));
#7877 = ORIENTED_EDGE('',*,*,#6296,.T.);
#7878 = ORIENTED_EDGE('',*,*,#7864,.F.);
#7879 = ORIENTED_EDGE('',*,*,#7880,.T.);
#7880 = EDGE_CURVE('',#7857,#7809,#7881,.T.);
#7881 = LINE('',#7882,#7883);
#7882 = CARTESIAN_POINT('',(12.63,-0.32,10.41));
#7883 = VECTOR('',#7884,1.);
#7884 = DIRECTION('',(1.,0.,0.));
#7885 = ORIENTED_EDGE('',*,*,#7816,.T.);
#7886 = PLANE('',#7887);
#7887 = AXIS2_PLACEMENT_3D('',#7888,#7889,#7890);
#7888 = CARTESIAN_POINT('',(12.38,-0.32,10.66));
#7889 = DIRECTION('',(0.,1.,0.));
#7890 = DIRECTION('',(0.,0.,-1.));
#7891 = ADVANCED_FACE('',(#7892),#7917,.F.);
#7892 = FACE_BOUND('',#7893,.F.);
#7893 = EDGE_LOOP('',(#7894,#7895,#7903,#7911));
#7894 = ORIENTED_EDGE('',*,*,#6354,.T.);
#7895 = ORIENTED_EDGE('',*,*,#7896,.F.);
#7896 = EDGE_CURVE('',#7897,#6357,#7899,.T.);
#7897 = VERTEX_POINT('',#7898);
#7898 = CARTESIAN_POINT('',(9.84,-0.32,10.41));
#7899 = LINE('',#7900,#7901);
#7900 = CARTESIAN_POINT('',(9.84,-0.32,10.66));
#7901 = VECTOR('',#7902,1.);
#7902 = DIRECTION('',(0.,0.,-1.));
#7903 = ORIENTED_EDGE('',*,*,#7904,.T.);
#7904 = EDGE_CURVE('',#7897,#7905,#7907,.T.);
#7905 = VERTEX_POINT('',#7906);
#7906 = CARTESIAN_POINT('',(10.48,-0.32,10.41));
#7907 = LINE('',#7908,#7909);
#7908 = CARTESIAN_POINT('',(10.09,-0.32,10.41));
#7909 = VECTOR('',#7910,1.);
#7910 = DIRECTION('',(1.,0.,0.));
#7911 = ORIENTED_EDGE('',*,*,#7912,.T.);
#7912 = EDGE_CURVE('',#7905,#6355,#7913,.T.);
#7913 = LINE('',#7914,#7915);
#7914 = CARTESIAN_POINT('',(10.48,-0.32,10.66));
#7915 = VECTOR('',#7916,1.);
#7916 = DIRECTION('',(0.,0.,-1.));
#7917 = PLANE('',#7918);
#7918 = AXIS2_PLACEMENT_3D('',#7919,#7920,#7921);
#7919 = CARTESIAN_POINT('',(9.84,-0.32,10.66));
#7920 = DIRECTION('',(0.,1.,0.));
#7921 = DIRECTION('',(0.,0.,-1.));
#7922 = ADVANCED_FACE('',(#7923),#7941,.T.);
#7923 = FACE_BOUND('',#7924,.T.);
#7924 = EDGE_LOOP('',(#7925,#7926,#7934,#7940));
#7925 = ORIENTED_EDGE('',*,*,#6380,.T.);
#7926 = ORIENTED_EDGE('',*,*,#7927,.T.);
#7927 = EDGE_CURVE('',#6373,#7928,#7930,.T.);
#7928 = VERTEX_POINT('',#7929);
#7929 = CARTESIAN_POINT('',(10.48,0.32,10.41));
#7930 = LINE('',#7931,#7932);
#7931 = CARTESIAN_POINT('',(10.48,0.32,-3.56));
#7932 = VECTOR('',#7933,1.);
#7933 = DIRECTION('',(0.,0.,1.));
#7934 = ORIENTED_EDGE('',*,*,#7935,.T.);
#7935 = EDGE_CURVE('',#7928,#7905,#7936,.T.);
#7936 = LINE('',#7937,#7938);
#7937 = CARTESIAN_POINT('',(10.48,0.32,10.41));
#7938 = VECTOR('',#7939,1.);
#7939 = DIRECTION('',(0.,-1.,0.));
#7940 = ORIENTED_EDGE('',*,*,#7912,.T.);
#7941 = PLANE('',#7942);
#7942 = AXIS2_PLACEMENT_3D('',#7943,#7944,#7945);
#7943 = CARTESIAN_POINT('',(10.48,0.,3.55));
#7944 = DIRECTION('',(1.,0.,0.));
#7945 = DIRECTION('',(0.,0.,1.));
#7946 = ADVANCED_FACE('',(#7947),#7965,.F.);
#7947 = FACE_BOUND('',#7948,.F.);
#7948 = EDGE_LOOP('',(#7949,#7957,#7958,#7959));
#7949 = ORIENTED_EDGE('',*,*,#7950,.F.);
#7950 = EDGE_CURVE('',#6365,#7951,#7953,.T.);
#7951 = VERTEX_POINT('',#7952);
#7952 = CARTESIAN_POINT('',(9.84,0.32,10.41));
#7953 = LINE('',#7954,#7955);
#7954 = CARTESIAN_POINT('',(9.84,0.32,-3.56));
#7955 = VECTOR('',#7956,1.);
#7956 = DIRECTION('',(0.,0.,1.));
#7957 = ORIENTED_EDGE('',*,*,#6372,.T.);
#7958 = ORIENTED_EDGE('',*,*,#7927,.T.);
#7959 = ORIENTED_EDGE('',*,*,#7960,.F.);
#7960 = EDGE_CURVE('',#7951,#7928,#7961,.T.);
#7961 = LINE('',#7962,#7963);
#7962 = CARTESIAN_POINT('',(10.09,0.32,10.41));
#7963 = VECTOR('',#7964,1.);
#7964 = DIRECTION('',(1.,0.,0.));
#7965 = PLANE('',#7966);
#7966 = AXIS2_PLACEMENT_3D('',#7967,#7968,#7969);
#7967 = CARTESIAN_POINT('',(9.84,0.32,-3.56));
#7968 = DIRECTION('',(0.,-1.,0.));
#7969 = DIRECTION('',(0.,0.,1.));
#7970 = ADVANCED_FACE('',(#7971),#7982,.F.);
#7971 = FACE_BOUND('',#7972,.F.);
#7972 = EDGE_LOOP('',(#7973,#7974,#7975,#7981));
#7973 = ORIENTED_EDGE('',*,*,#6364,.T.);
#7974 = ORIENTED_EDGE('',*,*,#7950,.T.);
#7975 = ORIENTED_EDGE('',*,*,#7976,.T.);
#7976 = EDGE_CURVE('',#7951,#7897,#7977,.T.);
#7977 = LINE('',#7978,#7979);
#7978 = CARTESIAN_POINT('',(9.84,0.32,10.41));
#7979 = VECTOR('',#7980,1.);
#7980 = DIRECTION('',(0.,-1.,0.));
#7981 = ORIENTED_EDGE('',*,*,#7896,.T.);
#7982 = PLANE('',#7983);
#7983 = AXIS2_PLACEMENT_3D('',#7984,#7985,#7986);
#7984 = CARTESIAN_POINT('',(9.84,0.,3.55));
#7985 = DIRECTION('',(1.,0.,0.));
#7986 = DIRECTION('',(0.,0.,1.));
#7987 = ADVANCED_FACE('',(#7988),#8013,.F.);
#7988 = FACE_BOUND('',#7989,.F.);
#7989 = EDGE_LOOP('',(#7990,#7991,#7999,#8007));
#7990 = ORIENTED_EDGE('',*,*,#6456,.T.);
#7991 = ORIENTED_EDGE('',*,*,#7992,.F.);
#7992 = EDGE_CURVE('',#7993,#6459,#7995,.T.);
#7993 = VERTEX_POINT('',#7994);
#7994 = CARTESIAN_POINT('',(2.22,-0.32,10.41));
#7995 = LINE('',#7996,#7997);
#7996 = CARTESIAN_POINT('',(2.22,-0.32,10.66));
#7997 = VECTOR('',#7998,1.);
#7998 = DIRECTION('',(0.,0.,-1.));
#7999 = ORIENTED_EDGE('',*,*,#8000,.T.);
#8000 = EDGE_CURVE('',#7993,#8001,#8003,.T.);
#8001 = VERTEX_POINT('',#8002);
#8002 = CARTESIAN_POINT('',(2.86,-0.32,10.41));
#8003 = LINE('',#8004,#8005);
#8004 = CARTESIAN_POINT('',(2.47,-0.32,10.41));
#8005 = VECTOR('',#8006,1.);
#8006 = DIRECTION('',(1.,0.,0.));
#8007 = ORIENTED_EDGE('',*,*,#8008,.T.);
#8008 = EDGE_CURVE('',#8001,#6457,#8009,.T.);
#8009 = LINE('',#8010,#8011);
#8010 = CARTESIAN_POINT('',(2.86,-0.32,10.66));
#8011 = VECTOR('',#8012,1.);
#8012 = DIRECTION('',(0.,0.,-1.));
#8013 = PLANE('',#8014);
#8014 = AXIS2_PLACEMENT_3D('',#8015,#8016,#8017);
#8015 = CARTESIAN_POINT('',(2.22,-0.32,10.66));
#8016 = DIRECTION('',(0.,1.,0.));
#8017 = DIRECTION('',(0.,0.,-1.));
#8018 = ADVANCED_FACE('',(#8019),#8037,.T.);
#8019 = FACE_BOUND('',#8020,.T.);
#8020 = EDGE_LOOP('',(#8021,#8022,#8030,#8036));
#8021 = ORIENTED_EDGE('',*,*,#6482,.T.);
#8022 = ORIENTED_EDGE('',*,*,#8023,.T.);
#8023 = EDGE_CURVE('',#6475,#8024,#8026,.T.);
#8024 = VERTEX_POINT('',#8025);
#8025 = CARTESIAN_POINT('',(2.86,0.32,10.41));
#8026 = LINE('',#8027,#8028);
#8027 = CARTESIAN_POINT('',(2.86,0.32,-3.56));
#8028 = VECTOR('',#8029,1.);
#8029 = DIRECTION('',(0.,0.,1.));
#8030 = ORIENTED_EDGE('',*,*,#8031,.T.);
#8031 = EDGE_CURVE('',#8024,#8001,#8032,.T.);
#8032 = LINE('',#8033,#8034);
#8033 = CARTESIAN_POINT('',(2.86,0.32,10.41));
#8034 = VECTOR('',#8035,1.);
#8035 = DIRECTION('',(0.,-1.,0.));
#8036 = ORIENTED_EDGE('',*,*,#8008,.T.);
#8037 = PLANE('',#8038);
#8038 = AXIS2_PLACEMENT_3D('',#8039,#8040,#8041);
#8039 = CARTESIAN_POINT('',(2.86,0.,3.55));
#8040 = DIRECTION('',(1.,0.,0.));
#8041 = DIRECTION('',(0.,0.,1.));
#8042 = ADVANCED_FACE('',(#8043),#8061,.F.);
#8043 = FACE_BOUND('',#8044,.F.);
#8044 = EDGE_LOOP('',(#8045,#8053,#8054,#8055));
#8045 = ORIENTED_EDGE('',*,*,#8046,.F.);
#8046 = EDGE_CURVE('',#6467,#8047,#8049,.T.);
#8047 = VERTEX_POINT('',#8048);
#8048 = CARTESIAN_POINT('',(2.22,0.32,10.41));
#8049 = LINE('',#8050,#8051);
#8050 = CARTESIAN_POINT('',(2.22,0.32,-3.56));
#8051 = VECTOR('',#8052,1.);
#8052 = DIRECTION('',(0.,0.,1.));
#8053 = ORIENTED_EDGE('',*,*,#6474,.T.);
#8054 = ORIENTED_EDGE('',*,*,#8023,.T.);
#8055 = ORIENTED_EDGE('',*,*,#8056,.F.);
#8056 = EDGE_CURVE('',#8047,#8024,#8057,.T.);
#8057 = LINE('',#8058,#8059);
#8058 = CARTESIAN_POINT('',(2.47,0.32,10.41));
#8059 = VECTOR('',#8060,1.);
#8060 = DIRECTION('',(1.,0.,0.));
#8061 = PLANE('',#8062);
#8062 = AXIS2_PLACEMENT_3D('',#8063,#8064,#8065);
#8063 = CARTESIAN_POINT('',(2.22,0.32,-3.56));
#8064 = DIRECTION('',(0.,-1.,0.));
#8065 = DIRECTION('',(0.,0.,1.));
#8066 = ADVANCED_FACE('',(#8067),#8078,.F.);
#8067 = FACE_BOUND('',#8068,.F.);
#8068 = EDGE_LOOP('',(#8069,#8070,#8071,#8077));
#8069 = ORIENTED_EDGE('',*,*,#6466,.T.);
#8070 = ORIENTED_EDGE('',*,*,#8046,.T.);
#8071 = ORIENTED_EDGE('',*,*,#8072,.T.);
#8072 = EDGE_CURVE('',#8047,#7993,#8073,.T.);
#8073 = LINE('',#8074,#8075);
#8074 = CARTESIAN_POINT('',(2.22,0.32,10.41));
#8075 = VECTOR('',#8076,1.);
#8076 = DIRECTION('',(0.,-1.,0.));
#8077 = ORIENTED_EDGE('',*,*,#7992,.T.);
#8078 = PLANE('',#8079);
#8079 = AXIS2_PLACEMENT_3D('',#8080,#8081,#8082);
#8080 = CARTESIAN_POINT('',(2.22,0.,3.55));
#8081 = DIRECTION('',(1.,0.,0.));
#8082 = DIRECTION('',(0.,0.,1.));
#8083 = ADVANCED_FACE('',(#8084),#8109,.T.);
#8084 = FACE_BOUND('',#8085,.T.);
#8085 = EDGE_LOOP('',(#8086,#8087,#8095,#8103));
#8086 = ORIENTED_EDGE('',*,*,#6524,.T.);
#8087 = ORIENTED_EDGE('',*,*,#8088,.T.);
#8088 = EDGE_CURVE('',#6527,#8089,#8091,.T.);
#8089 = VERTEX_POINT('',#8090);
#8090 = CARTESIAN_POINT('',(5.4,0.32,10.41));
#8091 = LINE('',#8092,#8093);
#8092 = CARTESIAN_POINT('',(5.4,0.32,-3.56));
#8093 = VECTOR('',#8094,1.);
#8094 = DIRECTION('',(0.,0.,1.));
#8095 = ORIENTED_EDGE('',*,*,#8096,.T.);
#8096 = EDGE_CURVE('',#8089,#8097,#8099,.T.);
#8097 = VERTEX_POINT('',#8098);
#8098 = CARTESIAN_POINT('',(5.4,-0.32,10.41));
#8099 = LINE('',#8100,#8101);
#8100 = CARTESIAN_POINT('',(5.4,0.32,10.41));
#8101 = VECTOR('',#8102,1.);
#8102 = DIRECTION('',(0.,-1.,0.));
#8103 = ORIENTED_EDGE('',*,*,#8104,.T.);
#8104 = EDGE_CURVE('',#8097,#6525,#8105,.T.);
#8105 = LINE('',#8106,#8107);
#8106 = CARTESIAN_POINT('',(5.4,-0.32,10.66));
#8107 = VECTOR('',#8108,1.);
#8108 = DIRECTION('',(0.,0.,-1.));
#8109 = PLANE('',#8110);
#8110 = AXIS2_PLACEMENT_3D('',#8111,#8112,#8113);
#8111 = CARTESIAN_POINT('',(5.4,0.,3.55));
#8112 = DIRECTION('',(1.,0.,0.));
#8113 = DIRECTION('',(0.,0.,1.));
#8114 = ADVANCED_FACE('',(#8115),#8133,.F.);
#8115 = FACE_BOUND('',#8116,.F.);
#8116 = EDGE_LOOP('',(#8117,#8125,#8126,#8127));
#8117 = ORIENTED_EDGE('',*,*,#8118,.F.);
#8118 = EDGE_CURVE('',#6543,#8119,#8121,.T.);
#8119 = VERTEX_POINT('',#8120);
#8120 = CARTESIAN_POINT('',(4.76,0.32,10.41));
#8121 = LINE('',#8122,#8123);
#8122 = CARTESIAN_POINT('',(4.76,0.32,-3.56));
#8123 = VECTOR('',#8124,1.);
#8124 = DIRECTION('',(0.,0.,1.));
#8125 = ORIENTED_EDGE('',*,*,#6550,.T.);
#8126 = ORIENTED_EDGE('',*,*,#8088,.T.);
#8127 = ORIENTED_EDGE('',*,*,#8128,.F.);
#8128 = EDGE_CURVE('',#8119,#8089,#8129,.T.);
#8129 = LINE('',#8130,#8131);
#8130 = CARTESIAN_POINT('',(5.01,0.32,10.41));
#8131 = VECTOR('',#8132,1.);
#8132 = DIRECTION('',(1.,0.,0.));
#8133 = PLANE('',#8134);
#8134 = AXIS2_PLACEMENT_3D('',#8135,#8136,#8137);
#8135 = CARTESIAN_POINT('',(4.76,0.32,-3.56));
#8136 = DIRECTION('',(0.,-1.,0.));
#8137 = DIRECTION('',(0.,0.,1.));
#8138 = ADVANCED_FACE('',(#8139),#8157,.F.);
#8139 = FACE_BOUND('',#8140,.F.);
#8140 = EDGE_LOOP('',(#8141,#8142,#8143,#8151));
#8141 = ORIENTED_EDGE('',*,*,#6542,.T.);
#8142 = ORIENTED_EDGE('',*,*,#8118,.T.);
#8143 = ORIENTED_EDGE('',*,*,#8144,.T.);
#8144 = EDGE_CURVE('',#8119,#8145,#8147,.T.);
#8145 = VERTEX_POINT('',#8146);
#8146 = CARTESIAN_POINT('',(4.76,-0.32,10.41));
#8147 = LINE('',#8148,#8149);
#8148 = CARTESIAN_POINT('',(4.76,0.32,10.41));
#8149 = VECTOR('',#8150,1.);
#8150 = DIRECTION('',(0.,-1.,0.));
#8151 = ORIENTED_EDGE('',*,*,#8152,.T.);
#8152 = EDGE_CURVE('',#8145,#6535,#8153,.T.);
#8153 = LINE('',#8154,#8155);
#8154 = CARTESIAN_POINT('',(4.76,-0.32,10.66));
#8155 = VECTOR('',#8156,1.);
#8156 = DIRECTION('',(0.,0.,-1.));
#8157 = PLANE('',#8158);
#8158 = AXIS2_PLACEMENT_3D('',#8159,#8160,#8161);
#8159 = CARTESIAN_POINT('',(4.76,0.,3.55));
#8160 = DIRECTION('',(1.,0.,0.));
#8161 = DIRECTION('',(0.,0.,1.));
#8162 = ADVANCED_FACE('',(#8163),#8174,.F.);
#8163 = FACE_BOUND('',#8164,.F.);
#8164 = EDGE_LOOP('',(#8165,#8166,#8167,#8173));
#8165 = ORIENTED_EDGE('',*,*,#6534,.T.);
#8166 = ORIENTED_EDGE('',*,*,#8152,.F.);
#8167 = ORIENTED_EDGE('',*,*,#8168,.T.);
#8168 = EDGE_CURVE('',#8145,#8097,#8169,.T.);
#8169 = LINE('',#8170,#8171);
#8170 = CARTESIAN_POINT('',(5.01,-0.32,10.41));
#8171 = VECTOR('',#8172,1.);
#8172 = DIRECTION('',(1.,0.,0.));
#8173 = ORIENTED_EDGE('',*,*,#8104,.T.);
#8174 = PLANE('',#8175);
#8175 = AXIS2_PLACEMENT_3D('',#8176,#8177,#8178);
#8176 = CARTESIAN_POINT('',(4.76,-0.32,10.66));
#8177 = DIRECTION('',(0.,1.,0.));
#8178 = DIRECTION('',(0.,0.,-1.));
#8179 = ADVANCED_FACE('',(#8180),#8205,.T.);
#8180 = FACE_BOUND('',#8181,.T.);
#8181 = EDGE_LOOP('',(#8182,#8183,#8191,#8199));
#8182 = ORIENTED_EDGE('',*,*,#6558,.T.);
#8183 = ORIENTED_EDGE('',*,*,#8184,.T.);
#8184 = EDGE_CURVE('',#6561,#8185,#8187,.T.);
#8185 = VERTEX_POINT('',#8186);
#8186 = CARTESIAN_POINT('',(0.32,0.32,10.41));
#8187 = LINE('',#8188,#8189);
#8188 = CARTESIAN_POINT('',(0.32,0.32,-3.56));
#8189 = VECTOR('',#8190,1.);
#8190 = DIRECTION('',(0.,0.,1.));
#8191 = ORIENTED_EDGE('',*,*,#8192,.T.);
#8192 = EDGE_CURVE('',#8185,#8193,#8195,.T.);
#8193 = VERTEX_POINT('',#8194);
#8194 = CARTESIAN_POINT('',(0.32,-0.32,10.41));
#8195 = LINE('',#8196,#8197);
#8196 = CARTESIAN_POINT('',(0.32,0.32,10.41));
#8197 = VECTOR('',#8198,1.);
#8198 = DIRECTION('',(0.,-1.,0.));
#8199 = ORIENTED_EDGE('',*,*,#8200,.T.);
#8200 = EDGE_CURVE('',#8193,#6559,#8201,.T.);
#8201 = LINE('',#8202,#8203);
#8202 = CARTESIAN_POINT('',(0.32,-0.32,10.66));
#8203 = VECTOR('',#8204,1.);
#8204 = DIRECTION('',(0.,0.,-1.));
#8205 = PLANE('',#8206);
#8206 = AXIS2_PLACEMENT_3D('',#8207,#8208,#8209);
#8207 = CARTESIAN_POINT('',(0.32,0.,3.55));
#8208 = DIRECTION('',(1.,0.,0.));
#8209 = DIRECTION('',(0.,0.,1.));
#8210 = ADVANCED_FACE('',(#8211),#8229,.F.);
#8211 = FACE_BOUND('',#8212,.F.);
#8212 = EDGE_LOOP('',(#8213,#8221,#8222,#8223));
#8213 = ORIENTED_EDGE('',*,*,#8214,.F.);
#8214 = EDGE_CURVE('',#6577,#8215,#8217,.T.);
#8215 = VERTEX_POINT('',#8216);
#8216 = CARTESIAN_POINT('',(-0.32,0.32,10.41));
#8217 = LINE('',#8218,#8219);
#8218 = CARTESIAN_POINT('',(-0.32,0.32,-3.56));
#8219 = VECTOR('',#8220,1.);
#8220 = DIRECTION('',(0.,0.,1.));
#8221 = ORIENTED_EDGE('',*,*,#6584,.T.);
#8222 = ORIENTED_EDGE('',*,*,#8184,.T.);
#8223 = ORIENTED_EDGE('',*,*,#8224,.F.);
#8224 = EDGE_CURVE('',#8215,#8185,#8225,.T.);
#8225 = LINE('',#8226,#8227);
#8226 = CARTESIAN_POINT('',(-7.E-02,0.32,10.41));
#8227 = VECTOR('',#8228,1.);
#8228 = DIRECTION('',(1.,0.,0.));
#8229 = PLANE('',#8230);
#8230 = AXIS2_PLACEMENT_3D('',#8231,#8232,#8233);
#8231 = CARTESIAN_POINT('',(-0.32,0.32,-3.56));
#8232 = DIRECTION('',(0.,-1.,0.));
#8233 = DIRECTION('',(0.,0.,1.));
#8234 = ADVANCED_FACE('',(#8235),#8253,.F.);
#8235 = FACE_BOUND('',#8236,.F.);
#8236 = EDGE_LOOP('',(#8237,#8238,#8239,#8247));
#8237 = ORIENTED_EDGE('',*,*,#6576,.T.);
#8238 = ORIENTED_EDGE('',*,*,#8214,.T.);
#8239 = ORIENTED_EDGE('',*,*,#8240,.T.);
#8240 = EDGE_CURVE('',#8215,#8241,#8243,.T.);
#8241 = VERTEX_POINT('',#8242);
#8242 = CARTESIAN_POINT('',(-0.32,-0.32,10.41));
#8243 = LINE('',#8244,#8245);
#8244 = CARTESIAN_POINT('',(-0.32,0.32,10.41));
#8245 = VECTOR('',#8246,1.);
#8246 = DIRECTION('',(0.,-1.,0.));
#8247 = ORIENTED_EDGE('',*,*,#8248,.T.);
#8248 = EDGE_CURVE('',#8241,#6569,#8249,.T.);
#8249 = LINE('',#8250,#8251);
#8250 = CARTESIAN_POINT('',(-0.32,-0.32,10.66));
#8251 = VECTOR('',#8252,1.);
#8252 = DIRECTION('',(0.,0.,-1.));
#8253 = PLANE('',#8254);
#8254 = AXIS2_PLACEMENT_3D('',#8255,#8256,#8257);
#8255 = CARTESIAN_POINT('',(-0.32,0.,3.55));
#8256 = DIRECTION('',(1.,0.,0.));
#8257 = DIRECTION('',(0.,0.,1.));
#8258 = ADVANCED_FACE('',(#8259),#8270,.F.);
#8259 = FACE_BOUND('',#8260,.F.);
#8260 = EDGE_LOOP('',(#8261,#8262,#8263,#8269));
#8261 = ORIENTED_EDGE('',*,*,#6568,.T.);
#8262 = ORIENTED_EDGE('',*,*,#8248,.F.);
#8263 = ORIENTED_EDGE('',*,*,#8264,.T.);
#8264 = EDGE_CURVE('',#8241,#8193,#8265,.T.);
#8265 = LINE('',#8266,#8267);
#8266 = CARTESIAN_POINT('',(-7.E-02,-0.32,10.41));
#8267 = VECTOR('',#8268,1.);
#8268 = DIRECTION('',(1.,0.,0.));
#8269 = ORIENTED_EDGE('',*,*,#8200,.T.);
#8270 = PLANE('',#8271);
#8271 = AXIS2_PLACEMENT_3D('',#8272,#8273,#8274);
#8272 = CARTESIAN_POINT('',(-0.32,-0.32,10.66));
#8273 = DIRECTION('',(0.,1.,0.));
#8274 = DIRECTION('',(0.,0.,-1.));
#8275 = ADVANCED_FACE('',(#8276),#8287,.T.);
#8276 = FACE_BOUND('',#8277,.T.);
#8277 = EDGE_LOOP('',(#8278,#8279,#8280,#8281));
#8278 = ORIENTED_EDGE('',*,*,#6625,.T.);
#8279 = ORIENTED_EDGE('',*,*,#7687,.F.);
#8280 = ORIENTED_EDGE('',*,*,#6676,.F.);
#8281 = ORIENTED_EDGE('',*,*,#8282,.F.);
#8282 = EDGE_CURVE('',#6618,#6669,#8283,.T.);
#8283 = LINE('',#8284,#8285);
#8284 = CARTESIAN_POINT('',(6.35,-1.9,5.5));
#8285 = VECTOR('',#8286,1.);
#8286 = DIRECTION('',(-1.,-0.,-0.));
#8287 = PLANE('',#8288);
#8288 = AXIS2_PLACEMENT_3D('',#8289,#8290,#8291);
#8289 = CARTESIAN_POINT('',(6.35,-1.9,4.65));
#8290 = DIRECTION('',(-9.645191289933E-34,1.,4.062446000341E-31));
#8291 = DIRECTION('',(0.,-4.062446000341E-31,1.));
#8292 = ADVANCED_FACE('',(#8293),#8304,.T.);
#8293 = FACE_BOUND('',#8294,.T.);
#8294 = EDGE_LOOP('',(#8295,#8296,#8297,#8303));
#8295 = ORIENTED_EDGE('',*,*,#6719,.T.);
#8296 = ORIENTED_EDGE('',*,*,#6609,.T.);
#8297 = ORIENTED_EDGE('',*,*,#8298,.F.);
#8298 = EDGE_CURVE('',#6661,#6610,#8299,.T.);
#8299 = LINE('',#8300,#8301);
#8300 = CARTESIAN_POINT('',(6.35,-1.4,6.));
#8301 = VECTOR('',#8302,1.);
#8302 = DIRECTION('',(1.,0.,0.));
#8303 = ORIENTED_EDGE('',*,*,#6660,.F.);
#8304 = PLANE('',#8305);
#8305 = AXIS2_PLACEMENT_3D('',#8306,#8307,#8308);
#8306 = CARTESIAN_POINT('',(6.35,-1.4,6.5));
#8307 = DIRECTION('',(0.,1.,7.769848058267E-31));
#8308 = DIRECTION('',(0.,-7.769848058267E-31,1.));
#8309 = ADVANCED_FACE('',(#8310),#8316,.T.);
#8310 = FACE_BOUND('',#8311,.T.);
#8311 = EDGE_LOOP('',(#8312,#8313,#8314,#8315));
#8312 = ORIENTED_EDGE('',*,*,#8298,.T.);
#8313 = ORIENTED_EDGE('',*,*,#6617,.T.);
#8314 = ORIENTED_EDGE('',*,*,#8282,.T.);
#8315 = ORIENTED_EDGE('',*,*,#6668,.F.);
#8316 = PLANE('',#8317);
#8317 = AXIS2_PLACEMENT_3D('',#8318,#8319,#8320);
#8318 = CARTESIAN_POINT('',(6.35,-1.65,5.75));
#8319 = DIRECTION('',(0.,0.707106781187,-0.707106781187));
#8320 = DIRECTION('',(0.,0.707106781187,0.707106781187));
#8321 = ADVANCED_FACE('',(#8322),#8347,.F.);
#8322 = FACE_BOUND('',#8323,.T.);
#8323 = EDGE_LOOP('',(#8324,#8334,#8340,#8341));
#8324 = ORIENTED_EDGE('',*,*,#8325,.T.);
#8325 = EDGE_CURVE('',#8326,#8328,#8330,.T.);
#8326 = VERTEX_POINT('',#8327);
#8327 = CARTESIAN_POINT('',(7.E-02,-7.E-02,-3.56));
#8328 = VERTEX_POINT('',#8329);
#8329 = CARTESIAN_POINT('',(7.E-02,7.E-02,-3.56));
#8330 = LINE('',#8331,#8332);
#8331 = CARTESIAN_POINT('',(7.E-02,-0.32,-3.56));
#8332 = VECTOR('',#8333,1.);
#8333 = DIRECTION('',(0.,1.,0.));
#8334 = ORIENTED_EDGE('',*,*,#8335,.T.);
#8335 = EDGE_CURVE('',#8328,#6773,#8336,.T.);
#8336 = LINE('',#8337,#8338);
#8337 = CARTESIAN_POINT('',(6.5E-02,6.5E-02,-3.565));
#8338 = VECTOR('',#8339,1.);
#8339 = DIRECTION('',(0.57735026919,0.57735026919,0.57735026919));
#8340 = ORIENTED_EDGE('',*,*,#6770,.F.);
#8341 = ORIENTED_EDGE('',*,*,#8342,.F.);
#8342 = EDGE_CURVE('',#8326,#6771,#8343,.T.);
#8343 = LINE('',#8344,#8345);
#8344 = CARTESIAN_POINT('',(0.171666666667,-0.171666666667,
    -3.458333333333));
#8345 = VECTOR('',#8346,1.);
#8346 = DIRECTION('',(0.57735026919,-0.57735026919,0.57735026919));
#8347 = PLANE('',#8348);
#8348 = AXIS2_PLACEMENT_3D('',#8349,#8350,#8351);
#8349 = CARTESIAN_POINT('',(0.195,-0.32,-3.435));
#8350 = DIRECTION('',(-0.707106781187,0.,0.707106781187));
#8351 = DIRECTION('',(-0.,-1.,0.));
#8352 = ADVANCED_FACE('',(#8353),#8371,.T.);
#8353 = FACE_BOUND('',#8354,.T.);
#8354 = EDGE_LOOP('',(#8355,#8363,#8369,#8370));
#8355 = ORIENTED_EDGE('',*,*,#8356,.F.);
#8356 = EDGE_CURVE('',#8357,#6802,#8359,.T.);
#8357 = VERTEX_POINT('',#8358);
#8358 = CARTESIAN_POINT('',(-7.E-02,-7.E-02,-3.56));
#8359 = LINE('',#8360,#8361);
#8360 = CARTESIAN_POINT('',(-0.195,-0.195,-3.435));
#8361 = VECTOR('',#8362,1.);
#8362 = DIRECTION('',(-0.57735026919,-0.57735026919,0.57735026919));
#8363 = ORIENTED_EDGE('',*,*,#8364,.T.);
#8364 = EDGE_CURVE('',#8357,#8326,#8365,.T.);
#8365 = LINE('',#8366,#8367);
#8366 = CARTESIAN_POINT('',(-7.E-02,-7.E-02,-3.56));
#8367 = VECTOR('',#8368,1.);
#8368 = DIRECTION('',(1.,0.,0.));
#8369 = ORIENTED_EDGE('',*,*,#8342,.T.);
#8370 = ORIENTED_EDGE('',*,*,#6801,.F.);
#8371 = PLANE('',#8372);
#8372 = AXIS2_PLACEMENT_3D('',#8373,#8374,#8375);
#8373 = CARTESIAN_POINT('',(-7.E-02,-0.195,-3.435));
#8374 = DIRECTION('',(0.,-0.707106781187,-0.707106781187));
#8375 = DIRECTION('',(1.,0.,0.));
#8376 = ADVANCED_FACE('',(#8377),#8395,.T.);
#8377 = FACE_BOUND('',#8378,.F.);
#8378 = EDGE_LOOP('',(#8379,#8387,#8393,#8394));
#8379 = ORIENTED_EDGE('',*,*,#8380,.T.);
#8380 = EDGE_CURVE('',#8357,#8381,#8383,.T.);
#8381 = VERTEX_POINT('',#8382);
#8382 = CARTESIAN_POINT('',(-7.E-02,7.E-02,-3.56));
#8383 = LINE('',#8384,#8385);
#8384 = CARTESIAN_POINT('',(-7.E-02,-0.32,-3.56));
#8385 = VECTOR('',#8386,1.);
#8386 = DIRECTION('',(0.,1.,0.));
#8387 = ORIENTED_EDGE('',*,*,#8388,.T.);
#8388 = EDGE_CURVE('',#8381,#6826,#8389,.T.);
#8389 = LINE('',#8390,#8391);
#8390 = CARTESIAN_POINT('',(-8.833333333333E-02,8.833333333333E-02,
    -3.541666666667));
#8391 = VECTOR('',#8392,1.);
#8392 = DIRECTION('',(-0.57735026919,0.57735026919,0.57735026919));
#8393 = ORIENTED_EDGE('',*,*,#6825,.F.);
#8394 = ORIENTED_EDGE('',*,*,#8356,.F.);
#8395 = PLANE('',#8396);
#8396 = AXIS2_PLACEMENT_3D('',#8397,#8398,#8399);
#8397 = CARTESIAN_POINT('',(-0.195,-0.32,-3.435));
#8398 = DIRECTION('',(-0.707106781187,0.,-0.707106781187));
#8399 = DIRECTION('',(0.,-1.,-0.));
#8400 = ADVANCED_FACE('',(#8401),#8412,.T.);
#8401 = FACE_BOUND('',#8402,.F.);
#8402 = EDGE_LOOP('',(#8403,#8404,#8410,#8411));
#8403 = ORIENTED_EDGE('',*,*,#8388,.F.);
#8404 = ORIENTED_EDGE('',*,*,#8405,.T.);
#8405 = EDGE_CURVE('',#8381,#8328,#8406,.T.);
#8406 = LINE('',#8407,#8408);
#8407 = CARTESIAN_POINT('',(-7.E-02,7.E-02,-3.56));
#8408 = VECTOR('',#8409,1.);
#8409 = DIRECTION('',(1.,0.,0.));
#8410 = ORIENTED_EDGE('',*,*,#8335,.T.);
#8411 = ORIENTED_EDGE('',*,*,#6850,.F.);
#8412 = PLANE('',#8413);
#8413 = AXIS2_PLACEMENT_3D('',#8414,#8415,#8416);
#8414 = CARTESIAN_POINT('',(-7.E-02,0.195,-3.435));
#8415 = DIRECTION('',(0.,0.707106781187,-0.707106781187));
#8416 = DIRECTION('',(-1.,0.,-0.));
#8417 = ADVANCED_FACE('',(#8418),#8443,.T.);
#8418 = FACE_BOUND('',#8419,.F.);
#8419 = EDGE_LOOP('',(#8420,#8428,#8436,#8442));
#8420 = ORIENTED_EDGE('',*,*,#8421,.F.);
#8421 = EDGE_CURVE('',#8422,#6935,#8424,.T.);
#8422 = VERTEX_POINT('',#8423);
#8423 = CARTESIAN_POINT('',(2.47,7.E-02,-3.56));
#8424 = LINE('',#8425,#8426);
#8425 = CARTESIAN_POINT('',(2.451666666667,8.833333333333E-02,
    -3.541666666667));
#8426 = VECTOR('',#8427,1.);
#8427 = DIRECTION('',(-0.57735026919,0.57735026919,0.57735026919));
#8428 = ORIENTED_EDGE('',*,*,#8429,.T.);
#8429 = EDGE_CURVE('',#8422,#8430,#8432,.T.);
#8430 = VERTEX_POINT('',#8431);
#8431 = CARTESIAN_POINT('',(2.61,7.E-02,-3.56));
#8432 = LINE('',#8433,#8434);
#8433 = CARTESIAN_POINT('',(2.47,7.E-02,-3.56));
#8434 = VECTOR('',#8435,1.);
#8435 = DIRECTION('',(1.,0.,0.));
#8436 = ORIENTED_EDGE('',*,*,#8437,.T.);
#8437 = EDGE_CURVE('',#8430,#6943,#8438,.T.);
#8438 = LINE('',#8439,#8440);
#8439 = CARTESIAN_POINT('',(2.605,6.5E-02,-3.565));
#8440 = VECTOR('',#8441,1.);
#8441 = DIRECTION('',(0.57735026919,0.57735026919,0.57735026919));
#8442 = ORIENTED_EDGE('',*,*,#6942,.F.);
#8443 = PLANE('',#8444);
#8444 = AXIS2_PLACEMENT_3D('',#8445,#8446,#8447);
#8445 = CARTESIAN_POINT('',(2.47,0.195,-3.435));
#8446 = DIRECTION('',(0.,0.707106781187,-0.707106781187));
#8447 = DIRECTION('',(-1.,0.,-0.));
#8448 = ADVANCED_FACE('',(#8449),#8467,.F.);
#8449 = FACE_BOUND('',#8450,.T.);
#8450 = EDGE_LOOP('',(#8451,#8459,#8460,#8461));
#8451 = ORIENTED_EDGE('',*,*,#8452,.T.);
#8452 = EDGE_CURVE('',#8453,#8430,#8455,.T.);
#8453 = VERTEX_POINT('',#8454);
#8454 = CARTESIAN_POINT('',(2.61,-7.E-02,-3.56));
#8455 = LINE('',#8456,#8457);
#8456 = CARTESIAN_POINT('',(2.61,-0.32,-3.56));
#8457 = VECTOR('',#8458,1.);
#8458 = DIRECTION('',(0.,1.,0.));
#8459 = ORIENTED_EDGE('',*,*,#8437,.T.);
#8460 = ORIENTED_EDGE('',*,*,#6965,.F.);
#8461 = ORIENTED_EDGE('',*,*,#8462,.F.);
#8462 = EDGE_CURVE('',#8453,#6966,#8463,.T.);
#8463 = LINE('',#8464,#8465);
#8464 = CARTESIAN_POINT('',(2.711666666667,-0.171666666667,
    -3.458333333333));
#8465 = VECTOR('',#8466,1.);
#8466 = DIRECTION('',(0.57735026919,-0.57735026919,0.57735026919));
#8467 = PLANE('',#8468);
#8468 = AXIS2_PLACEMENT_3D('',#8469,#8470,#8471);
#8469 = CARTESIAN_POINT('',(2.735,-0.32,-3.435));
#8470 = DIRECTION('',(-0.707106781187,0.,0.707106781187));
#8471 = DIRECTION('',(-0.,-1.,0.));
#8472 = ADVANCED_FACE('',(#8473),#8491,.T.);
#8473 = FACE_BOUND('',#8474,.T.);
#8474 = EDGE_LOOP('',(#8475,#8483,#8489,#8490));
#8475 = ORIENTED_EDGE('',*,*,#8476,.F.);
#8476 = EDGE_CURVE('',#8477,#6990,#8479,.T.);
#8477 = VERTEX_POINT('',#8478);
#8478 = CARTESIAN_POINT('',(2.47,-7.E-02,-3.56));
#8479 = LINE('',#8480,#8481);
#8480 = CARTESIAN_POINT('',(2.345,-0.195,-3.435));
#8481 = VECTOR('',#8482,1.);
#8482 = DIRECTION('',(-0.57735026919,-0.57735026919,0.57735026919));
#8483 = ORIENTED_EDGE('',*,*,#8484,.T.);
#8484 = EDGE_CURVE('',#8477,#8453,#8485,.T.);
#8485 = LINE('',#8486,#8487);
#8486 = CARTESIAN_POINT('',(2.47,-7.E-02,-3.56));
#8487 = VECTOR('',#8488,1.);
#8488 = DIRECTION('',(1.,0.,0.));
#8489 = ORIENTED_EDGE('',*,*,#8462,.T.);
#8490 = ORIENTED_EDGE('',*,*,#6989,.F.);
#8491 = PLANE('',#8492);
#8492 = AXIS2_PLACEMENT_3D('',#8493,#8494,#8495);
#8493 = CARTESIAN_POINT('',(2.47,-0.195,-3.435));
#8494 = DIRECTION('',(0.,-0.707106781187,-0.707106781187));
#8495 = DIRECTION('',(1.,0.,0.));
#8496 = ADVANCED_FACE('',(#8497),#8508,.T.);
#8497 = FACE_BOUND('',#8498,.F.);
#8498 = EDGE_LOOP('',(#8499,#8505,#8506,#8507));
#8499 = ORIENTED_EDGE('',*,*,#8500,.T.);
#8500 = EDGE_CURVE('',#8477,#8422,#8501,.T.);
#8501 = LINE('',#8502,#8503);
#8502 = CARTESIAN_POINT('',(2.47,-0.32,-3.56));
#8503 = VECTOR('',#8504,1.);
#8504 = DIRECTION('',(0.,1.,0.));
#8505 = ORIENTED_EDGE('',*,*,#8421,.T.);
#8506 = ORIENTED_EDGE('',*,*,#7013,.F.);
#8507 = ORIENTED_EDGE('',*,*,#8476,.F.);
#8508 = PLANE('',#8509);
#8509 = AXIS2_PLACEMENT_3D('',#8510,#8511,#8512);
#8510 = CARTESIAN_POINT('',(2.345,-0.32,-3.435));
#8511 = DIRECTION('',(-0.707106781187,0.,-0.707106781187));
#8512 = DIRECTION('',(0.,-1.,-0.));
#8513 = ADVANCED_FACE('',(#8514),#8539,.F.);
#8514 = FACE_BOUND('',#8515,.T.);
#8515 = EDGE_LOOP('',(#8516,#8526,#8532,#8533));
#8516 = ORIENTED_EDGE('',*,*,#8517,.T.);
#8517 = EDGE_CURVE('',#8518,#8520,#8522,.T.);
#8518 = VERTEX_POINT('',#8519);
#8519 = CARTESIAN_POINT('',(5.15,-7.E-02,-3.56));
#8520 = VERTEX_POINT('',#8521);
#8521 = CARTESIAN_POINT('',(5.15,7.E-02,-3.56));
#8522 = LINE('',#8523,#8524);
#8523 = CARTESIAN_POINT('',(5.15,-0.32,-3.56));
#8524 = VECTOR('',#8525,1.);
#8525 = DIRECTION('',(0.,1.,0.));
#8526 = ORIENTED_EDGE('',*,*,#8527,.T.);
#8527 = EDGE_CURVE('',#8520,#7101,#8528,.T.);
#8528 = LINE('',#8529,#8530);
#8529 = CARTESIAN_POINT('',(5.145,6.5E-02,-3.565));
#8530 = VECTOR('',#8531,1.);
#8531 = DIRECTION('',(0.57735026919,0.57735026919,0.57735026919));
#8532 = ORIENTED_EDGE('',*,*,#7098,.F.);
#8533 = ORIENTED_EDGE('',*,*,#8534,.F.);
#8534 = EDGE_CURVE('',#8518,#7099,#8535,.T.);
#8535 = LINE('',#8536,#8537);
#8536 = CARTESIAN_POINT('',(5.251666666667,-0.171666666667,
    -3.458333333333));
#8537 = VECTOR('',#8538,1.);
#8538 = DIRECTION('',(0.57735026919,-0.57735026919,0.57735026919));
#8539 = PLANE('',#8540);
#8540 = AXIS2_PLACEMENT_3D('',#8541,#8542,#8543);
#8541 = CARTESIAN_POINT('',(5.275,-0.32,-3.435));
#8542 = DIRECTION('',(-0.707106781187,0.,0.707106781187));
#8543 = DIRECTION('',(-0.,-1.,0.));
#8544 = ADVANCED_FACE('',(#8545),#8563,.T.);
#8545 = FACE_BOUND('',#8546,.T.);
#8546 = EDGE_LOOP('',(#8547,#8555,#8561,#8562));
#8547 = ORIENTED_EDGE('',*,*,#8548,.F.);
#8548 = EDGE_CURVE('',#8549,#7130,#8551,.T.);
#8549 = VERTEX_POINT('',#8550);
#8550 = CARTESIAN_POINT('',(5.01,-7.E-02,-3.56));
#8551 = LINE('',#8552,#8553);
#8552 = CARTESIAN_POINT('',(4.885,-0.195,-3.435));
#8553 = VECTOR('',#8554,1.);
#8554 = DIRECTION('',(-0.57735026919,-0.57735026919,0.57735026919));
#8555 = ORIENTED_EDGE('',*,*,#8556,.T.);
#8556 = EDGE_CURVE('',#8549,#8518,#8557,.T.);
#8557 = LINE('',#8558,#8559);
#8558 = CARTESIAN_POINT('',(5.01,-7.E-02,-3.56));
#8559 = VECTOR('',#8560,1.);
#8560 = DIRECTION('',(1.,0.,0.));
#8561 = ORIENTED_EDGE('',*,*,#8534,.T.);
#8562 = ORIENTED_EDGE('',*,*,#7129,.F.);
#8563 = PLANE('',#8564);
#8564 = AXIS2_PLACEMENT_3D('',#8565,#8566,#8567);
#8565 = CARTESIAN_POINT('',(5.01,-0.195,-3.435));
#8566 = DIRECTION('',(0.,-0.707106781187,-0.707106781187));
#8567 = DIRECTION('',(1.,0.,0.));
#8568 = ADVANCED_FACE('',(#8569),#8587,.T.);
#8569 = FACE_BOUND('',#8570,.F.);
#8570 = EDGE_LOOP('',(#8571,#8579,#8585,#8586));
#8571 = ORIENTED_EDGE('',*,*,#8572,.T.);
#8572 = EDGE_CURVE('',#8549,#8573,#8575,.T.);
#8573 = VERTEX_POINT('',#8574);
#8574 = CARTESIAN_POINT('',(5.01,7.E-02,-3.56));
#8575 = LINE('',#8576,#8577);
#8576 = CARTESIAN_POINT('',(5.01,-0.32,-3.56));
#8577 = VECTOR('',#8578,1.);
#8578 = DIRECTION('',(0.,1.,0.));
#8579 = ORIENTED_EDGE('',*,*,#8580,.T.);
#8580 = EDGE_CURVE('',#8573,#7154,#8581,.T.);
#8581 = LINE('',#8582,#8583);
#8582 = CARTESIAN_POINT('',(4.991666666667,8.833333333333E-02,
    -3.541666666667));
#8583 = VECTOR('',#8584,1.);
#8584 = DIRECTION('',(-0.57735026919,0.57735026919,0.57735026919));
#8585 = ORIENTED_EDGE('',*,*,#7153,.F.);
#8586 = ORIENTED_EDGE('',*,*,#8548,.F.);
#8587 = PLANE('',#8588);
#8588 = AXIS2_PLACEMENT_3D('',#8589,#8590,#8591);
#8589 = CARTESIAN_POINT('',(4.885,-0.32,-3.435));
#8590 = DIRECTION('',(-0.707106781187,0.,-0.707106781187));
#8591 = DIRECTION('',(0.,-1.,-0.));
#8592 = ADVANCED_FACE('',(#8593),#8604,.T.);
#8593 = FACE_BOUND('',#8594,.F.);
#8594 = EDGE_LOOP('',(#8595,#8596,#8602,#8603));
#8595 = ORIENTED_EDGE('',*,*,#8580,.F.);
#8596 = ORIENTED_EDGE('',*,*,#8597,.T.);
#8597 = EDGE_CURVE('',#8573,#8520,#8598,.T.);
#8598 = LINE('',#8599,#8600);
#8599 = CARTESIAN_POINT('',(5.01,7.E-02,-3.56));
#8600 = VECTOR('',#8601,1.);
#8601 = DIRECTION('',(1.,0.,0.));
#8602 = ORIENTED_EDGE('',*,*,#8527,.T.);
#8603 = ORIENTED_EDGE('',*,*,#7178,.F.);
#8604 = PLANE('',#8605);
#8605 = AXIS2_PLACEMENT_3D('',#8606,#8607,#8608);
#8606 = CARTESIAN_POINT('',(5.01,0.195,-3.435));
#8607 = DIRECTION('',(0.,0.707106781187,-0.707106781187));
#8608 = DIRECTION('',(-1.,0.,-0.));
#8609 = ADVANCED_FACE('',(#8610),#8635,.F.);
#8610 = FACE_BOUND('',#8611,.T.);
#8611 = EDGE_LOOP('',(#8612,#8622,#8628,#8629));
#8612 = ORIENTED_EDGE('',*,*,#8613,.T.);
#8613 = EDGE_CURVE('',#8614,#8616,#8618,.T.);
#8614 = VERTEX_POINT('',#8615);
#8615 = CARTESIAN_POINT('',(7.69,-7.E-02,-3.56));
#8616 = VERTEX_POINT('',#8617);
#8617 = CARTESIAN_POINT('',(7.69,7.E-02,-3.56));
#8618 = LINE('',#8619,#8620);
#8619 = CARTESIAN_POINT('',(7.69,-0.32,-3.56));
#8620 = VECTOR('',#8621,1.);
#8621 = DIRECTION('',(0.,1.,0.));
#8622 = ORIENTED_EDGE('',*,*,#8623,.T.);
#8623 = EDGE_CURVE('',#8616,#7265,#8624,.T.);
#8624 = LINE('',#8625,#8626);
#8625 = CARTESIAN_POINT('',(7.685,6.5E-02,-3.565));
#8626 = VECTOR('',#8627,1.);
#8627 = DIRECTION('',(0.57735026919,0.57735026919,0.57735026919));
#8628 = ORIENTED_EDGE('',*,*,#7262,.F.);
#8629 = ORIENTED_EDGE('',*,*,#8630,.F.);
#8630 = EDGE_CURVE('',#8614,#7263,#8631,.T.);
#8631 = LINE('',#8632,#8633);
#8632 = CARTESIAN_POINT('',(7.791666666667,-0.171666666667,
    -3.458333333333));
#8633 = VECTOR('',#8634,1.);
#8634 = DIRECTION('',(0.57735026919,-0.57735026919,0.57735026919));
#8635 = PLANE('',#8636);
#8636 = AXIS2_PLACEMENT_3D('',#8637,#8638,#8639);
#8637 = CARTESIAN_POINT('',(7.815,-0.32,-3.435));
#8638 = DIRECTION('',(-0.707106781187,0.,0.707106781187));
#8639 = DIRECTION('',(-0.,-1.,0.));
#8640 = ADVANCED_FACE('',(#8641),#8659,.T.);
#8641 = FACE_BOUND('',#8642,.T.);
#8642 = EDGE_LOOP('',(#8643,#8651,#8657,#8658));
#8643 = ORIENTED_EDGE('',*,*,#8644,.F.);
#8644 = EDGE_CURVE('',#8645,#7294,#8647,.T.);
#8645 = VERTEX_POINT('',#8646);
#8646 = CARTESIAN_POINT('',(7.55,-7.E-02,-3.56));
#8647 = LINE('',#8648,#8649);
#8648 = CARTESIAN_POINT('',(7.425,-0.195,-3.435));
#8649 = VECTOR('',#8650,1.);
#8650 = DIRECTION('',(-0.57735026919,-0.57735026919,0.57735026919));
#8651 = ORIENTED_EDGE('',*,*,#8652,.T.);
#8652 = EDGE_CURVE('',#8645,#8614,#8653,.T.);
#8653 = LINE('',#8654,#8655);
#8654 = CARTESIAN_POINT('',(7.55,-7.E-02,-3.56));
#8655 = VECTOR('',#8656,1.);
#8656 = DIRECTION('',(1.,0.,0.));
#8657 = ORIENTED_EDGE('',*,*,#8630,.T.);
#8658 = ORIENTED_EDGE('',*,*,#7293,.F.);
#8659 = PLANE('',#8660);
#8660 = AXIS2_PLACEMENT_3D('',#8661,#8662,#8663);
#8661 = CARTESIAN_POINT('',(7.55,-0.195,-3.435));
#8662 = DIRECTION('',(0.,-0.707106781187,-0.707106781187));
#8663 = DIRECTION('',(1.,0.,0.));
#8664 = ADVANCED_FACE('',(#8665),#8683,.T.);
#8665 = FACE_BOUND('',#8666,.F.);
#8666 = EDGE_LOOP('',(#8667,#8675,#8681,#8682));
#8667 = ORIENTED_EDGE('',*,*,#8668,.T.);
#8668 = EDGE_CURVE('',#8645,#8669,#8671,.T.);
#8669 = VERTEX_POINT('',#8670);
#8670 = CARTESIAN_POINT('',(7.55,7.E-02,-3.56));
#8671 = LINE('',#8672,#8673);
#8672 = CARTESIAN_POINT('',(7.55,-0.32,-3.56));
#8673 = VECTOR('',#8674,1.);
#8674 = DIRECTION('',(0.,1.,0.));
#8675 = ORIENTED_EDGE('',*,*,#8676,.T.);
#8676 = EDGE_CURVE('',#8669,#7318,#8677,.T.);
#8677 = LINE('',#8678,#8679);
#8678 = CARTESIAN_POINT('',(7.531666666667,8.833333333333E-02,
    -3.541666666667));
#8679 = VECTOR('',#8680,1.);
#8680 = DIRECTION('',(-0.57735026919,0.57735026919,0.57735026919));
#8681 = ORIENTED_EDGE('',*,*,#7317,.F.);
#8682 = ORIENTED_EDGE('',*,*,#8644,.F.);
#8683 = PLANE('',#8684);
#8684 = AXIS2_PLACEMENT_3D('',#8685,#8686,#8687);
#8685 = CARTESIAN_POINT('',(7.425,-0.32,-3.435));
#8686 = DIRECTION('',(-0.707106781187,0.,-0.707106781187));
#8687 = DIRECTION('',(0.,-1.,-0.));
#8688 = ADVANCED_FACE('',(#8689),#8700,.T.);
#8689 = FACE_BOUND('',#8690,.F.);
#8690 = EDGE_LOOP('',(#8691,#8692,#8698,#8699));
#8691 = ORIENTED_EDGE('',*,*,#8676,.F.);
#8692 = ORIENTED_EDGE('',*,*,#8693,.T.);
#8693 = EDGE_CURVE('',#8669,#8616,#8694,.T.);
#8694 = LINE('',#8695,#8696);
#8695 = CARTESIAN_POINT('',(7.55,7.E-02,-3.56));
#8696 = VECTOR('',#8697,1.);
#8697 = DIRECTION('',(1.,0.,0.));
#8698 = ORIENTED_EDGE('',*,*,#8623,.T.);
#8699 = ORIENTED_EDGE('',*,*,#7342,.F.);
#8700 = PLANE('',#8701);
#8701 = AXIS2_PLACEMENT_3D('',#8702,#8703,#8704);
#8702 = CARTESIAN_POINT('',(7.55,0.195,-3.435));
#8703 = DIRECTION('',(0.,0.707106781187,-0.707106781187));
#8704 = DIRECTION('',(-1.,0.,-0.));
#8705 = ADVANCED_FACE('',(#8706),#8731,.T.);
#8706 = FACE_BOUND('',#8707,.F.);
#8707 = EDGE_LOOP('',(#8708,#8716,#8724,#8730));
#8708 = ORIENTED_EDGE('',*,*,#8709,.F.);
#8709 = EDGE_CURVE('',#8710,#7427,#8712,.T.);
#8710 = VERTEX_POINT('',#8711);
#8711 = CARTESIAN_POINT('',(10.09,7.E-02,-3.56));
#8712 = LINE('',#8713,#8714);
#8713 = CARTESIAN_POINT('',(10.071666666667,8.833333333333E-02,
    -3.541666666667));
#8714 = VECTOR('',#8715,1.);
#8715 = DIRECTION('',(-0.57735026919,0.57735026919,0.57735026919));
#8716 = ORIENTED_EDGE('',*,*,#8717,.T.);
#8717 = EDGE_CURVE('',#8710,#8718,#8720,.T.);
#8718 = VERTEX_POINT('',#8719);
#8719 = CARTESIAN_POINT('',(10.23,7.E-02,-3.56));
#8720 = LINE('',#8721,#8722);
#8721 = CARTESIAN_POINT('',(10.09,7.E-02,-3.56));
#8722 = VECTOR('',#8723,1.);
#8723 = DIRECTION('',(1.,0.,0.));
#8724 = ORIENTED_EDGE('',*,*,#8725,.T.);
#8725 = EDGE_CURVE('',#8718,#7435,#8726,.T.);
#8726 = LINE('',#8727,#8728);
#8727 = CARTESIAN_POINT('',(10.225,6.5E-02,-3.565));
#8728 = VECTOR('',#8729,1.);
#8729 = DIRECTION('',(0.57735026919,0.57735026919,0.57735026919));
#8730 = ORIENTED_EDGE('',*,*,#7434,.F.);
#8731 = PLANE('',#8732);
#8732 = AXIS2_PLACEMENT_3D('',#8733,#8734,#8735);
#8733 = CARTESIAN_POINT('',(10.09,0.195,-3.435));
#8734 = DIRECTION('',(0.,0.707106781187,-0.707106781187));
#8735 = DIRECTION('',(-1.,0.,-0.));
#8736 = ADVANCED_FACE('',(#8737),#8755,.F.);
#8737 = FACE_BOUND('',#8738,.T.);
#8738 = EDGE_LOOP('',(#8739,#8747,#8748,#8749));
#8739 = ORIENTED_EDGE('',*,*,#8740,.T.);
#8740 = EDGE_CURVE('',#8741,#8718,#8743,.T.);
#8741 = VERTEX_POINT('',#8742);
#8742 = CARTESIAN_POINT('',(10.23,-7.E-02,-3.56));
#8743 = LINE('',#8744,#8745);
#8744 = CARTESIAN_POINT('',(10.23,-0.32,-3.56));
#8745 = VECTOR('',#8746,1.);
#8746 = DIRECTION('',(0.,1.,0.));
#8747 = ORIENTED_EDGE('',*,*,#8725,.T.);
#8748 = ORIENTED_EDGE('',*,*,#7457,.F.);
#8749 = ORIENTED_EDGE('',*,*,#8750,.F.);
#8750 = EDGE_CURVE('',#8741,#7458,#8751,.T.);
#8751 = LINE('',#8752,#8753);
#8752 = CARTESIAN_POINT('',(10.331666666667,-0.171666666667,
    -3.458333333333));
#8753 = VECTOR('',#8754,1.);
#8754 = DIRECTION('',(0.57735026919,-0.57735026919,0.57735026919));
#8755 = PLANE('',#8756);
#8756 = AXIS2_PLACEMENT_3D('',#8757,#8758,#8759);
#8757 = CARTESIAN_POINT('',(10.355,-0.32,-3.435));
#8758 = DIRECTION('',(-0.707106781187,0.,0.707106781187));
#8759 = DIRECTION('',(-0.,-1.,0.));
#8760 = ADVANCED_FACE('',(#8761),#8779,.T.);
#8761 = FACE_BOUND('',#8762,.T.);
#8762 = EDGE_LOOP('',(#8763,#8771,#8777,#8778));
#8763 = ORIENTED_EDGE('',*,*,#8764,.F.);
#8764 = EDGE_CURVE('',#8765,#7482,#8767,.T.);
#8765 = VERTEX_POINT('',#8766);
#8766 = CARTESIAN_POINT('',(10.09,-7.E-02,-3.56));
#8767 = LINE('',#8768,#8769);
#8768 = CARTESIAN_POINT('',(9.965,-0.195,-3.435));
#8769 = VECTOR('',#8770,1.);
#8770 = DIRECTION('',(-0.57735026919,-0.57735026919,0.57735026919));
#8771 = ORIENTED_EDGE('',*,*,#8772,.T.);
#8772 = EDGE_CURVE('',#8765,#8741,#8773,.T.);
#8773 = LINE('',#8774,#8775);
#8774 = CARTESIAN_POINT('',(10.09,-7.E-02,-3.56));
#8775 = VECTOR('',#8776,1.);
#8776 = DIRECTION('',(1.,0.,0.));
#8777 = ORIENTED_EDGE('',*,*,#8750,.T.);
#8778 = ORIENTED_EDGE('',*,*,#7481,.F.);
#8779 = PLANE('',#8780);
#8780 = AXIS2_PLACEMENT_3D('',#8781,#8782,#8783);
#8781 = CARTESIAN_POINT('',(10.09,-0.195,-3.435));
#8782 = DIRECTION('',(0.,-0.707106781187,-0.707106781187));
#8783 = DIRECTION('',(1.,0.,0.));
#8784 = ADVANCED_FACE('',(#8785),#8796,.T.);
#8785 = FACE_BOUND('',#8786,.F.);
#8786 = EDGE_LOOP('',(#8787,#8793,#8794,#8795));
#8787 = ORIENTED_EDGE('',*,*,#8788,.T.);
#8788 = EDGE_CURVE('',#8765,#8710,#8789,.T.);
#8789 = LINE('',#8790,#8791);
#8790 = CARTESIAN_POINT('',(10.09,-0.32,-3.56));
#8791 = VECTOR('',#8792,1.);
#8792 = DIRECTION('',(0.,1.,0.));
#8793 = ORIENTED_EDGE('',*,*,#8709,.T.);
#8794 = ORIENTED_EDGE('',*,*,#7505,.F.);
#8795 = ORIENTED_EDGE('',*,*,#8764,.F.);
#8796 = PLANE('',#8797);
#8797 = AXIS2_PLACEMENT_3D('',#8798,#8799,#8800);
#8798 = CARTESIAN_POINT('',(9.965,-0.32,-3.435));
#8799 = DIRECTION('',(-0.707106781187,0.,-0.707106781187));
#8800 = DIRECTION('',(0.,-1.,-0.));
#8801 = ADVANCED_FACE('',(#8802),#8827,.T.);
#8802 = FACE_BOUND('',#8803,.F.);
#8803 = EDGE_LOOP('',(#8804,#8814,#8820,#8821));
#8804 = ORIENTED_EDGE('',*,*,#8805,.T.);
#8805 = EDGE_CURVE('',#8806,#8808,#8810,.T.);
#8806 = VERTEX_POINT('',#8807);
#8807 = CARTESIAN_POINT('',(12.63,-7.E-02,-3.56));
#8808 = VERTEX_POINT('',#8809);
#8809 = CARTESIAN_POINT('',(12.63,7.E-02,-3.56));
#8810 = LINE('',#8811,#8812);
#8811 = CARTESIAN_POINT('',(12.63,-0.32,-3.56));
#8812 = VECTOR('',#8813,1.);
#8813 = DIRECTION('',(0.,1.,0.));
#8814 = ORIENTED_EDGE('',*,*,#8815,.T.);
#8815 = EDGE_CURVE('',#8808,#7593,#8816,.T.);
#8816 = LINE('',#8817,#8818);
#8817 = CARTESIAN_POINT('',(12.611666666667,8.833333333333E-02,
    -3.541666666667));
#8818 = VECTOR('',#8819,1.);
#8819 = DIRECTION('',(-0.57735026919,0.57735026919,0.57735026919));
#8820 = ORIENTED_EDGE('',*,*,#7590,.F.);
#8821 = ORIENTED_EDGE('',*,*,#8822,.F.);
#8822 = EDGE_CURVE('',#8806,#7591,#8823,.T.);
#8823 = LINE('',#8824,#8825);
#8824 = CARTESIAN_POINT('',(12.505,-0.195,-3.435));
#8825 = VECTOR('',#8826,1.);
#8826 = DIRECTION('',(-0.57735026919,-0.57735026919,0.57735026919));
#8827 = PLANE('',#8828);
#8828 = AXIS2_PLACEMENT_3D('',#8829,#8830,#8831);
#8829 = CARTESIAN_POINT('',(12.505,-0.32,-3.435));
#8830 = DIRECTION('',(-0.707106781187,0.,-0.707106781187));
#8831 = DIRECTION('',(0.,-1.,-0.));
#8832 = ADVANCED_FACE('',(#8833),#8851,.T.);
#8833 = FACE_BOUND('',#8834,.F.);
#8834 = EDGE_LOOP('',(#8835,#8836,#8844,#8850));
#8835 = ORIENTED_EDGE('',*,*,#8815,.F.);
#8836 = ORIENTED_EDGE('',*,*,#8837,.T.);
#8837 = EDGE_CURVE('',#8808,#8838,#8840,.T.);
#8838 = VERTEX_POINT('',#8839);
#8839 = CARTESIAN_POINT('',(12.77,7.E-02,-3.56));
#8840 = LINE('',#8841,#8842);
#8841 = CARTESIAN_POINT('',(12.63,7.E-02,-3.56));
#8842 = VECTOR('',#8843,1.);
#8843 = DIRECTION('',(1.,0.,0.));
#8844 = ORIENTED_EDGE('',*,*,#8845,.T.);
#8845 = EDGE_CURVE('',#8838,#7623,#8846,.T.);
#8846 = LINE('',#8847,#8848);
#8847 = CARTESIAN_POINT('',(12.765,6.5E-02,-3.565));
#8848 = VECTOR('',#8849,1.);
#8849 = DIRECTION('',(0.57735026919,0.57735026919,0.57735026919));
#8850 = ORIENTED_EDGE('',*,*,#7622,.F.);
#8851 = PLANE('',#8852);
#8852 = AXIS2_PLACEMENT_3D('',#8853,#8854,#8855);
#8853 = CARTESIAN_POINT('',(12.63,0.195,-3.435));
#8854 = DIRECTION('',(0.,0.707106781187,-0.707106781187));
#8855 = DIRECTION('',(-1.,0.,-0.));
#8856 = ADVANCED_FACE('',(#8857),#8875,.F.);
#8857 = FACE_BOUND('',#8858,.T.);
#8858 = EDGE_LOOP('',(#8859,#8867,#8868,#8869));
#8859 = ORIENTED_EDGE('',*,*,#8860,.T.);
#8860 = EDGE_CURVE('',#8861,#8838,#8863,.T.);
#8861 = VERTEX_POINT('',#8862);
#8862 = CARTESIAN_POINT('',(12.77,-7.E-02,-3.56));
#8863 = LINE('',#8864,#8865);
#8864 = CARTESIAN_POINT('',(12.77,-0.32,-3.56));
#8865 = VECTOR('',#8866,1.);
#8866 = DIRECTION('',(0.,1.,0.));
#8867 = ORIENTED_EDGE('',*,*,#8845,.T.);
#8868 = ORIENTED_EDGE('',*,*,#7645,.F.);
#8869 = ORIENTED_EDGE('',*,*,#8870,.F.);
#8870 = EDGE_CURVE('',#8861,#7646,#8871,.T.);
#8871 = LINE('',#8872,#8873);
#8872 = CARTESIAN_POINT('',(12.871666666667,-0.171666666667,
    -3.458333333333));
#8873 = VECTOR('',#8874,1.);
#8874 = DIRECTION('',(0.57735026919,-0.57735026919,0.57735026919));
#8875 = PLANE('',#8876);
#8876 = AXIS2_PLACEMENT_3D('',#8877,#8878,#8879);
#8877 = CARTESIAN_POINT('',(12.895,-0.32,-3.435));
#8878 = DIRECTION('',(-0.707106781187,0.,0.707106781187));
#8879 = DIRECTION('',(-0.,-1.,0.));
#8880 = ADVANCED_FACE('',(#8881),#8892,.T.);
#8881 = FACE_BOUND('',#8882,.T.);
#8882 = EDGE_LOOP('',(#8883,#8884,#8890,#8891));
#8883 = ORIENTED_EDGE('',*,*,#8822,.F.);
#8884 = ORIENTED_EDGE('',*,*,#8885,.T.);
#8885 = EDGE_CURVE('',#8806,#8861,#8886,.T.);
#8886 = LINE('',#8887,#8888);
#8887 = CARTESIAN_POINT('',(12.63,-7.E-02,-3.56));
#8888 = VECTOR('',#8889,1.);
#8889 = DIRECTION('',(1.,0.,0.));
#8890 = ORIENTED_EDGE('',*,*,#8870,.T.);
#8891 = ORIENTED_EDGE('',*,*,#7669,.F.);
#8892 = PLANE('',#8893);
#8893 = AXIS2_PLACEMENT_3D('',#8894,#8895,#8896);
#8894 = CARTESIAN_POINT('',(12.63,-0.195,-3.435));
#8895 = DIRECTION('',(0.,-0.707106781187,-0.707106781187));
#8896 = DIRECTION('',(1.,0.,0.));
#8897 = ADVANCED_FACE('',(#8898),#8923,.F.);
#8898 = FACE_BOUND('',#8899,.T.);
#8899 = EDGE_LOOP('',(#8900,#8910,#8916,#8917));
#8900 = ORIENTED_EDGE('',*,*,#8901,.T.);
#8901 = EDGE_CURVE('',#8902,#8904,#8906,.T.);
#8902 = VERTEX_POINT('',#8903);
#8903 = CARTESIAN_POINT('',(7.69,7.E-02,10.66));
#8904 = VERTEX_POINT('',#8905);
#8905 = CARTESIAN_POINT('',(7.69,-7.E-02,10.66));
#8906 = LINE('',#8907,#8908);
#8907 = CARTESIAN_POINT('',(7.69,0.32,10.66));
#8908 = VECTOR('',#8909,1.);
#8909 = DIRECTION('',(0.,-1.,0.));
#8910 = ORIENTED_EDGE('',*,*,#8911,.T.);
#8911 = EDGE_CURVE('',#8904,#7713,#8912,.T.);
#8912 = LINE('',#8913,#8914);
#8913 = CARTESIAN_POINT('',(7.685,-6.5E-02,10.665));
#8914 = VECTOR('',#8915,1.);
#8915 = DIRECTION('',(0.57735026919,-0.57735026919,-0.57735026919));
#8916 = ORIENTED_EDGE('',*,*,#7712,.F.);
#8917 = ORIENTED_EDGE('',*,*,#8918,.T.);
#8918 = EDGE_CURVE('',#7705,#8902,#8919,.T.);
#8919 = LINE('',#8920,#8921);
#8920 = CARTESIAN_POINT('',(7.791666666667,0.171666666667,
    10.558333333333));
#8921 = VECTOR('',#8922,1.);
#8922 = DIRECTION('',(-0.57735026919,-0.57735026919,0.57735026919));
#8923 = PLANE('',#8924);
#8924 = AXIS2_PLACEMENT_3D('',#8925,#8926,#8927);
#8925 = CARTESIAN_POINT('',(7.815,0.32,10.535));
#8926 = DIRECTION('',(-0.707106781187,0.,-0.707106781187));
#8927 = DIRECTION('',(0.,1.,0.));
#8928 = ADVANCED_FACE('',(#8929),#8947,.T.);
#8929 = FACE_BOUND('',#8930,.F.);
#8930 = EDGE_LOOP('',(#8931,#8939,#8940,#8941));
#8931 = ORIENTED_EDGE('',*,*,#8932,.F.);
#8932 = EDGE_CURVE('',#7735,#8933,#8935,.T.);
#8933 = VERTEX_POINT('',#8934);
#8934 = CARTESIAN_POINT('',(7.55,7.E-02,10.66));
#8935 = LINE('',#8936,#8937);
#8936 = CARTESIAN_POINT('',(7.425,0.195,10.535));
#8937 = VECTOR('',#8938,1.);
#8938 = DIRECTION('',(0.57735026919,-0.57735026919,0.57735026919));
#8939 = ORIENTED_EDGE('',*,*,#7744,.T.);
#8940 = ORIENTED_EDGE('',*,*,#8918,.T.);
#8941 = ORIENTED_EDGE('',*,*,#8942,.F.);
#8942 = EDGE_CURVE('',#8933,#8902,#8943,.T.);
#8943 = LINE('',#8944,#8945);
#8944 = CARTESIAN_POINT('',(7.55,7.E-02,10.66));
#8945 = VECTOR('',#8946,1.);
#8946 = DIRECTION('',(1.,0.,0.));
#8947 = PLANE('',#8948);
#8948 = AXIS2_PLACEMENT_3D('',#8949,#8950,#8951);
#8949 = CARTESIAN_POINT('',(7.55,0.195,10.535));
#8950 = DIRECTION('',(0.,0.707106781187,0.707106781187));
#8951 = DIRECTION('',(-1.,0.,0.));
#8952 = ADVANCED_FACE('',(#8953),#8971,.T.);
#8953 = FACE_BOUND('',#8954,.F.);
#8954 = EDGE_LOOP('',(#8955,#8963,#8969,#8970));
#8955 = ORIENTED_EDGE('',*,*,#8956,.T.);
#8956 = EDGE_CURVE('',#8933,#8957,#8959,.T.);
#8957 = VERTEX_POINT('',#8958);
#8958 = CARTESIAN_POINT('',(7.55,-7.E-02,10.66));
#8959 = LINE('',#8960,#8961);
#8960 = CARTESIAN_POINT('',(7.55,0.32,10.66));
#8961 = VECTOR('',#8962,1.);
#8962 = DIRECTION('',(0.,-1.,0.));
#8963 = ORIENTED_EDGE('',*,*,#8964,.T.);
#8964 = EDGE_CURVE('',#8957,#7761,#8965,.T.);
#8965 = LINE('',#8966,#8967);
#8966 = CARTESIAN_POINT('',(7.531666666667,-8.833333333333E-02,
    10.641666666667));
#8967 = VECTOR('',#8968,1.);
#8968 = DIRECTION('',(-0.57735026919,-0.57735026919,-0.57735026919));
#8969 = ORIENTED_EDGE('',*,*,#7760,.F.);
#8970 = ORIENTED_EDGE('',*,*,#8932,.T.);
#8971 = PLANE('',#8972);
#8972 = AXIS2_PLACEMENT_3D('',#8973,#8974,#8975);
#8973 = CARTESIAN_POINT('',(7.425,0.32,10.535));
#8974 = DIRECTION('',(-0.707106781187,0.,0.707106781187));
#8975 = DIRECTION('',(0.,1.,0.));
#8976 = ADVANCED_FACE('',(#8977),#8988,.T.);
#8977 = FACE_BOUND('',#8978,.F.);
#8978 = EDGE_LOOP('',(#8979,#8980,#8986,#8987));
#8979 = ORIENTED_EDGE('',*,*,#8964,.F.);
#8980 = ORIENTED_EDGE('',*,*,#8981,.T.);
#8981 = EDGE_CURVE('',#8957,#8904,#8982,.T.);
#8982 = LINE('',#8983,#8984);
#8983 = CARTESIAN_POINT('',(7.55,-7.E-02,10.66));
#8984 = VECTOR('',#8985,1.);
#8985 = DIRECTION('',(1.,0.,0.));
#8986 = ORIENTED_EDGE('',*,*,#8911,.T.);
#8987 = ORIENTED_EDGE('',*,*,#7784,.F.);
#8988 = PLANE('',#8989);
#8989 = AXIS2_PLACEMENT_3D('',#8990,#8991,#8992);
#8990 = CARTESIAN_POINT('',(7.55,-0.195,10.535));
#8991 = DIRECTION('',(0.,-0.707106781187,0.707106781187));
#8992 = DIRECTION('',(-1.,0.,0.));
#8993 = ADVANCED_FACE('',(#8994),#9019,.F.);
#8994 = FACE_BOUND('',#8995,.T.);
#8995 = EDGE_LOOP('',(#8996,#9006,#9012,#9013));
#8996 = ORIENTED_EDGE('',*,*,#8997,.T.);
#8997 = EDGE_CURVE('',#8998,#9000,#9002,.T.);
#8998 = VERTEX_POINT('',#8999);
#8999 = CARTESIAN_POINT('',(12.77,7.E-02,10.66));
#9000 = VERTEX_POINT('',#9001);
#9001 = CARTESIAN_POINT('',(12.77,-7.E-02,10.66));
#9002 = LINE('',#9003,#9004);
#9003 = CARTESIAN_POINT('',(12.77,0.32,10.66));
#9004 = VECTOR('',#9005,1.);
#9005 = DIRECTION('',(0.,-1.,0.));
#9006 = ORIENTED_EDGE('',*,*,#9007,.T.);
#9007 = EDGE_CURVE('',#9000,#7809,#9008,.T.);
#9008 = LINE('',#9009,#9010);
#9009 = CARTESIAN_POINT('',(12.765,-6.5E-02,10.665));
#9010 = VECTOR('',#9011,1.);
#9011 = DIRECTION('',(0.57735026919,-0.57735026919,-0.57735026919));
#9012 = ORIENTED_EDGE('',*,*,#7808,.F.);
#9013 = ORIENTED_EDGE('',*,*,#9014,.T.);
#9014 = EDGE_CURVE('',#7801,#8998,#9015,.T.);
#9015 = LINE('',#9016,#9017);
#9016 = CARTESIAN_POINT('',(12.871666666667,0.171666666667,
    10.558333333333));
#9017 = VECTOR('',#9018,1.);
#9018 = DIRECTION('',(-0.57735026919,-0.57735026919,0.57735026919));
#9019 = PLANE('',#9020);
#9020 = AXIS2_PLACEMENT_3D('',#9021,#9022,#9023);
#9021 = CARTESIAN_POINT('',(12.895,0.32,10.535));
#9022 = DIRECTION('',(-0.707106781187,0.,-0.707106781187));
#9023 = DIRECTION('',(0.,1.,0.));
#9024 = ADVANCED_FACE('',(#9025),#9043,.T.);
#9025 = FACE_BOUND('',#9026,.F.);
#9026 = EDGE_LOOP('',(#9027,#9035,#9036,#9037));
#9027 = ORIENTED_EDGE('',*,*,#9028,.F.);
#9028 = EDGE_CURVE('',#7831,#9029,#9031,.T.);
#9029 = VERTEX_POINT('',#9030);
#9030 = CARTESIAN_POINT('',(12.63,7.E-02,10.66));
#9031 = LINE('',#9032,#9033);
#9032 = CARTESIAN_POINT('',(12.505,0.195,10.535));
#9033 = VECTOR('',#9034,1.);
#9034 = DIRECTION('',(0.57735026919,-0.57735026919,0.57735026919));
#9035 = ORIENTED_EDGE('',*,*,#7840,.T.);
#9036 = ORIENTED_EDGE('',*,*,#9014,.T.);
#9037 = ORIENTED_EDGE('',*,*,#9038,.F.);
#9038 = EDGE_CURVE('',#9029,#8998,#9039,.T.);
#9039 = LINE('',#9040,#9041);
#9040 = CARTESIAN_POINT('',(12.63,7.E-02,10.66));
#9041 = VECTOR('',#9042,1.);
#9042 = DIRECTION('',(1.,0.,0.));
#9043 = PLANE('',#9044);
#9044 = AXIS2_PLACEMENT_3D('',#9045,#9046,#9047);
#9045 = CARTESIAN_POINT('',(12.63,0.195,10.535));
#9046 = DIRECTION('',(0.,0.707106781187,0.707106781187));
#9047 = DIRECTION('',(-1.,0.,0.));
#9048 = ADVANCED_FACE('',(#9049),#9067,.T.);
#9049 = FACE_BOUND('',#9050,.F.);
#9050 = EDGE_LOOP('',(#9051,#9059,#9065,#9066));
#9051 = ORIENTED_EDGE('',*,*,#9052,.T.);
#9052 = EDGE_CURVE('',#9029,#9053,#9055,.T.);
#9053 = VERTEX_POINT('',#9054);
#9054 = CARTESIAN_POINT('',(12.63,-7.E-02,10.66));
#9055 = LINE('',#9056,#9057);
#9056 = CARTESIAN_POINT('',(12.63,0.32,10.66));
#9057 = VECTOR('',#9058,1.);
#9058 = DIRECTION('',(0.,-1.,0.));
#9059 = ORIENTED_EDGE('',*,*,#9060,.T.);
#9060 = EDGE_CURVE('',#9053,#7857,#9061,.T.);
#9061 = LINE('',#9062,#9063);
#9062 = CARTESIAN_POINT('',(12.611666666667,-8.833333333333E-02,
    10.641666666667));
#9063 = VECTOR('',#9064,1.);
#9064 = DIRECTION('',(-0.57735026919,-0.57735026919,-0.57735026919));
#9065 = ORIENTED_EDGE('',*,*,#7856,.F.);
#9066 = ORIENTED_EDGE('',*,*,#9028,.T.);
#9067 = PLANE('',#9068);
#9068 = AXIS2_PLACEMENT_3D('',#9069,#9070,#9071);
#9069 = CARTESIAN_POINT('',(12.505,0.32,10.535));
#9070 = DIRECTION('',(-0.707106781187,0.,0.707106781187));
#9071 = DIRECTION('',(0.,1.,0.));
#9072 = ADVANCED_FACE('',(#9073),#9084,.T.);
#9073 = FACE_BOUND('',#9074,.F.);
#9074 = EDGE_LOOP('',(#9075,#9076,#9082,#9083));
#9075 = ORIENTED_EDGE('',*,*,#9060,.F.);
#9076 = ORIENTED_EDGE('',*,*,#9077,.T.);
#9077 = EDGE_CURVE('',#9053,#9000,#9078,.T.);
#9078 = LINE('',#9079,#9080);
#9079 = CARTESIAN_POINT('',(12.63,-7.E-02,10.66));
#9080 = VECTOR('',#9081,1.);
#9081 = DIRECTION('',(1.,0.,0.));
#9082 = ORIENTED_EDGE('',*,*,#9007,.T.);
#9083 = ORIENTED_EDGE('',*,*,#7880,.F.);
#9084 = PLANE('',#9085);
#9085 = AXIS2_PLACEMENT_3D('',#9086,#9087,#9088);
#9086 = CARTESIAN_POINT('',(12.63,-0.195,10.535));
#9087 = DIRECTION('',(0.,-0.707106781187,0.707106781187));
#9088 = DIRECTION('',(-1.,0.,0.));
#9089 = ADVANCED_FACE('',(#9090),#9115,.T.);
#9090 = FACE_BOUND('',#9091,.F.);
#9091 = EDGE_LOOP('',(#9092,#9100,#9108,#9114));
#9092 = ORIENTED_EDGE('',*,*,#9093,.F.);
#9093 = EDGE_CURVE('',#9094,#7897,#9096,.T.);
#9094 = VERTEX_POINT('',#9095);
#9095 = CARTESIAN_POINT('',(10.09,-7.E-02,10.66));
#9096 = LINE('',#9097,#9098);
#9097 = CARTESIAN_POINT('',(10.071666666667,-8.833333333333E-02,
    10.641666666667));
#9098 = VECTOR('',#9099,1.);
#9099 = DIRECTION('',(-0.57735026919,-0.57735026919,-0.57735026919));
#9100 = ORIENTED_EDGE('',*,*,#9101,.T.);
#9101 = EDGE_CURVE('',#9094,#9102,#9104,.T.);
#9102 = VERTEX_POINT('',#9103);
#9103 = CARTESIAN_POINT('',(10.23,-7.E-02,10.66));
#9104 = LINE('',#9105,#9106);
#9105 = CARTESIAN_POINT('',(10.09,-7.E-02,10.66));
#9106 = VECTOR('',#9107,1.);
#9107 = DIRECTION('',(1.,0.,0.));
#9108 = ORIENTED_EDGE('',*,*,#9109,.T.);
#9109 = EDGE_CURVE('',#9102,#7905,#9110,.T.);
#9110 = LINE('',#9111,#9112);
#9111 = CARTESIAN_POINT('',(10.225,-6.5E-02,10.665));
#9112 = VECTOR('',#9113,1.);
#9113 = DIRECTION('',(0.57735026919,-0.57735026919,-0.57735026919));
#9114 = ORIENTED_EDGE('',*,*,#7904,.F.);
#9115 = PLANE('',#9116);
#9116 = AXIS2_PLACEMENT_3D('',#9117,#9118,#9119);
#9117 = CARTESIAN_POINT('',(10.09,-0.195,10.535));
#9118 = DIRECTION('',(0.,-0.707106781187,0.707106781187));
#9119 = DIRECTION('',(-1.,0.,0.));
#9120 = ADVANCED_FACE('',(#9121),#9139,.F.);
#9121 = FACE_BOUND('',#9122,.T.);
#9122 = EDGE_LOOP('',(#9123,#9131,#9132,#9133));
#9123 = ORIENTED_EDGE('',*,*,#9124,.T.);
#9124 = EDGE_CURVE('',#9125,#9102,#9127,.T.);
#9125 = VERTEX_POINT('',#9126);
#9126 = CARTESIAN_POINT('',(10.23,7.E-02,10.66));
#9127 = LINE('',#9128,#9129);
#9128 = CARTESIAN_POINT('',(10.23,0.32,10.66));
#9129 = VECTOR('',#9130,1.);
#9130 = DIRECTION('',(0.,-1.,0.));
#9131 = ORIENTED_EDGE('',*,*,#9109,.T.);
#9132 = ORIENTED_EDGE('',*,*,#7935,.F.);
#9133 = ORIENTED_EDGE('',*,*,#9134,.T.);
#9134 = EDGE_CURVE('',#7928,#9125,#9135,.T.);
#9135 = LINE('',#9136,#9137);
#9136 = CARTESIAN_POINT('',(10.331666666667,0.171666666667,
    10.558333333333));
#9137 = VECTOR('',#9138,1.);
#9138 = DIRECTION('',(-0.57735026919,-0.57735026919,0.57735026919));
#9139 = PLANE('',#9140);
#9140 = AXIS2_PLACEMENT_3D('',#9141,#9142,#9143);
#9141 = CARTESIAN_POINT('',(10.355,0.32,10.535));
#9142 = DIRECTION('',(-0.707106781187,0.,-0.707106781187));
#9143 = DIRECTION('',(0.,1.,0.));
#9144 = ADVANCED_FACE('',(#9145),#9163,.T.);
#9145 = FACE_BOUND('',#9146,.F.);
#9146 = EDGE_LOOP('',(#9147,#9155,#9156,#9157));
#9147 = ORIENTED_EDGE('',*,*,#9148,.F.);
#9148 = EDGE_CURVE('',#7951,#9149,#9151,.T.);
#9149 = VERTEX_POINT('',#9150);
#9150 = CARTESIAN_POINT('',(10.09,7.E-02,10.66));
#9151 = LINE('',#9152,#9153);
#9152 = CARTESIAN_POINT('',(9.965,0.195,10.535));
#9153 = VECTOR('',#9154,1.);
#9154 = DIRECTION('',(0.57735026919,-0.57735026919,0.57735026919));
#9155 = ORIENTED_EDGE('',*,*,#7960,.T.);
#9156 = ORIENTED_EDGE('',*,*,#9134,.T.);
#9157 = ORIENTED_EDGE('',*,*,#9158,.F.);
#9158 = EDGE_CURVE('',#9149,#9125,#9159,.T.);
#9159 = LINE('',#9160,#9161);
#9160 = CARTESIAN_POINT('',(10.09,7.E-02,10.66));
#9161 = VECTOR('',#9162,1.);
#9162 = DIRECTION('',(1.,0.,0.));
#9163 = PLANE('',#9164);
#9164 = AXIS2_PLACEMENT_3D('',#9165,#9166,#9167);
#9165 = CARTESIAN_POINT('',(10.09,0.195,10.535));
#9166 = DIRECTION('',(0.,0.707106781187,0.707106781187));
#9167 = DIRECTION('',(-1.,0.,0.));
#9168 = ADVANCED_FACE('',(#9169),#9180,.T.);
#9169 = FACE_BOUND('',#9170,.F.);
#9170 = EDGE_LOOP('',(#9171,#9177,#9178,#9179));
#9171 = ORIENTED_EDGE('',*,*,#9172,.T.);
#9172 = EDGE_CURVE('',#9149,#9094,#9173,.T.);
#9173 = LINE('',#9174,#9175);
#9174 = CARTESIAN_POINT('',(10.09,0.32,10.66));
#9175 = VECTOR('',#9176,1.);
#9176 = DIRECTION('',(0.,-1.,0.));
#9177 = ORIENTED_EDGE('',*,*,#9093,.T.);
#9178 = ORIENTED_EDGE('',*,*,#7976,.F.);
#9179 = ORIENTED_EDGE('',*,*,#9148,.T.);
#9180 = PLANE('',#9181);
#9181 = AXIS2_PLACEMENT_3D('',#9182,#9183,#9184);
#9182 = CARTESIAN_POINT('',(9.965,0.32,10.535));
#9183 = DIRECTION('',(-0.707106781187,0.,0.707106781187));
#9184 = DIRECTION('',(0.,1.,0.));
#9185 = ADVANCED_FACE('',(#9186),#9211,.T.);
#9186 = FACE_BOUND('',#9187,.F.);
#9187 = EDGE_LOOP('',(#9188,#9196,#9204,#9210));
#9188 = ORIENTED_EDGE('',*,*,#9189,.F.);
#9189 = EDGE_CURVE('',#9190,#7993,#9192,.T.);
#9190 = VERTEX_POINT('',#9191);
#9191 = CARTESIAN_POINT('',(2.47,-7.E-02,10.66));
#9192 = LINE('',#9193,#9194);
#9193 = CARTESIAN_POINT('',(2.451666666667,-8.833333333333E-02,
    10.641666666667));
#9194 = VECTOR('',#9195,1.);
#9195 = DIRECTION('',(-0.57735026919,-0.57735026919,-0.57735026919));
#9196 = ORIENTED_EDGE('',*,*,#9197,.T.);
#9197 = EDGE_CURVE('',#9190,#9198,#9200,.T.);
#9198 = VERTEX_POINT('',#9199);
#9199 = CARTESIAN_POINT('',(2.61,-7.E-02,10.66));
#9200 = LINE('',#9201,#9202);
#9201 = CARTESIAN_POINT('',(2.47,-7.E-02,10.66));
#9202 = VECTOR('',#9203,1.);
#9203 = DIRECTION('',(1.,0.,0.));
#9204 = ORIENTED_EDGE('',*,*,#9205,.T.);
#9205 = EDGE_CURVE('',#9198,#8001,#9206,.T.);
#9206 = LINE('',#9207,#9208);
#9207 = CARTESIAN_POINT('',(2.605,-6.5E-02,10.665));
#9208 = VECTOR('',#9209,1.);
#9209 = DIRECTION('',(0.57735026919,-0.57735026919,-0.57735026919));
#9210 = ORIENTED_EDGE('',*,*,#8000,.F.);
#9211 = PLANE('',#9212);
#9212 = AXIS2_PLACEMENT_3D('',#9213,#9214,#9215);
#9213 = CARTESIAN_POINT('',(2.47,-0.195,10.535));
#9214 = DIRECTION('',(0.,-0.707106781187,0.707106781187));
#9215 = DIRECTION('',(-1.,0.,0.));
#9216 = ADVANCED_FACE('',(#9217),#9235,.F.);
#9217 = FACE_BOUND('',#9218,.T.);
#9218 = EDGE_LOOP('',(#9219,#9227,#9228,#9229));
#9219 = ORIENTED_EDGE('',*,*,#9220,.T.);
#9220 = EDGE_CURVE('',#9221,#9198,#9223,.T.);
#9221 = VERTEX_POINT('',#9222);
#9222 = CARTESIAN_POINT('',(2.61,7.E-02,10.66));
#9223 = LINE('',#9224,#9225);
#9224 = CARTESIAN_POINT('',(2.61,0.32,10.66));
#9225 = VECTOR('',#9226,1.);
#9226 = DIRECTION('',(0.,-1.,0.));
#9227 = ORIENTED_EDGE('',*,*,#9205,.T.);
#9228 = ORIENTED_EDGE('',*,*,#8031,.F.);
#9229 = ORIENTED_EDGE('',*,*,#9230,.T.);
#9230 = EDGE_CURVE('',#8024,#9221,#9231,.T.);
#9231 = LINE('',#9232,#9233);
#9232 = CARTESIAN_POINT('',(2.711666666667,0.171666666667,
    10.558333333333));
#9233 = VECTOR('',#9234,1.);
#9234 = DIRECTION('',(-0.57735026919,-0.57735026919,0.57735026919));
#9235 = PLANE('',#9236);
#9236 = AXIS2_PLACEMENT_3D('',#9237,#9238,#9239);
#9237 = CARTESIAN_POINT('',(2.735,0.32,10.535));
#9238 = DIRECTION('',(-0.707106781187,0.,-0.707106781187));
#9239 = DIRECTION('',(0.,1.,0.));
#9240 = ADVANCED_FACE('',(#9241),#9259,.T.);
#9241 = FACE_BOUND('',#9242,.F.);
#9242 = EDGE_LOOP('',(#9243,#9251,#9252,#9253));
#9243 = ORIENTED_EDGE('',*,*,#9244,.F.);
#9244 = EDGE_CURVE('',#8047,#9245,#9247,.T.);
#9245 = VERTEX_POINT('',#9246);
#9246 = CARTESIAN_POINT('',(2.47,7.E-02,10.66));
#9247 = LINE('',#9248,#9249);
#9248 = CARTESIAN_POINT('',(2.345,0.195,10.535));
#9249 = VECTOR('',#9250,1.);
#9250 = DIRECTION('',(0.57735026919,-0.57735026919,0.57735026919));
#9251 = ORIENTED_EDGE('',*,*,#8056,.T.);
#9252 = ORIENTED_EDGE('',*,*,#9230,.T.);
#9253 = ORIENTED_EDGE('',*,*,#9254,.F.);
#9254 = EDGE_CURVE('',#9245,#9221,#9255,.T.);
#9255 = LINE('',#9256,#9257);
#9256 = CARTESIAN_POINT('',(2.47,7.E-02,10.66));
#9257 = VECTOR('',#9258,1.);
#9258 = DIRECTION('',(1.,0.,0.));
#9259 = PLANE('',#9260);
#9260 = AXIS2_PLACEMENT_3D('',#9261,#9262,#9263);
#9261 = CARTESIAN_POINT('',(2.47,0.195,10.535));
#9262 = DIRECTION('',(0.,0.707106781187,0.707106781187));
#9263 = DIRECTION('',(-1.,0.,0.));
#9264 = ADVANCED_FACE('',(#9265),#9276,.T.);
#9265 = FACE_BOUND('',#9266,.F.);
#9266 = EDGE_LOOP('',(#9267,#9273,#9274,#9275));
#9267 = ORIENTED_EDGE('',*,*,#9268,.T.);
#9268 = EDGE_CURVE('',#9245,#9190,#9269,.T.);
#9269 = LINE('',#9270,#9271);
#9270 = CARTESIAN_POINT('',(2.47,0.32,10.66));
#9271 = VECTOR('',#9272,1.);
#9272 = DIRECTION('',(0.,-1.,0.));
#9273 = ORIENTED_EDGE('',*,*,#9189,.T.);
#9274 = ORIENTED_EDGE('',*,*,#8072,.F.);
#9275 = ORIENTED_EDGE('',*,*,#9244,.T.);
#9276 = PLANE('',#9277);
#9277 = AXIS2_PLACEMENT_3D('',#9278,#9279,#9280);
#9278 = CARTESIAN_POINT('',(2.345,0.32,10.535));
#9279 = DIRECTION('',(-0.707106781187,0.,0.707106781187));
#9280 = DIRECTION('',(0.,1.,0.));
#9281 = ADVANCED_FACE('',(#9282),#9307,.F.);
#9282 = FACE_BOUND('',#9283,.T.);
#9283 = EDGE_LOOP('',(#9284,#9294,#9300,#9301));
#9284 = ORIENTED_EDGE('',*,*,#9285,.T.);
#9285 = EDGE_CURVE('',#9286,#9288,#9290,.T.);
#9286 = VERTEX_POINT('',#9287);
#9287 = CARTESIAN_POINT('',(5.15,7.E-02,10.66));
#9288 = VERTEX_POINT('',#9289);
#9289 = CARTESIAN_POINT('',(5.15,-7.E-02,10.66));
#9290 = LINE('',#9291,#9292);
#9291 = CARTESIAN_POINT('',(5.15,0.32,10.66));
#9292 = VECTOR('',#9293,1.);
#9293 = DIRECTION('',(0.,-1.,0.));
#9294 = ORIENTED_EDGE('',*,*,#9295,.T.);
#9295 = EDGE_CURVE('',#9288,#8097,#9296,.T.);
#9296 = LINE('',#9297,#9298);
#9297 = CARTESIAN_POINT('',(5.145,-6.5E-02,10.665));
#9298 = VECTOR('',#9299,1.);
#9299 = DIRECTION('',(0.57735026919,-0.57735026919,-0.57735026919));
#9300 = ORIENTED_EDGE('',*,*,#8096,.F.);
#9301 = ORIENTED_EDGE('',*,*,#9302,.T.);
#9302 = EDGE_CURVE('',#8089,#9286,#9303,.T.);
#9303 = LINE('',#9304,#9305);
#9304 = CARTESIAN_POINT('',(5.251666666667,0.171666666667,
    10.558333333333));
#9305 = VECTOR('',#9306,1.);
#9306 = DIRECTION('',(-0.57735026919,-0.57735026919,0.57735026919));
#9307 = PLANE('',#9308);
#9308 = AXIS2_PLACEMENT_3D('',#9309,#9310,#9311);
#9309 = CARTESIAN_POINT('',(5.275,0.32,10.535));
#9310 = DIRECTION('',(-0.707106781187,0.,-0.707106781187));
#9311 = DIRECTION('',(0.,1.,0.));
#9312 = ADVANCED_FACE('',(#9313),#9331,.T.);
#9313 = FACE_BOUND('',#9314,.F.);
#9314 = EDGE_LOOP('',(#9315,#9323,#9324,#9325));
#9315 = ORIENTED_EDGE('',*,*,#9316,.F.);
#9316 = EDGE_CURVE('',#8119,#9317,#9319,.T.);
#9317 = VERTEX_POINT('',#9318);
#9318 = CARTESIAN_POINT('',(5.01,7.E-02,10.66));
#9319 = LINE('',#9320,#9321);
#9320 = CARTESIAN_POINT('',(4.885,0.195,10.535));
#9321 = VECTOR('',#9322,1.);
#9322 = DIRECTION('',(0.57735026919,-0.57735026919,0.57735026919));
#9323 = ORIENTED_EDGE('',*,*,#8128,.T.);
#9324 = ORIENTED_EDGE('',*,*,#9302,.T.);
#9325 = ORIENTED_EDGE('',*,*,#9326,.F.);
#9326 = EDGE_CURVE('',#9317,#9286,#9327,.T.);
#9327 = LINE('',#9328,#9329);
#9328 = CARTESIAN_POINT('',(5.01,7.E-02,10.66));
#9329 = VECTOR('',#9330,1.);
#9330 = DIRECTION('',(1.,0.,0.));
#9331 = PLANE('',#9332);
#9332 = AXIS2_PLACEMENT_3D('',#9333,#9334,#9335);
#9333 = CARTESIAN_POINT('',(5.01,0.195,10.535));
#9334 = DIRECTION('',(0.,0.707106781187,0.707106781187));
#9335 = DIRECTION('',(-1.,0.,0.));
#9336 = ADVANCED_FACE('',(#9337),#9355,.T.);
#9337 = FACE_BOUND('',#9338,.F.);
#9338 = EDGE_LOOP('',(#9339,#9347,#9353,#9354));
#9339 = ORIENTED_EDGE('',*,*,#9340,.T.);
#9340 = EDGE_CURVE('',#9317,#9341,#9343,.T.);
#9341 = VERTEX_POINT('',#9342);
#9342 = CARTESIAN_POINT('',(5.01,-7.E-02,10.66));
#9343 = LINE('',#9344,#9345);
#9344 = CARTESIAN_POINT('',(5.01,0.32,10.66));
#9345 = VECTOR('',#9346,1.);
#9346 = DIRECTION('',(0.,-1.,0.));
#9347 = ORIENTED_EDGE('',*,*,#9348,.T.);
#9348 = EDGE_CURVE('',#9341,#8145,#9349,.T.);
#9349 = LINE('',#9350,#9351);
#9350 = CARTESIAN_POINT('',(4.991666666667,-8.833333333333E-02,
    10.641666666667));
#9351 = VECTOR('',#9352,1.);
#9352 = DIRECTION('',(-0.57735026919,-0.57735026919,-0.57735026919));
#9353 = ORIENTED_EDGE('',*,*,#8144,.F.);
#9354 = ORIENTED_EDGE('',*,*,#9316,.T.);
#9355 = PLANE('',#9356);
#9356 = AXIS2_PLACEMENT_3D('',#9357,#9358,#9359);
#9357 = CARTESIAN_POINT('',(4.885,0.32,10.535));
#9358 = DIRECTION('',(-0.707106781187,0.,0.707106781187));
#9359 = DIRECTION('',(0.,1.,0.));
#9360 = ADVANCED_FACE('',(#9361),#9372,.T.);
#9361 = FACE_BOUND('',#9362,.F.);
#9362 = EDGE_LOOP('',(#9363,#9364,#9370,#9371));
#9363 = ORIENTED_EDGE('',*,*,#9348,.F.);
#9364 = ORIENTED_EDGE('',*,*,#9365,.T.);
#9365 = EDGE_CURVE('',#9341,#9288,#9366,.T.);
#9366 = LINE('',#9367,#9368);
#9367 = CARTESIAN_POINT('',(5.01,-7.E-02,10.66));
#9368 = VECTOR('',#9369,1.);
#9369 = DIRECTION('',(1.,0.,0.));
#9370 = ORIENTED_EDGE('',*,*,#9295,.T.);
#9371 = ORIENTED_EDGE('',*,*,#8168,.F.);
#9372 = PLANE('',#9373);
#9373 = AXIS2_PLACEMENT_3D('',#9374,#9375,#9376);
#9374 = CARTESIAN_POINT('',(5.01,-0.195,10.535));
#9375 = DIRECTION('',(0.,-0.707106781187,0.707106781187));
#9376 = DIRECTION('',(-1.,0.,0.));
#9377 = ADVANCED_FACE('',(#9378),#9403,.F.);
#9378 = FACE_BOUND('',#9379,.T.);
#9379 = EDGE_LOOP('',(#9380,#9390,#9396,#9397));
#9380 = ORIENTED_EDGE('',*,*,#9381,.T.);
#9381 = EDGE_CURVE('',#9382,#9384,#9386,.T.);
#9382 = VERTEX_POINT('',#9383);
#9383 = CARTESIAN_POINT('',(7.E-02,7.E-02,10.66));
#9384 = VERTEX_POINT('',#9385);
#9385 = CARTESIAN_POINT('',(7.E-02,-7.E-02,10.66));
#9386 = LINE('',#9387,#9388);
#9387 = CARTESIAN_POINT('',(7.E-02,0.32,10.66));
#9388 = VECTOR('',#9389,1.);
#9389 = DIRECTION('',(0.,-1.,0.));
#9390 = ORIENTED_EDGE('',*,*,#9391,.T.);
#9391 = EDGE_CURVE('',#9384,#8193,#9392,.T.);
#9392 = LINE('',#9393,#9394);
#9393 = CARTESIAN_POINT('',(6.5E-02,-6.5E-02,10.665));
#9394 = VECTOR('',#9395,1.);
#9395 = DIRECTION('',(0.57735026919,-0.57735026919,-0.57735026919));
#9396 = ORIENTED_EDGE('',*,*,#8192,.F.);
#9397 = ORIENTED_EDGE('',*,*,#9398,.T.);
#9398 = EDGE_CURVE('',#8185,#9382,#9399,.T.);
#9399 = LINE('',#9400,#9401);
#9400 = CARTESIAN_POINT('',(0.171666666667,0.171666666667,
    10.558333333333));
#9401 = VECTOR('',#9402,1.);
#9402 = DIRECTION('',(-0.57735026919,-0.57735026919,0.57735026919));
#9403 = PLANE('',#9404);
#9404 = AXIS2_PLACEMENT_3D('',#9405,#9406,#9407);
#9405 = CARTESIAN_POINT('',(0.195,0.32,10.535));
#9406 = DIRECTION('',(-0.707106781187,0.,-0.707106781187));
#9407 = DIRECTION('',(0.,1.,0.));
#9408 = ADVANCED_FACE('',(#9409),#9427,.T.);
#9409 = FACE_BOUND('',#9410,.F.);
#9410 = EDGE_LOOP('',(#9411,#9419,#9420,#9421));
#9411 = ORIENTED_EDGE('',*,*,#9412,.F.);
#9412 = EDGE_CURVE('',#8215,#9413,#9415,.T.);
#9413 = VERTEX_POINT('',#9414);
#9414 = CARTESIAN_POINT('',(-7.E-02,7.E-02,10.66));
#9415 = LINE('',#9416,#9417);
#9416 = CARTESIAN_POINT('',(-0.195,0.195,10.535));
#9417 = VECTOR('',#9418,1.);
#9418 = DIRECTION('',(0.57735026919,-0.57735026919,0.57735026919));
#9419 = ORIENTED_EDGE('',*,*,#8224,.T.);
#9420 = ORIENTED_EDGE('',*,*,#9398,.T.);
#9421 = ORIENTED_EDGE('',*,*,#9422,.F.);
#9422 = EDGE_CURVE('',#9413,#9382,#9423,.T.);
#9423 = LINE('',#9424,#9425);
#9424 = CARTESIAN_POINT('',(-7.E-02,7.E-02,10.66));
#9425 = VECTOR('',#9426,1.);
#9426 = DIRECTION('',(1.,0.,0.));
#9427 = PLANE('',#9428);
#9428 = AXIS2_PLACEMENT_3D('',#9429,#9430,#9431);
#9429 = CARTESIAN_POINT('',(-7.E-02,0.195,10.535));
#9430 = DIRECTION('',(0.,0.707106781187,0.707106781187));
#9431 = DIRECTION('',(-1.,0.,0.));
#9432 = ADVANCED_FACE('',(#9433),#9451,.T.);
#9433 = FACE_BOUND('',#9434,.F.);
#9434 = EDGE_LOOP('',(#9435,#9443,#9449,#9450));
#9435 = ORIENTED_EDGE('',*,*,#9436,.T.);
#9436 = EDGE_CURVE('',#9413,#9437,#9439,.T.);
#9437 = VERTEX_POINT('',#9438);
#9438 = CARTESIAN_POINT('',(-7.E-02,-7.E-02,10.66));
#9439 = LINE('',#9440,#9441);
#9440 = CARTESIAN_POINT('',(-7.E-02,0.32,10.66));
#9441 = VECTOR('',#9442,1.);
#9442 = DIRECTION('',(0.,-1.,0.));
#9443 = ORIENTED_EDGE('',*,*,#9444,.T.);
#9444 = EDGE_CURVE('',#9437,#8241,#9445,.T.);
#9445 = LINE('',#9446,#9447);
#9446 = CARTESIAN_POINT('',(-8.833333333333E-02,-8.833333333333E-02,
    10.641666666667));
#9447 = VECTOR('',#9448,1.);
#9448 = DIRECTION('',(-0.57735026919,-0.57735026919,-0.57735026919));
#9449 = ORIENTED_EDGE('',*,*,#8240,.F.);
#9450 = ORIENTED_EDGE('',*,*,#9412,.T.);
#9451 = PLANE('',#9452);
#9452 = AXIS2_PLACEMENT_3D('',#9453,#9454,#9455);
#9453 = CARTESIAN_POINT('',(-0.195,0.32,10.535));
#9454 = DIRECTION('',(-0.707106781187,0.,0.707106781187));
#9455 = DIRECTION('',(0.,1.,0.));
#9456 = ADVANCED_FACE('',(#9457),#9468,.T.);
#9457 = FACE_BOUND('',#9458,.F.);
#9458 = EDGE_LOOP('',(#9459,#9460,#9466,#9467));
#9459 = ORIENTED_EDGE('',*,*,#9444,.F.);
#9460 = ORIENTED_EDGE('',*,*,#9461,.T.);
#9461 = EDGE_CURVE('',#9437,#9384,#9462,.T.);
#9462 = LINE('',#9463,#9464);
#9463 = CARTESIAN_POINT('',(-7.E-02,-7.E-02,10.66));
#9464 = VECTOR('',#9465,1.);
#9465 = DIRECTION('',(1.,0.,0.));
#9466 = ORIENTED_EDGE('',*,*,#9391,.T.);
#9467 = ORIENTED_EDGE('',*,*,#8264,.F.);
#9468 = PLANE('',#9469);
#9469 = AXIS2_PLACEMENT_3D('',#9470,#9471,#9472);
#9470 = CARTESIAN_POINT('',(-7.E-02,-0.195,10.535));
#9471 = DIRECTION('',(0.,-0.707106781187,0.707106781187));
#9472 = DIRECTION('',(-1.,0.,0.));
#9473 = ADVANCED_FACE('',(#9474),#9480,.F.);
#9474 = FACE_BOUND('',#9475,.F.);
#9475 = EDGE_LOOP('',(#9476,#9477,#9478,#9479));
#9476 = ORIENTED_EDGE('',*,*,#8380,.F.);
#9477 = ORIENTED_EDGE('',*,*,#8364,.T.);
#9478 = ORIENTED_EDGE('',*,*,#8325,.T.);
#9479 = ORIENTED_EDGE('',*,*,#8405,.F.);
#9480 = PLANE('',#9481);
#9481 = AXIS2_PLACEMENT_3D('',#9482,#9483,#9484);
#9482 = CARTESIAN_POINT('',(-0.32,-0.32,-3.56));
#9483 = DIRECTION('',(0.,0.,1.));
#9484 = DIRECTION('',(0.,1.,0.));
#9485 = ADVANCED_FACE('',(#9486),#9492,.F.);
#9486 = FACE_BOUND('',#9487,.F.);
#9487 = EDGE_LOOP('',(#9488,#9489,#9490,#9491));
#9488 = ORIENTED_EDGE('',*,*,#8500,.F.);
#9489 = ORIENTED_EDGE('',*,*,#8484,.T.);
#9490 = ORIENTED_EDGE('',*,*,#8452,.T.);
#9491 = ORIENTED_EDGE('',*,*,#8429,.F.);
#9492 = PLANE('',#9493);
#9493 = AXIS2_PLACEMENT_3D('',#9494,#9495,#9496);
#9494 = CARTESIAN_POINT('',(2.22,-0.32,-3.56));
#9495 = DIRECTION('',(0.,0.,1.));
#9496 = DIRECTION('',(0.,1.,0.));
#9497 = ADVANCED_FACE('',(#9498),#9504,.F.);
#9498 = FACE_BOUND('',#9499,.F.);
#9499 = EDGE_LOOP('',(#9500,#9501,#9502,#9503));
#9500 = ORIENTED_EDGE('',*,*,#8572,.F.);
#9501 = ORIENTED_EDGE('',*,*,#8556,.T.);
#9502 = ORIENTED_EDGE('',*,*,#8517,.T.);
#9503 = ORIENTED_EDGE('',*,*,#8597,.F.);
#9504 = PLANE('',#9505);
#9505 = AXIS2_PLACEMENT_3D('',#9506,#9507,#9508);
#9506 = CARTESIAN_POINT('',(4.76,-0.32,-3.56));
#9507 = DIRECTION('',(0.,0.,1.));
#9508 = DIRECTION('',(0.,1.,0.));
#9509 = ADVANCED_FACE('',(#9510),#9516,.F.);
#9510 = FACE_BOUND('',#9511,.F.);
#9511 = EDGE_LOOP('',(#9512,#9513,#9514,#9515));
#9512 = ORIENTED_EDGE('',*,*,#8668,.F.);
#9513 = ORIENTED_EDGE('',*,*,#8652,.T.);
#9514 = ORIENTED_EDGE('',*,*,#8613,.T.);
#9515 = ORIENTED_EDGE('',*,*,#8693,.F.);
#9516 = PLANE('',#9517);
#9517 = AXIS2_PLACEMENT_3D('',#9518,#9519,#9520);
#9518 = CARTESIAN_POINT('',(7.3,-0.32,-3.56));
#9519 = DIRECTION('',(0.,0.,1.));
#9520 = DIRECTION('',(0.,1.,0.));
#9521 = ADVANCED_FACE('',(#9522),#9528,.F.);
#9522 = FACE_BOUND('',#9523,.F.);
#9523 = EDGE_LOOP('',(#9524,#9525,#9526,#9527));
#9524 = ORIENTED_EDGE('',*,*,#8788,.F.);
#9525 = ORIENTED_EDGE('',*,*,#8772,.T.);
#9526 = ORIENTED_EDGE('',*,*,#8740,.T.);
#9527 = ORIENTED_EDGE('',*,*,#8717,.F.);
#9528 = PLANE('',#9529);
#9529 = AXIS2_PLACEMENT_3D('',#9530,#9531,#9532);
#9530 = CARTESIAN_POINT('',(9.84,-0.32,-3.56));
#9531 = DIRECTION('',(0.,0.,1.));
#9532 = DIRECTION('',(0.,1.,0.));
#9533 = ADVANCED_FACE('',(#9534),#9540,.F.);
#9534 = FACE_BOUND('',#9535,.F.);
#9535 = EDGE_LOOP('',(#9536,#9537,#9538,#9539));
#9536 = ORIENTED_EDGE('',*,*,#8805,.F.);
#9537 = ORIENTED_EDGE('',*,*,#8885,.T.);
#9538 = ORIENTED_EDGE('',*,*,#8860,.T.);
#9539 = ORIENTED_EDGE('',*,*,#8837,.F.);
#9540 = PLANE('',#9541);
#9541 = AXIS2_PLACEMENT_3D('',#9542,#9543,#9544);
#9542 = CARTESIAN_POINT('',(12.38,-0.32,-3.56));
#9543 = DIRECTION('',(0.,0.,1.));
#9544 = DIRECTION('',(0.,1.,0.));
#9545 = ADVANCED_FACE('',(#9546),#9552,.F.);
#9546 = FACE_BOUND('',#9547,.F.);
#9547 = EDGE_LOOP('',(#9548,#9549,#9550,#9551));
#9548 = ORIENTED_EDGE('',*,*,#8956,.F.);
#9549 = ORIENTED_EDGE('',*,*,#8942,.T.);
#9550 = ORIENTED_EDGE('',*,*,#8901,.T.);
#9551 = ORIENTED_EDGE('',*,*,#8981,.F.);
#9552 = PLANE('',#9553);
#9553 = AXIS2_PLACEMENT_3D('',#9554,#9555,#9556);
#9554 = CARTESIAN_POINT('',(7.3,0.32,10.66));
#9555 = DIRECTION('',(0.,0.,-1.));
#9556 = DIRECTION('',(0.,-1.,0.));
#9557 = ADVANCED_FACE('',(#9558),#9564,.F.);
#9558 = FACE_BOUND('',#9559,.F.);
#9559 = EDGE_LOOP('',(#9560,#9561,#9562,#9563));
#9560 = ORIENTED_EDGE('',*,*,#9052,.F.);
#9561 = ORIENTED_EDGE('',*,*,#9038,.T.);
#9562 = ORIENTED_EDGE('',*,*,#8997,.T.);
#9563 = ORIENTED_EDGE('',*,*,#9077,.F.);
#9564 = PLANE('',#9565);
#9565 = AXIS2_PLACEMENT_3D('',#9566,#9567,#9568);
#9566 = CARTESIAN_POINT('',(12.38,0.32,10.66));
#9567 = DIRECTION('',(0.,0.,-1.));
#9568 = DIRECTION('',(0.,-1.,0.));
#9569 = ADVANCED_FACE('',(#9570),#9576,.F.);
#9570 = FACE_BOUND('',#9571,.F.);
#9571 = EDGE_LOOP('',(#9572,#9573,#9574,#9575));
#9572 = ORIENTED_EDGE('',*,*,#9172,.F.);
#9573 = ORIENTED_EDGE('',*,*,#9158,.T.);
#9574 = ORIENTED_EDGE('',*,*,#9124,.T.);
#9575 = ORIENTED_EDGE('',*,*,#9101,.F.);
#9576 = PLANE('',#9577);
#9577 = AXIS2_PLACEMENT_3D('',#9578,#9579,#9580);
#9578 = CARTESIAN_POINT('',(9.84,0.32,10.66));
#9579 = DIRECTION('',(0.,0.,-1.));
#9580 = DIRECTION('',(0.,-1.,0.));
#9581 = ADVANCED_FACE('',(#9582),#9588,.F.);
#9582 = FACE_BOUND('',#9583,.F.);
#9583 = EDGE_LOOP('',(#9584,#9585,#9586,#9587));
#9584 = ORIENTED_EDGE('',*,*,#9268,.F.);
#9585 = ORIENTED_EDGE('',*,*,#9254,.T.);
#9586 = ORIENTED_EDGE('',*,*,#9220,.T.);
#9587 = ORIENTED_EDGE('',*,*,#9197,.F.);
#9588 = PLANE('',#9589);
#9589 = AXIS2_PLACEMENT_3D('',#9590,#9591,#9592);
#9590 = CARTESIAN_POINT('',(2.22,0.32,10.66));
#9591 = DIRECTION('',(0.,0.,-1.));
#9592 = DIRECTION('',(0.,-1.,0.));
#9593 = ADVANCED_FACE('',(#9594),#9600,.F.);
#9594 = FACE_BOUND('',#9595,.F.);
#9595 = EDGE_LOOP('',(#9596,#9597,#9598,#9599));
#9596 = ORIENTED_EDGE('',*,*,#9340,.F.);
#9597 = ORIENTED_EDGE('',*,*,#9326,.T.);
#9598 = ORIENTED_EDGE('',*,*,#9285,.T.);
#9599 = ORIENTED_EDGE('',*,*,#9365,.F.);
#9600 = PLANE('',#9601);
#9601 = AXIS2_PLACEMENT_3D('',#9602,#9603,#9604);
#9602 = CARTESIAN_POINT('',(4.76,0.32,10.66));
#9603 = DIRECTION('',(0.,0.,-1.));
#9604 = DIRECTION('',(0.,-1.,0.));
#9605 = ADVANCED_FACE('',(#9606),#9612,.F.);
#9606 = FACE_BOUND('',#9607,.F.);
#9607 = EDGE_LOOP('',(#9608,#9609,#9610,#9611));
#9608 = ORIENTED_EDGE('',*,*,#9436,.F.);
#9609 = ORIENTED_EDGE('',*,*,#9422,.T.);
#9610 = ORIENTED_EDGE('',*,*,#9381,.T.);
#9611 = ORIENTED_EDGE('',*,*,#9461,.F.);
#9612 = PLANE('',#9613);
#9613 = AXIS2_PLACEMENT_3D('',#9614,#9615,#9616);
#9614 = CARTESIAN_POINT('',(-0.32,0.32,10.66));
#9615 = DIRECTION('',(0.,0.,-1.));
#9616 = DIRECTION('',(0.,-1.,0.));
#9617 = ( GEOMETRIC_REPRESENTATION_CONTEXT(3) 
GLOBAL_UNCERTAINTY_ASSIGNED_CONTEXT((#9621)) 
GLOBAL_UNIT_ASSIGNED_CONTEXT((#9618,#9619,#9620)) REPRESENTATION_CONTEXT
('Context #1','3D Context with UNIT and UNCERTAINTY') );
#9618 = ( LENGTH_UNIT() NAMED_UNIT(*) SI_UNIT(.MILLI.,.METRE.) );
#9619 = ( NAMED_UNIT(*) PLANE_ANGLE_UNIT() SI_UNIT($,.RADIAN.) );
#9620 = ( NAMED_UNIT(*) SI_UNIT($,.STERADIAN.) SOLID_ANGLE_UNIT() );
#9621 = UNCERTAINTY_MEASURE_WITH_UNIT(LENGTH_MEASURE(1.E-07),#9618,
  'distance_accuracy_value','confusion accuracy');
#9622 = CONTEXT_DEPENDENT_SHAPE_REPRESENTATION(#9623,#9625);
#9623 = ( REPRESENTATION_RELATIONSHIP('','',#4773,#10) 
REPRESENTATION_RELATIONSHIP_WITH_TRANSFORMATION(#9624) 
SHAPE_REPRESENTATION_RELATIONSHIP() );
#9624 = ITEM_DEFINED_TRANSFORMATION('','',#11,#23);
#9625 = PRODUCT_DEFINITION_SHAPE('Placement','Placement of an item',
  #9626);
#9626 = NEXT_ASSEMBLY_USAGE_OCCURRENCE('3','J1','',#5,#4768,$);
#9627 = PRODUCT_RELATED_PRODUCT_CATEGORY('part',$,(#4770));
#9628 = SHAPE_DEFINITION_REPRESENTATION(#9629,#9635);
#9629 = PRODUCT_DEFINITION_SHAPE('','',#9630);
#9630 = PRODUCT_DEFINITION('design','',#9631,#9634);
#9631 = PRODUCT_DEFINITION_FORMATION('','',#9632);
#9632 = PRODUCT('LED_D3.0mm','LED_D3.0mm','',(#9633));
#9633 = PRODUCT_CONTEXT('',#2,'mechanical');
#9634 = PRODUCT_DEFINITION_CONTEXT('part definition',#2,'design');
#9635 = ADVANCED_BREP_SHAPE_REPRESENTATION('',(#11,#9636),#10095);
#9636 = MANIFOLD_SOLID_BREP('',#9637);
#9637 = CLOSED_SHELL('',(#9638,#9665,#9708,#9750,#9782,#9801,#9879,#9910
    ,#9934,#9958,#9975,#10006,#10030,#10054,#10071,#10083));
#9638 = ADVANCED_FACE('',(#9639),#9660,.T.);
#9639 = FACE_BOUND('',#9640,.T.);
#9640 = EDGE_LOOP('',(#9641,#9652,#9653));
#9641 = ORIENTED_EDGE('',*,*,#9642,.T.);
#9642 = EDGE_CURVE('',#9643,#9645,#9647,.T.);
#9643 = VERTEX_POINT('',#9644);
#9644 = CARTESIAN_POINT('',(2.77,-1.50990331349E-15,6.8));
#9645 = VERTEX_POINT('',#9646);
#9646 = CARTESIAN_POINT('',(1.27,-1.842970220878E-15,8.3));
#9647 = CIRCLE('',#9648,1.5);
#9648 = AXIS2_PLACEMENT_3D('',#9649,#9650,#9651);
#9649 = CARTESIAN_POINT('',(1.27,-1.50990331349E-15,6.8));
#9650 = DIRECTION('',(0.,-1.,-2.22044604925E-16));
#9651 = DIRECTION('',(1.,0.,0.));
#9652 = ORIENTED_EDGE('',*,*,#9642,.F.);
#9653 = ORIENTED_EDGE('',*,*,#9654,.F.);
#9654 = EDGE_CURVE('',#9643,#9643,#9655,.T.);
#9655 = CIRCLE('',#9656,1.5);
#9656 = AXIS2_PLACEMENT_3D('',#9657,#9658,#9659);
#9657 = CARTESIAN_POINT('',(1.27,-1.50990331349E-15,6.8));
#9658 = DIRECTION('',(0.,2.22044604925E-16,-1.));
#9659 = DIRECTION('',(1.,0.,0.));
#9660 = SPHERICAL_SURFACE('',#9661,1.5);
#9661 = AXIS2_PLACEMENT_3D('',#9662,#9663,#9664);
#9662 = CARTESIAN_POINT('',(1.27,-1.50990331349E-15,6.8));
#9663 = DIRECTION('',(0.,-2.22044604925E-16,1.));
#9664 = DIRECTION('',(1.,0.,0.));
#9665 = ADVANCED_FACE('',(#9666),#9703,.T.);
#9666 = FACE_BOUND('',#9667,.T.);
#9667 = EDGE_LOOP('',(#9668,#9676,#9677,#9678,#9687,#9696));
#9668 = ORIENTED_EDGE('',*,*,#9669,.F.);
#9669 = EDGE_CURVE('',#9643,#9670,#9672,.T.);
#9670 = VERTEX_POINT('',#9671);
#9671 = CARTESIAN_POINT('',(2.77,-8.881784197001E-16,4.));
#9672 = LINE('',#9673,#9674);
#9673 = CARTESIAN_POINT('',(2.77,-1.50990331349E-15,6.8));
#9674 = VECTOR('',#9675,1.);
#9675 = DIRECTION('',(0.,2.22044604925E-16,-1.));
#9676 = ORIENTED_EDGE('',*,*,#9654,.T.);
#9677 = ORIENTED_EDGE('',*,*,#9669,.T.);
#9678 = ORIENTED_EDGE('',*,*,#9679,.F.);
#9679 = EDGE_CURVE('',#9680,#9670,#9682,.T.);
#9680 = VERTEX_POINT('',#9681);
#9681 = CARTESIAN_POINT('',(-0.23,-1.091049232099E-15,4.));
#9682 = CIRCLE('',#9683,1.5);
#9683 = AXIS2_PLACEMENT_3D('',#9684,#9685,#9686);
#9684 = CARTESIAN_POINT('',(1.27,-8.881784197001E-16,4.));
#9685 = DIRECTION('',(0.,2.22044604925E-16,-1.));
#9686 = DIRECTION('',(1.,0.,0.));
#9687 = ORIENTED_EDGE('',*,*,#9688,.F.);
#9688 = EDGE_CURVE('',#9689,#9680,#9691,.T.);
#9689 = VERTEX_POINT('',#9690);
#9690 = CARTESIAN_POINT('',(-0.23,-7.823615514024E-09,4.));
#9691 = CIRCLE('',#9692,1.5);
#9692 = AXIS2_PLACEMENT_3D('',#9693,#9694,#9695);
#9693 = CARTESIAN_POINT('',(1.27,-8.881784197001E-16,4.));
#9694 = DIRECTION('',(0.,2.22044604925E-16,-1.));
#9695 = DIRECTION('',(1.,0.,0.));
#9696 = ORIENTED_EDGE('',*,*,#9697,.F.);
#9697 = EDGE_CURVE('',#9670,#9689,#9698,.T.);
#9698 = CIRCLE('',#9699,1.5);
#9699 = AXIS2_PLACEMENT_3D('',#9700,#9701,#9702);
#9700 = CARTESIAN_POINT('',(1.27,-8.881784197001E-16,4.));
#9701 = DIRECTION('',(0.,2.22044604925E-16,-1.));
#9702 = DIRECTION('',(1.,0.,0.));
#9703 = CYLINDRICAL_SURFACE('',#9704,1.5);
#9704 = AXIS2_PLACEMENT_3D('',#9705,#9706,#9707);
#9705 = CARTESIAN_POINT('',(1.27,-1.50990331349E-15,6.8));
#9706 = DIRECTION('',(0.,2.22044604925E-16,-1.));
#9707 = DIRECTION('',(1.,0.,0.));
#9708 = ADVANCED_FACE('',(#9709,#9740),#9745,.F.);
#9709 = FACE_BOUND('',#9710,.F.);
#9710 = EDGE_LOOP('',(#9711,#9722,#9728,#9734));
#9711 = ORIENTED_EDGE('',*,*,#9712,.F.);
#9712 = EDGE_CURVE('',#9713,#9715,#9717,.T.);
#9713 = VERTEX_POINT('',#9714);
#9714 = CARTESIAN_POINT('',(-0.23,-1.16619037897,4.));
#9715 = VERTEX_POINT('',#9716);
#9716 = CARTESIAN_POINT('',(-0.23,1.16619037897,4.));
#9717 = CIRCLE('',#9718,1.9);
#9718 = AXIS2_PLACEMENT_3D('',#9719,#9720,#9721);
#9719 = CARTESIAN_POINT('',(1.27,0.,4.));
#9720 = DIRECTION('',(0.,0.,1.));
#9721 = DIRECTION('',(1.,0.,-0.));
#9722 = ORIENTED_EDGE('',*,*,#9723,.T.);
#9723 = EDGE_CURVE('',#9713,#9689,#9724,.T.);
#9724 = LINE('',#9725,#9726);
#9725 = CARTESIAN_POINT('',(-0.23,-1.16619037897,4.));
#9726 = VECTOR('',#9727,1.);
#9727 = DIRECTION('',(0.,1.,0.));
#9728 = ORIENTED_EDGE('',*,*,#9729,.T.);
#9729 = EDGE_CURVE('',#9689,#9680,#9730,.T.);
#9730 = LINE('',#9731,#9732);
#9731 = CARTESIAN_POINT('',(-0.23,-1.16619037897,4.));
#9732 = VECTOR('',#9733,1.);
#9733 = DIRECTION('',(0.,1.,0.));
#9734 = ORIENTED_EDGE('',*,*,#9735,.T.);
#9735 = EDGE_CURVE('',#9680,#9715,#9736,.T.);
#9736 = LINE('',#9737,#9738);
#9737 = CARTESIAN_POINT('',(-0.23,-1.16619037897,4.));
#9738 = VECTOR('',#9739,1.);
#9739 = DIRECTION('',(0.,1.,0.));
#9740 = FACE_BOUND('',#9741,.F.);
#9741 = EDGE_LOOP('',(#9742,#9743,#9744));
#9742 = ORIENTED_EDGE('',*,*,#9679,.F.);
#9743 = ORIENTED_EDGE('',*,*,#9688,.F.);
#9744 = ORIENTED_EDGE('',*,*,#9697,.F.);
#9745 = PLANE('',#9746);
#9746 = AXIS2_PLACEMENT_3D('',#9747,#9748,#9749);
#9747 = CARTESIAN_POINT('',(-0.23,-1.166190378969,4.));
#9748 = DIRECTION('',(0.,0.,-1.));
#9749 = DIRECTION('',(-1.,0.,0.));
#9750 = ADVANCED_FACE('',(#9751),#9777,.T.);
#9751 = FACE_BOUND('',#9752,.T.);
#9752 = EDGE_LOOP('',(#9753,#9764,#9770,#9771));
#9753 = ORIENTED_EDGE('',*,*,#9754,.T.);
#9754 = EDGE_CURVE('',#9755,#9757,#9759,.T.);
#9755 = VERTEX_POINT('',#9756);
#9756 = CARTESIAN_POINT('',(-0.23,-1.16619037897,3.));
#9757 = VERTEX_POINT('',#9758);
#9758 = CARTESIAN_POINT('',(-0.23,1.16619037897,3.));
#9759 = CIRCLE('',#9760,1.9);
#9760 = AXIS2_PLACEMENT_3D('',#9761,#9762,#9763);
#9761 = CARTESIAN_POINT('',(1.27,0.,3.));
#9762 = DIRECTION('',(0.,0.,1.));
#9763 = DIRECTION('',(1.,0.,-0.));
#9764 = ORIENTED_EDGE('',*,*,#9765,.T.);
#9765 = EDGE_CURVE('',#9757,#9715,#9766,.T.);
#9766 = LINE('',#9767,#9768);
#9767 = CARTESIAN_POINT('',(-0.23,1.16619037897,3.));
#9768 = VECTOR('',#9769,1.);
#9769 = DIRECTION('',(0.,0.,1.));
#9770 = ORIENTED_EDGE('',*,*,#9712,.F.);
#9771 = ORIENTED_EDGE('',*,*,#9772,.F.);
#9772 = EDGE_CURVE('',#9755,#9713,#9773,.T.);
#9773 = LINE('',#9774,#9775);
#9774 = CARTESIAN_POINT('',(-0.23,-1.16619037897,3.));
#9775 = VECTOR('',#9776,1.);
#9776 = DIRECTION('',(0.,0.,1.));
#9777 = CYLINDRICAL_SURFACE('',#9778,1.9);
#9778 = AXIS2_PLACEMENT_3D('',#9779,#9780,#9781);
#9779 = CARTESIAN_POINT('',(1.27,0.,3.));
#9780 = DIRECTION('',(-0.,-0.,-1.));
#9781 = DIRECTION('',(1.,0.,0.));
#9782 = ADVANCED_FACE('',(#9783),#9796,.T.);
#9783 = FACE_BOUND('',#9784,.T.);
#9784 = EDGE_LOOP('',(#9785,#9786,#9787,#9788,#9789,#9790));
#9785 = ORIENTED_EDGE('',*,*,#9772,.T.);
#9786 = ORIENTED_EDGE('',*,*,#9723,.T.);
#9787 = ORIENTED_EDGE('',*,*,#9729,.T.);
#9788 = ORIENTED_EDGE('',*,*,#9735,.T.);
#9789 = ORIENTED_EDGE('',*,*,#9765,.F.);
#9790 = ORIENTED_EDGE('',*,*,#9791,.F.);
#9791 = EDGE_CURVE('',#9755,#9757,#9792,.T.);
#9792 = LINE('',#9793,#9794);
#9793 = CARTESIAN_POINT('',(-0.23,-1.16619037897,3.));
#9794 = VECTOR('',#9795,1.);
#9795 = DIRECTION('',(0.,1.,0.));
#9796 = PLANE('',#9797);
#9797 = AXIS2_PLACEMENT_3D('',#9798,#9799,#9800);
#9798 = CARTESIAN_POINT('',(-0.23,-1.16619037897,3.));
#9799 = DIRECTION('',(-1.,0.,0.));
#9800 = DIRECTION('',(0.,1.,0.));
#9801 = ADVANCED_FACE('',(#9802,#9806,#9840),#9874,.T.);
#9802 = FACE_BOUND('',#9803,.T.);
#9803 = EDGE_LOOP('',(#9804,#9805));
#9804 = ORIENTED_EDGE('',*,*,#9754,.F.);
#9805 = ORIENTED_EDGE('',*,*,#9791,.T.);
#9806 = FACE_BOUND('',#9807,.T.);
#9807 = EDGE_LOOP('',(#9808,#9818,#9826,#9834));
#9808 = ORIENTED_EDGE('',*,*,#9809,.T.);
#9809 = EDGE_CURVE('',#9810,#9812,#9814,.T.);
#9810 = VERTEX_POINT('',#9811);
#9811 = CARTESIAN_POINT('',(0.2,-0.2,3.));
#9812 = VERTEX_POINT('',#9813);
#9813 = CARTESIAN_POINT('',(0.2,0.2,3.));
#9814 = LINE('',#9815,#9816);
#9815 = CARTESIAN_POINT('',(0.2,-0.483095189485,3.));
#9816 = VECTOR('',#9817,1.);
#9817 = DIRECTION('',(0.,1.,0.));
#9818 = ORIENTED_EDGE('',*,*,#9819,.T.);
#9819 = EDGE_CURVE('',#9812,#9820,#9822,.T.);
#9820 = VERTEX_POINT('',#9821);
#9821 = CARTESIAN_POINT('',(-0.2,0.2,3.));
#9822 = LINE('',#9823,#9824);
#9823 = CARTESIAN_POINT('',(-0.215,0.2,3.));
#9824 = VECTOR('',#9825,1.);
#9825 = DIRECTION('',(-1.,-0.,-0.));
#9826 = ORIENTED_EDGE('',*,*,#9827,.T.);
#9827 = EDGE_CURVE('',#9820,#9828,#9830,.T.);
#9828 = VERTEX_POINT('',#9829);
#9829 = CARTESIAN_POINT('',(-0.2,-0.2,3.));
#9830 = LINE('',#9831,#9832);
#9831 = CARTESIAN_POINT('',(-0.2,-0.683095189485,3.));
#9832 = VECTOR('',#9833,1.);
#9833 = DIRECTION('',(0.,-1.,0.));
#9834 = ORIENTED_EDGE('',*,*,#9835,.T.);
#9835 = EDGE_CURVE('',#9828,#9810,#9836,.T.);
#9836 = LINE('',#9837,#9838);
#9837 = CARTESIAN_POINT('',(-1.499999999986E-02,-0.2,3.));
#9838 = VECTOR('',#9839,1.);
#9839 = DIRECTION('',(1.,0.,0.));
#9840 = FACE_BOUND('',#9841,.T.);
#9841 = EDGE_LOOP('',(#9842,#9852,#9860,#9868));
#9842 = ORIENTED_EDGE('',*,*,#9843,.T.);
#9843 = EDGE_CURVE('',#9844,#9846,#9848,.T.);
#9844 = VERTEX_POINT('',#9845);
#9845 = CARTESIAN_POINT('',(2.74,0.2,3.));
#9846 = VERTEX_POINT('',#9847);
#9847 = CARTESIAN_POINT('',(2.34,0.2,3.));
#9848 = LINE('',#9849,#9850);
#9849 = CARTESIAN_POINT('',(1.055,0.2,3.));
#9850 = VECTOR('',#9851,1.);
#9851 = DIRECTION('',(-1.,-0.,-0.));
#9852 = ORIENTED_EDGE('',*,*,#9853,.T.);
#9853 = EDGE_CURVE('',#9846,#9854,#9856,.T.);
#9854 = VERTEX_POINT('',#9855);
#9855 = CARTESIAN_POINT('',(2.34,-0.2,3.));
#9856 = LINE('',#9857,#9858);
#9857 = CARTESIAN_POINT('',(2.34,-0.683095189485,3.));
#9858 = VECTOR('',#9859,1.);
#9859 = DIRECTION('',(0.,-1.,0.));
#9860 = ORIENTED_EDGE('',*,*,#9861,.T.);
#9861 = EDGE_CURVE('',#9854,#9862,#9864,.T.);
#9862 = VERTEX_POINT('',#9863);
#9863 = CARTESIAN_POINT('',(2.74,-0.2,3.));
#9864 = LINE('',#9865,#9866);
#9865 = CARTESIAN_POINT('',(1.255,-0.2,3.));
#9866 = VECTOR('',#9867,1.);
#9867 = DIRECTION('',(1.,0.,0.));
#9868 = ORIENTED_EDGE('',*,*,#9869,.T.);
#9869 = EDGE_CURVE('',#9862,#9844,#9870,.T.);
#9870 = LINE('',#9871,#9872);
#9871 = CARTESIAN_POINT('',(2.74,-0.483095189485,3.));
#9872 = VECTOR('',#9873,1.);
#9873 = DIRECTION('',(0.,1.,0.));
#9874 = PLANE('',#9875);
#9875 = AXIS2_PLACEMENT_3D('',#9876,#9877,#9878);
#9876 = CARTESIAN_POINT('',(-0.23,-1.166190378969,3.));
#9877 = DIRECTION('',(0.,0.,-1.));
#9878 = DIRECTION('',(-1.,0.,0.));
#9879 = ADVANCED_FACE('',(#9880),#9905,.F.);
#9880 = FACE_BOUND('',#9881,.F.);
#9881 = EDGE_LOOP('',(#9882,#9883,#9891,#9899));
#9882 = ORIENTED_EDGE('',*,*,#9809,.T.);
#9883 = ORIENTED_EDGE('',*,*,#9884,.T.);
#9884 = EDGE_CURVE('',#9812,#9885,#9887,.T.);
#9885 = VERTEX_POINT('',#9886);
#9886 = CARTESIAN_POINT('',(0.2,0.2,-2.5));
#9887 = LINE('',#9888,#9889);
#9888 = CARTESIAN_POINT('',(0.2,0.2,3.5));
#9889 = VECTOR('',#9890,1.);
#9890 = DIRECTION('',(-0.,-0.,-1.));
#9891 = ORIENTED_EDGE('',*,*,#9892,.T.);
#9892 = EDGE_CURVE('',#9885,#9893,#9895,.T.);
#9893 = VERTEX_POINT('',#9894);
#9894 = CARTESIAN_POINT('',(0.2,-0.2,-2.5));
#9895 = LINE('',#9896,#9897);
#9896 = CARTESIAN_POINT('',(0.2,0.2,-2.5));
#9897 = VECTOR('',#9898,1.);
#9898 = DIRECTION('',(0.,-1.,0.));
#9899 = ORIENTED_EDGE('',*,*,#9900,.F.);
#9900 = EDGE_CURVE('',#9810,#9893,#9901,.T.);
#9901 = LINE('',#9902,#9903);
#9902 = CARTESIAN_POINT('',(0.2,-0.2,3.5));
#9903 = VECTOR('',#9904,1.);
#9904 = DIRECTION('',(-0.,-0.,-1.));
#9905 = PLANE('',#9906);
#9906 = AXIS2_PLACEMENT_3D('',#9907,#9908,#9909);
#9907 = CARTESIAN_POINT('',(0.2,0.2,3.5));
#9908 = DIRECTION('',(-1.,0.,0.));
#9909 = DIRECTION('',(0.,-1.,0.));
#9910 = ADVANCED_FACE('',(#9911),#9929,.F.);
#9911 = FACE_BOUND('',#9912,.F.);
#9912 = EDGE_LOOP('',(#9913,#9914,#9915,#9923));
#9913 = ORIENTED_EDGE('',*,*,#9835,.T.);
#9914 = ORIENTED_EDGE('',*,*,#9900,.T.);
#9915 = ORIENTED_EDGE('',*,*,#9916,.T.);
#9916 = EDGE_CURVE('',#9893,#9917,#9919,.T.);
#9917 = VERTEX_POINT('',#9918);
#9918 = CARTESIAN_POINT('',(-0.2,-0.2,-2.5));
#9919 = LINE('',#9920,#9921);
#9920 = CARTESIAN_POINT('',(0.2,-0.2,-2.5));
#9921 = VECTOR('',#9922,1.);
#9922 = DIRECTION('',(-1.,0.,0.));
#9923 = ORIENTED_EDGE('',*,*,#9924,.F.);
#9924 = EDGE_CURVE('',#9828,#9917,#9925,.T.);
#9925 = LINE('',#9926,#9927);
#9926 = CARTESIAN_POINT('',(-0.2,-0.2,3.5));
#9927 = VECTOR('',#9928,1.);
#9928 = DIRECTION('',(-0.,-0.,-1.));
#9929 = PLANE('',#9930);
#9930 = AXIS2_PLACEMENT_3D('',#9931,#9932,#9933);
#9931 = CARTESIAN_POINT('',(0.2,-0.2,3.5));
#9932 = DIRECTION('',(0.,1.,0.));
#9933 = DIRECTION('',(-1.,0.,0.));
#9934 = ADVANCED_FACE('',(#9935),#9953,.F.);
#9935 = FACE_BOUND('',#9936,.F.);
#9936 = EDGE_LOOP('',(#9937,#9938,#9939,#9947));
#9937 = ORIENTED_EDGE('',*,*,#9827,.T.);
#9938 = ORIENTED_EDGE('',*,*,#9924,.T.);
#9939 = ORIENTED_EDGE('',*,*,#9940,.T.);
#9940 = EDGE_CURVE('',#9917,#9941,#9943,.T.);
#9941 = VERTEX_POINT('',#9942);
#9942 = CARTESIAN_POINT('',(-0.2,0.2,-2.5));
#9943 = LINE('',#9944,#9945);
#9944 = CARTESIAN_POINT('',(-0.2,-0.2,-2.5));
#9945 = VECTOR('',#9946,1.);
#9946 = DIRECTION('',(0.,1.,0.));
#9947 = ORIENTED_EDGE('',*,*,#9948,.F.);
#9948 = EDGE_CURVE('',#9820,#9941,#9949,.T.);
#9949 = LINE('',#9950,#9951);
#9950 = CARTESIAN_POINT('',(-0.2,0.2,3.5));
#9951 = VECTOR('',#9952,1.);
#9952 = DIRECTION('',(-0.,-0.,-1.));
#9953 = PLANE('',#9954);
#9954 = AXIS2_PLACEMENT_3D('',#9955,#9956,#9957);
#9955 = CARTESIAN_POINT('',(-0.2,-0.2,3.5));
#9956 = DIRECTION('',(1.,0.,0.));
#9957 = DIRECTION('',(-0.,1.,0.));
#9958 = ADVANCED_FACE('',(#9959),#9970,.F.);
#9959 = FACE_BOUND('',#9960,.F.);
#9960 = EDGE_LOOP('',(#9961,#9962,#9963,#9969));
#9961 = ORIENTED_EDGE('',*,*,#9819,.T.);
#9962 = ORIENTED_EDGE('',*,*,#9948,.T.);
#9963 = ORIENTED_EDGE('',*,*,#9964,.T.);
#9964 = EDGE_CURVE('',#9941,#9885,#9965,.T.);
#9965 = LINE('',#9966,#9967);
#9966 = CARTESIAN_POINT('',(-0.2,0.2,-2.5));
#9967 = VECTOR('',#9968,1.);
#9968 = DIRECTION('',(1.,0.,0.));
#9969 = ORIENTED_EDGE('',*,*,#9884,.F.);
#9970 = PLANE('',#9971);
#9971 = AXIS2_PLACEMENT_3D('',#9972,#9973,#9974);
#9972 = CARTESIAN_POINT('',(-0.2,0.2,3.5));
#9973 = DIRECTION('',(0.,-1.,0.));
#9974 = DIRECTION('',(1.,0.,0.));
#9975 = ADVANCED_FACE('',(#9976),#10001,.F.);
#9976 = FACE_BOUND('',#9977,.F.);
#9977 = EDGE_LOOP('',(#9978,#9979,#9987,#9995));
#9978 = ORIENTED_EDGE('',*,*,#9843,.T.);
#9979 = ORIENTED_EDGE('',*,*,#9980,.T.);
#9980 = EDGE_CURVE('',#9846,#9981,#9983,.T.);
#9981 = VERTEX_POINT('',#9982);
#9982 = CARTESIAN_POINT('',(2.34,0.2,-2.5));
#9983 = LINE('',#9984,#9985);
#9984 = CARTESIAN_POINT('',(2.34,0.2,3.5));
#9985 = VECTOR('',#9986,1.);
#9986 = DIRECTION('',(-0.,-0.,-1.));
#9987 = ORIENTED_EDGE('',*,*,#9988,.T.);
#9988 = EDGE_CURVE('',#9981,#9989,#9991,.T.);
#9989 = VERTEX_POINT('',#9990);
#9990 = CARTESIAN_POINT('',(2.74,0.2,-2.5));
#9991 = LINE('',#9992,#9993);
#9992 = CARTESIAN_POINT('',(2.34,0.2,-2.5));
#9993 = VECTOR('',#9994,1.);
#9994 = DIRECTION('',(1.,0.,0.));
#9995 = ORIENTED_EDGE('',*,*,#9996,.F.);
#9996 = EDGE_CURVE('',#9844,#9989,#9997,.T.);
#9997 = LINE('',#9998,#9999);
#9998 = CARTESIAN_POINT('',(2.74,0.2,3.5));
#9999 = VECTOR('',#10000,1.);
#10000 = DIRECTION('',(-0.,-0.,-1.));
#10001 = PLANE('',#10002);
#10002 = AXIS2_PLACEMENT_3D('',#10003,#10004,#10005);
#10003 = CARTESIAN_POINT('',(2.34,0.2,3.5));
#10004 = DIRECTION('',(0.,-1.,0.));
#10005 = DIRECTION('',(1.,0.,0.));
#10006 = ADVANCED_FACE('',(#10007),#10025,.F.);
#10007 = FACE_BOUND('',#10008,.F.);
#10008 = EDGE_LOOP('',(#10009,#10010,#10011,#10019));
#10009 = ORIENTED_EDGE('',*,*,#9869,.T.);
#10010 = ORIENTED_EDGE('',*,*,#9996,.T.);
#10011 = ORIENTED_EDGE('',*,*,#10012,.T.);
#10012 = EDGE_CURVE('',#9989,#10013,#10015,.T.);
#10013 = VERTEX_POINT('',#10014);
#10014 = CARTESIAN_POINT('',(2.74,-0.2,-2.5));
#10015 = LINE('',#10016,#10017);
#10016 = CARTESIAN_POINT('',(2.74,0.2,-2.5));
#10017 = VECTOR('',#10018,1.);
#10018 = DIRECTION('',(0.,-1.,0.));
#10019 = ORIENTED_EDGE('',*,*,#10020,.F.);
#10020 = EDGE_CURVE('',#9862,#10013,#10021,.T.);
#10021 = LINE('',#10022,#10023);
#10022 = CARTESIAN_POINT('',(2.74,-0.2,3.5));
#10023 = VECTOR('',#10024,1.);
#10024 = DIRECTION('',(-0.,-0.,-1.));
#10025 = PLANE('',#10026);
#10026 = AXIS2_PLACEMENT_3D('',#10027,#10028,#10029);
#10027 = CARTESIAN_POINT('',(2.74,0.2,3.5));
#10028 = DIRECTION('',(-1.,0.,0.));
#10029 = DIRECTION('',(0.,-1.,0.));
#10030 = ADVANCED_FACE('',(#10031),#10049,.F.);
#10031 = FACE_BOUND('',#10032,.F.);
#10032 = EDGE_LOOP('',(#10033,#10034,#10035,#10043));
#10033 = ORIENTED_EDGE('',*,*,#9861,.T.);
#10034 = ORIENTED_EDGE('',*,*,#10020,.T.);
#10035 = ORIENTED_EDGE('',*,*,#10036,.T.);
#10036 = EDGE_CURVE('',#10013,#10037,#10039,.T.);
#10037 = VERTEX_POINT('',#10038);
#10038 = CARTESIAN_POINT('',(2.34,-0.2,-2.5));
#10039 = LINE('',#10040,#10041);
#10040 = CARTESIAN_POINT('',(2.74,-0.2,-2.5));
#10041 = VECTOR('',#10042,1.);
#10042 = DIRECTION('',(-1.,0.,0.));
#10043 = ORIENTED_EDGE('',*,*,#10044,.F.);
#10044 = EDGE_CURVE('',#9854,#10037,#10045,.T.);
#10045 = LINE('',#10046,#10047);
#10046 = CARTESIAN_POINT('',(2.34,-0.2,3.5));
#10047 = VECTOR('',#10048,1.);
#10048 = DIRECTION('',(-0.,-0.,-1.));
#10049 = PLANE('',#10050);
#10050 = AXIS2_PLACEMENT_3D('',#10051,#10052,#10053);
#10051 = CARTESIAN_POINT('',(2.74,-0.2,3.5));
#10052 = DIRECTION('',(0.,1.,0.));
#10053 = DIRECTION('',(-1.,0.,0.));
#10054 = ADVANCED_FACE('',(#10055),#10066,.F.);
#10055 = FACE_BOUND('',#10056,.F.);
#10056 = EDGE_LOOP('',(#10057,#10058,#10059,#10065));
#10057 = ORIENTED_EDGE('',*,*,#9853,.T.);
#10058 = ORIENTED_EDGE('',*,*,#10044,.T.);
#10059 = ORIENTED_EDGE('',*,*,#10060,.T.);
#10060 = EDGE_CURVE('',#10037,#9981,#10061,.T.);
#10061 = LINE('',#10062,#10063);
#10062 = CARTESIAN_POINT('',(2.34,-0.2,-2.5));
#10063 = VECTOR('',#10064,1.);
#10064 = DIRECTION('',(0.,1.,0.));
#10065 = ORIENTED_EDGE('',*,*,#9980,.F.);
#10066 = PLANE('',#10067);
#10067 = AXIS2_PLACEMENT_3D('',#10068,#10069,#10070);
#10068 = CARTESIAN_POINT('',(2.34,-0.2,3.5));
#10069 = DIRECTION('',(1.,0.,0.));
#10070 = DIRECTION('',(-0.,1.,0.));
#10071 = ADVANCED_FACE('',(#10072),#10078,.F.);
#10072 = FACE_BOUND('',#10073,.T.);
#10073 = EDGE_LOOP('',(#10074,#10075,#10076,#10077));
#10074 = ORIENTED_EDGE('',*,*,#9964,.T.);
#10075 = ORIENTED_EDGE('',*,*,#9892,.T.);
#10076 = ORIENTED_EDGE('',*,*,#9916,.T.);
#10077 = ORIENTED_EDGE('',*,*,#9940,.T.);
#10078 = PLANE('',#10079);
#10079 = AXIS2_PLACEMENT_3D('',#10080,#10081,#10082);
#10080 = CARTESIAN_POINT('',(-0.2,0.2,-2.5));
#10081 = DIRECTION('',(0.,0.,1.));
#10082 = DIRECTION('',(1.,0.,-0.));
#10083 = ADVANCED_FACE('',(#10084),#10090,.F.);
#10084 = FACE_BOUND('',#10085,.T.);
#10085 = EDGE_LOOP('',(#10086,#10087,#10088,#10089));
#10086 = ORIENTED_EDGE('',*,*,#9988,.T.);
#10087 = ORIENTED_EDGE('',*,*,#10012,.T.);
#10088 = ORIENTED_EDGE('',*,*,#10036,.T.);
#10089 = ORIENTED_EDGE('',*,*,#10060,.T.);
#10090 = PLANE('',#10091);
#10091 = AXIS2_PLACEMENT_3D('',#10092,#10093,#10094);
#10092 = CARTESIAN_POINT('',(2.34,0.2,-2.5));
#10093 = DIRECTION('',(0.,0.,1.));
#10094 = DIRECTION('',(1.,0.,-0.));
#10095 = ( GEOMETRIC_REPRESENTATION_CONTEXT(3) 
GLOBAL_UNCERTAINTY_ASSIGNED_CONTEXT((#10099)) 
GLOBAL_UNIT_ASSIGNED_CONTEXT((#10096,#10097,#10098)) 
REPRESENTATION_CONTEXT('Context #1',
  '3D Context with UNIT and UNCERTAINTY') );
#10096 = ( LENGTH_UNIT() NAMED_UNIT(*) SI_UNIT(.MILLI.,.METRE.) );
#10097 = ( NAMED_UNIT(*) PLANE_ANGLE_UNIT() SI_UNIT($,.RADIAN.) );
#10098 = ( NAMED_UNIT(*) SI_UNIT($,.STERADIAN.) SOLID_ANGLE_UNIT() );
#10099 = UNCERTAINTY_MEASURE_WITH_UNIT(LENGTH_MEASURE(1.E-07),#10096,
  'distance_accuracy_value','confusion accuracy');
#10100 = CONTEXT_DEPENDENT_SHAPE_REPRESENTATION(#10101,#10103);
#10101 = ( REPRESENTATION_RELATIONSHIP('','',#9635,#10) 
REPRESENTATION_RELATIONSHIP_WITH_TRANSFORMATION(#10102) 
SHAPE_REPRESENTATION_RELATIONSHIP() );
#10102 = ITEM_DEFINED_TRANSFORMATION('','',#11,#27);
#10103 = PRODUCT_DEFINITION_SHAPE('Placement','Placement of an item',
  #10104);
#10104 = NEXT_ASSEMBLY_USAGE_OCCURRENCE('4','D2','',#5,#9630,$);
#10105 = PRODUCT_RELATED_PRODUCT_CATEGORY('part',$,(#9632));
#10106 = CONTEXT_DEPENDENT_SHAPE_REPRESENTATION(#10107,#10109);
#10107 = ( REPRESENTATION_RELATIONSHIP('','',#9635,#10) 
REPRESENTATION_RELATIONSHIP_WITH_TRANSFORMATION(#10108) 
SHAPE_REPRESENTATION_RELATIONSHIP() );
#10108 = ITEM_DEFINED_TRANSFORMATION('','',#11,#31);
#10109 = PRODUCT_DEFINITION_SHAPE('Placement','Placement of an item',
  #10110);
#10110 = NEXT_ASSEMBLY_USAGE_OCCURRENCE('5','D1','',#5,#9630,$);
#10111 = SHAPE_DEFINITION_REPRESENTATION(#10112,#10118);
#10112 = PRODUCT_DEFINITION_SHAPE('','',#10113);
#10113 = PRODUCT_DEFINITION('design','',#10114,#10117);
#10114 = PRODUCT_DEFINITION_FORMATION('','',#10115);
#10115 = PRODUCT('Simkits Small Guage_PCB','Simkits Small Guage_PCB','',
  (#10116));
#10116 = PRODUCT_CONTEXT('',#2,'mechanical');
#10117 = PRODUCT_DEFINITION_CONTEXT('part definition',#2,'design');
#10118 = ADVANCED_BREP_SHAPE_REPRESENTATION('',(#11,#10119),#11571);
#10119 = MANIFOLD_SOLID_BREP('',#10120);
#10120 = CLOSED_SHELL('',(#10121,#10161,#10192,#10223,#10602,#10981,
    #10998,#11015,#11032,#11049,#11061,#11078,#11095,#11112,#11129,
    #11146,#11163,#11180,#11197,#11214,#11231,#11248,#11265,#11282,
    #11299,#11316,#11333,#11350,#11367,#11384,#11401,#11418,#11435,
    #11452,#11469,#11486,#11503,#11520,#11537,#11554));
#10121 = ADVANCED_FACE('',(#10122),#10156,.T.);
#10122 = FACE_BOUND('',#10123,.T.);
#10123 = EDGE_LOOP('',(#10124,#10134,#10142,#10150));
#10124 = ORIENTED_EDGE('',*,*,#10125,.T.);
#10125 = EDGE_CURVE('',#10126,#10128,#10130,.T.);
#10126 = VERTEX_POINT('',#10127);
#10127 = CARTESIAN_POINT('',(210.025515,-81.364574,0.));
#10128 = VERTEX_POINT('',#10129);
#10129 = CARTESIAN_POINT('',(210.025515,-81.364574,1.51));
#10130 = LINE('',#10131,#10132);
#10131 = CARTESIAN_POINT('',(210.025515,-81.364574,0.));
#10132 = VECTOR('',#10133,1.);
#10133 = DIRECTION('',(0.,0.,1.));
#10134 = ORIENTED_EDGE('',*,*,#10135,.T.);
#10135 = EDGE_CURVE('',#10128,#10136,#10138,.T.);
#10136 = VERTEX_POINT('',#10137);
#10137 = CARTESIAN_POINT('',(210.035515,-120.864574,1.51));
#10138 = LINE('',#10139,#10140);
#10139 = CARTESIAN_POINT('',(210.025515,-81.364574,1.51));
#10140 = VECTOR('',#10141,1.);
#10141 = DIRECTION('',(2.531645488488E-04,-0.999999967954,0.));
#10142 = ORIENTED_EDGE('',*,*,#10143,.F.);
#10143 = EDGE_CURVE('',#10144,#10136,#10146,.T.);
#10144 = VERTEX_POINT('',#10145);
#10145 = CARTESIAN_POINT('',(210.035515,-120.864574,0.));
#10146 = LINE('',#10147,#10148);
#10147 = CARTESIAN_POINT('',(210.035515,-120.864574,0.));
#10148 = VECTOR('',#10149,1.);
#10149 = DIRECTION('',(0.,0.,1.));
#10150 = ORIENTED_EDGE('',*,*,#10151,.F.);
#10151 = EDGE_CURVE('',#10126,#10144,#10152,.T.);
#10152 = LINE('',#10153,#10154);
#10153 = CARTESIAN_POINT('',(210.025515,-81.364574,0.));
#10154 = VECTOR('',#10155,1.);
#10155 = DIRECTION('',(2.531645488488E-04,-0.999999967954,0.));
#10156 = PLANE('',#10157);
#10157 = AXIS2_PLACEMENT_3D('',#10158,#10159,#10160);
#10158 = CARTESIAN_POINT('',(210.025515,-81.364574,0.));
#10159 = DIRECTION('',(0.999999967954,2.531645488488E-04,-0.));
#10160 = DIRECTION('',(2.531645488488E-04,-0.999999967954,0.));
#10161 = ADVANCED_FACE('',(#10162),#10187,.T.);
#10162 = FACE_BOUND('',#10163,.T.);
#10163 = EDGE_LOOP('',(#10164,#10174,#10180,#10181));
#10164 = ORIENTED_EDGE('',*,*,#10165,.T.);
#10165 = EDGE_CURVE('',#10166,#10168,#10170,.T.);
#10166 = VERTEX_POINT('',#10167);
#10167 = CARTESIAN_POINT('',(200.045515,-70.954574,0.));
#10168 = VERTEX_POINT('',#10169);
#10169 = CARTESIAN_POINT('',(200.045515,-70.954574,1.51));
#10170 = LINE('',#10171,#10172);
#10171 = CARTESIAN_POINT('',(200.045515,-70.954574,0.));
#10172 = VECTOR('',#10173,1.);
#10173 = DIRECTION('',(0.,0.,1.));
#10174 = ORIENTED_EDGE('',*,*,#10175,.T.);
#10175 = EDGE_CURVE('',#10168,#10128,#10176,.T.);
#10176 = LINE('',#10177,#10178);
#10177 = CARTESIAN_POINT('',(200.045515,-70.954574,1.51));
#10178 = VECTOR('',#10179,1.);
#10179 = DIRECTION('',(0.69204089891,-0.721858292351,0.));
#10180 = ORIENTED_EDGE('',*,*,#10125,.F.);
#10181 = ORIENTED_EDGE('',*,*,#10182,.F.);
#10182 = EDGE_CURVE('',#10166,#10126,#10183,.T.);
#10183 = LINE('',#10184,#10185);
#10184 = CARTESIAN_POINT('',(200.045515,-70.954574,0.));
#10185 = VECTOR('',#10186,1.);
#10186 = DIRECTION('',(0.69204089891,-0.721858292351,0.));
#10187 = PLANE('',#10188);
#10188 = AXIS2_PLACEMENT_3D('',#10189,#10190,#10191);
#10189 = CARTESIAN_POINT('',(200.045515,-70.954574,0.));
#10190 = DIRECTION('',(0.721858292351,0.69204089891,-0.));
#10191 = DIRECTION('',(0.69204089891,-0.721858292351,0.));
#10192 = ADVANCED_FACE('',(#10193),#10218,.T.);
#10193 = FACE_BOUND('',#10194,.T.);
#10194 = EDGE_LOOP('',(#10195,#10196,#10204,#10212));
#10195 = ORIENTED_EDGE('',*,*,#10143,.T.);
#10196 = ORIENTED_EDGE('',*,*,#10197,.T.);
#10197 = EDGE_CURVE('',#10136,#10198,#10200,.T.);
#10198 = VERTEX_POINT('',#10199);
#10199 = CARTESIAN_POINT('',(199.915515,-131.044574,1.51));
#10200 = LINE('',#10201,#10202);
#10201 = CARTESIAN_POINT('',(210.035515,-120.864574,1.51));
#10202 = VECTOR('',#10203,1.);
#10203 = DIRECTION('',(-0.705013730927,-0.709193654233,0.));
#10204 = ORIENTED_EDGE('',*,*,#10205,.F.);
#10205 = EDGE_CURVE('',#10206,#10198,#10208,.T.);
#10206 = VERTEX_POINT('',#10207);
#10207 = CARTESIAN_POINT('',(199.915515,-131.044574,0.));
#10208 = LINE('',#10209,#10210);
#10209 = CARTESIAN_POINT('',(199.915515,-131.044574,0.));
#10210 = VECTOR('',#10211,1.);
#10211 = DIRECTION('',(0.,0.,1.));
#10212 = ORIENTED_EDGE('',*,*,#10213,.F.);
#10213 = EDGE_CURVE('',#10144,#10206,#10214,.T.);
#10214 = LINE('',#10215,#10216);
#10215 = CARTESIAN_POINT('',(210.035515,-120.864574,0.));
#10216 = VECTOR('',#10217,1.);
#10217 = DIRECTION('',(-0.705013730927,-0.709193654233,0.));
#10218 = PLANE('',#10219);
#10219 = AXIS2_PLACEMENT_3D('',#10220,#10221,#10222);
#10220 = CARTESIAN_POINT('',(210.035515,-120.864574,0.));
#10221 = DIRECTION('',(0.709193654233,-0.705013730927,0.));
#10222 = DIRECTION('',(-0.705013730927,-0.709193654233,0.));
#10223 = ADVANCED_FACE('',(#10224,#10267,#10278,#10289,#10300,#10311,
    #10322,#10333,#10344,#10355,#10366,#10377,#10388,#10399,#10410,
    #10421,#10432,#10443,#10454,#10465,#10476,#10487,#10498,#10509,
    #10520,#10531,#10542,#10553,#10564,#10575,#10586),#10597,.F.);
#10224 = FACE_BOUND('',#10225,.F.);
#10225 = EDGE_LOOP('',(#10226,#10227,#10228,#10236,#10244,#10252,#10260,
    #10266));
#10226 = ORIENTED_EDGE('',*,*,#10151,.F.);
#10227 = ORIENTED_EDGE('',*,*,#10182,.F.);
#10228 = ORIENTED_EDGE('',*,*,#10229,.F.);
#10229 = EDGE_CURVE('',#10230,#10166,#10232,.T.);
#10230 = VERTEX_POINT('',#10231);
#10231 = CARTESIAN_POINT('',(160.025515,-70.984574,0.));
#10232 = LINE('',#10233,#10234);
#10233 = CARTESIAN_POINT('',(160.025515,-70.984574,0.));
#10234 = VECTOR('',#10235,1.);
#10235 = DIRECTION('',(0.999999719031,7.49624976785E-04,0.));
#10236 = ORIENTED_EDGE('',*,*,#10237,.F.);
#10237 = EDGE_CURVE('',#10238,#10230,#10240,.T.);
#10238 = VERTEX_POINT('',#10239);
#10239 = CARTESIAN_POINT('',(150.055515,-81.114574,0.));
#10240 = LINE('',#10241,#10242);
#10241 = CARTESIAN_POINT('',(150.055515,-81.114574,0.));
#10242 = VECTOR('',#10243,1.);
#10243 = DIRECTION('',(0.701455847049,0.712712911796,0.));
#10244 = ORIENTED_EDGE('',*,*,#10245,.F.);
#10245 = EDGE_CURVE('',#10246,#10238,#10248,.T.);
#10246 = VERTEX_POINT('',#10247);
#10247 = CARTESIAN_POINT('',(150.095515,-119.994574,0.));
#10248 = LINE('',#10249,#10250);
#10249 = CARTESIAN_POINT('',(150.095515,-119.994574,0.));
#10250 = VECTOR('',#10251,1.);
#10251 = DIRECTION('',(-1.028806039896E-03,0.999999470779,0.));
#10252 = ORIENTED_EDGE('',*,*,#10253,.F.);
#10253 = EDGE_CURVE('',#10254,#10246,#10256,.T.);
#10254 = VERTEX_POINT('',#10255);
#10255 = CARTESIAN_POINT('',(160.075515,-131.034574,0.));
#10256 = LINE('',#10257,#10258);
#10257 = CARTESIAN_POINT('',(160.075515,-131.034574,0.));
#10258 = VECTOR('',#10259,1.);
#10259 = DIRECTION('',(-0.670596562671,0.741822249689,0.));
#10260 = ORIENTED_EDGE('',*,*,#10261,.F.);
#10261 = EDGE_CURVE('',#10206,#10254,#10262,.T.);
#10262 = LINE('',#10263,#10264);
#10263 = CARTESIAN_POINT('',(199.915515,-131.044574,0.));
#10264 = VECTOR('',#10265,1.);
#10265 = DIRECTION('',(-0.999999968498,2.510040081577E-04,0.));
#10266 = ORIENTED_EDGE('',*,*,#10213,.F.);
#10267 = FACE_BOUND('',#10268,.F.);
#10268 = EDGE_LOOP('',(#10269));
#10269 = ORIENTED_EDGE('',*,*,#10270,.F.);
#10270 = EDGE_CURVE('',#10271,#10271,#10273,.T.);
#10271 = VERTEX_POINT('',#10272);
#10272 = CARTESIAN_POINT('',(164.085515,-127.704574,0.));
#10273 = CIRCLE('',#10274,1.85);
#10274 = AXIS2_PLACEMENT_3D('',#10275,#10276,#10277);
#10275 = CARTESIAN_POINT('',(162.235515,-127.704574,0.));
#10276 = DIRECTION('',(0.,0.,1.));
#10277 = DIRECTION('',(1.,0.,-0.));
#10278 = FACE_BOUND('',#10279,.F.);
#10279 = EDGE_LOOP('',(#10280));
#10280 = ORIENTED_EDGE('',*,*,#10281,.F.);
#10281 = EDGE_CURVE('',#10282,#10282,#10284,.T.);
#10282 = VERTEX_POINT('',#10283);
#10283 = CARTESIAN_POINT('',(154.765515,-119.144574,0.));
#10284 = CIRCLE('',#10285,1.85);
#10285 = AXIS2_PLACEMENT_3D('',#10286,#10287,#10288);
#10286 = CARTESIAN_POINT('',(152.915515,-119.144574,0.));
#10287 = DIRECTION('',(0.,0.,1.));
#10288 = DIRECTION('',(1.,0.,-0.));
#10289 = FACE_BOUND('',#10290,.F.);
#10290 = EDGE_LOOP('',(#10291));
#10291 = ORIENTED_EDGE('',*,*,#10292,.T.);
#10292 = EDGE_CURVE('',#10293,#10293,#10295,.T.);
#10293 = VERTEX_POINT('',#10294);
#10294 = CARTESIAN_POINT('',(173.6355,-119.2596,0.));
#10295 = CIRCLE('',#10296,0.595);
#10296 = AXIS2_PLACEMENT_3D('',#10297,#10298,#10299);
#10297 = CARTESIAN_POINT('',(173.6355,-118.6646,0.));
#10298 = DIRECTION('',(-0.,0.,-1.));
#10299 = DIRECTION('',(-0.,-1.,0.));
#10300 = FACE_BOUND('',#10301,.F.);
#10301 = EDGE_LOOP('',(#10302));
#10302 = ORIENTED_EDGE('',*,*,#10303,.T.);
#10303 = EDGE_CURVE('',#10304,#10304,#10306,.T.);
#10304 = VERTEX_POINT('',#10305);
#10305 = CARTESIAN_POINT('',(176.1755,-119.2596,0.));
#10306 = CIRCLE('',#10307,0.595);
#10307 = AXIS2_PLACEMENT_3D('',#10308,#10309,#10310);
#10308 = CARTESIAN_POINT('',(176.1755,-118.6646,0.));
#10309 = DIRECTION('',(-0.,0.,-1.));
#10310 = DIRECTION('',(-0.,-1.,0.));
#10311 = FACE_BOUND('',#10312,.F.);
#10312 = EDGE_LOOP('',(#10313));
#10313 = ORIENTED_EDGE('',*,*,#10314,.T.);
#10314 = EDGE_CURVE('',#10315,#10315,#10317,.T.);
#10315 = VERTEX_POINT('',#10316);
#10316 = CARTESIAN_POINT('',(178.7155,-119.2596,0.));
#10317 = CIRCLE('',#10318,0.595);
#10318 = AXIS2_PLACEMENT_3D('',#10319,#10320,#10321);
#10319 = CARTESIAN_POINT('',(178.7155,-118.6646,0.));
#10320 = DIRECTION('',(-0.,0.,-1.));
#10321 = DIRECTION('',(-0.,-1.,0.));
#10322 = FACE_BOUND('',#10323,.F.);
#10323 = EDGE_LOOP('',(#10324));
#10324 = ORIENTED_EDGE('',*,*,#10325,.F.);
#10325 = EDGE_CURVE('',#10326,#10326,#10328,.T.);
#10326 = VERTEX_POINT('',#10327);
#10327 = CARTESIAN_POINT('',(173.0655,-102.5119,0.));
#10328 = CIRCLE('',#10329,1.6);
#10329 = AXIS2_PLACEMENT_3D('',#10330,#10331,#10332);
#10330 = CARTESIAN_POINT('',(171.4655,-102.5119,0.));
#10331 = DIRECTION('',(0.,0.,1.));
#10332 = DIRECTION('',(1.,0.,-0.));
#10333 = FACE_BOUND('',#10334,.F.);
#10334 = EDGE_LOOP('',(#10335));
#10335 = ORIENTED_EDGE('',*,*,#10336,.T.);
#10336 = EDGE_CURVE('',#10337,#10337,#10339,.T.);
#10337 = VERTEX_POINT('',#10338);
#10338 = CARTESIAN_POINT('',(181.2555,-119.2596,0.));
#10339 = CIRCLE('',#10340,0.595);
#10340 = AXIS2_PLACEMENT_3D('',#10341,#10342,#10343);
#10341 = CARTESIAN_POINT('',(181.2555,-118.6646,0.));
#10342 = DIRECTION('',(-0.,0.,-1.));
#10343 = DIRECTION('',(-0.,-1.,0.));
#10344 = FACE_BOUND('',#10345,.F.);
#10345 = EDGE_LOOP('',(#10346));
#10346 = ORIENTED_EDGE('',*,*,#10347,.T.);
#10347 = EDGE_CURVE('',#10348,#10348,#10350,.T.);
#10348 = VERTEX_POINT('',#10349);
#10349 = CARTESIAN_POINT('',(183.7955,-119.2596,0.));
#10350 = CIRCLE('',#10351,0.595);
#10351 = AXIS2_PLACEMENT_3D('',#10352,#10353,#10354);
#10352 = CARTESIAN_POINT('',(183.7955,-118.6646,0.));
#10353 = DIRECTION('',(-0.,0.,-1.));
#10354 = DIRECTION('',(-0.,-1.,0.));
#10355 = FACE_BOUND('',#10356,.F.);
#10356 = EDGE_LOOP('',(#10357));
#10357 = ORIENTED_EDGE('',*,*,#10358,.T.);
#10358 = EDGE_CURVE('',#10359,#10359,#10361,.T.);
#10359 = VERTEX_POINT('',#10360);
#10360 = CARTESIAN_POINT('',(186.3355,-119.2596,0.));
#10361 = CIRCLE('',#10362,0.595);
#10362 = AXIS2_PLACEMENT_3D('',#10363,#10364,#10365);
#10363 = CARTESIAN_POINT('',(186.3355,-118.6646,0.));
#10364 = DIRECTION('',(-0.,0.,-1.));
#10365 = DIRECTION('',(-0.,-1.,0.));
#10366 = FACE_BOUND('',#10367,.F.);
#10367 = EDGE_LOOP('',(#10368));
#10368 = ORIENTED_EDGE('',*,*,#10369,.T.);
#10369 = EDGE_CURVE('',#10370,#10370,#10372,.T.);
#10370 = VERTEX_POINT('',#10371);
#10371 = CARTESIAN_POINT('',(192.0155,-119.6896,0.));
#10372 = CIRCLE('',#10373,0.35);
#10373 = AXIS2_PLACEMENT_3D('',#10374,#10375,#10376);
#10374 = CARTESIAN_POINT('',(192.0155,-119.3396,0.));
#10375 = DIRECTION('',(-0.,0.,-1.));
#10376 = DIRECTION('',(-0.,-1.,0.));
#10377 = FACE_BOUND('',#10378,.F.);
#10378 = EDGE_LOOP('',(#10379));
#10379 = ORIENTED_EDGE('',*,*,#10380,.T.);
#10380 = EDGE_CURVE('',#10381,#10381,#10383,.T.);
#10381 = VERTEX_POINT('',#10382);
#10382 = CARTESIAN_POINT('',(192.0155,-117.7896,0.));
#10383 = CIRCLE('',#10384,0.35);
#10384 = AXIS2_PLACEMENT_3D('',#10385,#10386,#10387);
#10385 = CARTESIAN_POINT('',(192.0155,-117.4396,0.));
#10386 = DIRECTION('',(-0.,0.,-1.));
#10387 = DIRECTION('',(-0.,-1.,0.));
#10388 = FACE_BOUND('',#10389,.F.);
#10389 = EDGE_LOOP('',(#10390));
#10390 = ORIENTED_EDGE('',*,*,#10391,.F.);
#10391 = EDGE_CURVE('',#10392,#10392,#10394,.T.);
#10392 = VERTEX_POINT('',#10393);
#10393 = CARTESIAN_POINT('',(200.515515,-127.754574,0.));
#10394 = CIRCLE('',#10395,1.85);
#10395 = AXIS2_PLACEMENT_3D('',#10396,#10397,#10398);
#10396 = CARTESIAN_POINT('',(198.665515,-127.754574,0.));
#10397 = DIRECTION('',(0.,0.,1.));
#10398 = DIRECTION('',(1.,0.,-0.));
#10399 = FACE_BOUND('',#10400,.F.);
#10400 = EDGE_LOOP('',(#10401));
#10401 = ORIENTED_EDGE('',*,*,#10402,.F.);
#10402 = EDGE_CURVE('',#10403,#10403,#10405,.T.);
#10403 = VERTEX_POINT('',#10404);
#10404 = CARTESIAN_POINT('',(208.615515,-119.644574,0.));
#10405 = CIRCLE('',#10406,1.85);
#10406 = AXIS2_PLACEMENT_3D('',#10407,#10408,#10409);
#10407 = CARTESIAN_POINT('',(206.765515,-119.644574,0.));
#10408 = DIRECTION('',(0.,0.,1.));
#10409 = DIRECTION('',(1.,0.,-0.));
#10410 = FACE_BOUND('',#10411,.F.);
#10411 = EDGE_LOOP('',(#10412));
#10412 = ORIENTED_EDGE('',*,*,#10413,.F.);
#10413 = EDGE_CURVE('',#10414,#10414,#10416,.T.);
#10414 = VERTEX_POINT('',#10415);
#10415 = CARTESIAN_POINT('',(190.1155,-102.6119,0.));
#10416 = CIRCLE('',#10417,1.6);
#10417 = AXIS2_PLACEMENT_3D('',#10418,#10419,#10420);
#10418 = CARTESIAN_POINT('',(188.5155,-102.6119,0.));
#10419 = DIRECTION('',(0.,0.,1.));
#10420 = DIRECTION('',(1.,0.,-0.));
#10421 = FACE_BOUND('',#10422,.F.);
#10422 = EDGE_LOOP('',(#10423));
#10423 = ORIENTED_EDGE('',*,*,#10424,.T.);
#10424 = EDGE_CURVE('',#10425,#10425,#10427,.T.);
#10425 = VERTEX_POINT('',#10426);
#10426 = CARTESIAN_POINT('',(168.5755,-98.2429,0.));
#10427 = CIRCLE('',#10428,0.381);
#10428 = AXIS2_PLACEMENT_3D('',#10429,#10430,#10431);
#10429 = CARTESIAN_POINT('',(168.5755,-97.8619,0.));
#10430 = DIRECTION('',(-0.,0.,-1.));
#10431 = DIRECTION('',(-0.,-1.,0.));
#10432 = FACE_BOUND('',#10433,.F.);
#10433 = EDGE_LOOP('',(#10434));
#10434 = ORIENTED_EDGE('',*,*,#10435,.F.);
#10435 = EDGE_CURVE('',#10436,#10436,#10438,.T.);
#10436 = VERTEX_POINT('',#10437);
#10437 = CARTESIAN_POINT('',(167.616636,-94.0119,0.));
#10438 = CIRCLE('',#10439,1.101136);
#10439 = AXIS2_PLACEMENT_3D('',#10440,#10441,#10442);
#10440 = CARTESIAN_POINT('',(166.5155,-94.0119,0.));
#10441 = DIRECTION('',(0.,0.,1.));
#10442 = DIRECTION('',(1.,0.,-0.));
#10443 = FACE_BOUND('',#10444,.F.);
#10444 = EDGE_LOOP('',(#10445));
#10445 = ORIENTED_EDGE('',*,*,#10446,.T.);
#10446 = EDGE_CURVE('',#10447,#10447,#10449,.T.);
#10447 = VERTEX_POINT('',#10448);
#10448 = CARTESIAN_POINT('',(168.5755,-90.5429,0.));
#10449 = CIRCLE('',#10450,0.381);
#10450 = AXIS2_PLACEMENT_3D('',#10451,#10452,#10453);
#10451 = CARTESIAN_POINT('',(168.5755,-90.1619,0.));
#10452 = DIRECTION('',(-0.,0.,-1.));
#10453 = DIRECTION('',(-0.,-1.,0.));
#10454 = FACE_BOUND('',#10455,.F.);
#10455 = EDGE_LOOP('',(#10456));
#10456 = ORIENTED_EDGE('',*,*,#10457,.F.);
#10457 = EDGE_CURVE('',#10458,#10458,#10460,.T.);
#10458 = VERTEX_POINT('',#10459);
#10459 = CARTESIAN_POINT('',(155.175515,-82.374574,0.));
#10460 = CIRCLE('',#10461,1.85);
#10461 = AXIS2_PLACEMENT_3D('',#10462,#10463,#10464);
#10462 = CARTESIAN_POINT('',(153.325515,-82.374574,0.));
#10463 = DIRECTION('',(0.,0.,1.));
#10464 = DIRECTION('',(1.,0.,-0.));
#10465 = FACE_BOUND('',#10466,.F.);
#10466 = EDGE_LOOP('',(#10467));
#10467 = ORIENTED_EDGE('',*,*,#10468,.T.);
#10468 = EDGE_CURVE('',#10469,#10469,#10471,.T.);
#10469 = VERTEX_POINT('',#10470);
#10470 = CARTESIAN_POINT('',(158.4705,-81.0646,0.));
#10471 = CIRCLE('',#10472,0.45);
#10472 = AXIS2_PLACEMENT_3D('',#10473,#10474,#10475);
#10473 = CARTESIAN_POINT('',(158.4705,-80.6146,0.));
#10474 = DIRECTION('',(-0.,0.,-1.));
#10475 = DIRECTION('',(-6.315935428979E-14,-1.,0.));
#10476 = FACE_BOUND('',#10477,.F.);
#10477 = EDGE_LOOP('',(#10478));
#10478 = ORIENTED_EDGE('',*,*,#10479,.T.);
#10479 = EDGE_CURVE('',#10480,#10480,#10482,.T.);
#10480 = VERTEX_POINT('',#10481);
#10481 = CARTESIAN_POINT('',(161.0105,-81.0646,0.));
#10482 = CIRCLE('',#10483,0.45);
#10483 = AXIS2_PLACEMENT_3D('',#10484,#10485,#10486);
#10484 = CARTESIAN_POINT('',(161.0105,-80.6146,0.));
#10485 = DIRECTION('',(-0.,0.,-1.));
#10486 = DIRECTION('',(6.315935428978E-14,-1.,-0.));
#10487 = FACE_BOUND('',#10488,.F.);
#10488 = EDGE_LOOP('',(#10489));
#10489 = ORIENTED_EDGE('',*,*,#10490,.F.);
#10490 = EDGE_CURVE('',#10491,#10491,#10493,.T.);
#10491 = VERTEX_POINT('',#10492);
#10492 = CARTESIAN_POINT('',(162.925515,-74.434574,0.));
#10493 = CIRCLE('',#10494,1.85);
#10494 = AXIS2_PLACEMENT_3D('',#10495,#10496,#10497);
#10495 = CARTESIAN_POINT('',(161.075515,-74.434574,0.));
#10496 = DIRECTION('',(0.,0.,1.));
#10497 = DIRECTION('',(1.,0.,-0.));
#10498 = FACE_BOUND('',#10499,.F.);
#10499 = EDGE_LOOP('',(#10500));
#10500 = ORIENTED_EDGE('',*,*,#10501,.F.);
#10501 = EDGE_CURVE('',#10502,#10502,#10504,.T.);
#10502 = VERTEX_POINT('',#10503);
#10503 = CARTESIAN_POINT('',(181.835527,-100.0119,0.));
#10504 = CIRCLE('',#10505,1.820027);
#10505 = AXIS2_PLACEMENT_3D('',#10506,#10507,#10508);
#10506 = CARTESIAN_POINT('',(180.0155,-100.0119,0.));
#10507 = DIRECTION('',(0.,0.,1.));
#10508 = DIRECTION('',(1.,0.,-0.));
#10509 = FACE_BOUND('',#10510,.F.);
#10510 = EDGE_LOOP('',(#10511));
#10511 = ORIENTED_EDGE('',*,*,#10512,.T.);
#10512 = EDGE_CURVE('',#10513,#10513,#10515,.T.);
#10513 = VERTEX_POINT('',#10514);
#10514 = CARTESIAN_POINT('',(191.4255,-98.2429,0.));
#10515 = CIRCLE('',#10516,0.381);
#10516 = AXIS2_PLACEMENT_3D('',#10517,#10518,#10519);
#10517 = CARTESIAN_POINT('',(191.4255,-97.8619,0.));
#10518 = DIRECTION('',(-0.,0.,-1.));
#10519 = DIRECTION('',(-0.,-1.,0.));
#10520 = FACE_BOUND('',#10521,.F.);
#10521 = EDGE_LOOP('',(#10522));
#10522 = ORIENTED_EDGE('',*,*,#10523,.F.);
#10523 = EDGE_CURVE('',#10524,#10524,#10526,.T.);
#10524 = VERTEX_POINT('',#10525);
#10525 = CARTESIAN_POINT('',(194.6155,-94.0119,0.));
#10526 = CIRCLE('',#10527,1.1);
#10527 = AXIS2_PLACEMENT_3D('',#10528,#10529,#10530);
#10528 = CARTESIAN_POINT('',(193.5155,-94.0119,0.));
#10529 = DIRECTION('',(0.,0.,1.));
#10530 = DIRECTION('',(1.,0.,-0.));
#10531 = FACE_BOUND('',#10532,.F.);
#10532 = EDGE_LOOP('',(#10533));
#10533 = ORIENTED_EDGE('',*,*,#10534,.T.);
#10534 = EDGE_CURVE('',#10535,#10535,#10537,.T.);
#10535 = VERTEX_POINT('',#10536);
#10536 = CARTESIAN_POINT('',(191.4255,-90.5429,0.));
#10537 = CIRCLE('',#10538,0.381);
#10538 = AXIS2_PLACEMENT_3D('',#10539,#10540,#10541);
#10539 = CARTESIAN_POINT('',(191.4255,-90.1619,0.));
#10540 = DIRECTION('',(-0.,0.,-1.));
#10541 = DIRECTION('',(-0.,-1.,0.));
#10542 = FACE_BOUND('',#10543,.F.);
#10543 = EDGE_LOOP('',(#10544));
#10544 = ORIENTED_EDGE('',*,*,#10545,.F.);
#10545 = EDGE_CURVE('',#10546,#10546,#10548,.T.);
#10546 = VERTEX_POINT('',#10547);
#10547 = CARTESIAN_POINT('',(181.973158,-83.5119,0.));
#10548 = CIRCLE('',#10549,1.878829);
#10549 = AXIS2_PLACEMENT_3D('',#10550,#10551,#10552);
#10550 = CARTESIAN_POINT('',(180.094329,-83.5119,0.));
#10551 = DIRECTION('',(0.,0.,1.));
#10552 = DIRECTION('',(1.,0.,-0.));
#10553 = FACE_BOUND('',#10554,.F.);
#10554 = EDGE_LOOP('',(#10555));
#10555 = ORIENTED_EDGE('',*,*,#10556,.T.);
#10556 = EDGE_CURVE('',#10557,#10557,#10559,.T.);
#10557 = VERTEX_POINT('',#10558);
#10558 = CARTESIAN_POINT('',(199.1255,-81.1346,0.));
#10559 = CIRCLE('',#10560,0.45);
#10560 = AXIS2_PLACEMENT_3D('',#10561,#10562,#10563);
#10561 = CARTESIAN_POINT('',(199.1255,-80.6846,0.));
#10562 = DIRECTION('',(-0.,0.,-1.));
#10563 = DIRECTION('',(-0.,-1.,0.));
#10564 = FACE_BOUND('',#10565,.F.);
#10565 = EDGE_LOOP('',(#10566));
#10566 = ORIENTED_EDGE('',*,*,#10567,.T.);
#10567 = EDGE_CURVE('',#10568,#10568,#10570,.T.);
#10568 = VERTEX_POINT('',#10569);
#10569 = CARTESIAN_POINT('',(201.6655,-81.1346,0.));
#10570 = CIRCLE('',#10571,0.45);
#10571 = AXIS2_PLACEMENT_3D('',#10572,#10573,#10574);
#10572 = CARTESIAN_POINT('',(201.6655,-80.6846,0.));
#10573 = DIRECTION('',(-0.,0.,-1.));
#10574 = DIRECTION('',(-0.,-1.,0.));
#10575 = FACE_BOUND('',#10576,.F.);
#10576 = EDGE_LOOP('',(#10577));
#10577 = ORIENTED_EDGE('',*,*,#10578,.F.);
#10578 = EDGE_CURVE('',#10579,#10579,#10581,.T.);
#10579 = VERTEX_POINT('',#10580);
#10580 = CARTESIAN_POINT('',(208.745515,-82.494574,0.));
#10581 = CIRCLE('',#10582,1.85);
#10582 = AXIS2_PLACEMENT_3D('',#10583,#10584,#10585);
#10583 = CARTESIAN_POINT('',(206.895515,-82.494574,0.));
#10584 = DIRECTION('',(0.,0.,1.));
#10585 = DIRECTION('',(1.,0.,-0.));
#10586 = FACE_BOUND('',#10587,.F.);
#10587 = EDGE_LOOP('',(#10588));
#10588 = ORIENTED_EDGE('',*,*,#10589,.F.);
#10589 = EDGE_CURVE('',#10590,#10590,#10592,.T.);
#10590 = VERTEX_POINT('',#10591);
#10591 = CARTESIAN_POINT('',(200.615515,-74.454574,0.));
#10592 = CIRCLE('',#10593,1.85);
#10593 = AXIS2_PLACEMENT_3D('',#10594,#10595,#10596);
#10594 = CARTESIAN_POINT('',(198.765515,-74.454574,0.));
#10595 = DIRECTION('',(0.,0.,1.));
#10596 = DIRECTION('',(1.,0.,-0.));
#10597 = PLANE('',#10598);
#10598 = AXIS2_PLACEMENT_3D('',#10599,#10600,#10601);
#10599 = CARTESIAN_POINT('',(0.,0.,0.));
#10600 = DIRECTION('',(0.,0.,1.));
#10601 = DIRECTION('',(1.,0.,-0.));
#10602 = ADVANCED_FACE('',(#10603,#10646,#10657,#10668,#10679,#10690,
    #10701,#10712,#10723,#10734,#10745,#10756,#10767,#10778,#10789,
    #10800,#10811,#10822,#10833,#10844,#10855,#10866,#10877,#10888,
    #10899,#10910,#10921,#10932,#10943,#10954,#10965),#10976,.T.);
#10603 = FACE_BOUND('',#10604,.T.);
#10604 = EDGE_LOOP('',(#10605,#10606,#10607,#10615,#10623,#10631,#10639,
    #10645));
#10605 = ORIENTED_EDGE('',*,*,#10135,.F.);
#10606 = ORIENTED_EDGE('',*,*,#10175,.F.);
#10607 = ORIENTED_EDGE('',*,*,#10608,.F.);
#10608 = EDGE_CURVE('',#10609,#10168,#10611,.T.);
#10609 = VERTEX_POINT('',#10610);
#10610 = CARTESIAN_POINT('',(160.025515,-70.984574,1.51));
#10611 = LINE('',#10612,#10613);
#10612 = CARTESIAN_POINT('',(160.025515,-70.984574,1.51));
#10613 = VECTOR('',#10614,1.);
#10614 = DIRECTION('',(0.999999719031,7.49624976785E-04,0.));
#10615 = ORIENTED_EDGE('',*,*,#10616,.F.);
#10616 = EDGE_CURVE('',#10617,#10609,#10619,.T.);
#10617 = VERTEX_POINT('',#10618);
#10618 = CARTESIAN_POINT('',(150.055515,-81.114574,1.51));
#10619 = LINE('',#10620,#10621);
#10620 = CARTESIAN_POINT('',(150.055515,-81.114574,1.51));
#10621 = VECTOR('',#10622,1.);
#10622 = DIRECTION('',(0.701455847049,0.712712911796,0.));
#10623 = ORIENTED_EDGE('',*,*,#10624,.F.);
#10624 = EDGE_CURVE('',#10625,#10617,#10627,.T.);
#10625 = VERTEX_POINT('',#10626);
#10626 = CARTESIAN_POINT('',(150.095515,-119.994574,1.51));
#10627 = LINE('',#10628,#10629);
#10628 = CARTESIAN_POINT('',(150.095515,-119.994574,1.51));
#10629 = VECTOR('',#10630,1.);
#10630 = DIRECTION('',(-1.028806039896E-03,0.999999470779,0.));
#10631 = ORIENTED_EDGE('',*,*,#10632,.F.);
#10632 = EDGE_CURVE('',#10633,#10625,#10635,.T.);
#10633 = VERTEX_POINT('',#10634);
#10634 = CARTESIAN_POINT('',(160.075515,-131.034574,1.51));
#10635 = LINE('',#10636,#10637);
#10636 = CARTESIAN_POINT('',(160.075515,-131.034574,1.51));
#10637 = VECTOR('',#10638,1.);
#10638 = DIRECTION('',(-0.670596562671,0.741822249689,0.));
#10639 = ORIENTED_EDGE('',*,*,#10640,.F.);
#10640 = EDGE_CURVE('',#10198,#10633,#10641,.T.);
#10641 = LINE('',#10642,#10643);
#10642 = CARTESIAN_POINT('',(199.915515,-131.044574,1.51));
#10643 = VECTOR('',#10644,1.);
#10644 = DIRECTION('',(-0.999999968498,2.510040081577E-04,0.));
#10645 = ORIENTED_EDGE('',*,*,#10197,.F.);
#10646 = FACE_BOUND('',#10647,.T.);
#10647 = EDGE_LOOP('',(#10648));
#10648 = ORIENTED_EDGE('',*,*,#10649,.F.);
#10649 = EDGE_CURVE('',#10650,#10650,#10652,.T.);
#10650 = VERTEX_POINT('',#10651);
#10651 = CARTESIAN_POINT('',(164.085515,-127.704574,1.51));
#10652 = CIRCLE('',#10653,1.85);
#10653 = AXIS2_PLACEMENT_3D('',#10654,#10655,#10656);
#10654 = CARTESIAN_POINT('',(162.235515,-127.704574,1.51));
#10655 = DIRECTION('',(0.,0.,1.));
#10656 = DIRECTION('',(1.,0.,-0.));
#10657 = FACE_BOUND('',#10658,.T.);
#10658 = EDGE_LOOP('',(#10659));
#10659 = ORIENTED_EDGE('',*,*,#10660,.F.);
#10660 = EDGE_CURVE('',#10661,#10661,#10663,.T.);
#10661 = VERTEX_POINT('',#10662);
#10662 = CARTESIAN_POINT('',(154.765515,-119.144574,1.51));
#10663 = CIRCLE('',#10664,1.85);
#10664 = AXIS2_PLACEMENT_3D('',#10665,#10666,#10667);
#10665 = CARTESIAN_POINT('',(152.915515,-119.144574,1.51));
#10666 = DIRECTION('',(0.,0.,1.));
#10667 = DIRECTION('',(1.,0.,-0.));
#10668 = FACE_BOUND('',#10669,.T.);
#10669 = EDGE_LOOP('',(#10670));
#10670 = ORIENTED_EDGE('',*,*,#10671,.T.);
#10671 = EDGE_CURVE('',#10672,#10672,#10674,.T.);
#10672 = VERTEX_POINT('',#10673);
#10673 = CARTESIAN_POINT('',(173.6355,-119.2596,1.51));
#10674 = CIRCLE('',#10675,0.595);
#10675 = AXIS2_PLACEMENT_3D('',#10676,#10677,#10678);
#10676 = CARTESIAN_POINT('',(173.6355,-118.6646,1.51));
#10677 = DIRECTION('',(-0.,0.,-1.));
#10678 = DIRECTION('',(-0.,-1.,0.));
#10679 = FACE_BOUND('',#10680,.T.);
#10680 = EDGE_LOOP('',(#10681));
#10681 = ORIENTED_EDGE('',*,*,#10682,.T.);
#10682 = EDGE_CURVE('',#10683,#10683,#10685,.T.);
#10683 = VERTEX_POINT('',#10684);
#10684 = CARTESIAN_POINT('',(176.1755,-119.2596,1.51));
#10685 = CIRCLE('',#10686,0.595);
#10686 = AXIS2_PLACEMENT_3D('',#10687,#10688,#10689);
#10687 = CARTESIAN_POINT('',(176.1755,-118.6646,1.51));
#10688 = DIRECTION('',(-0.,0.,-1.));
#10689 = DIRECTION('',(-0.,-1.,0.));
#10690 = FACE_BOUND('',#10691,.T.);
#10691 = EDGE_LOOP('',(#10692));
#10692 = ORIENTED_EDGE('',*,*,#10693,.T.);
#10693 = EDGE_CURVE('',#10694,#10694,#10696,.T.);
#10694 = VERTEX_POINT('',#10695);
#10695 = CARTESIAN_POINT('',(178.7155,-119.2596,1.51));
#10696 = CIRCLE('',#10697,0.595);
#10697 = AXIS2_PLACEMENT_3D('',#10698,#10699,#10700);
#10698 = CARTESIAN_POINT('',(178.7155,-118.6646,1.51));
#10699 = DIRECTION('',(-0.,0.,-1.));
#10700 = DIRECTION('',(-0.,-1.,0.));
#10701 = FACE_BOUND('',#10702,.T.);
#10702 = EDGE_LOOP('',(#10703));
#10703 = ORIENTED_EDGE('',*,*,#10704,.F.);
#10704 = EDGE_CURVE('',#10705,#10705,#10707,.T.);
#10705 = VERTEX_POINT('',#10706);
#10706 = CARTESIAN_POINT('',(173.0655,-102.5119,1.51));
#10707 = CIRCLE('',#10708,1.6);
#10708 = AXIS2_PLACEMENT_3D('',#10709,#10710,#10711);
#10709 = CARTESIAN_POINT('',(171.4655,-102.5119,1.51));
#10710 = DIRECTION('',(0.,0.,1.));
#10711 = DIRECTION('',(1.,0.,-0.));
#10712 = FACE_BOUND('',#10713,.T.);
#10713 = EDGE_LOOP('',(#10714));
#10714 = ORIENTED_EDGE('',*,*,#10715,.T.);
#10715 = EDGE_CURVE('',#10716,#10716,#10718,.T.);
#10716 = VERTEX_POINT('',#10717);
#10717 = CARTESIAN_POINT('',(181.2555,-119.2596,1.51));
#10718 = CIRCLE('',#10719,0.595);
#10719 = AXIS2_PLACEMENT_3D('',#10720,#10721,#10722);
#10720 = CARTESIAN_POINT('',(181.2555,-118.6646,1.51));
#10721 = DIRECTION('',(-0.,0.,-1.));
#10722 = DIRECTION('',(-0.,-1.,0.));
#10723 = FACE_BOUND('',#10724,.T.);
#10724 = EDGE_LOOP('',(#10725));
#10725 = ORIENTED_EDGE('',*,*,#10726,.T.);
#10726 = EDGE_CURVE('',#10727,#10727,#10729,.T.);
#10727 = VERTEX_POINT('',#10728);
#10728 = CARTESIAN_POINT('',(183.7955,-119.2596,1.51));
#10729 = CIRCLE('',#10730,0.595);
#10730 = AXIS2_PLACEMENT_3D('',#10731,#10732,#10733);
#10731 = CARTESIAN_POINT('',(183.7955,-118.6646,1.51));
#10732 = DIRECTION('',(-0.,0.,-1.));
#10733 = DIRECTION('',(-0.,-1.,0.));
#10734 = FACE_BOUND('',#10735,.T.);
#10735 = EDGE_LOOP('',(#10736));
#10736 = ORIENTED_EDGE('',*,*,#10737,.T.);
#10737 = EDGE_CURVE('',#10738,#10738,#10740,.T.);
#10738 = VERTEX_POINT('',#10739);
#10739 = CARTESIAN_POINT('',(186.3355,-119.2596,1.51));
#10740 = CIRCLE('',#10741,0.595);
#10741 = AXIS2_PLACEMENT_3D('',#10742,#10743,#10744);
#10742 = CARTESIAN_POINT('',(186.3355,-118.6646,1.51));
#10743 = DIRECTION('',(-0.,0.,-1.));
#10744 = DIRECTION('',(-0.,-1.,0.));
#10745 = FACE_BOUND('',#10746,.T.);
#10746 = EDGE_LOOP('',(#10747));
#10747 = ORIENTED_EDGE('',*,*,#10748,.T.);
#10748 = EDGE_CURVE('',#10749,#10749,#10751,.T.);
#10749 = VERTEX_POINT('',#10750);
#10750 = CARTESIAN_POINT('',(192.0155,-119.6896,1.51));
#10751 = CIRCLE('',#10752,0.35);
#10752 = AXIS2_PLACEMENT_3D('',#10753,#10754,#10755);
#10753 = CARTESIAN_POINT('',(192.0155,-119.3396,1.51));
#10754 = DIRECTION('',(-0.,0.,-1.));
#10755 = DIRECTION('',(-0.,-1.,0.));
#10756 = FACE_BOUND('',#10757,.T.);
#10757 = EDGE_LOOP('',(#10758));
#10758 = ORIENTED_EDGE('',*,*,#10759,.T.);
#10759 = EDGE_CURVE('',#10760,#10760,#10762,.T.);
#10760 = VERTEX_POINT('',#10761);
#10761 = CARTESIAN_POINT('',(192.0155,-117.7896,1.51));
#10762 = CIRCLE('',#10763,0.35);
#10763 = AXIS2_PLACEMENT_3D('',#10764,#10765,#10766);
#10764 = CARTESIAN_POINT('',(192.0155,-117.4396,1.51));
#10765 = DIRECTION('',(-0.,0.,-1.));
#10766 = DIRECTION('',(-0.,-1.,0.));
#10767 = FACE_BOUND('',#10768,.T.);
#10768 = EDGE_LOOP('',(#10769));
#10769 = ORIENTED_EDGE('',*,*,#10770,.F.);
#10770 = EDGE_CURVE('',#10771,#10771,#10773,.T.);
#10771 = VERTEX_POINT('',#10772);
#10772 = CARTESIAN_POINT('',(200.515515,-127.754574,1.51));
#10773 = CIRCLE('',#10774,1.85);
#10774 = AXIS2_PLACEMENT_3D('',#10775,#10776,#10777);
#10775 = CARTESIAN_POINT('',(198.665515,-127.754574,1.51));
#10776 = DIRECTION('',(0.,0.,1.));
#10777 = DIRECTION('',(1.,0.,-0.));
#10778 = FACE_BOUND('',#10779,.T.);
#10779 = EDGE_LOOP('',(#10780));
#10780 = ORIENTED_EDGE('',*,*,#10781,.F.);
#10781 = EDGE_CURVE('',#10782,#10782,#10784,.T.);
#10782 = VERTEX_POINT('',#10783);
#10783 = CARTESIAN_POINT('',(208.615515,-119.644574,1.51));
#10784 = CIRCLE('',#10785,1.85);
#10785 = AXIS2_PLACEMENT_3D('',#10786,#10787,#10788);
#10786 = CARTESIAN_POINT('',(206.765515,-119.644574,1.51));
#10787 = DIRECTION('',(0.,0.,1.));
#10788 = DIRECTION('',(1.,0.,-0.));
#10789 = FACE_BOUND('',#10790,.T.);
#10790 = EDGE_LOOP('',(#10791));
#10791 = ORIENTED_EDGE('',*,*,#10792,.F.);
#10792 = EDGE_CURVE('',#10793,#10793,#10795,.T.);
#10793 = VERTEX_POINT('',#10794);
#10794 = CARTESIAN_POINT('',(190.1155,-102.6119,1.51));
#10795 = CIRCLE('',#10796,1.6);
#10796 = AXIS2_PLACEMENT_3D('',#10797,#10798,#10799);
#10797 = CARTESIAN_POINT('',(188.5155,-102.6119,1.51));
#10798 = DIRECTION('',(0.,0.,1.));
#10799 = DIRECTION('',(1.,0.,-0.));
#10800 = FACE_BOUND('',#10801,.T.);
#10801 = EDGE_LOOP('',(#10802));
#10802 = ORIENTED_EDGE('',*,*,#10803,.T.);
#10803 = EDGE_CURVE('',#10804,#10804,#10806,.T.);
#10804 = VERTEX_POINT('',#10805);
#10805 = CARTESIAN_POINT('',(168.5755,-98.2429,1.51));
#10806 = CIRCLE('',#10807,0.381);
#10807 = AXIS2_PLACEMENT_3D('',#10808,#10809,#10810);
#10808 = CARTESIAN_POINT('',(168.5755,-97.8619,1.51));
#10809 = DIRECTION('',(-0.,0.,-1.));
#10810 = DIRECTION('',(-0.,-1.,0.));
#10811 = FACE_BOUND('',#10812,.T.);
#10812 = EDGE_LOOP('',(#10813));
#10813 = ORIENTED_EDGE('',*,*,#10814,.F.);
#10814 = EDGE_CURVE('',#10815,#10815,#10817,.T.);
#10815 = VERTEX_POINT('',#10816);
#10816 = CARTESIAN_POINT('',(167.616636,-94.0119,1.51));
#10817 = CIRCLE('',#10818,1.101136);
#10818 = AXIS2_PLACEMENT_3D('',#10819,#10820,#10821);
#10819 = CARTESIAN_POINT('',(166.5155,-94.0119,1.51));
#10820 = DIRECTION('',(0.,0.,1.));
#10821 = DIRECTION('',(1.,0.,-0.));
#10822 = FACE_BOUND('',#10823,.T.);
#10823 = EDGE_LOOP('',(#10824));
#10824 = ORIENTED_EDGE('',*,*,#10825,.T.);
#10825 = EDGE_CURVE('',#10826,#10826,#10828,.T.);
#10826 = VERTEX_POINT('',#10827);
#10827 = CARTESIAN_POINT('',(168.5755,-90.5429,1.51));
#10828 = CIRCLE('',#10829,0.381);
#10829 = AXIS2_PLACEMENT_3D('',#10830,#10831,#10832);
#10830 = CARTESIAN_POINT('',(168.5755,-90.1619,1.51));
#10831 = DIRECTION('',(-0.,0.,-1.));
#10832 = DIRECTION('',(-0.,-1.,0.));
#10833 = FACE_BOUND('',#10834,.T.);
#10834 = EDGE_LOOP('',(#10835));
#10835 = ORIENTED_EDGE('',*,*,#10836,.F.);
#10836 = EDGE_CURVE('',#10837,#10837,#10839,.T.);
#10837 = VERTEX_POINT('',#10838);
#10838 = CARTESIAN_POINT('',(155.175515,-82.374574,1.51));
#10839 = CIRCLE('',#10840,1.85);
#10840 = AXIS2_PLACEMENT_3D('',#10841,#10842,#10843);
#10841 = CARTESIAN_POINT('',(153.325515,-82.374574,1.51));
#10842 = DIRECTION('',(0.,0.,1.));
#10843 = DIRECTION('',(1.,0.,-0.));
#10844 = FACE_BOUND('',#10845,.T.);
#10845 = EDGE_LOOP('',(#10846));
#10846 = ORIENTED_EDGE('',*,*,#10847,.T.);
#10847 = EDGE_CURVE('',#10848,#10848,#10850,.T.);
#10848 = VERTEX_POINT('',#10849);
#10849 = CARTESIAN_POINT('',(158.4705,-81.0646,1.51));
#10850 = CIRCLE('',#10851,0.45);
#10851 = AXIS2_PLACEMENT_3D('',#10852,#10853,#10854);
#10852 = CARTESIAN_POINT('',(158.4705,-80.6146,1.51));
#10853 = DIRECTION('',(-0.,0.,-1.));
#10854 = DIRECTION('',(-6.315935428979E-14,-1.,0.));
#10855 = FACE_BOUND('',#10856,.T.);
#10856 = EDGE_LOOP('',(#10857));
#10857 = ORIENTED_EDGE('',*,*,#10858,.T.);
#10858 = EDGE_CURVE('',#10859,#10859,#10861,.T.);
#10859 = VERTEX_POINT('',#10860);
#10860 = CARTESIAN_POINT('',(161.0105,-81.0646,1.51));
#10861 = CIRCLE('',#10862,0.45);
#10862 = AXIS2_PLACEMENT_3D('',#10863,#10864,#10865);
#10863 = CARTESIAN_POINT('',(161.0105,-80.6146,1.51));
#10864 = DIRECTION('',(-0.,0.,-1.));
#10865 = DIRECTION('',(6.315935428978E-14,-1.,-0.));
#10866 = FACE_BOUND('',#10867,.T.);
#10867 = EDGE_LOOP('',(#10868));
#10868 = ORIENTED_EDGE('',*,*,#10869,.F.);
#10869 = EDGE_CURVE('',#10870,#10870,#10872,.T.);
#10870 = VERTEX_POINT('',#10871);
#10871 = CARTESIAN_POINT('',(162.925515,-74.434574,1.51));
#10872 = CIRCLE('',#10873,1.85);
#10873 = AXIS2_PLACEMENT_3D('',#10874,#10875,#10876);
#10874 = CARTESIAN_POINT('',(161.075515,-74.434574,1.51));
#10875 = DIRECTION('',(0.,0.,1.));
#10876 = DIRECTION('',(1.,0.,-0.));
#10877 = FACE_BOUND('',#10878,.T.);
#10878 = EDGE_LOOP('',(#10879));
#10879 = ORIENTED_EDGE('',*,*,#10880,.F.);
#10880 = EDGE_CURVE('',#10881,#10881,#10883,.T.);
#10881 = VERTEX_POINT('',#10882);
#10882 = CARTESIAN_POINT('',(181.835527,-100.0119,1.51));
#10883 = CIRCLE('',#10884,1.820027);
#10884 = AXIS2_PLACEMENT_3D('',#10885,#10886,#10887);
#10885 = CARTESIAN_POINT('',(180.0155,-100.0119,1.51));
#10886 = DIRECTION('',(0.,0.,1.));
#10887 = DIRECTION('',(1.,0.,-0.));
#10888 = FACE_BOUND('',#10889,.T.);
#10889 = EDGE_LOOP('',(#10890));
#10890 = ORIENTED_EDGE('',*,*,#10891,.T.);
#10891 = EDGE_CURVE('',#10892,#10892,#10894,.T.);
#10892 = VERTEX_POINT('',#10893);
#10893 = CARTESIAN_POINT('',(191.4255,-98.2429,1.51));
#10894 = CIRCLE('',#10895,0.381);
#10895 = AXIS2_PLACEMENT_3D('',#10896,#10897,#10898);
#10896 = CARTESIAN_POINT('',(191.4255,-97.8619,1.51));
#10897 = DIRECTION('',(-0.,0.,-1.));
#10898 = DIRECTION('',(-0.,-1.,0.));
#10899 = FACE_BOUND('',#10900,.T.);
#10900 = EDGE_LOOP('',(#10901));
#10901 = ORIENTED_EDGE('',*,*,#10902,.F.);
#10902 = EDGE_CURVE('',#10903,#10903,#10905,.T.);
#10903 = VERTEX_POINT('',#10904);
#10904 = CARTESIAN_POINT('',(194.6155,-94.0119,1.51));
#10905 = CIRCLE('',#10906,1.1);
#10906 = AXIS2_PLACEMENT_3D('',#10907,#10908,#10909);
#10907 = CARTESIAN_POINT('',(193.5155,-94.0119,1.51));
#10908 = DIRECTION('',(0.,0.,1.));
#10909 = DIRECTION('',(1.,0.,-0.));
#10910 = FACE_BOUND('',#10911,.T.);
#10911 = EDGE_LOOP('',(#10912));
#10912 = ORIENTED_EDGE('',*,*,#10913,.T.);
#10913 = EDGE_CURVE('',#10914,#10914,#10916,.T.);
#10914 = VERTEX_POINT('',#10915);
#10915 = CARTESIAN_POINT('',(191.4255,-90.5429,1.51));
#10916 = CIRCLE('',#10917,0.381);
#10917 = AXIS2_PLACEMENT_3D('',#10918,#10919,#10920);
#10918 = CARTESIAN_POINT('',(191.4255,-90.1619,1.51));
#10919 = DIRECTION('',(-0.,0.,-1.));
#10920 = DIRECTION('',(-0.,-1.,0.));
#10921 = FACE_BOUND('',#10922,.T.);
#10922 = EDGE_LOOP('',(#10923));
#10923 = ORIENTED_EDGE('',*,*,#10924,.F.);
#10924 = EDGE_CURVE('',#10925,#10925,#10927,.T.);
#10925 = VERTEX_POINT('',#10926);
#10926 = CARTESIAN_POINT('',(181.973158,-83.5119,1.51));
#10927 = CIRCLE('',#10928,1.878829);
#10928 = AXIS2_PLACEMENT_3D('',#10929,#10930,#10931);
#10929 = CARTESIAN_POINT('',(180.094329,-83.5119,1.51));
#10930 = DIRECTION('',(0.,0.,1.));
#10931 = DIRECTION('',(1.,0.,-0.));
#10932 = FACE_BOUND('',#10933,.T.);
#10933 = EDGE_LOOP('',(#10934));
#10934 = ORIENTED_EDGE('',*,*,#10935,.T.);
#10935 = EDGE_CURVE('',#10936,#10936,#10938,.T.);
#10936 = VERTEX_POINT('',#10937);
#10937 = CARTESIAN_POINT('',(199.1255,-81.1346,1.51));
#10938 = CIRCLE('',#10939,0.45);
#10939 = AXIS2_PLACEMENT_3D('',#10940,#10941,#10942);
#10940 = CARTESIAN_POINT('',(199.1255,-80.6846,1.51));
#10941 = DIRECTION('',(-0.,0.,-1.));
#10942 = DIRECTION('',(-0.,-1.,0.));
#10943 = FACE_BOUND('',#10944,.T.);
#10944 = EDGE_LOOP('',(#10945));
#10945 = ORIENTED_EDGE('',*,*,#10946,.T.);
#10946 = EDGE_CURVE('',#10947,#10947,#10949,.T.);
#10947 = VERTEX_POINT('',#10948);
#10948 = CARTESIAN_POINT('',(201.6655,-81.1346,1.51));
#10949 = CIRCLE('',#10950,0.45);
#10950 = AXIS2_PLACEMENT_3D('',#10951,#10952,#10953);
#10951 = CARTESIAN_POINT('',(201.6655,-80.6846,1.51));
#10952 = DIRECTION('',(-0.,0.,-1.));
#10953 = DIRECTION('',(-0.,-1.,0.));
#10954 = FACE_BOUND('',#10955,.T.);
#10955 = EDGE_LOOP('',(#10956));
#10956 = ORIENTED_EDGE('',*,*,#10957,.F.);
#10957 = EDGE_CURVE('',#10958,#10958,#10960,.T.);
#10958 = VERTEX_POINT('',#10959);
#10959 = CARTESIAN_POINT('',(208.745515,-82.494574,1.51));
#10960 = CIRCLE('',#10961,1.85);
#10961 = AXIS2_PLACEMENT_3D('',#10962,#10963,#10964);
#10962 = CARTESIAN_POINT('',(206.895515,-82.494574,1.51));
#10963 = DIRECTION('',(0.,0.,1.));
#10964 = DIRECTION('',(1.,0.,-0.));
#10965 = FACE_BOUND('',#10966,.T.);
#10966 = EDGE_LOOP('',(#10967));
#10967 = ORIENTED_EDGE('',*,*,#10968,.F.);
#10968 = EDGE_CURVE('',#10969,#10969,#10971,.T.);
#10969 = VERTEX_POINT('',#10970);
#10970 = CARTESIAN_POINT('',(200.615515,-74.454574,1.51));
#10971 = CIRCLE('',#10972,1.85);
#10972 = AXIS2_PLACEMENT_3D('',#10973,#10974,#10975);
#10973 = CARTESIAN_POINT('',(198.765515,-74.454574,1.51));
#10974 = DIRECTION('',(0.,0.,1.));
#10975 = DIRECTION('',(1.,0.,-0.));
#10976 = PLANE('',#10977);
#10977 = AXIS2_PLACEMENT_3D('',#10978,#10979,#10980);
#10978 = CARTESIAN_POINT('',(0.,0.,1.51));
#10979 = DIRECTION('',(0.,0.,1.));
#10980 = DIRECTION('',(1.,0.,-0.));
#10981 = ADVANCED_FACE('',(#10982),#10993,.T.);
#10982 = FACE_BOUND('',#10983,.T.);
#10983 = EDGE_LOOP('',(#10984,#10990,#10991,#10992));
#10984 = ORIENTED_EDGE('',*,*,#10985,.T.);
#10985 = EDGE_CURVE('',#10230,#10609,#10986,.T.);
#10986 = LINE('',#10987,#10988);
#10987 = CARTESIAN_POINT('',(160.025515,-70.984574,0.));
#10988 = VECTOR('',#10989,1.);
#10989 = DIRECTION('',(0.,0.,1.));
#10990 = ORIENTED_EDGE('',*,*,#10608,.T.);
#10991 = ORIENTED_EDGE('',*,*,#10165,.F.);
#10992 = ORIENTED_EDGE('',*,*,#10229,.F.);
#10993 = PLANE('',#10994);
#10994 = AXIS2_PLACEMENT_3D('',#10995,#10996,#10997);
#10995 = CARTESIAN_POINT('',(160.025515,-70.984574,0.));
#10996 = DIRECTION('',(-7.49624976785E-04,0.999999719031,0.));
#10997 = DIRECTION('',(0.999999719031,7.49624976785E-04,0.));
#10998 = ADVANCED_FACE('',(#10999),#11010,.T.);
#10999 = FACE_BOUND('',#11000,.T.);
#11000 = EDGE_LOOP('',(#11001,#11002,#11003,#11009));
#11001 = ORIENTED_EDGE('',*,*,#10205,.T.);
#11002 = ORIENTED_EDGE('',*,*,#10640,.T.);
#11003 = ORIENTED_EDGE('',*,*,#11004,.F.);
#11004 = EDGE_CURVE('',#10254,#10633,#11005,.T.);
#11005 = LINE('',#11006,#11007);
#11006 = CARTESIAN_POINT('',(160.075515,-131.034574,0.));
#11007 = VECTOR('',#11008,1.);
#11008 = DIRECTION('',(0.,0.,1.));
#11009 = ORIENTED_EDGE('',*,*,#10261,.F.);
#11010 = PLANE('',#11011);
#11011 = AXIS2_PLACEMENT_3D('',#11012,#11013,#11014);
#11012 = CARTESIAN_POINT('',(199.915515,-131.044574,0.));
#11013 = DIRECTION('',(-2.510040081577E-04,-0.999999968498,0.));
#11014 = DIRECTION('',(-0.999999968498,2.510040081577E-04,0.));
#11015 = ADVANCED_FACE('',(#11016),#11027,.T.);
#11016 = FACE_BOUND('',#11017,.T.);
#11017 = EDGE_LOOP('',(#11018,#11024,#11025,#11026));
#11018 = ORIENTED_EDGE('',*,*,#11019,.T.);
#11019 = EDGE_CURVE('',#10238,#10617,#11020,.T.);
#11020 = LINE('',#11021,#11022);
#11021 = CARTESIAN_POINT('',(150.055515,-81.114574,0.));
#11022 = VECTOR('',#11023,1.);
#11023 = DIRECTION('',(0.,0.,1.));
#11024 = ORIENTED_EDGE('',*,*,#10616,.T.);
#11025 = ORIENTED_EDGE('',*,*,#10985,.F.);
#11026 = ORIENTED_EDGE('',*,*,#10237,.F.);
#11027 = PLANE('',#11028);
#11028 = AXIS2_PLACEMENT_3D('',#11029,#11030,#11031);
#11029 = CARTESIAN_POINT('',(150.055515,-81.114574,0.));
#11030 = DIRECTION('',(-0.712712911796,0.701455847049,0.));
#11031 = DIRECTION('',(0.701455847049,0.712712911796,0.));
#11032 = ADVANCED_FACE('',(#11033),#11044,.T.);
#11033 = FACE_BOUND('',#11034,.T.);
#11034 = EDGE_LOOP('',(#11035,#11036,#11037,#11043));
#11035 = ORIENTED_EDGE('',*,*,#11004,.T.);
#11036 = ORIENTED_EDGE('',*,*,#10632,.T.);
#11037 = ORIENTED_EDGE('',*,*,#11038,.F.);
#11038 = EDGE_CURVE('',#10246,#10625,#11039,.T.);
#11039 = LINE('',#11040,#11041);
#11040 = CARTESIAN_POINT('',(150.095515,-119.994574,0.));
#11041 = VECTOR('',#11042,1.);
#11042 = DIRECTION('',(0.,0.,1.));
#11043 = ORIENTED_EDGE('',*,*,#10253,.F.);
#11044 = PLANE('',#11045);
#11045 = AXIS2_PLACEMENT_3D('',#11046,#11047,#11048);
#11046 = CARTESIAN_POINT('',(160.075515,-131.034574,0.));
#11047 = DIRECTION('',(-0.741822249689,-0.670596562671,0.));
#11048 = DIRECTION('',(-0.670596562671,0.741822249689,0.));
#11049 = ADVANCED_FACE('',(#11050),#11056,.T.);
#11050 = FACE_BOUND('',#11051,.T.);
#11051 = EDGE_LOOP('',(#11052,#11053,#11054,#11055));
#11052 = ORIENTED_EDGE('',*,*,#11038,.T.);
#11053 = ORIENTED_EDGE('',*,*,#10624,.T.);
#11054 = ORIENTED_EDGE('',*,*,#11019,.F.);
#11055 = ORIENTED_EDGE('',*,*,#10245,.F.);
#11056 = PLANE('',#11057);
#11057 = AXIS2_PLACEMENT_3D('',#11058,#11059,#11060);
#11058 = CARTESIAN_POINT('',(150.095515,-119.994574,0.));
#11059 = DIRECTION('',(-0.999999470779,-1.028806039896E-03,0.));
#11060 = DIRECTION('',(-1.028806039896E-03,0.999999470779,0.));
#11061 = ADVANCED_FACE('',(#11062),#11073,.F.);
#11062 = FACE_BOUND('',#11063,.T.);
#11063 = EDGE_LOOP('',(#11064,#11070,#11071,#11072));
#11064 = ORIENTED_EDGE('',*,*,#11065,.T.);
#11065 = EDGE_CURVE('',#10271,#10650,#11066,.T.);
#11066 = LINE('',#11067,#11068);
#11067 = CARTESIAN_POINT('',(164.085515,-127.704574,0.));
#11068 = VECTOR('',#11069,1.);
#11069 = DIRECTION('',(0.,0.,1.));
#11070 = ORIENTED_EDGE('',*,*,#10649,.T.);
#11071 = ORIENTED_EDGE('',*,*,#11065,.F.);
#11072 = ORIENTED_EDGE('',*,*,#10270,.F.);
#11073 = CYLINDRICAL_SURFACE('',#11074,1.85);
#11074 = AXIS2_PLACEMENT_3D('',#11075,#11076,#11077);
#11075 = CARTESIAN_POINT('',(162.235515,-127.704574,0.));
#11076 = DIRECTION('',(-0.,-0.,-1.));
#11077 = DIRECTION('',(1.,0.,-0.));
#11078 = ADVANCED_FACE('',(#11079),#11090,.F.);
#11079 = FACE_BOUND('',#11080,.T.);
#11080 = EDGE_LOOP('',(#11081,#11087,#11088,#11089));
#11081 = ORIENTED_EDGE('',*,*,#11082,.T.);
#11082 = EDGE_CURVE('',#10282,#10661,#11083,.T.);
#11083 = LINE('',#11084,#11085);
#11084 = CARTESIAN_POINT('',(154.765515,-119.144574,0.));
#11085 = VECTOR('',#11086,1.);
#11086 = DIRECTION('',(0.,0.,1.));
#11087 = ORIENTED_EDGE('',*,*,#10660,.T.);
#11088 = ORIENTED_EDGE('',*,*,#11082,.F.);
#11089 = ORIENTED_EDGE('',*,*,#10281,.F.);
#11090 = CYLINDRICAL_SURFACE('',#11091,1.85);
#11091 = AXIS2_PLACEMENT_3D('',#11092,#11093,#11094);
#11092 = CARTESIAN_POINT('',(152.915515,-119.144574,0.));
#11093 = DIRECTION('',(-0.,-0.,-1.));
#11094 = DIRECTION('',(1.,0.,-0.));
#11095 = ADVANCED_FACE('',(#11096),#11107,.F.);
#11096 = FACE_BOUND('',#11097,.T.);
#11097 = EDGE_LOOP('',(#11098,#11099,#11105,#11106));
#11098 = ORIENTED_EDGE('',*,*,#10292,.T.);
#11099 = ORIENTED_EDGE('',*,*,#11100,.T.);
#11100 = EDGE_CURVE('',#10293,#10672,#11101,.T.);
#11101 = LINE('',#11102,#11103);
#11102 = CARTESIAN_POINT('',(173.6355,-119.2596,-4.6E-02));
#11103 = VECTOR('',#11104,1.);
#11104 = DIRECTION('',(0.,0.,1.));
#11105 = ORIENTED_EDGE('',*,*,#10671,.F.);
#11106 = ORIENTED_EDGE('',*,*,#11100,.F.);
#11107 = CYLINDRICAL_SURFACE('',#11108,0.595);
#11108 = AXIS2_PLACEMENT_3D('',#11109,#11110,#11111);
#11109 = CARTESIAN_POINT('',(173.6355,-118.6646,-4.6E-02));
#11110 = DIRECTION('',(-0.,-0.,-1.));
#11111 = DIRECTION('',(-0.,-1.,0.));
#11112 = ADVANCED_FACE('',(#11113),#11124,.F.);
#11113 = FACE_BOUND('',#11114,.T.);
#11114 = EDGE_LOOP('',(#11115,#11116,#11122,#11123));
#11115 = ORIENTED_EDGE('',*,*,#10303,.T.);
#11116 = ORIENTED_EDGE('',*,*,#11117,.T.);
#11117 = EDGE_CURVE('',#10304,#10683,#11118,.T.);
#11118 = LINE('',#11119,#11120);
#11119 = CARTESIAN_POINT('',(176.1755,-119.2596,-4.6E-02));
#11120 = VECTOR('',#11121,1.);
#11121 = DIRECTION('',(0.,0.,1.));
#11122 = ORIENTED_EDGE('',*,*,#10682,.F.);
#11123 = ORIENTED_EDGE('',*,*,#11117,.F.);
#11124 = CYLINDRICAL_SURFACE('',#11125,0.595);
#11125 = AXIS2_PLACEMENT_3D('',#11126,#11127,#11128);
#11126 = CARTESIAN_POINT('',(176.1755,-118.6646,-4.6E-02));
#11127 = DIRECTION('',(-0.,-0.,-1.));
#11128 = DIRECTION('',(-0.,-1.,0.));
#11129 = ADVANCED_FACE('',(#11130),#11141,.F.);
#11130 = FACE_BOUND('',#11131,.T.);
#11131 = EDGE_LOOP('',(#11132,#11133,#11139,#11140));
#11132 = ORIENTED_EDGE('',*,*,#10314,.T.);
#11133 = ORIENTED_EDGE('',*,*,#11134,.T.);
#11134 = EDGE_CURVE('',#10315,#10694,#11135,.T.);
#11135 = LINE('',#11136,#11137);
#11136 = CARTESIAN_POINT('',(178.7155,-119.2596,-4.6E-02));
#11137 = VECTOR('',#11138,1.);
#11138 = DIRECTION('',(0.,0.,1.));
#11139 = ORIENTED_EDGE('',*,*,#10693,.F.);
#11140 = ORIENTED_EDGE('',*,*,#11134,.F.);
#11141 = CYLINDRICAL_SURFACE('',#11142,0.595);
#11142 = AXIS2_PLACEMENT_3D('',#11143,#11144,#11145);
#11143 = CARTESIAN_POINT('',(178.7155,-118.6646,-4.6E-02));
#11144 = DIRECTION('',(-0.,-0.,-1.));
#11145 = DIRECTION('',(-0.,-1.,0.));
#11146 = ADVANCED_FACE('',(#11147),#11158,.F.);
#11147 = FACE_BOUND('',#11148,.T.);
#11148 = EDGE_LOOP('',(#11149,#11155,#11156,#11157));
#11149 = ORIENTED_EDGE('',*,*,#11150,.T.);
#11150 = EDGE_CURVE('',#10326,#10705,#11151,.T.);
#11151 = LINE('',#11152,#11153);
#11152 = CARTESIAN_POINT('',(173.0655,-102.5119,0.));
#11153 = VECTOR('',#11154,1.);
#11154 = DIRECTION('',(0.,0.,1.));
#11155 = ORIENTED_EDGE('',*,*,#10704,.T.);
#11156 = ORIENTED_EDGE('',*,*,#11150,.F.);
#11157 = ORIENTED_EDGE('',*,*,#10325,.F.);
#11158 = CYLINDRICAL_SURFACE('',#11159,1.6);
#11159 = AXIS2_PLACEMENT_3D('',#11160,#11161,#11162);
#11160 = CARTESIAN_POINT('',(171.4655,-102.5119,0.));
#11161 = DIRECTION('',(-0.,-0.,-1.));
#11162 = DIRECTION('',(1.,0.,-0.));
#11163 = ADVANCED_FACE('',(#11164),#11175,.F.);
#11164 = FACE_BOUND('',#11165,.T.);
#11165 = EDGE_LOOP('',(#11166,#11167,#11173,#11174));
#11166 = ORIENTED_EDGE('',*,*,#10336,.T.);
#11167 = ORIENTED_EDGE('',*,*,#11168,.T.);
#11168 = EDGE_CURVE('',#10337,#10716,#11169,.T.);
#11169 = LINE('',#11170,#11171);
#11170 = CARTESIAN_POINT('',(181.2555,-119.2596,-4.6E-02));
#11171 = VECTOR('',#11172,1.);
#11172 = DIRECTION('',(0.,0.,1.));
#11173 = ORIENTED_EDGE('',*,*,#10715,.F.);
#11174 = ORIENTED_EDGE('',*,*,#11168,.F.);
#11175 = CYLINDRICAL_SURFACE('',#11176,0.595);
#11176 = AXIS2_PLACEMENT_3D('',#11177,#11178,#11179);
#11177 = CARTESIAN_POINT('',(181.2555,-118.6646,-4.6E-02));
#11178 = DIRECTION('',(-0.,-0.,-1.));
#11179 = DIRECTION('',(-0.,-1.,0.));
#11180 = ADVANCED_FACE('',(#11181),#11192,.F.);
#11181 = FACE_BOUND('',#11182,.T.);
#11182 = EDGE_LOOP('',(#11183,#11184,#11190,#11191));
#11183 = ORIENTED_EDGE('',*,*,#10347,.T.);
#11184 = ORIENTED_EDGE('',*,*,#11185,.T.);
#11185 = EDGE_CURVE('',#10348,#10727,#11186,.T.);
#11186 = LINE('',#11187,#11188);
#11187 = CARTESIAN_POINT('',(183.7955,-119.2596,-4.6E-02));
#11188 = VECTOR('',#11189,1.);
#11189 = DIRECTION('',(0.,0.,1.));
#11190 = ORIENTED_EDGE('',*,*,#10726,.F.);
#11191 = ORIENTED_EDGE('',*,*,#11185,.F.);
#11192 = CYLINDRICAL_SURFACE('',#11193,0.595);
#11193 = AXIS2_PLACEMENT_3D('',#11194,#11195,#11196);
#11194 = CARTESIAN_POINT('',(183.7955,-118.6646,-4.6E-02));
#11195 = DIRECTION('',(-0.,-0.,-1.));
#11196 = DIRECTION('',(-0.,-1.,0.));
#11197 = ADVANCED_FACE('',(#11198),#11209,.F.);
#11198 = FACE_BOUND('',#11199,.T.);
#11199 = EDGE_LOOP('',(#11200,#11201,#11207,#11208));
#11200 = ORIENTED_EDGE('',*,*,#10358,.T.);
#11201 = ORIENTED_EDGE('',*,*,#11202,.T.);
#11202 = EDGE_CURVE('',#10359,#10738,#11203,.T.);
#11203 = LINE('',#11204,#11205);
#11204 = CARTESIAN_POINT('',(186.3355,-119.2596,-4.6E-02));
#11205 = VECTOR('',#11206,1.);
#11206 = DIRECTION('',(0.,0.,1.));
#11207 = ORIENTED_EDGE('',*,*,#10737,.F.);
#11208 = ORIENTED_EDGE('',*,*,#11202,.F.);
#11209 = CYLINDRICAL_SURFACE('',#11210,0.595);
#11210 = AXIS2_PLACEMENT_3D('',#11211,#11212,#11213);
#11211 = CARTESIAN_POINT('',(186.3355,-118.6646,-4.6E-02));
#11212 = DIRECTION('',(-0.,-0.,-1.));
#11213 = DIRECTION('',(-0.,-1.,0.));
#11214 = ADVANCED_FACE('',(#11215),#11226,.F.);
#11215 = FACE_BOUND('',#11216,.T.);
#11216 = EDGE_LOOP('',(#11217,#11218,#11224,#11225));
#11217 = ORIENTED_EDGE('',*,*,#10369,.T.);
#11218 = ORIENTED_EDGE('',*,*,#11219,.T.);
#11219 = EDGE_CURVE('',#10370,#10749,#11220,.T.);
#11220 = LINE('',#11221,#11222);
#11221 = CARTESIAN_POINT('',(192.0155,-119.6896,-4.6E-02));
#11222 = VECTOR('',#11223,1.);
#11223 = DIRECTION('',(0.,0.,1.));
#11224 = ORIENTED_EDGE('',*,*,#10748,.F.);
#11225 = ORIENTED_EDGE('',*,*,#11219,.F.);
#11226 = CYLINDRICAL_SURFACE('',#11227,0.35);
#11227 = AXIS2_PLACEMENT_3D('',#11228,#11229,#11230);
#11228 = CARTESIAN_POINT('',(192.0155,-119.3396,-4.6E-02));
#11229 = DIRECTION('',(-0.,-0.,-1.));
#11230 = DIRECTION('',(-0.,-1.,0.));
#11231 = ADVANCED_FACE('',(#11232),#11243,.F.);
#11232 = FACE_BOUND('',#11233,.T.);
#11233 = EDGE_LOOP('',(#11234,#11235,#11241,#11242));
#11234 = ORIENTED_EDGE('',*,*,#10380,.T.);
#11235 = ORIENTED_EDGE('',*,*,#11236,.T.);
#11236 = EDGE_CURVE('',#10381,#10760,#11237,.T.);
#11237 = LINE('',#11238,#11239);
#11238 = CARTESIAN_POINT('',(192.0155,-117.7896,-4.6E-02));
#11239 = VECTOR('',#11240,1.);
#11240 = DIRECTION('',(0.,0.,1.));
#11241 = ORIENTED_EDGE('',*,*,#10759,.F.);
#11242 = ORIENTED_EDGE('',*,*,#11236,.F.);
#11243 = CYLINDRICAL_SURFACE('',#11244,0.35);
#11244 = AXIS2_PLACEMENT_3D('',#11245,#11246,#11247);
#11245 = CARTESIAN_POINT('',(192.0155,-117.4396,-4.6E-02));
#11246 = DIRECTION('',(-0.,-0.,-1.));
#11247 = DIRECTION('',(-0.,-1.,0.));
#11248 = ADVANCED_FACE('',(#11249),#11260,.F.);
#11249 = FACE_BOUND('',#11250,.T.);
#11250 = EDGE_LOOP('',(#11251,#11257,#11258,#11259));
#11251 = ORIENTED_EDGE('',*,*,#11252,.T.);
#11252 = EDGE_CURVE('',#10392,#10771,#11253,.T.);
#11253 = LINE('',#11254,#11255);
#11254 = CARTESIAN_POINT('',(200.515515,-127.754574,0.));
#11255 = VECTOR('',#11256,1.);
#11256 = DIRECTION('',(0.,0.,1.));
#11257 = ORIENTED_EDGE('',*,*,#10770,.T.);
#11258 = ORIENTED_EDGE('',*,*,#11252,.F.);
#11259 = ORIENTED_EDGE('',*,*,#10391,.F.);
#11260 = CYLINDRICAL_SURFACE('',#11261,1.85);
#11261 = AXIS2_PLACEMENT_3D('',#11262,#11263,#11264);
#11262 = CARTESIAN_POINT('',(198.665515,-127.754574,0.));
#11263 = DIRECTION('',(-0.,-0.,-1.));
#11264 = DIRECTION('',(1.,0.,-0.));
#11265 = ADVANCED_FACE('',(#11266),#11277,.F.);
#11266 = FACE_BOUND('',#11267,.T.);
#11267 = EDGE_LOOP('',(#11268,#11274,#11275,#11276));
#11268 = ORIENTED_EDGE('',*,*,#11269,.T.);
#11269 = EDGE_CURVE('',#10403,#10782,#11270,.T.);
#11270 = LINE('',#11271,#11272);
#11271 = CARTESIAN_POINT('',(208.615515,-119.644574,0.));
#11272 = VECTOR('',#11273,1.);
#11273 = DIRECTION('',(0.,0.,1.));
#11274 = ORIENTED_EDGE('',*,*,#10781,.T.);
#11275 = ORIENTED_EDGE('',*,*,#11269,.F.);
#11276 = ORIENTED_EDGE('',*,*,#10402,.F.);
#11277 = CYLINDRICAL_SURFACE('',#11278,1.85);
#11278 = AXIS2_PLACEMENT_3D('',#11279,#11280,#11281);
#11279 = CARTESIAN_POINT('',(206.765515,-119.644574,0.));
#11280 = DIRECTION('',(-0.,-0.,-1.));
#11281 = DIRECTION('',(1.,0.,-0.));
#11282 = ADVANCED_FACE('',(#11283),#11294,.F.);
#11283 = FACE_BOUND('',#11284,.T.);
#11284 = EDGE_LOOP('',(#11285,#11291,#11292,#11293));
#11285 = ORIENTED_EDGE('',*,*,#11286,.T.);
#11286 = EDGE_CURVE('',#10414,#10793,#11287,.T.);
#11287 = LINE('',#11288,#11289);
#11288 = CARTESIAN_POINT('',(190.1155,-102.6119,0.));
#11289 = VECTOR('',#11290,1.);
#11290 = DIRECTION('',(0.,0.,1.));
#11291 = ORIENTED_EDGE('',*,*,#10792,.T.);
#11292 = ORIENTED_EDGE('',*,*,#11286,.F.);
#11293 = ORIENTED_EDGE('',*,*,#10413,.F.);
#11294 = CYLINDRICAL_SURFACE('',#11295,1.6);
#11295 = AXIS2_PLACEMENT_3D('',#11296,#11297,#11298);
#11296 = CARTESIAN_POINT('',(188.5155,-102.6119,0.));
#11297 = DIRECTION('',(-0.,-0.,-1.));
#11298 = DIRECTION('',(1.,0.,-0.));
#11299 = ADVANCED_FACE('',(#11300),#11311,.F.);
#11300 = FACE_BOUND('',#11301,.T.);
#11301 = EDGE_LOOP('',(#11302,#11303,#11309,#11310));
#11302 = ORIENTED_EDGE('',*,*,#10424,.T.);
#11303 = ORIENTED_EDGE('',*,*,#11304,.T.);
#11304 = EDGE_CURVE('',#10425,#10804,#11305,.T.);
#11305 = LINE('',#11306,#11307);
#11306 = CARTESIAN_POINT('',(168.5755,-98.2429,-4.6E-02));
#11307 = VECTOR('',#11308,1.);
#11308 = DIRECTION('',(0.,0.,1.));
#11309 = ORIENTED_EDGE('',*,*,#10803,.F.);
#11310 = ORIENTED_EDGE('',*,*,#11304,.F.);
#11311 = CYLINDRICAL_SURFACE('',#11312,0.381);
#11312 = AXIS2_PLACEMENT_3D('',#11313,#11314,#11315);
#11313 = CARTESIAN_POINT('',(168.5755,-97.8619,-4.6E-02));
#11314 = DIRECTION('',(-0.,-0.,-1.));
#11315 = DIRECTION('',(-0.,-1.,0.));
#11316 = ADVANCED_FACE('',(#11317),#11328,.F.);
#11317 = FACE_BOUND('',#11318,.T.);
#11318 = EDGE_LOOP('',(#11319,#11325,#11326,#11327));
#11319 = ORIENTED_EDGE('',*,*,#11320,.T.);
#11320 = EDGE_CURVE('',#10436,#10815,#11321,.T.);
#11321 = LINE('',#11322,#11323);
#11322 = CARTESIAN_POINT('',(167.616636,-94.0119,0.));
#11323 = VECTOR('',#11324,1.);
#11324 = DIRECTION('',(0.,0.,1.));
#11325 = ORIENTED_EDGE('',*,*,#10814,.T.);
#11326 = ORIENTED_EDGE('',*,*,#11320,.F.);
#11327 = ORIENTED_EDGE('',*,*,#10435,.F.);
#11328 = CYLINDRICAL_SURFACE('',#11329,1.101136);
#11329 = AXIS2_PLACEMENT_3D('',#11330,#11331,#11332);
#11330 = CARTESIAN_POINT('',(166.5155,-94.0119,0.));
#11331 = DIRECTION('',(-0.,-0.,-1.));
#11332 = DIRECTION('',(1.,0.,-0.));
#11333 = ADVANCED_FACE('',(#11334),#11345,.F.);
#11334 = FACE_BOUND('',#11335,.T.);
#11335 = EDGE_LOOP('',(#11336,#11337,#11343,#11344));
#11336 = ORIENTED_EDGE('',*,*,#10446,.T.);
#11337 = ORIENTED_EDGE('',*,*,#11338,.T.);
#11338 = EDGE_CURVE('',#10447,#10826,#11339,.T.);
#11339 = LINE('',#11340,#11341);
#11340 = CARTESIAN_POINT('',(168.5755,-90.5429,-4.6E-02));
#11341 = VECTOR('',#11342,1.);
#11342 = DIRECTION('',(0.,0.,1.));
#11343 = ORIENTED_EDGE('',*,*,#10825,.F.);
#11344 = ORIENTED_EDGE('',*,*,#11338,.F.);
#11345 = CYLINDRICAL_SURFACE('',#11346,0.381);
#11346 = AXIS2_PLACEMENT_3D('',#11347,#11348,#11349);
#11347 = CARTESIAN_POINT('',(168.5755,-90.1619,-4.6E-02));
#11348 = DIRECTION('',(-0.,-0.,-1.));
#11349 = DIRECTION('',(-0.,-1.,0.));
#11350 = ADVANCED_FACE('',(#11351),#11362,.F.);
#11351 = FACE_BOUND('',#11352,.T.);
#11352 = EDGE_LOOP('',(#11353,#11359,#11360,#11361));
#11353 = ORIENTED_EDGE('',*,*,#11354,.T.);
#11354 = EDGE_CURVE('',#10458,#10837,#11355,.T.);
#11355 = LINE('',#11356,#11357);
#11356 = CARTESIAN_POINT('',(155.175515,-82.374574,0.));
#11357 = VECTOR('',#11358,1.);
#11358 = DIRECTION('',(0.,0.,1.));
#11359 = ORIENTED_EDGE('',*,*,#10836,.T.);
#11360 = ORIENTED_EDGE('',*,*,#11354,.F.);
#11361 = ORIENTED_EDGE('',*,*,#10457,.F.);
#11362 = CYLINDRICAL_SURFACE('',#11363,1.85);
#11363 = AXIS2_PLACEMENT_3D('',#11364,#11365,#11366);
#11364 = CARTESIAN_POINT('',(153.325515,-82.374574,0.));
#11365 = DIRECTION('',(-0.,-0.,-1.));
#11366 = DIRECTION('',(1.,0.,-0.));
#11367 = ADVANCED_FACE('',(#11368),#11379,.F.);
#11368 = FACE_BOUND('',#11369,.T.);
#11369 = EDGE_LOOP('',(#11370,#11371,#11377,#11378));
#11370 = ORIENTED_EDGE('',*,*,#10468,.T.);
#11371 = ORIENTED_EDGE('',*,*,#11372,.T.);
#11372 = EDGE_CURVE('',#10469,#10848,#11373,.T.);
#11373 = LINE('',#11374,#11375);
#11374 = CARTESIAN_POINT('',(158.4705,-81.0646,-4.6E-02));
#11375 = VECTOR('',#11376,1.);
#11376 = DIRECTION('',(0.,0.,1.));
#11377 = ORIENTED_EDGE('',*,*,#10847,.F.);
#11378 = ORIENTED_EDGE('',*,*,#11372,.F.);
#11379 = CYLINDRICAL_SURFACE('',#11380,0.45);
#11380 = AXIS2_PLACEMENT_3D('',#11381,#11382,#11383);
#11381 = CARTESIAN_POINT('',(158.4705,-80.6146,-4.6E-02));
#11382 = DIRECTION('',(-0.,-0.,-1.));
#11383 = DIRECTION('',(-6.315935428979E-14,-1.,0.));
#11384 = ADVANCED_FACE('',(#11385),#11396,.F.);
#11385 = FACE_BOUND('',#11386,.T.);
#11386 = EDGE_LOOP('',(#11387,#11388,#11394,#11395));
#11387 = ORIENTED_EDGE('',*,*,#10479,.T.);
#11388 = ORIENTED_EDGE('',*,*,#11389,.T.);
#11389 = EDGE_CURVE('',#10480,#10859,#11390,.T.);
#11390 = LINE('',#11391,#11392);
#11391 = CARTESIAN_POINT('',(161.0105,-81.0646,-4.6E-02));
#11392 = VECTOR('',#11393,1.);
#11393 = DIRECTION('',(0.,0.,1.));
#11394 = ORIENTED_EDGE('',*,*,#10858,.F.);
#11395 = ORIENTED_EDGE('',*,*,#11389,.F.);
#11396 = CYLINDRICAL_SURFACE('',#11397,0.45);
#11397 = AXIS2_PLACEMENT_3D('',#11398,#11399,#11400);
#11398 = CARTESIAN_POINT('',(161.0105,-80.6146,-4.6E-02));
#11399 = DIRECTION('',(-0.,0.,-1.));
#11400 = DIRECTION('',(6.315935428978E-14,-1.,-0.));
#11401 = ADVANCED_FACE('',(#11402),#11413,.F.);
#11402 = FACE_BOUND('',#11403,.T.);
#11403 = EDGE_LOOP('',(#11404,#11410,#11411,#11412));
#11404 = ORIENTED_EDGE('',*,*,#11405,.T.);
#11405 = EDGE_CURVE('',#10491,#10870,#11406,.T.);
#11406 = LINE('',#11407,#11408);
#11407 = CARTESIAN_POINT('',(162.925515,-74.434574,0.));
#11408 = VECTOR('',#11409,1.);
#11409 = DIRECTION('',(0.,0.,1.));
#11410 = ORIENTED_EDGE('',*,*,#10869,.T.);
#11411 = ORIENTED_EDGE('',*,*,#11405,.F.);
#11412 = ORIENTED_EDGE('',*,*,#10490,.F.);
#11413 = CYLINDRICAL_SURFACE('',#11414,1.85);
#11414 = AXIS2_PLACEMENT_3D('',#11415,#11416,#11417);
#11415 = CARTESIAN_POINT('',(161.075515,-74.434574,0.));
#11416 = DIRECTION('',(-0.,-0.,-1.));
#11417 = DIRECTION('',(1.,0.,-0.));
#11418 = ADVANCED_FACE('',(#11419),#11430,.F.);
#11419 = FACE_BOUND('',#11420,.T.);
#11420 = EDGE_LOOP('',(#11421,#11427,#11428,#11429));
#11421 = ORIENTED_EDGE('',*,*,#11422,.T.);
#11422 = EDGE_CURVE('',#10502,#10881,#11423,.T.);
#11423 = LINE('',#11424,#11425);
#11424 = CARTESIAN_POINT('',(181.835527,-100.0119,0.));
#11425 = VECTOR('',#11426,1.);
#11426 = DIRECTION('',(0.,0.,1.));
#11427 = ORIENTED_EDGE('',*,*,#10880,.T.);
#11428 = ORIENTED_EDGE('',*,*,#11422,.F.);
#11429 = ORIENTED_EDGE('',*,*,#10501,.F.);
#11430 = CYLINDRICAL_SURFACE('',#11431,1.820027);
#11431 = AXIS2_PLACEMENT_3D('',#11432,#11433,#11434);
#11432 = CARTESIAN_POINT('',(180.0155,-100.0119,0.));
#11433 = DIRECTION('',(-0.,-0.,-1.));
#11434 = DIRECTION('',(1.,0.,-0.));
#11435 = ADVANCED_FACE('',(#11436),#11447,.F.);
#11436 = FACE_BOUND('',#11437,.T.);
#11437 = EDGE_LOOP('',(#11438,#11439,#11445,#11446));
#11438 = ORIENTED_EDGE('',*,*,#10512,.T.);
#11439 = ORIENTED_EDGE('',*,*,#11440,.T.);
#11440 = EDGE_CURVE('',#10513,#10892,#11441,.T.);
#11441 = LINE('',#11442,#11443);
#11442 = CARTESIAN_POINT('',(191.4255,-98.2429,-4.6E-02));
#11443 = VECTOR('',#11444,1.);
#11444 = DIRECTION('',(0.,0.,1.));
#11445 = ORIENTED_EDGE('',*,*,#10891,.F.);
#11446 = ORIENTED_EDGE('',*,*,#11440,.F.);
#11447 = CYLINDRICAL_SURFACE('',#11448,0.381);
#11448 = AXIS2_PLACEMENT_3D('',#11449,#11450,#11451);
#11449 = CARTESIAN_POINT('',(191.4255,-97.8619,-4.6E-02));
#11450 = DIRECTION('',(-0.,-0.,-1.));
#11451 = DIRECTION('',(-0.,-1.,0.));
#11452 = ADVANCED_FACE('',(#11453),#11464,.F.);
#11453 = FACE_BOUND('',#11454,.T.);
#11454 = EDGE_LOOP('',(#11455,#11461,#11462,#11463));
#11455 = ORIENTED_EDGE('',*,*,#11456,.T.);
#11456 = EDGE_CURVE('',#10524,#10903,#11457,.T.);
#11457 = LINE('',#11458,#11459);
#11458 = CARTESIAN_POINT('',(194.6155,-94.0119,0.));
#11459 = VECTOR('',#11460,1.);
#11460 = DIRECTION('',(0.,0.,1.));
#11461 = ORIENTED_EDGE('',*,*,#10902,.T.);
#11462 = ORIENTED_EDGE('',*,*,#11456,.F.);
#11463 = ORIENTED_EDGE('',*,*,#10523,.F.);
#11464 = CYLINDRICAL_SURFACE('',#11465,1.1);
#11465 = AXIS2_PLACEMENT_3D('',#11466,#11467,#11468);
#11466 = CARTESIAN_POINT('',(193.5155,-94.0119,0.));
#11467 = DIRECTION('',(-0.,-0.,-1.));
#11468 = DIRECTION('',(1.,0.,-0.));
#11469 = ADVANCED_FACE('',(#11470),#11481,.F.);
#11470 = FACE_BOUND('',#11471,.T.);
#11471 = EDGE_LOOP('',(#11472,#11473,#11479,#11480));
#11472 = ORIENTED_EDGE('',*,*,#10534,.T.);
#11473 = ORIENTED_EDGE('',*,*,#11474,.T.);
#11474 = EDGE_CURVE('',#10535,#10914,#11475,.T.);
#11475 = LINE('',#11476,#11477);
#11476 = CARTESIAN_POINT('',(191.4255,-90.5429,-4.6E-02));
#11477 = VECTOR('',#11478,1.);
#11478 = DIRECTION('',(0.,0.,1.));
#11479 = ORIENTED_EDGE('',*,*,#10913,.F.);
#11480 = ORIENTED_EDGE('',*,*,#11474,.F.);
#11481 = CYLINDRICAL_SURFACE('',#11482,0.381);
#11482 = AXIS2_PLACEMENT_3D('',#11483,#11484,#11485);
#11483 = CARTESIAN_POINT('',(191.4255,-90.1619,-4.6E-02));
#11484 = DIRECTION('',(-0.,-0.,-1.));
#11485 = DIRECTION('',(-0.,-1.,0.));
#11486 = ADVANCED_FACE('',(#11487),#11498,.F.);
#11487 = FACE_BOUND('',#11488,.T.);
#11488 = EDGE_LOOP('',(#11489,#11495,#11496,#11497));
#11489 = ORIENTED_EDGE('',*,*,#11490,.T.);
#11490 = EDGE_CURVE('',#10546,#10925,#11491,.T.);
#11491 = LINE('',#11492,#11493);
#11492 = CARTESIAN_POINT('',(181.973158,-83.5119,0.));
#11493 = VECTOR('',#11494,1.);
#11494 = DIRECTION('',(0.,0.,1.));
#11495 = ORIENTED_EDGE('',*,*,#10924,.T.);
#11496 = ORIENTED_EDGE('',*,*,#11490,.F.);
#11497 = ORIENTED_EDGE('',*,*,#10545,.F.);
#11498 = CYLINDRICAL_SURFACE('',#11499,1.878829);
#11499 = AXIS2_PLACEMENT_3D('',#11500,#11501,#11502);
#11500 = CARTESIAN_POINT('',(180.094329,-83.5119,0.));
#11501 = DIRECTION('',(-0.,-0.,-1.));
#11502 = DIRECTION('',(1.,0.,-0.));
#11503 = ADVANCED_FACE('',(#11504),#11515,.F.);
#11504 = FACE_BOUND('',#11505,.T.);
#11505 = EDGE_LOOP('',(#11506,#11507,#11513,#11514));
#11506 = ORIENTED_EDGE('',*,*,#10556,.T.);
#11507 = ORIENTED_EDGE('',*,*,#11508,.T.);
#11508 = EDGE_CURVE('',#10557,#10936,#11509,.T.);
#11509 = LINE('',#11510,#11511);
#11510 = CARTESIAN_POINT('',(199.1255,-81.1346,-4.6E-02));
#11511 = VECTOR('',#11512,1.);
#11512 = DIRECTION('',(0.,0.,1.));
#11513 = ORIENTED_EDGE('',*,*,#10935,.F.);
#11514 = ORIENTED_EDGE('',*,*,#11508,.F.);
#11515 = CYLINDRICAL_SURFACE('',#11516,0.45);
#11516 = AXIS2_PLACEMENT_3D('',#11517,#11518,#11519);
#11517 = CARTESIAN_POINT('',(199.1255,-80.6846,-4.6E-02));
#11518 = DIRECTION('',(-0.,-0.,-1.));
#11519 = DIRECTION('',(-0.,-1.,0.));
#11520 = ADVANCED_FACE('',(#11521),#11532,.F.);
#11521 = FACE_BOUND('',#11522,.T.);
#11522 = EDGE_LOOP('',(#11523,#11524,#11530,#11531));
#11523 = ORIENTED_EDGE('',*,*,#10567,.T.);
#11524 = ORIENTED_EDGE('',*,*,#11525,.T.);
#11525 = EDGE_CURVE('',#10568,#10947,#11526,.T.);
#11526 = LINE('',#11527,#11528);
#11527 = CARTESIAN_POINT('',(201.6655,-81.1346,-4.6E-02));
#11528 = VECTOR('',#11529,1.);
#11529 = DIRECTION('',(0.,0.,1.));
#11530 = ORIENTED_EDGE('',*,*,#10946,.F.);
#11531 = ORIENTED_EDGE('',*,*,#11525,.F.);
#11532 = CYLINDRICAL_SURFACE('',#11533,0.45);
#11533 = AXIS2_PLACEMENT_3D('',#11534,#11535,#11536);
#11534 = CARTESIAN_POINT('',(201.6655,-80.6846,-4.6E-02));
#11535 = DIRECTION('',(-0.,-0.,-1.));
#11536 = DIRECTION('',(-0.,-1.,0.));
#11537 = ADVANCED_FACE('',(#11538),#11549,.F.);
#11538 = FACE_BOUND('',#11539,.T.);
#11539 = EDGE_LOOP('',(#11540,#11546,#11547,#11548));
#11540 = ORIENTED_EDGE('',*,*,#11541,.T.);
#11541 = EDGE_CURVE('',#10579,#10958,#11542,.T.);
#11542 = LINE('',#11543,#11544);
#11543 = CARTESIAN_POINT('',(208.745515,-82.494574,0.));
#11544 = VECTOR('',#11545,1.);
#11545 = DIRECTION('',(0.,0.,1.));
#11546 = ORIENTED_EDGE('',*,*,#10957,.T.);
#11547 = ORIENTED_EDGE('',*,*,#11541,.F.);
#11548 = ORIENTED_EDGE('',*,*,#10578,.F.);
#11549 = CYLINDRICAL_SURFACE('',#11550,1.85);
#11550 = AXIS2_PLACEMENT_3D('',#11551,#11552,#11553);
#11551 = CARTESIAN_POINT('',(206.895515,-82.494574,0.));
#11552 = DIRECTION('',(-0.,-0.,-1.));
#11553 = DIRECTION('',(1.,0.,-0.));
#11554 = ADVANCED_FACE('',(#11555),#11566,.F.);
#11555 = FACE_BOUND('',#11556,.T.);
#11556 = EDGE_LOOP('',(#11557,#11563,#11564,#11565));
#11557 = ORIENTED_EDGE('',*,*,#11558,.T.);
#11558 = EDGE_CURVE('',#10590,#10969,#11559,.T.);
#11559 = LINE('',#11560,#11561);
#11560 = CARTESIAN_POINT('',(200.615515,-74.454574,0.));
#11561 = VECTOR('',#11562,1.);
#11562 = DIRECTION('',(0.,0.,1.));
#11563 = ORIENTED_EDGE('',*,*,#10968,.T.);
#11564 = ORIENTED_EDGE('',*,*,#11558,.F.);
#11565 = ORIENTED_EDGE('',*,*,#10589,.F.);
#11566 = CYLINDRICAL_SURFACE('',#11567,1.85);
#11567 = AXIS2_PLACEMENT_3D('',#11568,#11569,#11570);
#11568 = CARTESIAN_POINT('',(198.765515,-74.454574,0.));
#11569 = DIRECTION('',(-0.,-0.,-1.));
#11570 = DIRECTION('',(1.,0.,-0.));
#11571 = ( GEOMETRIC_REPRESENTATION_CONTEXT(3) 
GLOBAL_UNCERTAINTY_ASSIGNED_CONTEXT((#11575)) 
GLOBAL_UNIT_ASSIGNED_CONTEXT((#11572,#11573,#11574)) 
REPRESENTATION_CONTEXT('Context #1',
  '3D Context with UNIT and UNCERTAINTY') );
#11572 = ( LENGTH_UNIT() NAMED_UNIT(*) SI_UNIT(.MILLI.,.METRE.) );
#11573 = ( NAMED_UNIT(*) PLANE_ANGLE_UNIT() SI_UNIT($,.RADIAN.) );
#11574 = ( NAMED_UNIT(*) SI_UNIT($,.STERADIAN.) SOLID_ANGLE_UNIT() );
#11575 = UNCERTAINTY_MEASURE_WITH_UNIT(LENGTH_MEASURE(1.E-07),#11572,
  'distance_accuracy_value','confusion accuracy');
#11576 = CONTEXT_DEPENDENT_SHAPE_REPRESENTATION(#11577,#11579);
#11577 = ( REPRESENTATION_RELATIONSHIP('','',#10118,#10) 
REPRESENTATION_RELATIONSHIP_WITH_TRANSFORMATION(#11578) 
SHAPE_REPRESENTATION_RELATIONSHIP() );
#11578 = ITEM_DEFINED_TRANSFORMATION('','',#11,#35);
#11579 = PRODUCT_DEFINITION_SHAPE('Placement','Placement of an item',
  #11580);
#11580 = NEXT_ASSEMBLY_USAGE_OCCURRENCE('6','=>[0:1:1:6]','',#5,#10113,$
  );
#11581 = PRODUCT_RELATED_PRODUCT_CATEGORY('part',$,(#10115));
#11582 = MECHANICAL_DESIGN_GEOMETRIC_PRESENTATION_REPRESENTATION('',(
    #11583),#11571);
#11583 = STYLED_ITEM('color',(#11584),#10119);
#11584 = PRESENTATION_STYLE_ASSIGNMENT((#11585));
#11585 = SURFACE_STYLE_USAGE(.BOTH.,#11586);
#11586 = SURFACE_SIDE_STYLE('',(#11587));
#11587 = SURFACE_STYLE_FILL_AREA(#11588);
#11588 = FILL_AREA_STYLE('',(#11589));
#11589 = FILL_AREA_STYLE_COLOUR('',#11590);
#11590 = COLOUR_RGB('',0.313304153717,0.484529207832,0.410020903123);
#11591 = MECHANICAL_DESIGN_GEOMETRIC_PRESENTATION_REPRESENTATION('',(
    #11592,#11600,#11607,#11614,#11621,#11628,#11635,#11643,#11650,
    #11657,#11664,#11671,#11678,#11685,#11692,#11699),#10095);
#11592 = STYLED_ITEM('color',(#11593),#9638);
#11593 = PRESENTATION_STYLE_ASSIGNMENT((#11594));
#11594 = SURFACE_STYLE_USAGE(.BOTH.,#11595);
#11595 = SURFACE_SIDE_STYLE('',(#11596));
#11596 = SURFACE_STYLE_FILL_AREA(#11597);
#11597 = FILL_AREA_STYLE('',(#11598));
#11598 = FILL_AREA_STYLE_COLOUR('',#11599);
#11599 = COLOUR_RGB('',0.699999984889,9.999999991362E-02,
  5.000000142576E-02);
#11600 = STYLED_ITEM('color',(#11601),#9665);
#11601 = PRESENTATION_STYLE_ASSIGNMENT((#11602));
#11602 = SURFACE_STYLE_USAGE(.BOTH.,#11603);
#11603 = SURFACE_SIDE_STYLE('',(#11604));
#11604 = SURFACE_STYLE_FILL_AREA(#11605);
#11605 = FILL_AREA_STYLE('',(#11606));
#11606 = FILL_AREA_STYLE_COLOUR('',#11599);
#11607 = STYLED_ITEM('color',(#11608),#9708);
#11608 = PRESENTATION_STYLE_ASSIGNMENT((#11609));
#11609 = SURFACE_STYLE_USAGE(.BOTH.,#11610);
#11610 = SURFACE_SIDE_STYLE('',(#11611));
#11611 = SURFACE_STYLE_FILL_AREA(#11612);
#11612 = FILL_AREA_STYLE('',(#11613));
#11613 = FILL_AREA_STYLE_COLOUR('',#11599);
#11614 = STYLED_ITEM('color',(#11615),#9750);
#11615 = PRESENTATION_STYLE_ASSIGNMENT((#11616));
#11616 = SURFACE_STYLE_USAGE(.BOTH.,#11617);
#11617 = SURFACE_SIDE_STYLE('',(#11618));
#11618 = SURFACE_STYLE_FILL_AREA(#11619);
#11619 = FILL_AREA_STYLE('',(#11620));
#11620 = FILL_AREA_STYLE_COLOUR('',#11599);
#11621 = STYLED_ITEM('color',(#11622),#9782);
#11622 = PRESENTATION_STYLE_ASSIGNMENT((#11623));
#11623 = SURFACE_STYLE_USAGE(.BOTH.,#11624);
#11624 = SURFACE_SIDE_STYLE('',(#11625));
#11625 = SURFACE_STYLE_FILL_AREA(#11626);
#11626 = FILL_AREA_STYLE('',(#11627));
#11627 = FILL_AREA_STYLE_COLOUR('',#11599);
#11628 = STYLED_ITEM('color',(#11629),#9801);
#11629 = PRESENTATION_STYLE_ASSIGNMENT((#11630));
#11630 = SURFACE_STYLE_USAGE(.BOTH.,#11631);
#11631 = SURFACE_SIDE_STYLE('',(#11632));
#11632 = SURFACE_STYLE_FILL_AREA(#11633);
#11633 = FILL_AREA_STYLE('',(#11634));
#11634 = FILL_AREA_STYLE_COLOUR('',#11599);
#11635 = STYLED_ITEM('color',(#11636),#9879);
#11636 = PRESENTATION_STYLE_ASSIGNMENT((#11637));
#11637 = SURFACE_STYLE_USAGE(.BOTH.,#11638);
#11638 = SURFACE_SIDE_STYLE('',(#11639));
#11639 = SURFACE_STYLE_FILL_AREA(#11640);
#11640 = FILL_AREA_STYLE('',(#11641));
#11641 = FILL_AREA_STYLE_COLOUR('',#11642);
#11642 = COLOUR_RGB('',0.823999987314,0.819999987296,0.781000009244);
#11643 = STYLED_ITEM('color',(#11644),#9910);
#11644 = PRESENTATION_STYLE_ASSIGNMENT((#11645));
#11645 = SURFACE_STYLE_USAGE(.BOTH.,#11646);
#11646 = SURFACE_SIDE_STYLE('',(#11647));
#11647 = SURFACE_STYLE_FILL_AREA(#11648);
#11648 = FILL_AREA_STYLE('',(#11649));
#11649 = FILL_AREA_STYLE_COLOUR('',#11642);
#11650 = STYLED_ITEM('color',(#11651),#9934);
#11651 = PRESENTATION_STYLE_ASSIGNMENT((#11652));
#11652 = SURFACE_STYLE_USAGE(.BOTH.,#11653);
#11653 = SURFACE_SIDE_STYLE('',(#11654));
#11654 = SURFACE_STYLE_FILL_AREA(#11655);
#11655 = FILL_AREA_STYLE('',(#11656));
#11656 = FILL_AREA_STYLE_COLOUR('',#11642);
#11657 = STYLED_ITEM('color',(#11658),#9958);
#11658 = PRESENTATION_STYLE_ASSIGNMENT((#11659));
#11659 = SURFACE_STYLE_USAGE(.BOTH.,#11660);
#11660 = SURFACE_SIDE_STYLE('',(#11661));
#11661 = SURFACE_STYLE_FILL_AREA(#11662);
#11662 = FILL_AREA_STYLE('',(#11663));
#11663 = FILL_AREA_STYLE_COLOUR('',#11642);
#11664 = STYLED_ITEM('color',(#11665),#9975);
#11665 = PRESENTATION_STYLE_ASSIGNMENT((#11666));
#11666 = SURFACE_STYLE_USAGE(.BOTH.,#11667);
#11667 = SURFACE_SIDE_STYLE('',(#11668));
#11668 = SURFACE_STYLE_FILL_AREA(#11669);
#11669 = FILL_AREA_STYLE('',(#11670));
#11670 = FILL_AREA_STYLE_COLOUR('',#11642);
#11671 = STYLED_ITEM('color',(#11672),#10006);
#11672 = PRESENTATION_STYLE_ASSIGNMENT((#11673));
#11673 = SURFACE_STYLE_USAGE(.BOTH.,#11674);
#11674 = SURFACE_SIDE_STYLE('',(#11675));
#11675 = SURFACE_STYLE_FILL_AREA(#11676);
#11676 = FILL_AREA_STYLE('',(#11677));
#11677 = FILL_AREA_STYLE_COLOUR('',#11642);
#11678 = STYLED_ITEM('color',(#11679),#10030);
#11679 = PRESENTATION_STYLE_ASSIGNMENT((#11680));
#11680 = SURFACE_STYLE_USAGE(.BOTH.,#11681);
#11681 = SURFACE_SIDE_STYLE('',(#11682));
#11682 = SURFACE_STYLE_FILL_AREA(#11683);
#11683 = FILL_AREA_STYLE('',(#11684));
#11684 = FILL_AREA_STYLE_COLOUR('',#11642);
#11685 = STYLED_ITEM('color',(#11686),#10054);
#11686 = PRESENTATION_STYLE_ASSIGNMENT((#11687));
#11687 = SURFACE_STYLE_USAGE(.BOTH.,#11688);
#11688 = SURFACE_SIDE_STYLE('',(#11689));
#11689 = SURFACE_STYLE_FILL_AREA(#11690);
#11690 = FILL_AREA_STYLE('',(#11691));
#11691 = FILL_AREA_STYLE_COLOUR('',#11642);
#11692 = STYLED_ITEM('color',(#11693),#10071);
#11693 = PRESENTATION_STYLE_ASSIGNMENT((#11694));
#11694 = SURFACE_STYLE_USAGE(.BOTH.,#11695);
#11695 = SURFACE_SIDE_STYLE('',(#11696));
#11696 = SURFACE_STYLE_FILL_AREA(#11697);
#11697 = FILL_AREA_STYLE('',(#11698));
#11698 = FILL_AREA_STYLE_COLOUR('',#11642);
#11699 = STYLED_ITEM('color',(#11700),#10083);
#11700 = PRESENTATION_STYLE_ASSIGNMENT((#11701));
#11701 = SURFACE_STYLE_USAGE(.BOTH.,#11702);
#11702 = SURFACE_SIDE_STYLE('',(#11703));
#11703 = SURFACE_STYLE_FILL_AREA(#11704);
#11704 = FILL_AREA_STYLE('',(#11705));
#11705 = FILL_AREA_STYLE_COLOUR('',#11642);
#11706 = MECHANICAL_DESIGN_GEOMETRIC_PRESENTATION_REPRESENTATION('',(
    #11707,#11715,#11723,#11730,#11737,#11744,#11752,#11759,#11766,
    #11773,#11780,#11787,#11794,#11801,#11808,#11815,#11822,#11829,
    #11836,#11843,#11850,#11857,#11864,#11871,#11878,#11885,#11892,
    #11899,#11906,#11913,#11920,#11927,#11934),#4349);
#11707 = STYLED_ITEM('color',(#11708),#53);
#11708 = PRESENTATION_STYLE_ASSIGNMENT((#11709));
#11709 = SURFACE_STYLE_USAGE(.BOTH.,#11710);
#11710 = SURFACE_SIDE_STYLE('',(#11711));
#11711 = SURFACE_STYLE_FILL_AREA(#11712);
#11712 = FILL_AREA_STYLE('',(#11713));
#11713 = FILL_AREA_STYLE_COLOUR('',#11714);
#11714 = COLOUR_RGB('',9.803921802644E-02,9.803921802644E-02,
  9.803921802644E-02);
#11715 = OVER_RIDING_STYLED_ITEM('overriding color',(#11716),#138,#11707
  );
#11716 = PRESENTATION_STYLE_ASSIGNMENT((#11717));
#11717 = SURFACE_STYLE_USAGE(.BOTH.,#11718);
#11718 = SURFACE_SIDE_STYLE('',(#11719));
#11719 = SURFACE_STYLE_FILL_AREA(#11720);
#11720 = FILL_AREA_STYLE('',(#11721));
#11721 = FILL_AREA_STYLE_COLOUR('',#11722);
#11722 = COLOUR_RGB('',0.627450987486,0.627450987486,0.627450987486);
#11723 = OVER_RIDING_STYLED_ITEM('overriding color',(#11724),#155,#11707
  );
#11724 = PRESENTATION_STYLE_ASSIGNMENT((#11725));
#11725 = SURFACE_STYLE_USAGE(.BOTH.,#11726);
#11726 = SURFACE_SIDE_STYLE('',(#11727));
#11727 = SURFACE_STYLE_FILL_AREA(#11728);
#11728 = FILL_AREA_STYLE('',(#11729));
#11729 = FILL_AREA_STYLE_COLOUR('',#11722);
#11730 = OVER_RIDING_STYLED_ITEM('overriding color',(#11731),#180,#11707
  );
#11731 = PRESENTATION_STYLE_ASSIGNMENT((#11732));
#11732 = SURFACE_STYLE_USAGE(.BOTH.,#11733);
#11733 = SURFACE_SIDE_STYLE('',(#11734));
#11734 = SURFACE_STYLE_FILL_AREA(#11735);
#11735 = FILL_AREA_STYLE('',(#11736));
#11736 = FILL_AREA_STYLE_COLOUR('',#11722);
#11737 = STYLED_ITEM('color',(#11738),#1479);
#11738 = PRESENTATION_STYLE_ASSIGNMENT((#11739));
#11739 = SURFACE_STYLE_USAGE(.BOTH.,#11740);
#11740 = SURFACE_SIDE_STYLE('',(#11741));
#11741 = SURFACE_STYLE_FILL_AREA(#11742);
#11742 = FILL_AREA_STYLE('',(#11743));
#11743 = FILL_AREA_STYLE_COLOUR('',#11714);
#11744 = OVER_RIDING_STYLED_ITEM('overriding color',(#11745),#3599,
  #11737);
#11745 = PRESENTATION_STYLE_ASSIGNMENT((#11746));
#11746 = SURFACE_STYLE_USAGE(.BOTH.,#11747);
#11747 = SURFACE_SIDE_STYLE('',(#11748));
#11748 = SURFACE_STYLE_FILL_AREA(#11749);
#11749 = FILL_AREA_STYLE('',(#11750));
#11750 = FILL_AREA_STYLE_COLOUR('',#11751);
#11751 = COLOUR_RGB('',0.952941189437,0.796078417252,0.486274506065);
#11752 = OVER_RIDING_STYLED_ITEM('overriding color',(#11753),#3648,
  #11737);
#11753 = PRESENTATION_STYLE_ASSIGNMENT((#11754));
#11754 = SURFACE_STYLE_USAGE(.BOTH.,#11755);
#11755 = SURFACE_SIDE_STYLE('',(#11756));
#11756 = SURFACE_STYLE_FILL_AREA(#11757);
#11757 = FILL_AREA_STYLE('',(#11758));
#11758 = FILL_AREA_STYLE_COLOUR('',#11751);
#11759 = OVER_RIDING_STYLED_ITEM('overriding color',(#11760),#3672,
  #11737);
#11760 = PRESENTATION_STYLE_ASSIGNMENT((#11761));
#11761 = SURFACE_STYLE_USAGE(.BOTH.,#11762);
#11762 = SURFACE_SIDE_STYLE('',(#11763));
#11763 = SURFACE_STYLE_FILL_AREA(#11764);
#11764 = FILL_AREA_STYLE('',(#11765));
#11765 = FILL_AREA_STYLE_COLOUR('',#11751);
#11766 = OVER_RIDING_STYLED_ITEM('overriding color',(#11767),#3714,
  #11737);
#11767 = PRESENTATION_STYLE_ASSIGNMENT((#11768));
#11768 = SURFACE_STYLE_USAGE(.BOTH.,#11769);
#11769 = SURFACE_SIDE_STYLE('',(#11770));
#11770 = SURFACE_STYLE_FILL_AREA(#11771);
#11771 = FILL_AREA_STYLE('',(#11772));
#11772 = FILL_AREA_STYLE_COLOUR('',#11751);
#11773 = OVER_RIDING_STYLED_ITEM('overriding color',(#11774),#3731,
  #11737);
#11774 = PRESENTATION_STYLE_ASSIGNMENT((#11775));
#11775 = SURFACE_STYLE_USAGE(.BOTH.,#11776);
#11776 = SURFACE_SIDE_STYLE('',(#11777));
#11777 = SURFACE_STYLE_FILL_AREA(#11778);
#11778 = FILL_AREA_STYLE('',(#11779));
#11779 = FILL_AREA_STYLE_COLOUR('',#11751);
#11780 = OVER_RIDING_STYLED_ITEM('overriding color',(#11781),#3753,
  #11737);
#11781 = PRESENTATION_STYLE_ASSIGNMENT((#11782));
#11782 = SURFACE_STYLE_USAGE(.BOTH.,#11783);
#11783 = SURFACE_SIDE_STYLE('',(#11784));
#11784 = SURFACE_STYLE_FILL_AREA(#11785);
#11785 = FILL_AREA_STYLE('',(#11786));
#11786 = FILL_AREA_STYLE_COLOUR('',#11751);
#11787 = OVER_RIDING_STYLED_ITEM('overriding color',(#11788),#3802,
  #11737);
#11788 = PRESENTATION_STYLE_ASSIGNMENT((#11789));
#11789 = SURFACE_STYLE_USAGE(.BOTH.,#11790);
#11790 = SURFACE_SIDE_STYLE('',(#11791));
#11791 = SURFACE_STYLE_FILL_AREA(#11792);
#11792 = FILL_AREA_STYLE('',(#11793));
#11793 = FILL_AREA_STYLE_COLOUR('',#11751);
#11794 = OVER_RIDING_STYLED_ITEM('overriding color',(#11795),#3826,
  #11737);
#11795 = PRESENTATION_STYLE_ASSIGNMENT((#11796));
#11796 = SURFACE_STYLE_USAGE(.BOTH.,#11797);
#11797 = SURFACE_SIDE_STYLE('',(#11798));
#11798 = SURFACE_STYLE_FILL_AREA(#11799);
#11799 = FILL_AREA_STYLE('',(#11800));
#11800 = FILL_AREA_STYLE_COLOUR('',#11751);
#11801 = OVER_RIDING_STYLED_ITEM('overriding color',(#11802),#3868,
  #11737);
#11802 = PRESENTATION_STYLE_ASSIGNMENT((#11803));
#11803 = SURFACE_STYLE_USAGE(.BOTH.,#11804);
#11804 = SURFACE_SIDE_STYLE('',(#11805));
#11805 = SURFACE_STYLE_FILL_AREA(#11806);
#11806 = FILL_AREA_STYLE('',(#11807));
#11807 = FILL_AREA_STYLE_COLOUR('',#11751);
#11808 = OVER_RIDING_STYLED_ITEM('overriding color',(#11809),#3885,
  #11737);
#11809 = PRESENTATION_STYLE_ASSIGNMENT((#11810));
#11810 = SURFACE_STYLE_USAGE(.BOTH.,#11811);
#11811 = SURFACE_SIDE_STYLE('',(#11812));
#11812 = SURFACE_STYLE_FILL_AREA(#11813);
#11813 = FILL_AREA_STYLE('',(#11814));
#11814 = FILL_AREA_STYLE_COLOUR('',#11751);
#11815 = OVER_RIDING_STYLED_ITEM('overriding color',(#11816),#3907,
  #11737);
#11816 = PRESENTATION_STYLE_ASSIGNMENT((#11817));
#11817 = SURFACE_STYLE_USAGE(.BOTH.,#11818);
#11818 = SURFACE_SIDE_STYLE('',(#11819));
#11819 = SURFACE_STYLE_FILL_AREA(#11820);
#11820 = FILL_AREA_STYLE('',(#11821));
#11821 = FILL_AREA_STYLE_COLOUR('',#11751);
#11822 = OVER_RIDING_STYLED_ITEM('overriding color',(#11823),#3956,
  #11737);
#11823 = PRESENTATION_STYLE_ASSIGNMENT((#11824));
#11824 = SURFACE_STYLE_USAGE(.BOTH.,#11825);
#11825 = SURFACE_SIDE_STYLE('',(#11826));
#11826 = SURFACE_STYLE_FILL_AREA(#11827);
#11827 = FILL_AREA_STYLE('',(#11828));
#11828 = FILL_AREA_STYLE_COLOUR('',#11751);
#11829 = OVER_RIDING_STYLED_ITEM('overriding color',(#11830),#3980,
  #11737);
#11830 = PRESENTATION_STYLE_ASSIGNMENT((#11831));
#11831 = SURFACE_STYLE_USAGE(.BOTH.,#11832);
#11832 = SURFACE_SIDE_STYLE('',(#11833));
#11833 = SURFACE_STYLE_FILL_AREA(#11834);
#11834 = FILL_AREA_STYLE('',(#11835));
#11835 = FILL_AREA_STYLE_COLOUR('',#11751);
#11836 = OVER_RIDING_STYLED_ITEM('overriding color',(#11837),#4022,
  #11737);
#11837 = PRESENTATION_STYLE_ASSIGNMENT((#11838));
#11838 = SURFACE_STYLE_USAGE(.BOTH.,#11839);
#11839 = SURFACE_SIDE_STYLE('',(#11840));
#11840 = SURFACE_STYLE_FILL_AREA(#11841);
#11841 = FILL_AREA_STYLE('',(#11842));
#11842 = FILL_AREA_STYLE_COLOUR('',#11751);
#11843 = OVER_RIDING_STYLED_ITEM('overriding color',(#11844),#4039,
  #11737);
#11844 = PRESENTATION_STYLE_ASSIGNMENT((#11845));
#11845 = SURFACE_STYLE_USAGE(.BOTH.,#11846);
#11846 = SURFACE_SIDE_STYLE('',(#11847));
#11847 = SURFACE_STYLE_FILL_AREA(#11848);
#11848 = FILL_AREA_STYLE('',(#11849));
#11849 = FILL_AREA_STYLE_COLOUR('',#11751);
#11850 = OVER_RIDING_STYLED_ITEM('overriding color',(#11851),#4061,
  #11737);
#11851 = PRESENTATION_STYLE_ASSIGNMENT((#11852));
#11852 = SURFACE_STYLE_USAGE(.BOTH.,#11853);
#11853 = SURFACE_SIDE_STYLE('',(#11854));
#11854 = SURFACE_STYLE_FILL_AREA(#11855);
#11855 = FILL_AREA_STYLE('',(#11856));
#11856 = FILL_AREA_STYLE_COLOUR('',#11751);
#11857 = OVER_RIDING_STYLED_ITEM('overriding color',(#11858),#4110,
  #11737);
#11858 = PRESENTATION_STYLE_ASSIGNMENT((#11859));
#11859 = SURFACE_STYLE_USAGE(.BOTH.,#11860);
#11860 = SURFACE_SIDE_STYLE('',(#11861));
#11861 = SURFACE_STYLE_FILL_AREA(#11862);
#11862 = FILL_AREA_STYLE('',(#11863));
#11863 = FILL_AREA_STYLE_COLOUR('',#11751);
#11864 = OVER_RIDING_STYLED_ITEM('overriding color',(#11865),#4134,
  #11737);
#11865 = PRESENTATION_STYLE_ASSIGNMENT((#11866));
#11866 = SURFACE_STYLE_USAGE(.BOTH.,#11867);
#11867 = SURFACE_SIDE_STYLE('',(#11868));
#11868 = SURFACE_STYLE_FILL_AREA(#11869);
#11869 = FILL_AREA_STYLE('',(#11870));
#11870 = FILL_AREA_STYLE_COLOUR('',#11751);
#11871 = OVER_RIDING_STYLED_ITEM('overriding color',(#11872),#4176,
  #11737);
#11872 = PRESENTATION_STYLE_ASSIGNMENT((#11873));
#11873 = SURFACE_STYLE_USAGE(.BOTH.,#11874);
#11874 = SURFACE_SIDE_STYLE('',(#11875));
#11875 = SURFACE_STYLE_FILL_AREA(#11876);
#11876 = FILL_AREA_STYLE('',(#11877));
#11877 = FILL_AREA_STYLE_COLOUR('',#11751);
#11878 = OVER_RIDING_STYLED_ITEM('overriding color',(#11879),#4193,
  #11737);
#11879 = PRESENTATION_STYLE_ASSIGNMENT((#11880));
#11880 = SURFACE_STYLE_USAGE(.BOTH.,#11881);
#11881 = SURFACE_SIDE_STYLE('',(#11882));
#11882 = SURFACE_STYLE_FILL_AREA(#11883);
#11883 = FILL_AREA_STYLE('',(#11884));
#11884 = FILL_AREA_STYLE_COLOUR('',#11751);
#11885 = OVER_RIDING_STYLED_ITEM('overriding color',(#11886),#4215,
  #11737);
#11886 = PRESENTATION_STYLE_ASSIGNMENT((#11887));
#11887 = SURFACE_STYLE_USAGE(.BOTH.,#11888);
#11888 = SURFACE_SIDE_STYLE('',(#11889));
#11889 = SURFACE_STYLE_FILL_AREA(#11890);
#11890 = FILL_AREA_STYLE('',(#11891));
#11891 = FILL_AREA_STYLE_COLOUR('',#11751);
#11892 = OVER_RIDING_STYLED_ITEM('overriding color',(#11893),#4227,
  #11737);
#11893 = PRESENTATION_STYLE_ASSIGNMENT((#11894));
#11894 = SURFACE_STYLE_USAGE(.BOTH.,#11895);
#11895 = SURFACE_SIDE_STYLE('',(#11896));
#11896 = SURFACE_STYLE_FILL_AREA(#11897);
#11897 = FILL_AREA_STYLE('',(#11898));
#11898 = FILL_AREA_STYLE_COLOUR('',#11751);
#11899 = OVER_RIDING_STYLED_ITEM('overriding color',(#11900),#4239,
  #11737);
#11900 = PRESENTATION_STYLE_ASSIGNMENT((#11901));
#11901 = SURFACE_STYLE_USAGE(.BOTH.,#11902);
#11902 = SURFACE_SIDE_STYLE('',(#11903));
#11903 = SURFACE_STYLE_FILL_AREA(#11904);
#11904 = FILL_AREA_STYLE('',(#11905));
#11905 = FILL_AREA_STYLE_COLOUR('',#11751);
#11906 = OVER_RIDING_STYLED_ITEM('overriding color',(#11907),#4251,
  #11737);
#11907 = PRESENTATION_STYLE_ASSIGNMENT((#11908));
#11908 = SURFACE_STYLE_USAGE(.BOTH.,#11909);
#11909 = SURFACE_SIDE_STYLE('',(#11910));
#11910 = SURFACE_STYLE_FILL_AREA(#11911);
#11911 = FILL_AREA_STYLE('',(#11912));
#11912 = FILL_AREA_STYLE_COLOUR('',#11751);
#11913 = OVER_RIDING_STYLED_ITEM('overriding color',(#11914),#4263,
  #11737);
#11914 = PRESENTATION_STYLE_ASSIGNMENT((#11915));
#11915 = SURFACE_STYLE_USAGE(.BOTH.,#11916);
#11916 = SURFACE_SIDE_STYLE('',(#11917));
#11917 = SURFACE_STYLE_FILL_AREA(#11918);
#11918 = FILL_AREA_STYLE('',(#11919));
#11919 = FILL_AREA_STYLE_COLOUR('',#11751);
#11920 = OVER_RIDING_STYLED_ITEM('overriding color',(#11921),#4275,
  #11737);
#11921 = PRESENTATION_STYLE_ASSIGNMENT((#11922));
#11922 = SURFACE_STYLE_USAGE(.BOTH.,#11923);
#11923 = SURFACE_SIDE_STYLE('',(#11924));
#11924 = SURFACE_STYLE_FILL_AREA(#11925);
#11925 = FILL_AREA_STYLE('',(#11926));
#11926 = FILL_AREA_STYLE_COLOUR('',#11751);
#11927 = OVER_RIDING_STYLED_ITEM('overriding color',(#11928),#4287,
  #11737);
#11928 = PRESENTATION_STYLE_ASSIGNMENT((#11929));
#11929 = SURFACE_STYLE_USAGE(.BOTH.,#11930);
#11930 = SURFACE_SIDE_STYLE('',(#11931));
#11931 = SURFACE_STYLE_FILL_AREA(#11932);
#11932 = FILL_AREA_STYLE('',(#11933));
#11933 = FILL_AREA_STYLE_COLOUR('',#11751);
#11934 = OVER_RIDING_STYLED_ITEM('overriding color',(#11935),#4299,
  #11737);
#11935 = PRESENTATION_STYLE_ASSIGNMENT((#11936));
#11936 = SURFACE_STYLE_USAGE(.BOTH.,#11937);
#11937 = SURFACE_SIDE_STYLE('',(#11938));
#11938 = SURFACE_STYLE_FILL_AREA(#11939);
#11939 = FILL_AREA_STYLE('',(#11940));
#11940 = FILL_AREA_STYLE_COLOUR('',#11751);
#11941 = MECHANICAL_DESIGN_GEOMETRIC_PRESENTATION_REPRESENTATION('',(
    #11942,#11950,#11957,#11964,#11971,#11978,#11985,#11992,#11999,
    #12006,#12013,#12020,#12027,#12034,#12041,#12048,#12055),#4755);
#11942 = STYLED_ITEM('color',(#11943),#4370);
#11943 = PRESENTATION_STYLE_ASSIGNMENT((#11944));
#11944 = SURFACE_STYLE_USAGE(.BOTH.,#11945);
#11945 = SURFACE_SIDE_STYLE('',(#11946));
#11946 = SURFACE_STYLE_FILL_AREA(#11947);
#11947 = FILL_AREA_STYLE('',(#11948));
#11948 = FILL_AREA_STYLE_COLOUR('',#11949);
#11949 = COLOUR_RGB('',0.883000012551,0.711000022565,0.492000011028);
#11950 = STYLED_ITEM('color',(#11951),#4403);
#11951 = PRESENTATION_STYLE_ASSIGNMENT((#11952));
#11952 = SURFACE_STYLE_USAGE(.BOTH.,#11953);
#11953 = SURFACE_SIDE_STYLE('',(#11954));
#11954 = SURFACE_STYLE_FILL_AREA(#11955);
#11955 = FILL_AREA_STYLE('',(#11956));
#11956 = FILL_AREA_STYLE_COLOUR('',#11949);
#11957 = STYLED_ITEM('color',(#11958),#4429);
#11958 = PRESENTATION_STYLE_ASSIGNMENT((#11959));
#11959 = SURFACE_STYLE_USAGE(.BOTH.,#11960);
#11960 = SURFACE_SIDE_STYLE('',(#11961));
#11961 = SURFACE_STYLE_FILL_AREA(#11962);
#11962 = FILL_AREA_STYLE('',(#11963));
#11963 = FILL_AREA_STYLE_COLOUR('',#11949);
#11964 = STYLED_ITEM('color',(#11965),#4449);
#11965 = PRESENTATION_STYLE_ASSIGNMENT((#11966));
#11966 = SURFACE_STYLE_USAGE(.BOTH.,#11967);
#11967 = SURFACE_SIDE_STYLE('',(#11968));
#11968 = SURFACE_STYLE_FILL_AREA(#11969);
#11969 = FILL_AREA_STYLE('',(#11970));
#11970 = FILL_AREA_STYLE_COLOUR('',#11949);
#11971 = STYLED_ITEM('color',(#11972),#4469);
#11972 = PRESENTATION_STYLE_ASSIGNMENT((#11973));
#11973 = SURFACE_STYLE_USAGE(.BOTH.,#11974);
#11974 = SURFACE_SIDE_STYLE('',(#11975));
#11975 = SURFACE_STYLE_FILL_AREA(#11976);
#11976 = FILL_AREA_STYLE('',(#11977));
#11977 = FILL_AREA_STYLE_COLOUR('',#11949);
#11978 = STYLED_ITEM('color',(#11979),#4494);
#11979 = PRESENTATION_STYLE_ASSIGNMENT((#11980));
#11980 = SURFACE_STYLE_USAGE(.BOTH.,#11981);
#11981 = SURFACE_SIDE_STYLE('',(#11982));
#11982 = SURFACE_STYLE_FILL_AREA(#11983);
#11983 = FILL_AREA_STYLE('',(#11984));
#11984 = FILL_AREA_STYLE_COLOUR('',#11642);
#11985 = STYLED_ITEM('color',(#11986),#4519);
#11986 = PRESENTATION_STYLE_ASSIGNMENT((#11987));
#11987 = SURFACE_STYLE_USAGE(.BOTH.,#11988);
#11988 = SURFACE_SIDE_STYLE('',(#11989));
#11989 = SURFACE_STYLE_FILL_AREA(#11990);
#11990 = FILL_AREA_STYLE('',(#11991));
#11991 = FILL_AREA_STYLE_COLOUR('',#11949);
#11992 = STYLED_ITEM('color',(#11993),#4539);
#11993 = PRESENTATION_STYLE_ASSIGNMENT((#11994));
#11994 = SURFACE_STYLE_USAGE(.BOTH.,#11995);
#11995 = SURFACE_SIDE_STYLE('',(#11996));
#11996 = SURFACE_STYLE_FILL_AREA(#11997);
#11997 = FILL_AREA_STYLE('',(#11998));
#11998 = FILL_AREA_STYLE_COLOUR('',#11642);
#11999 = STYLED_ITEM('color',(#12000),#4548);
#12000 = PRESENTATION_STYLE_ASSIGNMENT((#12001));
#12001 = SURFACE_STYLE_USAGE(.BOTH.,#12002);
#12002 = SURFACE_SIDE_STYLE('',(#12003));
#12003 = SURFACE_STYLE_FILL_AREA(#12004);
#12004 = FILL_AREA_STYLE('',(#12005));
#12005 = FILL_AREA_STYLE_COLOUR('',#11949);
#12006 = STYLED_ITEM('color',(#12007),#4573);
#12007 = PRESENTATION_STYLE_ASSIGNMENT((#12008));
#12008 = SURFACE_STYLE_USAGE(.BOTH.,#12009);
#12009 = SURFACE_SIDE_STYLE('',(#12010));
#12010 = SURFACE_STYLE_FILL_AREA(#12011);
#12011 = FILL_AREA_STYLE('',(#12012));
#12012 = FILL_AREA_STYLE_COLOUR('',#11949);
#12013 = STYLED_ITEM('color',(#12014),#4599);
#12014 = PRESENTATION_STYLE_ASSIGNMENT((#12015));
#12015 = SURFACE_STYLE_USAGE(.BOTH.,#12016);
#12016 = SURFACE_SIDE_STYLE('',(#12017));
#12017 = SURFACE_STYLE_FILL_AREA(#12018);
#12018 = FILL_AREA_STYLE('',(#12019));
#12019 = FILL_AREA_STYLE_COLOUR('',#11949);
#12020 = STYLED_ITEM('color',(#12021),#4619);
#12021 = PRESENTATION_STYLE_ASSIGNMENT((#12022));
#12022 = SURFACE_STYLE_USAGE(.BOTH.,#12023);
#12023 = SURFACE_SIDE_STYLE('',(#12024));
#12024 = SURFACE_STYLE_FILL_AREA(#12025);
#12025 = FILL_AREA_STYLE('',(#12026));
#12026 = FILL_AREA_STYLE_COLOUR('',#11642);
#12027 = STYLED_ITEM('color',(#12028),#4644);
#12028 = PRESENTATION_STYLE_ASSIGNMENT((#12029));
#12029 = SURFACE_STYLE_USAGE(.BOTH.,#12030);
#12030 = SURFACE_SIDE_STYLE('',(#12031));
#12031 = SURFACE_STYLE_FILL_AREA(#12032);
#12032 = FILL_AREA_STYLE('',(#12033));
#12033 = FILL_AREA_STYLE_COLOUR('',#11642);
#12034 = STYLED_ITEM('color',(#12035),#4670);
#12035 = PRESENTATION_STYLE_ASSIGNMENT((#12036));
#12036 = SURFACE_STYLE_USAGE(.BOTH.,#12037);
#12037 = SURFACE_SIDE_STYLE('',(#12038));
#12038 = SURFACE_STYLE_FILL_AREA(#12039);
#12039 = FILL_AREA_STYLE('',(#12040));
#12040 = FILL_AREA_STYLE_COLOUR('',#11642);
#12041 = STYLED_ITEM('color',(#12042),#4695);
#12042 = PRESENTATION_STYLE_ASSIGNMENT((#12043));
#12043 = SURFACE_STYLE_USAGE(.BOTH.,#12044);
#12044 = SURFACE_SIDE_STYLE('',(#12045));
#12045 = SURFACE_STYLE_FILL_AREA(#12046);
#12046 = FILL_AREA_STYLE('',(#12047));
#12047 = FILL_AREA_STYLE_COLOUR('',#11642);
#12048 = STYLED_ITEM('color',(#12049),#4721);
#12049 = PRESENTATION_STYLE_ASSIGNMENT((#12050));
#12050 = SURFACE_STYLE_USAGE(.BOTH.,#12051);
#12051 = SURFACE_SIDE_STYLE('',(#12052));
#12052 = SURFACE_STYLE_FILL_AREA(#12053);
#12053 = FILL_AREA_STYLE('',(#12054));
#12054 = FILL_AREA_STYLE_COLOUR('',#11642);
#12055 = STYLED_ITEM('color',(#12056),#4746);
#12056 = PRESENTATION_STYLE_ASSIGNMENT((#12057));
#12057 = SURFACE_STYLE_USAGE(.BOTH.,#12058);
#12058 = SURFACE_SIDE_STYLE('',(#12059));
#12059 = SURFACE_STYLE_FILL_AREA(#12060);
#12060 = FILL_AREA_STYLE('',(#12061));
#12061 = FILL_AREA_STYLE_COLOUR('',#11642);
#12062 = MECHANICAL_DESIGN_GEOMETRIC_PRESENTATION_REPRESENTATION('',(
    #12063,#12071,#12078,#12085,#12092,#12099,#12106,#12113,#12120,
    #12127,#12134,#12141,#12148,#12155,#12162,#12169,#12176,#12183,
    #12190,#12197,#12204,#12211,#12218,#12225,#12232,#12239,#12246,
    #12253,#12260,#12267,#12274,#12281,#12288,#12295,#12302,#12309,
    #12316,#12323,#12331,#12338,#12345,#12352,#12359,#12366,#12373,
    #12380,#12387,#12394,#12401,#12408,#12415,#12422,#12429,#12436,
    #12443,#12450,#12457,#12464,#12471,#12478,#12485,#12492,#12499,
    #12506,#12513,#12520,#12527,#12534,#12541,#12548,#12555,#12562,
    #12569,#12576,#12583,#12590,#12597,#12604,#12611,#12618,#12625,
    #12632,#12639,#12646,#12653,#12660,#12667,#12674,#12681,#12688,
    #12695,#12702,#12709,#12716,#12723,#12730,#12737,#12744,#12751,
    #12758,#12765,#12772,#12779,#12786,#12793,#12800,#12807,#12814,
    #12821,#12828,#12835,#12842,#12849,#12856,#12863,#12870,#12877,
    #12884,#12891,#12898,#12905,#12912,#12919,#12926,#12933,#12940,
    #12947,#12954,#12961,#12968,#12975,#12982,#12989,#12996,#13003,
    #13010,#13017,#13024,#13031,#13038,#13045,#13052,#13059,#13066,
    #13073,#13080,#13087,#13094,#13101,#13108,#13115,#13122,#13129,
    #13136,#13143,#13150,#13157,#13164,#13171,#13178,#13185,#13192,
    #13199,#13206,#13213,#13220,#13227,#13234,#13241),#9617);
#12063 = STYLED_ITEM('color',(#12064),#4776);
#12064 = PRESENTATION_STYLE_ASSIGNMENT((#12065));
#12065 = SURFACE_STYLE_USAGE(.BOTH.,#12066);
#12066 = SURFACE_SIDE_STYLE('',(#12067));
#12067 = SURFACE_STYLE_FILL_AREA(#12068);
#12068 = FILL_AREA_STYLE('',(#12069));
#12069 = FILL_AREA_STYLE_COLOUR('',#12070);
#12070 = COLOUR_RGB('',0.894117649055,0.890196087049,0.811764731185);
#12071 = STYLED_ITEM('color',(#12072),#4816);
#12072 = PRESENTATION_STYLE_ASSIGNMENT((#12073));
#12073 = SURFACE_STYLE_USAGE(.BOTH.,#12074);
#12074 = SURFACE_SIDE_STYLE('',(#12075));
#12075 = SURFACE_STYLE_FILL_AREA(#12076);
#12076 = FILL_AREA_STYLE('',(#12077));
#12077 = FILL_AREA_STYLE_COLOUR('',#12070);
#12078 = STYLED_ITEM('color',(#12079),#5087);
#12079 = PRESENTATION_STYLE_ASSIGNMENT((#12080));
#12080 = SURFACE_STYLE_USAGE(.BOTH.,#12081);
#12081 = SURFACE_SIDE_STYLE('',(#12082));
#12082 = SURFACE_STYLE_FILL_AREA(#12083);
#12083 = FILL_AREA_STYLE('',(#12084));
#12084 = FILL_AREA_STYLE_COLOUR('',#12070);
#12085 = STYLED_ITEM('color',(#12086),#5111);
#12086 = PRESENTATION_STYLE_ASSIGNMENT((#12087));
#12087 = SURFACE_STYLE_USAGE(.BOTH.,#12088);
#12088 = SURFACE_SIDE_STYLE('',(#12089));
#12089 = SURFACE_STYLE_FILL_AREA(#12090);
#12090 = FILL_AREA_STYLE('',(#12091));
#12091 = FILL_AREA_STYLE_COLOUR('',#12070);
#12092 = STYLED_ITEM('color',(#12093),#5151);
#12093 = PRESENTATION_STYLE_ASSIGNMENT((#12094));
#12094 = SURFACE_STYLE_USAGE(.BOTH.,#12095);
#12095 = SURFACE_SIDE_STYLE('',(#12096));
#12096 = SURFACE_STYLE_FILL_AREA(#12097);
#12097 = FILL_AREA_STYLE('',(#12098));
#12098 = FILL_AREA_STYLE_COLOUR('',#12070);
#12099 = STYLED_ITEM('color',(#12100),#5168);
#12100 = PRESENTATION_STYLE_ASSIGNMENT((#12101));
#12101 = SURFACE_STYLE_USAGE(.BOTH.,#12102);
#12102 = SURFACE_SIDE_STYLE('',(#12103));
#12103 = SURFACE_STYLE_FILL_AREA(#12104);
#12104 = FILL_AREA_STYLE('',(#12105));
#12105 = FILL_AREA_STYLE_COLOUR('',#12070);
#12106 = STYLED_ITEM('color',(#12107),#5199);
#12107 = PRESENTATION_STYLE_ASSIGNMENT((#12108));
#12108 = SURFACE_STYLE_USAGE(.BOTH.,#12109);
#12109 = SURFACE_SIDE_STYLE('',(#12110));
#12110 = SURFACE_STYLE_FILL_AREA(#12111);
#12111 = FILL_AREA_STYLE('',(#12112));
#12112 = FILL_AREA_STYLE_COLOUR('',#12070);
#12113 = STYLED_ITEM('color',(#12114),#5223);
#12114 = PRESENTATION_STYLE_ASSIGNMENT((#12115));
#12115 = SURFACE_STYLE_USAGE(.BOTH.,#12116);
#12116 = SURFACE_SIDE_STYLE('',(#12117));
#12117 = SURFACE_STYLE_FILL_AREA(#12118);
#12118 = FILL_AREA_STYLE('',(#12119));
#12119 = FILL_AREA_STYLE_COLOUR('',#12070);
#12120 = STYLED_ITEM('color',(#12121),#5281);
#12121 = PRESENTATION_STYLE_ASSIGNMENT((#12122));
#12122 = SURFACE_STYLE_USAGE(.BOTH.,#12123);
#12123 = SURFACE_SIDE_STYLE('',(#12124));
#12124 = SURFACE_STYLE_FILL_AREA(#12125);
#12125 = FILL_AREA_STYLE('',(#12126));
#12126 = FILL_AREA_STYLE_COLOUR('',#12070);
#12127 = STYLED_ITEM('color',(#12128),#5305);
#12128 = PRESENTATION_STYLE_ASSIGNMENT((#12129));
#12129 = SURFACE_STYLE_USAGE(.BOTH.,#12130);
#12130 = SURFACE_SIDE_STYLE('',(#12131));
#12131 = SURFACE_STYLE_FILL_AREA(#12132);
#12132 = FILL_AREA_STYLE('',(#12133));
#12133 = FILL_AREA_STYLE_COLOUR('',#12070);
#12134 = STYLED_ITEM('color',(#12135),#5363);
#12135 = PRESENTATION_STYLE_ASSIGNMENT((#12136));
#12136 = SURFACE_STYLE_USAGE(.BOTH.,#12137);
#12137 = SURFACE_SIDE_STYLE('',(#12138));
#12138 = SURFACE_STYLE_FILL_AREA(#12139);
#12139 = FILL_AREA_STYLE('',(#12140));
#12140 = FILL_AREA_STYLE_COLOUR('',#12070);
#12141 = STYLED_ITEM('color',(#12142),#5387);
#12142 = PRESENTATION_STYLE_ASSIGNMENT((#12143));
#12143 = SURFACE_STYLE_USAGE(.BOTH.,#12144);
#12144 = SURFACE_SIDE_STYLE('',(#12145));
#12145 = SURFACE_STYLE_FILL_AREA(#12146);
#12146 = FILL_AREA_STYLE('',(#12147));
#12147 = FILL_AREA_STYLE_COLOUR('',#12070);
#12148 = STYLED_ITEM('color',(#12149),#5445);
#12149 = PRESENTATION_STYLE_ASSIGNMENT((#12150));
#12150 = SURFACE_STYLE_USAGE(.BOTH.,#12151);
#12151 = SURFACE_SIDE_STYLE('',(#12152));
#12152 = SURFACE_STYLE_FILL_AREA(#12153);
#12153 = FILL_AREA_STYLE('',(#12154));
#12154 = FILL_AREA_STYLE_COLOUR('',#12070);
#12155 = STYLED_ITEM('color',(#12156),#5469);
#12156 = PRESENTATION_STYLE_ASSIGNMENT((#12157));
#12157 = SURFACE_STYLE_USAGE(.BOTH.,#12158);
#12158 = SURFACE_SIDE_STYLE('',(#12159));
#12159 = SURFACE_STYLE_FILL_AREA(#12160);
#12160 = FILL_AREA_STYLE('',(#12161));
#12161 = FILL_AREA_STYLE_COLOUR('',#12070);
#12162 = STYLED_ITEM('color',(#12163),#5527);
#12163 = PRESENTATION_STYLE_ASSIGNMENT((#12164));
#12164 = SURFACE_STYLE_USAGE(.BOTH.,#12165);
#12165 = SURFACE_SIDE_STYLE('',(#12166));
#12166 = SURFACE_STYLE_FILL_AREA(#12167);
#12167 = FILL_AREA_STYLE('',(#12168));
#12168 = FILL_AREA_STYLE_COLOUR('',#12070);
#12169 = STYLED_ITEM('color',(#12170),#5551);
#12170 = PRESENTATION_STYLE_ASSIGNMENT((#12171));
#12171 = SURFACE_STYLE_USAGE(.BOTH.,#12172);
#12172 = SURFACE_SIDE_STYLE('',(#12173));
#12173 = SURFACE_STYLE_FILL_AREA(#12174);
#12174 = FILL_AREA_STYLE('',(#12175));
#12175 = FILL_AREA_STYLE_COLOUR('',#12070);
#12176 = STYLED_ITEM('color',(#12177),#5609);
#12177 = PRESENTATION_STYLE_ASSIGNMENT((#12178));
#12178 = SURFACE_STYLE_USAGE(.BOTH.,#12179);
#12179 = SURFACE_SIDE_STYLE('',(#12180));
#12180 = SURFACE_STYLE_FILL_AREA(#12181);
#12181 = FILL_AREA_STYLE('',(#12182));
#12182 = FILL_AREA_STYLE_COLOUR('',#12070);
#12183 = STYLED_ITEM('color',(#12184),#5633);
#12184 = PRESENTATION_STYLE_ASSIGNMENT((#12185));
#12185 = SURFACE_STYLE_USAGE(.BOTH.,#12186);
#12186 = SURFACE_SIDE_STYLE('',(#12187));
#12187 = SURFACE_STYLE_FILL_AREA(#12188);
#12188 = FILL_AREA_STYLE('',(#12189));
#12189 = FILL_AREA_STYLE_COLOUR('',#12070);
#12190 = STYLED_ITEM('color',(#12191),#5691);
#12191 = PRESENTATION_STYLE_ASSIGNMENT((#12192));
#12192 = SURFACE_STYLE_USAGE(.BOTH.,#12193);
#12193 = SURFACE_SIDE_STYLE('',(#12194));
#12194 = SURFACE_STYLE_FILL_AREA(#12195);
#12195 = FILL_AREA_STYLE('',(#12196));
#12196 = FILL_AREA_STYLE_COLOUR('',#12070);
#12197 = STYLED_ITEM('color',(#12198),#5715);
#12198 = PRESENTATION_STYLE_ASSIGNMENT((#12199));
#12199 = SURFACE_STYLE_USAGE(.BOTH.,#12200);
#12200 = SURFACE_SIDE_STYLE('',(#12201));
#12201 = SURFACE_STYLE_FILL_AREA(#12202);
#12202 = FILL_AREA_STYLE('',(#12203));
#12203 = FILL_AREA_STYLE_COLOUR('',#12070);
#12204 = STYLED_ITEM('color',(#12205),#5773);
#12205 = PRESENTATION_STYLE_ASSIGNMENT((#12206));
#12206 = SURFACE_STYLE_USAGE(.BOTH.,#12207);
#12207 = SURFACE_SIDE_STYLE('',(#12208));
#12208 = SURFACE_STYLE_FILL_AREA(#12209);
#12209 = FILL_AREA_STYLE('',(#12210));
#12210 = FILL_AREA_STYLE_COLOUR('',#12070);
#12211 = STYLED_ITEM('color',(#12212),#5797);
#12212 = PRESENTATION_STYLE_ASSIGNMENT((#12213));
#12213 = SURFACE_STYLE_USAGE(.BOTH.,#12214);
#12214 = SURFACE_SIDE_STYLE('',(#12215));
#12215 = SURFACE_STYLE_FILL_AREA(#12216);
#12216 = FILL_AREA_STYLE('',(#12217));
#12217 = FILL_AREA_STYLE_COLOUR('',#12070);
#12218 = STYLED_ITEM('color',(#12219),#5855);
#12219 = PRESENTATION_STYLE_ASSIGNMENT((#12220));
#12220 = SURFACE_STYLE_USAGE(.BOTH.,#12221);
#12221 = SURFACE_SIDE_STYLE('',(#12222));
#12222 = SURFACE_STYLE_FILL_AREA(#12223);
#12223 = FILL_AREA_STYLE('',(#12224));
#12224 = FILL_AREA_STYLE_COLOUR('',#12070);
#12225 = STYLED_ITEM('color',(#12226),#5879);
#12226 = PRESENTATION_STYLE_ASSIGNMENT((#12227));
#12227 = SURFACE_STYLE_USAGE(.BOTH.,#12228);
#12228 = SURFACE_SIDE_STYLE('',(#12229));
#12229 = SURFACE_STYLE_FILL_AREA(#12230);
#12230 = FILL_AREA_STYLE('',(#12231));
#12231 = FILL_AREA_STYLE_COLOUR('',#12070);
#12232 = STYLED_ITEM('color',(#12233),#5937);
#12233 = PRESENTATION_STYLE_ASSIGNMENT((#12234));
#12234 = SURFACE_STYLE_USAGE(.BOTH.,#12235);
#12235 = SURFACE_SIDE_STYLE('',(#12236));
#12236 = SURFACE_STYLE_FILL_AREA(#12237);
#12237 = FILL_AREA_STYLE('',(#12238));
#12238 = FILL_AREA_STYLE_COLOUR('',#12070);
#12239 = STYLED_ITEM('color',(#12240),#5961);
#12240 = PRESENTATION_STYLE_ASSIGNMENT((#12241));
#12241 = SURFACE_STYLE_USAGE(.BOTH.,#12242);
#12242 = SURFACE_SIDE_STYLE('',(#12243));
#12243 = SURFACE_STYLE_FILL_AREA(#12244);
#12244 = FILL_AREA_STYLE('',(#12245));
#12245 = FILL_AREA_STYLE_COLOUR('',#12070);
#12246 = STYLED_ITEM('color',(#12247),#6019);
#12247 = PRESENTATION_STYLE_ASSIGNMENT((#12248));
#12248 = SURFACE_STYLE_USAGE(.BOTH.,#12249);
#12249 = SURFACE_SIDE_STYLE('',(#12250));
#12250 = SURFACE_STYLE_FILL_AREA(#12251);
#12251 = FILL_AREA_STYLE('',(#12252));
#12252 = FILL_AREA_STYLE_COLOUR('',#12070);
#12253 = STYLED_ITEM('color',(#12254),#6043);
#12254 = PRESENTATION_STYLE_ASSIGNMENT((#12255));
#12255 = SURFACE_STYLE_USAGE(.BOTH.,#12256);
#12256 = SURFACE_SIDE_STYLE('',(#12257));
#12257 = SURFACE_STYLE_FILL_AREA(#12258);
#12258 = FILL_AREA_STYLE('',(#12259));
#12259 = FILL_AREA_STYLE_COLOUR('',#12070);
#12260 = STYLED_ITEM('color',(#12261),#6101);
#12261 = PRESENTATION_STYLE_ASSIGNMENT((#12262));
#12262 = SURFACE_STYLE_USAGE(.BOTH.,#12263);
#12263 = SURFACE_SIDE_STYLE('',(#12264));
#12264 = SURFACE_STYLE_FILL_AREA(#12265);
#12265 = FILL_AREA_STYLE('',(#12266));
#12266 = FILL_AREA_STYLE_COLOUR('',#12070);
#12267 = STYLED_ITEM('color',(#12268),#6125);
#12268 = PRESENTATION_STYLE_ASSIGNMENT((#12269));
#12269 = SURFACE_STYLE_USAGE(.BOTH.,#12270);
#12270 = SURFACE_SIDE_STYLE('',(#12271));
#12271 = SURFACE_STYLE_FILL_AREA(#12272);
#12272 = FILL_AREA_STYLE('',(#12273));
#12273 = FILL_AREA_STYLE_COLOUR('',#12070);
#12274 = STYLED_ITEM('color',(#12275),#6149);
#12275 = PRESENTATION_STYLE_ASSIGNMENT((#12276));
#12276 = SURFACE_STYLE_USAGE(.BOTH.,#12277);
#12277 = SURFACE_SIDE_STYLE('',(#12278));
#12278 = SURFACE_STYLE_FILL_AREA(#12279);
#12279 = FILL_AREA_STYLE('',(#12280));
#12280 = FILL_AREA_STYLE_COLOUR('',#12070);
#12281 = STYLED_ITEM('color',(#12282),#6173);
#12282 = PRESENTATION_STYLE_ASSIGNMENT((#12283));
#12283 = SURFACE_STYLE_USAGE(.BOTH.,#12284);
#12284 = SURFACE_SIDE_STYLE('',(#12285));
#12285 = SURFACE_STYLE_FILL_AREA(#12286);
#12286 = FILL_AREA_STYLE('',(#12287));
#12287 = FILL_AREA_STYLE_COLOUR('',#12070);
#12288 = STYLED_ITEM('color',(#12289),#6594);
#12289 = PRESENTATION_STYLE_ASSIGNMENT((#12290));
#12290 = SURFACE_STYLE_USAGE(.BOTH.,#12291);
#12291 = SURFACE_SIDE_STYLE('',(#12292));
#12292 = SURFACE_STYLE_FILL_AREA(#12293);
#12293 = FILL_AREA_STYLE('',(#12294));
#12294 = FILL_AREA_STYLE_COLOUR('',#12070);
#12295 = STYLED_ITEM('color',(#12296),#6645);
#12296 = PRESENTATION_STYLE_ASSIGNMENT((#12297));
#12297 = SURFACE_STYLE_USAGE(.BOTH.,#12298);
#12298 = SURFACE_SIDE_STYLE('',(#12299));
#12299 = SURFACE_STYLE_FILL_AREA(#12300);
#12300 = FILL_AREA_STYLE('',(#12301));
#12301 = FILL_AREA_STYLE_COLOUR('',#12070);
#12302 = STYLED_ITEM('color',(#12303),#6696);
#12303 = PRESENTATION_STYLE_ASSIGNMENT((#12304));
#12304 = SURFACE_STYLE_USAGE(.BOTH.,#12305);
#12305 = SURFACE_SIDE_STYLE('',(#12306));
#12306 = SURFACE_STYLE_FILL_AREA(#12307);
#12307 = FILL_AREA_STYLE('',(#12308));
#12308 = FILL_AREA_STYLE_COLOUR('',#12070);
#12309 = STYLED_ITEM('color',(#12310),#6713);
#12310 = PRESENTATION_STYLE_ASSIGNMENT((#12311));
#12311 = SURFACE_STYLE_USAGE(.BOTH.,#12312);
#12312 = SURFACE_SIDE_STYLE('',(#12313));
#12313 = SURFACE_STYLE_FILL_AREA(#12314);
#12314 = FILL_AREA_STYLE('',(#12315));
#12315 = FILL_AREA_STYLE_COLOUR('',#12070);
#12316 = STYLED_ITEM('color',(#12317),#6730);
#12317 = PRESENTATION_STYLE_ASSIGNMENT((#12318));
#12318 = SURFACE_STYLE_USAGE(.BOTH.,#12319);
#12319 = SURFACE_SIDE_STYLE('',(#12320));
#12320 = SURFACE_STYLE_FILL_AREA(#12321);
#12321 = FILL_AREA_STYLE('',(#12322));
#12322 = FILL_AREA_STYLE_COLOUR('',#12070);
#12323 = STYLED_ITEM('color',(#12324),#6766);
#12324 = PRESENTATION_STYLE_ASSIGNMENT((#12325));
#12325 = SURFACE_STYLE_USAGE(.BOTH.,#12326);
#12326 = SURFACE_SIDE_STYLE('',(#12327));
#12327 = SURFACE_STYLE_FILL_AREA(#12328);
#12328 = FILL_AREA_STYLE('',(#12329));
#12329 = FILL_AREA_STYLE_COLOUR('',#12330);
#12330 = COLOUR_RGB('',0.823529417451,0.819607860991,0.780392170416);
#12331 = STYLED_ITEM('color',(#12332),#6797);
#12332 = PRESENTATION_STYLE_ASSIGNMENT((#12333));
#12333 = SURFACE_STYLE_USAGE(.BOTH.,#12334);
#12334 = SURFACE_SIDE_STYLE('',(#12335));
#12335 = SURFACE_STYLE_FILL_AREA(#12336);
#12336 = FILL_AREA_STYLE('',(#12337));
#12337 = FILL_AREA_STYLE_COLOUR('',#12330);
#12338 = STYLED_ITEM('color',(#12339),#6821);
#12339 = PRESENTATION_STYLE_ASSIGNMENT((#12340));
#12340 = SURFACE_STYLE_USAGE(.BOTH.,#12341);
#12341 = SURFACE_SIDE_STYLE('',(#12342));
#12342 = SURFACE_STYLE_FILL_AREA(#12343);
#12343 = FILL_AREA_STYLE('',(#12344));
#12344 = FILL_AREA_STYLE_COLOUR('',#12330);
#12345 = STYLED_ITEM('color',(#12346),#6845);
#12346 = PRESENTATION_STYLE_ASSIGNMENT((#12347));
#12347 = SURFACE_STYLE_USAGE(.BOTH.,#12348);
#12348 = SURFACE_SIDE_STYLE('',(#12349));
#12349 = SURFACE_STYLE_FILL_AREA(#12350);
#12350 = FILL_AREA_STYLE('',(#12351));
#12351 = FILL_AREA_STYLE_COLOUR('',#12330);
#12352 = STYLED_ITEM('color',(#12353),#6862);
#12353 = PRESENTATION_STYLE_ASSIGNMENT((#12354));
#12354 = SURFACE_STYLE_USAGE(.BOTH.,#12355);
#12355 = SURFACE_SIDE_STYLE('',(#12356));
#12356 = SURFACE_STYLE_FILL_AREA(#12357);
#12357 = FILL_AREA_STYLE('',(#12358));
#12358 = FILL_AREA_STYLE_COLOUR('',#12070);
#12359 = STYLED_ITEM('color',(#12360),#6884);
#12360 = PRESENTATION_STYLE_ASSIGNMENT((#12361));
#12361 = SURFACE_STYLE_USAGE(.BOTH.,#12362);
#12362 = SURFACE_SIDE_STYLE('',(#12363));
#12363 = SURFACE_STYLE_FILL_AREA(#12364);
#12364 = FILL_AREA_STYLE('',(#12365));
#12365 = FILL_AREA_STYLE_COLOUR('',#12070);
#12366 = STYLED_ITEM('color',(#12367),#6901);
#12367 = PRESENTATION_STYLE_ASSIGNMENT((#12368));
#12368 = SURFACE_STYLE_USAGE(.BOTH.,#12369);
#12369 = SURFACE_SIDE_STYLE('',(#12370));
#12370 = SURFACE_STYLE_FILL_AREA(#12371);
#12371 = FILL_AREA_STYLE('',(#12372));
#12372 = FILL_AREA_STYLE_COLOUR('',#12070);
#12373 = STYLED_ITEM('color',(#12374),#6918);
#12374 = PRESENTATION_STYLE_ASSIGNMENT((#12375));
#12375 = SURFACE_STYLE_USAGE(.BOTH.,#12376);
#12376 = SURFACE_SIDE_STYLE('',(#12377));
#12377 = SURFACE_STYLE_FILL_AREA(#12378);
#12378 = FILL_AREA_STYLE('',(#12379));
#12379 = FILL_AREA_STYLE_COLOUR('',#12070);
#12380 = STYLED_ITEM('color',(#12381),#6930);
#12381 = PRESENTATION_STYLE_ASSIGNMENT((#12382));
#12382 = SURFACE_STYLE_USAGE(.BOTH.,#12383);
#12383 = SURFACE_SIDE_STYLE('',(#12384));
#12384 = SURFACE_STYLE_FILL_AREA(#12385);
#12385 = FILL_AREA_STYLE('',(#12386));
#12386 = FILL_AREA_STYLE_COLOUR('',#12330);
#12387 = STYLED_ITEM('color',(#12388),#6961);
#12388 = PRESENTATION_STYLE_ASSIGNMENT((#12389));
#12389 = SURFACE_STYLE_USAGE(.BOTH.,#12390);
#12390 = SURFACE_SIDE_STYLE('',(#12391));
#12391 = SURFACE_STYLE_FILL_AREA(#12392);
#12392 = FILL_AREA_STYLE('',(#12393));
#12393 = FILL_AREA_STYLE_COLOUR('',#12330);
#12394 = STYLED_ITEM('color',(#12395),#6985);
#12395 = PRESENTATION_STYLE_ASSIGNMENT((#12396));
#12396 = SURFACE_STYLE_USAGE(.BOTH.,#12397);
#12397 = SURFACE_SIDE_STYLE('',(#12398));
#12398 = SURFACE_STYLE_FILL_AREA(#12399);
#12399 = FILL_AREA_STYLE('',(#12400));
#12400 = FILL_AREA_STYLE_COLOUR('',#12330);
#12401 = STYLED_ITEM('color',(#12402),#7009);
#12402 = PRESENTATION_STYLE_ASSIGNMENT((#12403));
#12403 = SURFACE_STYLE_USAGE(.BOTH.,#12404);
#12404 = SURFACE_SIDE_STYLE('',(#12405));
#12405 = SURFACE_STYLE_FILL_AREA(#12406);
#12406 = FILL_AREA_STYLE('',(#12407));
#12407 = FILL_AREA_STYLE_COLOUR('',#12330);
#12408 = STYLED_ITEM('color',(#12409),#7026);
#12409 = PRESENTATION_STYLE_ASSIGNMENT((#12410));
#12410 = SURFACE_STYLE_USAGE(.BOTH.,#12411);
#12411 = SURFACE_SIDE_STYLE('',(#12412));
#12412 = SURFACE_STYLE_FILL_AREA(#12413);
#12413 = FILL_AREA_STYLE('',(#12414));
#12414 = FILL_AREA_STYLE_COLOUR('',#12070);
#12415 = STYLED_ITEM('color',(#12416),#7048);
#12416 = PRESENTATION_STYLE_ASSIGNMENT((#12417));
#12417 = SURFACE_STYLE_USAGE(.BOTH.,#12418);
#12418 = SURFACE_SIDE_STYLE('',(#12419));
#12419 = SURFACE_STYLE_FILL_AREA(#12420);
#12420 = FILL_AREA_STYLE('',(#12421));
#12421 = FILL_AREA_STYLE_COLOUR('',#12070);
#12422 = STYLED_ITEM('color',(#12423),#7065);
#12423 = PRESENTATION_STYLE_ASSIGNMENT((#12424));
#12424 = SURFACE_STYLE_USAGE(.BOTH.,#12425);
#12425 = SURFACE_SIDE_STYLE('',(#12426));
#12426 = SURFACE_STYLE_FILL_AREA(#12427);
#12427 = FILL_AREA_STYLE('',(#12428));
#12428 = FILL_AREA_STYLE_COLOUR('',#12070);
#12429 = STYLED_ITEM('color',(#12430),#7082);
#12430 = PRESENTATION_STYLE_ASSIGNMENT((#12431));
#12431 = SURFACE_STYLE_USAGE(.BOTH.,#12432);
#12432 = SURFACE_SIDE_STYLE('',(#12433));
#12433 = SURFACE_STYLE_FILL_AREA(#12434);
#12434 = FILL_AREA_STYLE('',(#12435));
#12435 = FILL_AREA_STYLE_COLOUR('',#12070);
#12436 = STYLED_ITEM('color',(#12437),#7094);
#12437 = PRESENTATION_STYLE_ASSIGNMENT((#12438));
#12438 = SURFACE_STYLE_USAGE(.BOTH.,#12439);
#12439 = SURFACE_SIDE_STYLE('',(#12440));
#12440 = SURFACE_STYLE_FILL_AREA(#12441);
#12441 = FILL_AREA_STYLE('',(#12442));
#12442 = FILL_AREA_STYLE_COLOUR('',#12330);
#12443 = STYLED_ITEM('color',(#12444),#7125);
#12444 = PRESENTATION_STYLE_ASSIGNMENT((#12445));
#12445 = SURFACE_STYLE_USAGE(.BOTH.,#12446);
#12446 = SURFACE_SIDE_STYLE('',(#12447));
#12447 = SURFACE_STYLE_FILL_AREA(#12448);
#12448 = FILL_AREA_STYLE('',(#12449));
#12449 = FILL_AREA_STYLE_COLOUR('',#12330);
#12450 = STYLED_ITEM('color',(#12451),#7149);
#12451 = PRESENTATION_STYLE_ASSIGNMENT((#12452));
#12452 = SURFACE_STYLE_USAGE(.BOTH.,#12453);
#12453 = SURFACE_SIDE_STYLE('',(#12454));
#12454 = SURFACE_STYLE_FILL_AREA(#12455);
#12455 = FILL_AREA_STYLE('',(#12456));
#12456 = FILL_AREA_STYLE_COLOUR('',#12330);
#12457 = STYLED_ITEM('color',(#12458),#7173);
#12458 = PRESENTATION_STYLE_ASSIGNMENT((#12459));
#12459 = SURFACE_STYLE_USAGE(.BOTH.,#12460);
#12460 = SURFACE_SIDE_STYLE('',(#12461));
#12461 = SURFACE_STYLE_FILL_AREA(#12462);
#12462 = FILL_AREA_STYLE('',(#12463));
#12463 = FILL_AREA_STYLE_COLOUR('',#12330);
#12464 = STYLED_ITEM('color',(#12465),#7190);
#12465 = PRESENTATION_STYLE_ASSIGNMENT((#12466));
#12466 = SURFACE_STYLE_USAGE(.BOTH.,#12467);
#12467 = SURFACE_SIDE_STYLE('',(#12468));
#12468 = SURFACE_STYLE_FILL_AREA(#12469);
#12469 = FILL_AREA_STYLE('',(#12470));
#12470 = FILL_AREA_STYLE_COLOUR('',#12070);
#12471 = STYLED_ITEM('color',(#12472),#7212);
#12472 = PRESENTATION_STYLE_ASSIGNMENT((#12473));
#12473 = SURFACE_STYLE_USAGE(.BOTH.,#12474);
#12474 = SURFACE_SIDE_STYLE('',(#12475));
#12475 = SURFACE_STYLE_FILL_AREA(#12476);
#12476 = FILL_AREA_STYLE('',(#12477));
#12477 = FILL_AREA_STYLE_COLOUR('',#12070);
#12478 = STYLED_ITEM('color',(#12479),#7229);
#12479 = PRESENTATION_STYLE_ASSIGNMENT((#12480));
#12480 = SURFACE_STYLE_USAGE(.BOTH.,#12481);
#12481 = SURFACE_SIDE_STYLE('',(#12482));
#12482 = SURFACE_STYLE_FILL_AREA(#12483);
#12483 = FILL_AREA_STYLE('',(#12484));
#12484 = FILL_AREA_STYLE_COLOUR('',#12070);
#12485 = STYLED_ITEM('color',(#12486),#7246);
#12486 = PRESENTATION_STYLE_ASSIGNMENT((#12487));
#12487 = SURFACE_STYLE_USAGE(.BOTH.,#12488);
#12488 = SURFACE_SIDE_STYLE('',(#12489));
#12489 = SURFACE_STYLE_FILL_AREA(#12490);
#12490 = FILL_AREA_STYLE('',(#12491));
#12491 = FILL_AREA_STYLE_COLOUR('',#12070);
#12492 = STYLED_ITEM('color',(#12493),#7258);
#12493 = PRESENTATION_STYLE_ASSIGNMENT((#12494));
#12494 = SURFACE_STYLE_USAGE(.BOTH.,#12495);
#12495 = SURFACE_SIDE_STYLE('',(#12496));
#12496 = SURFACE_STYLE_FILL_AREA(#12497);
#12497 = FILL_AREA_STYLE('',(#12498));
#12498 = FILL_AREA_STYLE_COLOUR('',#12330);
#12499 = STYLED_ITEM('color',(#12500),#7289);
#12500 = PRESENTATION_STYLE_ASSIGNMENT((#12501));
#12501 = SURFACE_STYLE_USAGE(.BOTH.,#12502);
#12502 = SURFACE_SIDE_STYLE('',(#12503));
#12503 = SURFACE_STYLE_FILL_AREA(#12504);
#12504 = FILL_AREA_STYLE('',(#12505));
#12505 = FILL_AREA_STYLE_COLOUR('',#12330);
#12506 = STYLED_ITEM('color',(#12507),#7313);
#12507 = PRESENTATION_STYLE_ASSIGNMENT((#12508));
#12508 = SURFACE_STYLE_USAGE(.BOTH.,#12509);
#12509 = SURFACE_SIDE_STYLE('',(#12510));
#12510 = SURFACE_STYLE_FILL_AREA(#12511);
#12511 = FILL_AREA_STYLE('',(#12512));
#12512 = FILL_AREA_STYLE_COLOUR('',#12330);
#12513 = STYLED_ITEM('color',(#12514),#7337);
#12514 = PRESENTATION_STYLE_ASSIGNMENT((#12515));
#12515 = SURFACE_STYLE_USAGE(.BOTH.,#12516);
#12516 = SURFACE_SIDE_STYLE('',(#12517));
#12517 = SURFACE_STYLE_FILL_AREA(#12518);
#12518 = FILL_AREA_STYLE('',(#12519));
#12519 = FILL_AREA_STYLE_COLOUR('',#12330);
#12520 = STYLED_ITEM('color',(#12521),#7354);
#12521 = PRESENTATION_STYLE_ASSIGNMENT((#12522));
#12522 = SURFACE_STYLE_USAGE(.BOTH.,#12523);
#12523 = SURFACE_SIDE_STYLE('',(#12524));
#12524 = SURFACE_STYLE_FILL_AREA(#12525);
#12525 = FILL_AREA_STYLE('',(#12526));
#12526 = FILL_AREA_STYLE_COLOUR('',#12070);
#12527 = STYLED_ITEM('color',(#12528),#7376);
#12528 = PRESENTATION_STYLE_ASSIGNMENT((#12529));
#12529 = SURFACE_STYLE_USAGE(.BOTH.,#12530);
#12530 = SURFACE_SIDE_STYLE('',(#12531));
#12531 = SURFACE_STYLE_FILL_AREA(#12532);
#12532 = FILL_AREA_STYLE('',(#12533));
#12533 = FILL_AREA_STYLE_COLOUR('',#12070);
#12534 = STYLED_ITEM('color',(#12535),#7393);
#12535 = PRESENTATION_STYLE_ASSIGNMENT((#12536));
#12536 = SURFACE_STYLE_USAGE(.BOTH.,#12537);
#12537 = SURFACE_SIDE_STYLE('',(#12538));
#12538 = SURFACE_STYLE_FILL_AREA(#12539);
#12539 = FILL_AREA_STYLE('',(#12540));
#12540 = FILL_AREA_STYLE_COLOUR('',#12070);
#12541 = STYLED_ITEM('color',(#12542),#7410);
#12542 = PRESENTATION_STYLE_ASSIGNMENT((#12543));
#12543 = SURFACE_STYLE_USAGE(.BOTH.,#12544);
#12544 = SURFACE_SIDE_STYLE('',(#12545));
#12545 = SURFACE_STYLE_FILL_AREA(#12546);
#12546 = FILL_AREA_STYLE('',(#12547));
#12547 = FILL_AREA_STYLE_COLOUR('',#12070);
#12548 = STYLED_ITEM('color',(#12549),#7422);
#12549 = PRESENTATION_STYLE_ASSIGNMENT((#12550));
#12550 = SURFACE_STYLE_USAGE(.BOTH.,#12551);
#12551 = SURFACE_SIDE_STYLE('',(#12552));
#12552 = SURFACE_STYLE_FILL_AREA(#12553);
#12553 = FILL_AREA_STYLE('',(#12554));
#12554 = FILL_AREA_STYLE_COLOUR('',#12330);
#12555 = STYLED_ITEM('color',(#12556),#7453);
#12556 = PRESENTATION_STYLE_ASSIGNMENT((#12557));
#12557 = SURFACE_STYLE_USAGE(.BOTH.,#12558);
#12558 = SURFACE_SIDE_STYLE('',(#12559));
#12559 = SURFACE_STYLE_FILL_AREA(#12560);
#12560 = FILL_AREA_STYLE('',(#12561));
#12561 = FILL_AREA_STYLE_COLOUR('',#12330);
#12562 = STYLED_ITEM('color',(#12563),#7477);
#12563 = PRESENTATION_STYLE_ASSIGNMENT((#12564));
#12564 = SURFACE_STYLE_USAGE(.BOTH.,#12565);
#12565 = SURFACE_SIDE_STYLE('',(#12566));
#12566 = SURFACE_STYLE_FILL_AREA(#12567);
#12567 = FILL_AREA_STYLE('',(#12568));
#12568 = FILL_AREA_STYLE_COLOUR('',#12330);
#12569 = STYLED_ITEM('color',(#12570),#7501);
#12570 = PRESENTATION_STYLE_ASSIGNMENT((#12571));
#12571 = SURFACE_STYLE_USAGE(.BOTH.,#12572);
#12572 = SURFACE_SIDE_STYLE('',(#12573));
#12573 = SURFACE_STYLE_FILL_AREA(#12574);
#12574 = FILL_AREA_STYLE('',(#12575));
#12575 = FILL_AREA_STYLE_COLOUR('',#12330);
#12576 = STYLED_ITEM('color',(#12577),#7518);
#12577 = PRESENTATION_STYLE_ASSIGNMENT((#12578));
#12578 = SURFACE_STYLE_USAGE(.BOTH.,#12579);
#12579 = SURFACE_SIDE_STYLE('',(#12580));
#12580 = SURFACE_STYLE_FILL_AREA(#12581);
#12581 = FILL_AREA_STYLE('',(#12582));
#12582 = FILL_AREA_STYLE_COLOUR('',#12070);
#12583 = STYLED_ITEM('color',(#12584),#7540);
#12584 = PRESENTATION_STYLE_ASSIGNMENT((#12585));
#12585 = SURFACE_STYLE_USAGE(.BOTH.,#12586);
#12586 = SURFACE_SIDE_STYLE('',(#12587));
#12587 = SURFACE_STYLE_FILL_AREA(#12588);
#12588 = FILL_AREA_STYLE('',(#12589));
#12589 = FILL_AREA_STYLE_COLOUR('',#12070);
#12590 = STYLED_ITEM('color',(#12591),#7557);
#12591 = PRESENTATION_STYLE_ASSIGNMENT((#12592));
#12592 = SURFACE_STYLE_USAGE(.BOTH.,#12593);
#12593 = SURFACE_SIDE_STYLE('',(#12594));
#12594 = SURFACE_STYLE_FILL_AREA(#12595);
#12595 = FILL_AREA_STYLE('',(#12596));
#12596 = FILL_AREA_STYLE_COLOUR('',#12070);
#12597 = STYLED_ITEM('color',(#12598),#7574);
#12598 = PRESENTATION_STYLE_ASSIGNMENT((#12599));
#12599 = SURFACE_STYLE_USAGE(.BOTH.,#12600);
#12600 = SURFACE_SIDE_STYLE('',(#12601));
#12601 = SURFACE_STYLE_FILL_AREA(#12602);
#12602 = FILL_AREA_STYLE('',(#12603));
#12603 = FILL_AREA_STYLE_COLOUR('',#12070);
#12604 = STYLED_ITEM('color',(#12605),#7586);
#12605 = PRESENTATION_STYLE_ASSIGNMENT((#12606));
#12606 = SURFACE_STYLE_USAGE(.BOTH.,#12607);
#12607 = SURFACE_SIDE_STYLE('',(#12608));
#12608 = SURFACE_STYLE_FILL_AREA(#12609);
#12609 = FILL_AREA_STYLE('',(#12610));
#12610 = FILL_AREA_STYLE_COLOUR('',#12330);
#12611 = STYLED_ITEM('color',(#12612),#7617);
#12612 = PRESENTATION_STYLE_ASSIGNMENT((#12613));
#12613 = SURFACE_STYLE_USAGE(.BOTH.,#12614);
#12614 = SURFACE_SIDE_STYLE('',(#12615));
#12615 = SURFACE_STYLE_FILL_AREA(#12616);
#12616 = FILL_AREA_STYLE('',(#12617));
#12617 = FILL_AREA_STYLE_COLOUR('',#12330);
#12618 = STYLED_ITEM('color',(#12619),#7641);
#12619 = PRESENTATION_STYLE_ASSIGNMENT((#12620));
#12620 = SURFACE_STYLE_USAGE(.BOTH.,#12621);
#12621 = SURFACE_SIDE_STYLE('',(#12622));
#12622 = SURFACE_STYLE_FILL_AREA(#12623);
#12623 = FILL_AREA_STYLE('',(#12624));
#12624 = FILL_AREA_STYLE_COLOUR('',#12330);
#12625 = STYLED_ITEM('color',(#12626),#7665);
#12626 = PRESENTATION_STYLE_ASSIGNMENT((#12627));
#12627 = SURFACE_STYLE_USAGE(.BOTH.,#12628);
#12628 = SURFACE_SIDE_STYLE('',(#12629));
#12629 = SURFACE_STYLE_FILL_AREA(#12630);
#12630 = FILL_AREA_STYLE('',(#12631));
#12631 = FILL_AREA_STYLE_COLOUR('',#12330);
#12632 = STYLED_ITEM('color',(#12633),#7682);
#12633 = PRESENTATION_STYLE_ASSIGNMENT((#12634));
#12634 = SURFACE_STYLE_USAGE(.BOTH.,#12635);
#12635 = SURFACE_SIDE_STYLE('',(#12636));
#12636 = SURFACE_STYLE_FILL_AREA(#12637);
#12637 = FILL_AREA_STYLE('',(#12638));
#12638 = FILL_AREA_STYLE_COLOUR('',#12070);
#12639 = STYLED_ITEM('color',(#12640),#7699);
#12640 = PRESENTATION_STYLE_ASSIGNMENT((#12641));
#12641 = SURFACE_STYLE_USAGE(.BOTH.,#12642);
#12642 = SURFACE_SIDE_STYLE('',(#12643));
#12643 = SURFACE_STYLE_FILL_AREA(#12644);
#12644 = FILL_AREA_STYLE('',(#12645));
#12645 = FILL_AREA_STYLE_COLOUR('',#12330);
#12646 = STYLED_ITEM('color',(#12647),#7730);
#12647 = PRESENTATION_STYLE_ASSIGNMENT((#12648));
#12648 = SURFACE_STYLE_USAGE(.BOTH.,#12649);
#12649 = SURFACE_SIDE_STYLE('',(#12650));
#12650 = SURFACE_STYLE_FILL_AREA(#12651);
#12651 = FILL_AREA_STYLE('',(#12652));
#12652 = FILL_AREA_STYLE_COLOUR('',#12330);
#12653 = STYLED_ITEM('color',(#12654),#7754);
#12654 = PRESENTATION_STYLE_ASSIGNMENT((#12655));
#12655 = SURFACE_STYLE_USAGE(.BOTH.,#12656);
#12656 = SURFACE_SIDE_STYLE('',(#12657));
#12657 = SURFACE_STYLE_FILL_AREA(#12658);
#12658 = FILL_AREA_STYLE('',(#12659));
#12659 = FILL_AREA_STYLE_COLOUR('',#12330);
#12660 = STYLED_ITEM('color',(#12661),#7778);
#12661 = PRESENTATION_STYLE_ASSIGNMENT((#12662));
#12662 = SURFACE_STYLE_USAGE(.BOTH.,#12663);
#12663 = SURFACE_SIDE_STYLE('',(#12664));
#12664 = SURFACE_STYLE_FILL_AREA(#12665);
#12665 = FILL_AREA_STYLE('',(#12666));
#12666 = FILL_AREA_STYLE_COLOUR('',#12330);
#12667 = STYLED_ITEM('color',(#12668),#7795);
#12668 = PRESENTATION_STYLE_ASSIGNMENT((#12669));
#12669 = SURFACE_STYLE_USAGE(.BOTH.,#12670);
#12670 = SURFACE_SIDE_STYLE('',(#12671));
#12671 = SURFACE_STYLE_FILL_AREA(#12672);
#12672 = FILL_AREA_STYLE('',(#12673));
#12673 = FILL_AREA_STYLE_COLOUR('',#12330);
#12674 = STYLED_ITEM('color',(#12675),#7826);
#12675 = PRESENTATION_STYLE_ASSIGNMENT((#12676));
#12676 = SURFACE_STYLE_USAGE(.BOTH.,#12677);
#12677 = SURFACE_SIDE_STYLE('',(#12678));
#12678 = SURFACE_STYLE_FILL_AREA(#12679);
#12679 = FILL_AREA_STYLE('',(#12680));
#12680 = FILL_AREA_STYLE_COLOUR('',#12330);
#12681 = STYLED_ITEM('color',(#12682),#7850);
#12682 = PRESENTATION_STYLE_ASSIGNMENT((#12683));
#12683 = SURFACE_STYLE_USAGE(.BOTH.,#12684);
#12684 = SURFACE_SIDE_STYLE('',(#12685));
#12685 = SURFACE_STYLE_FILL_AREA(#12686);
#12686 = FILL_AREA_STYLE('',(#12687));
#12687 = FILL_AREA_STYLE_COLOUR('',#12330);
#12688 = STYLED_ITEM('color',(#12689),#7874);
#12689 = PRESENTATION_STYLE_ASSIGNMENT((#12690));
#12690 = SURFACE_STYLE_USAGE(.BOTH.,#12691);
#12691 = SURFACE_SIDE_STYLE('',(#12692));
#12692 = SURFACE_STYLE_FILL_AREA(#12693);
#12693 = FILL_AREA_STYLE('',(#12694));
#12694 = FILL_AREA_STYLE_COLOUR('',#12330);
#12695 = STYLED_ITEM('color',(#12696),#7891);
#12696 = PRESENTATION_STYLE_ASSIGNMENT((#12697));
#12697 = SURFACE_STYLE_USAGE(.BOTH.,#12698);
#12698 = SURFACE_SIDE_STYLE('',(#12699));
#12699 = SURFACE_STYLE_FILL_AREA(#12700);
#12700 = FILL_AREA_STYLE('',(#12701));
#12701 = FILL_AREA_STYLE_COLOUR('',#12330);
#12702 = STYLED_ITEM('color',(#12703),#7922);
#12703 = PRESENTATION_STYLE_ASSIGNMENT((#12704));
#12704 = SURFACE_STYLE_USAGE(.BOTH.,#12705);
#12705 = SURFACE_SIDE_STYLE('',(#12706));
#12706 = SURFACE_STYLE_FILL_AREA(#12707);
#12707 = FILL_AREA_STYLE('',(#12708));
#12708 = FILL_AREA_STYLE_COLOUR('',#12330);
#12709 = STYLED_ITEM('color',(#12710),#7946);
#12710 = PRESENTATION_STYLE_ASSIGNMENT((#12711));
#12711 = SURFACE_STYLE_USAGE(.BOTH.,#12712);
#12712 = SURFACE_SIDE_STYLE('',(#12713));
#12713 = SURFACE_STYLE_FILL_AREA(#12714);
#12714 = FILL_AREA_STYLE('',(#12715));
#12715 = FILL_AREA_STYLE_COLOUR('',#12330);
#12716 = STYLED_ITEM('color',(#12717),#7970);
#12717 = PRESENTATION_STYLE_ASSIGNMENT((#12718));
#12718 = SURFACE_STYLE_USAGE(.BOTH.,#12719);
#12719 = SURFACE_SIDE_STYLE('',(#12720));
#12720 = SURFACE_STYLE_FILL_AREA(#12721);
#12721 = FILL_AREA_STYLE('',(#12722));
#12722 = FILL_AREA_STYLE_COLOUR('',#12330);
#12723 = STYLED_ITEM('color',(#12724),#7987);
#12724 = PRESENTATION_STYLE_ASSIGNMENT((#12725));
#12725 = SURFACE_STYLE_USAGE(.BOTH.,#12726);
#12726 = SURFACE_SIDE_STYLE('',(#12727));
#12727 = SURFACE_STYLE_FILL_AREA(#12728);
#12728 = FILL_AREA_STYLE('',(#12729));
#12729 = FILL_AREA_STYLE_COLOUR('',#12330);
#12730 = STYLED_ITEM('color',(#12731),#8018);
#12731 = PRESENTATION_STYLE_ASSIGNMENT((#12732));
#12732 = SURFACE_STYLE_USAGE(.BOTH.,#12733);
#12733 = SURFACE_SIDE_STYLE('',(#12734));
#12734 = SURFACE_STYLE_FILL_AREA(#12735);
#12735 = FILL_AREA_STYLE('',(#12736));
#12736 = FILL_AREA_STYLE_COLOUR('',#12330);
#12737 = STYLED_ITEM('color',(#12738),#8042);
#12738 = PRESENTATION_STYLE_ASSIGNMENT((#12739));
#12739 = SURFACE_STYLE_USAGE(.BOTH.,#12740);
#12740 = SURFACE_SIDE_STYLE('',(#12741));
#12741 = SURFACE_STYLE_FILL_AREA(#12742);
#12742 = FILL_AREA_STYLE('',(#12743));
#12743 = FILL_AREA_STYLE_COLOUR('',#12330);
#12744 = STYLED_ITEM('color',(#12745),#8066);
#12745 = PRESENTATION_STYLE_ASSIGNMENT((#12746));
#12746 = SURFACE_STYLE_USAGE(.BOTH.,#12747);
#12747 = SURFACE_SIDE_STYLE('',(#12748));
#12748 = SURFACE_STYLE_FILL_AREA(#12749);
#12749 = FILL_AREA_STYLE('',(#12750));
#12750 = FILL_AREA_STYLE_COLOUR('',#12330);
#12751 = STYLED_ITEM('color',(#12752),#8083);
#12752 = PRESENTATION_STYLE_ASSIGNMENT((#12753));
#12753 = SURFACE_STYLE_USAGE(.BOTH.,#12754);
#12754 = SURFACE_SIDE_STYLE('',(#12755));
#12755 = SURFACE_STYLE_FILL_AREA(#12756);
#12756 = FILL_AREA_STYLE('',(#12757));
#12757 = FILL_AREA_STYLE_COLOUR('',#12330);
#12758 = STYLED_ITEM('color',(#12759),#8114);
#12759 = PRESENTATION_STYLE_ASSIGNMENT((#12760));
#12760 = SURFACE_STYLE_USAGE(.BOTH.,#12761);
#12761 = SURFACE_SIDE_STYLE('',(#12762));
#12762 = SURFACE_STYLE_FILL_AREA(#12763);
#12763 = FILL_AREA_STYLE('',(#12764));
#12764 = FILL_AREA_STYLE_COLOUR('',#12330);
#12765 = STYLED_ITEM('color',(#12766),#8138);
#12766 = PRESENTATION_STYLE_ASSIGNMENT((#12767));
#12767 = SURFACE_STYLE_USAGE(.BOTH.,#12768);
#12768 = SURFACE_SIDE_STYLE('',(#12769));
#12769 = SURFACE_STYLE_FILL_AREA(#12770);
#12770 = FILL_AREA_STYLE('',(#12771));
#12771 = FILL_AREA_STYLE_COLOUR('',#12330);
#12772 = STYLED_ITEM('color',(#12773),#8162);
#12773 = PRESENTATION_STYLE_ASSIGNMENT((#12774));
#12774 = SURFACE_STYLE_USAGE(.BOTH.,#12775);
#12775 = SURFACE_SIDE_STYLE('',(#12776));
#12776 = SURFACE_STYLE_FILL_AREA(#12777);
#12777 = FILL_AREA_STYLE('',(#12778));
#12778 = FILL_AREA_STYLE_COLOUR('',#12330);
#12779 = STYLED_ITEM('color',(#12780),#8179);
#12780 = PRESENTATION_STYLE_ASSIGNMENT((#12781));
#12781 = SURFACE_STYLE_USAGE(.BOTH.,#12782);
#12782 = SURFACE_SIDE_STYLE('',(#12783));
#12783 = SURFACE_STYLE_FILL_AREA(#12784);
#12784 = FILL_AREA_STYLE('',(#12785));
#12785 = FILL_AREA_STYLE_COLOUR('',#12330);
#12786 = STYLED_ITEM('color',(#12787),#8210);
#12787 = PRESENTATION_STYLE_ASSIGNMENT((#12788));
#12788 = SURFACE_STYLE_USAGE(.BOTH.,#12789);
#12789 = SURFACE_SIDE_STYLE('',(#12790));
#12790 = SURFACE_STYLE_FILL_AREA(#12791);
#12791 = FILL_AREA_STYLE('',(#12792));
#12792 = FILL_AREA_STYLE_COLOUR('',#12330);
#12793 = STYLED_ITEM('color',(#12794),#8234);
#12794 = PRESENTATION_STYLE_ASSIGNMENT((#12795));
#12795 = SURFACE_STYLE_USAGE(.BOTH.,#12796);
#12796 = SURFACE_SIDE_STYLE('',(#12797));
#12797 = SURFACE_STYLE_FILL_AREA(#12798);
#12798 = FILL_AREA_STYLE('',(#12799));
#12799 = FILL_AREA_STYLE_COLOUR('',#12330);
#12800 = STYLED_ITEM('color',(#12801),#8258);
#12801 = PRESENTATION_STYLE_ASSIGNMENT((#12802));
#12802 = SURFACE_STYLE_USAGE(.BOTH.,#12803);
#12803 = SURFACE_SIDE_STYLE('',(#12804));
#12804 = SURFACE_STYLE_FILL_AREA(#12805);
#12805 = FILL_AREA_STYLE('',(#12806));
#12806 = FILL_AREA_STYLE_COLOUR('',#12330);
#12807 = STYLED_ITEM('color',(#12808),#8275);
#12808 = PRESENTATION_STYLE_ASSIGNMENT((#12809));
#12809 = SURFACE_STYLE_USAGE(.BOTH.,#12810);
#12810 = SURFACE_SIDE_STYLE('',(#12811));
#12811 = SURFACE_STYLE_FILL_AREA(#12812);
#12812 = FILL_AREA_STYLE('',(#12813));
#12813 = FILL_AREA_STYLE_COLOUR('',#12070);
#12814 = STYLED_ITEM('color',(#12815),#8292);
#12815 = PRESENTATION_STYLE_ASSIGNMENT((#12816));
#12816 = SURFACE_STYLE_USAGE(.BOTH.,#12817);
#12817 = SURFACE_SIDE_STYLE('',(#12818));
#12818 = SURFACE_STYLE_FILL_AREA(#12819);
#12819 = FILL_AREA_STYLE('',(#12820));
#12820 = FILL_AREA_STYLE_COLOUR('',#12070);
#12821 = STYLED_ITEM('color',(#12822),#8309);
#12822 = PRESENTATION_STYLE_ASSIGNMENT((#12823));
#12823 = SURFACE_STYLE_USAGE(.BOTH.,#12824);
#12824 = SURFACE_SIDE_STYLE('',(#12825));
#12825 = SURFACE_STYLE_FILL_AREA(#12826);
#12826 = FILL_AREA_STYLE('',(#12827));
#12827 = FILL_AREA_STYLE_COLOUR('',#12070);
#12828 = STYLED_ITEM('color',(#12829),#8321);
#12829 = PRESENTATION_STYLE_ASSIGNMENT((#12830));
#12830 = SURFACE_STYLE_USAGE(.BOTH.,#12831);
#12831 = SURFACE_SIDE_STYLE('',(#12832));
#12832 = SURFACE_STYLE_FILL_AREA(#12833);
#12833 = FILL_AREA_STYLE('',(#12834));
#12834 = FILL_AREA_STYLE_COLOUR('',#12330);
#12835 = STYLED_ITEM('color',(#12836),#8352);
#12836 = PRESENTATION_STYLE_ASSIGNMENT((#12837));
#12837 = SURFACE_STYLE_USAGE(.BOTH.,#12838);
#12838 = SURFACE_SIDE_STYLE('',(#12839));
#12839 = SURFACE_STYLE_FILL_AREA(#12840);
#12840 = FILL_AREA_STYLE('',(#12841));
#12841 = FILL_AREA_STYLE_COLOUR('',#12330);
#12842 = STYLED_ITEM('color',(#12843),#8376);
#12843 = PRESENTATION_STYLE_ASSIGNMENT((#12844));
#12844 = SURFACE_STYLE_USAGE(.BOTH.,#12845);
#12845 = SURFACE_SIDE_STYLE('',(#12846));
#12846 = SURFACE_STYLE_FILL_AREA(#12847);
#12847 = FILL_AREA_STYLE('',(#12848));
#12848 = FILL_AREA_STYLE_COLOUR('',#12330);
#12849 = STYLED_ITEM('color',(#12850),#8400);
#12850 = PRESENTATION_STYLE_ASSIGNMENT((#12851));
#12851 = SURFACE_STYLE_USAGE(.BOTH.,#12852);
#12852 = SURFACE_SIDE_STYLE('',(#12853));
#12853 = SURFACE_STYLE_FILL_AREA(#12854);
#12854 = FILL_AREA_STYLE('',(#12855));
#12855 = FILL_AREA_STYLE_COLOUR('',#12330);
#12856 = STYLED_ITEM('color',(#12857),#8417);
#12857 = PRESENTATION_STYLE_ASSIGNMENT((#12858));
#12858 = SURFACE_STYLE_USAGE(.BOTH.,#12859);
#12859 = SURFACE_SIDE_STYLE('',(#12860));
#12860 = SURFACE_STYLE_FILL_AREA(#12861);
#12861 = FILL_AREA_STYLE('',(#12862));
#12862 = FILL_AREA_STYLE_COLOUR('',#12330);
#12863 = STYLED_ITEM('color',(#12864),#8448);
#12864 = PRESENTATION_STYLE_ASSIGNMENT((#12865));
#12865 = SURFACE_STYLE_USAGE(.BOTH.,#12866);
#12866 = SURFACE_SIDE_STYLE('',(#12867));
#12867 = SURFACE_STYLE_FILL_AREA(#12868);
#12868 = FILL_AREA_STYLE('',(#12869));
#12869 = FILL_AREA_STYLE_COLOUR('',#12330);
#12870 = STYLED_ITEM('color',(#12871),#8472);
#12871 = PRESENTATION_STYLE_ASSIGNMENT((#12872));
#12872 = SURFACE_STYLE_USAGE(.BOTH.,#12873);
#12873 = SURFACE_SIDE_STYLE('',(#12874));
#12874 = SURFACE_STYLE_FILL_AREA(#12875);
#12875 = FILL_AREA_STYLE('',(#12876));
#12876 = FILL_AREA_STYLE_COLOUR('',#12330);
#12877 = STYLED_ITEM('color',(#12878),#8496);
#12878 = PRESENTATION_STYLE_ASSIGNMENT((#12879));
#12879 = SURFACE_STYLE_USAGE(.BOTH.,#12880);
#12880 = SURFACE_SIDE_STYLE('',(#12881));
#12881 = SURFACE_STYLE_FILL_AREA(#12882);
#12882 = FILL_AREA_STYLE('',(#12883));
#12883 = FILL_AREA_STYLE_COLOUR('',#12330);
#12884 = STYLED_ITEM('color',(#12885),#8513);
#12885 = PRESENTATION_STYLE_ASSIGNMENT((#12886));
#12886 = SURFACE_STYLE_USAGE(.BOTH.,#12887);
#12887 = SURFACE_SIDE_STYLE('',(#12888));
#12888 = SURFACE_STYLE_FILL_AREA(#12889);
#12889 = FILL_AREA_STYLE('',(#12890));
#12890 = FILL_AREA_STYLE_COLOUR('',#12330);
#12891 = STYLED_ITEM('color',(#12892),#8544);
#12892 = PRESENTATION_STYLE_ASSIGNMENT((#12893));
#12893 = SURFACE_STYLE_USAGE(.BOTH.,#12894);
#12894 = SURFACE_SIDE_STYLE('',(#12895));
#12895 = SURFACE_STYLE_FILL_AREA(#12896);
#12896 = FILL_AREA_STYLE('',(#12897));
#12897 = FILL_AREA_STYLE_COLOUR('',#12330);
#12898 = STYLED_ITEM('color',(#12899),#8568);
#12899 = PRESENTATION_STYLE_ASSIGNMENT((#12900));
#12900 = SURFACE_STYLE_USAGE(.BOTH.,#12901);
#12901 = SURFACE_SIDE_STYLE('',(#12902));
#12902 = SURFACE_STYLE_FILL_AREA(#12903);
#12903 = FILL_AREA_STYLE('',(#12904));
#12904 = FILL_AREA_STYLE_COLOUR('',#12330);
#12905 = STYLED_ITEM('color',(#12906),#8592);
#12906 = PRESENTATION_STYLE_ASSIGNMENT((#12907));
#12907 = SURFACE_STYLE_USAGE(.BOTH.,#12908);
#12908 = SURFACE_SIDE_STYLE('',(#12909));
#12909 = SURFACE_STYLE_FILL_AREA(#12910);
#12910 = FILL_AREA_STYLE('',(#12911));
#12911 = FILL_AREA_STYLE_COLOUR('',#12330);
#12912 = STYLED_ITEM('color',(#12913),#8609);
#12913 = PRESENTATION_STYLE_ASSIGNMENT((#12914));
#12914 = SURFACE_STYLE_USAGE(.BOTH.,#12915);
#12915 = SURFACE_SIDE_STYLE('',(#12916));
#12916 = SURFACE_STYLE_FILL_AREA(#12917);
#12917 = FILL_AREA_STYLE('',(#12918));
#12918 = FILL_AREA_STYLE_COLOUR('',#12330);
#12919 = STYLED_ITEM('color',(#12920),#8640);
#12920 = PRESENTATION_STYLE_ASSIGNMENT((#12921));
#12921 = SURFACE_STYLE_USAGE(.BOTH.,#12922);
#12922 = SURFACE_SIDE_STYLE('',(#12923));
#12923 = SURFACE_STYLE_FILL_AREA(#12924);
#12924 = FILL_AREA_STYLE('',(#12925));
#12925 = FILL_AREA_STYLE_COLOUR('',#12330);
#12926 = STYLED_ITEM('color',(#12927),#8664);
#12927 = PRESENTATION_STYLE_ASSIGNMENT((#12928));
#12928 = SURFACE_STYLE_USAGE(.BOTH.,#12929);
#12929 = SURFACE_SIDE_STYLE('',(#12930));
#12930 = SURFACE_STYLE_FILL_AREA(#12931);
#12931 = FILL_AREA_STYLE('',(#12932));
#12932 = FILL_AREA_STYLE_COLOUR('',#12330);
#12933 = STYLED_ITEM('color',(#12934),#8688);
#12934 = PRESENTATION_STYLE_ASSIGNMENT((#12935));
#12935 = SURFACE_STYLE_USAGE(.BOTH.,#12936);
#12936 = SURFACE_SIDE_STYLE('',(#12937));
#12937 = SURFACE_STYLE_FILL_AREA(#12938);
#12938 = FILL_AREA_STYLE('',(#12939));
#12939 = FILL_AREA_STYLE_COLOUR('',#12330);
#12940 = STYLED_ITEM('color',(#12941),#8705);
#12941 = PRESENTATION_STYLE_ASSIGNMENT((#12942));
#12942 = SURFACE_STYLE_USAGE(.BOTH.,#12943);
#12943 = SURFACE_SIDE_STYLE('',(#12944));
#12944 = SURFACE_STYLE_FILL_AREA(#12945);
#12945 = FILL_AREA_STYLE('',(#12946));
#12946 = FILL_AREA_STYLE_COLOUR('',#12330);
#12947 = STYLED_ITEM('color',(#12948),#8736);
#12948 = PRESENTATION_STYLE_ASSIGNMENT((#12949));
#12949 = SURFACE_STYLE_USAGE(.BOTH.,#12950);
#12950 = SURFACE_SIDE_STYLE('',(#12951));
#12951 = SURFACE_STYLE_FILL_AREA(#12952);
#12952 = FILL_AREA_STYLE('',(#12953));
#12953 = FILL_AREA_STYLE_COLOUR('',#12330);
#12954 = STYLED_ITEM('color',(#12955),#8760);
#12955 = PRESENTATION_STYLE_ASSIGNMENT((#12956));
#12956 = SURFACE_STYLE_USAGE(.BOTH.,#12957);
#12957 = SURFACE_SIDE_STYLE('',(#12958));
#12958 = SURFACE_STYLE_FILL_AREA(#12959);
#12959 = FILL_AREA_STYLE('',(#12960));
#12960 = FILL_AREA_STYLE_COLOUR('',#12330);
#12961 = STYLED_ITEM('color',(#12962),#8784);
#12962 = PRESENTATION_STYLE_ASSIGNMENT((#12963));
#12963 = SURFACE_STYLE_USAGE(.BOTH.,#12964);
#12964 = SURFACE_SIDE_STYLE('',(#12965));
#12965 = SURFACE_STYLE_FILL_AREA(#12966);
#12966 = FILL_AREA_STYLE('',(#12967));
#12967 = FILL_AREA_STYLE_COLOUR('',#12330);
#12968 = STYLED_ITEM('color',(#12969),#8801);
#12969 = PRESENTATION_STYLE_ASSIGNMENT((#12970));
#12970 = SURFACE_STYLE_USAGE(.BOTH.,#12971);
#12971 = SURFACE_SIDE_STYLE('',(#12972));
#12972 = SURFACE_STYLE_FILL_AREA(#12973);
#12973 = FILL_AREA_STYLE('',(#12974));
#12974 = FILL_AREA_STYLE_COLOUR('',#12330);
#12975 = STYLED_ITEM('color',(#12976),#8832);
#12976 = PRESENTATION_STYLE_ASSIGNMENT((#12977));
#12977 = SURFACE_STYLE_USAGE(.BOTH.,#12978);
#12978 = SURFACE_SIDE_STYLE('',(#12979));
#12979 = SURFACE_STYLE_FILL_AREA(#12980);
#12980 = FILL_AREA_STYLE('',(#12981));
#12981 = FILL_AREA_STYLE_COLOUR('',#12330);
#12982 = STYLED_ITEM('color',(#12983),#8856);
#12983 = PRESENTATION_STYLE_ASSIGNMENT((#12984));
#12984 = SURFACE_STYLE_USAGE(.BOTH.,#12985);
#12985 = SURFACE_SIDE_STYLE('',(#12986));
#12986 = SURFACE_STYLE_FILL_AREA(#12987);
#12987 = FILL_AREA_STYLE('',(#12988));
#12988 = FILL_AREA_STYLE_COLOUR('',#12330);
#12989 = STYLED_ITEM('color',(#12990),#8880);
#12990 = PRESENTATION_STYLE_ASSIGNMENT((#12991));
#12991 = SURFACE_STYLE_USAGE(.BOTH.,#12992);
#12992 = SURFACE_SIDE_STYLE('',(#12993));
#12993 = SURFACE_STYLE_FILL_AREA(#12994);
#12994 = FILL_AREA_STYLE('',(#12995));
#12995 = FILL_AREA_STYLE_COLOUR('',#12330);
#12996 = STYLED_ITEM('color',(#12997),#8897);
#12997 = PRESENTATION_STYLE_ASSIGNMENT((#12998));
#12998 = SURFACE_STYLE_USAGE(.BOTH.,#12999);
#12999 = SURFACE_SIDE_STYLE('',(#13000));
#13000 = SURFACE_STYLE_FILL_AREA(#13001);
#13001 = FILL_AREA_STYLE('',(#13002));
#13002 = FILL_AREA_STYLE_COLOUR('',#12330);
#13003 = STYLED_ITEM('color',(#13004),#8928);
#13004 = PRESENTATION_STYLE_ASSIGNMENT((#13005));
#13005 = SURFACE_STYLE_USAGE(.BOTH.,#13006);
#13006 = SURFACE_SIDE_STYLE('',(#13007));
#13007 = SURFACE_STYLE_FILL_AREA(#13008);
#13008 = FILL_AREA_STYLE('',(#13009));
#13009 = FILL_AREA_STYLE_COLOUR('',#12330);
#13010 = STYLED_ITEM('color',(#13011),#8952);
#13011 = PRESENTATION_STYLE_ASSIGNMENT((#13012));
#13012 = SURFACE_STYLE_USAGE(.BOTH.,#13013);
#13013 = SURFACE_SIDE_STYLE('',(#13014));
#13014 = SURFACE_STYLE_FILL_AREA(#13015);
#13015 = FILL_AREA_STYLE('',(#13016));
#13016 = FILL_AREA_STYLE_COLOUR('',#12330);
#13017 = STYLED_ITEM('color',(#13018),#8976);
#13018 = PRESENTATION_STYLE_ASSIGNMENT((#13019));
#13019 = SURFACE_STYLE_USAGE(.BOTH.,#13020);
#13020 = SURFACE_SIDE_STYLE('',(#13021));
#13021 = SURFACE_STYLE_FILL_AREA(#13022);
#13022 = FILL_AREA_STYLE('',(#13023));
#13023 = FILL_AREA_STYLE_COLOUR('',#12330);
#13024 = STYLED_ITEM('color',(#13025),#8993);
#13025 = PRESENTATION_STYLE_ASSIGNMENT((#13026));
#13026 = SURFACE_STYLE_USAGE(.BOTH.,#13027);
#13027 = SURFACE_SIDE_STYLE('',(#13028));
#13028 = SURFACE_STYLE_FILL_AREA(#13029);
#13029 = FILL_AREA_STYLE('',(#13030));
#13030 = FILL_AREA_STYLE_COLOUR('',#12330);
#13031 = STYLED_ITEM('color',(#13032),#9024);
#13032 = PRESENTATION_STYLE_ASSIGNMENT((#13033));
#13033 = SURFACE_STYLE_USAGE(.BOTH.,#13034);
#13034 = SURFACE_SIDE_STYLE('',(#13035));
#13035 = SURFACE_STYLE_FILL_AREA(#13036);
#13036 = FILL_AREA_STYLE('',(#13037));
#13037 = FILL_AREA_STYLE_COLOUR('',#12330);
#13038 = STYLED_ITEM('color',(#13039),#9048);
#13039 = PRESENTATION_STYLE_ASSIGNMENT((#13040));
#13040 = SURFACE_STYLE_USAGE(.BOTH.,#13041);
#13041 = SURFACE_SIDE_STYLE('',(#13042));
#13042 = SURFACE_STYLE_FILL_AREA(#13043);
#13043 = FILL_AREA_STYLE('',(#13044));
#13044 = FILL_AREA_STYLE_COLOUR('',#12330);
#13045 = STYLED_ITEM('color',(#13046),#9072);
#13046 = PRESENTATION_STYLE_ASSIGNMENT((#13047));
#13047 = SURFACE_STYLE_USAGE(.BOTH.,#13048);
#13048 = SURFACE_SIDE_STYLE('',(#13049));
#13049 = SURFACE_STYLE_FILL_AREA(#13050);
#13050 = FILL_AREA_STYLE('',(#13051));
#13051 = FILL_AREA_STYLE_COLOUR('',#12330);
#13052 = STYLED_ITEM('color',(#13053),#9089);
#13053 = PRESENTATION_STYLE_ASSIGNMENT((#13054));
#13054 = SURFACE_STYLE_USAGE(.BOTH.,#13055);
#13055 = SURFACE_SIDE_STYLE('',(#13056));
#13056 = SURFACE_STYLE_FILL_AREA(#13057);
#13057 = FILL_AREA_STYLE('',(#13058));
#13058 = FILL_AREA_STYLE_COLOUR('',#12330);
#13059 = STYLED_ITEM('color',(#13060),#9120);
#13060 = PRESENTATION_STYLE_ASSIGNMENT((#13061));
#13061 = SURFACE_STYLE_USAGE(.BOTH.,#13062);
#13062 = SURFACE_SIDE_STYLE('',(#13063));
#13063 = SURFACE_STYLE_FILL_AREA(#13064);
#13064 = FILL_AREA_STYLE('',(#13065));
#13065 = FILL_AREA_STYLE_COLOUR('',#12330);
#13066 = STYLED_ITEM('color',(#13067),#9144);
#13067 = PRESENTATION_STYLE_ASSIGNMENT((#13068));
#13068 = SURFACE_STYLE_USAGE(.BOTH.,#13069);
#13069 = SURFACE_SIDE_STYLE('',(#13070));
#13070 = SURFACE_STYLE_FILL_AREA(#13071);
#13071 = FILL_AREA_STYLE('',(#13072));
#13072 = FILL_AREA_STYLE_COLOUR('',#12330);
#13073 = STYLED_ITEM('color',(#13074),#9168);
#13074 = PRESENTATION_STYLE_ASSIGNMENT((#13075));
#13075 = SURFACE_STYLE_USAGE(.BOTH.,#13076);
#13076 = SURFACE_SIDE_STYLE('',(#13077));
#13077 = SURFACE_STYLE_FILL_AREA(#13078);
#13078 = FILL_AREA_STYLE('',(#13079));
#13079 = FILL_AREA_STYLE_COLOUR('',#12330);
#13080 = STYLED_ITEM('color',(#13081),#9185);
#13081 = PRESENTATION_STYLE_ASSIGNMENT((#13082));
#13082 = SURFACE_STYLE_USAGE(.BOTH.,#13083);
#13083 = SURFACE_SIDE_STYLE('',(#13084));
#13084 = SURFACE_STYLE_FILL_AREA(#13085);
#13085 = FILL_AREA_STYLE('',(#13086));
#13086 = FILL_AREA_STYLE_COLOUR('',#12330);
#13087 = STYLED_ITEM('color',(#13088),#9216);
#13088 = PRESENTATION_STYLE_ASSIGNMENT((#13089));
#13089 = SURFACE_STYLE_USAGE(.BOTH.,#13090);
#13090 = SURFACE_SIDE_STYLE('',(#13091));
#13091 = SURFACE_STYLE_FILL_AREA(#13092);
#13092 = FILL_AREA_STYLE('',(#13093));
#13093 = FILL_AREA_STYLE_COLOUR('',#12330);
#13094 = STYLED_ITEM('color',(#13095),#9240);
#13095 = PRESENTATION_STYLE_ASSIGNMENT((#13096));
#13096 = SURFACE_STYLE_USAGE(.BOTH.,#13097);
#13097 = SURFACE_SIDE_STYLE('',(#13098));
#13098 = SURFACE_STYLE_FILL_AREA(#13099);
#13099 = FILL_AREA_STYLE('',(#13100));
#13100 = FILL_AREA_STYLE_COLOUR('',#12330);
#13101 = STYLED_ITEM('color',(#13102),#9264);
#13102 = PRESENTATION_STYLE_ASSIGNMENT((#13103));
#13103 = SURFACE_STYLE_USAGE(.BOTH.,#13104);
#13104 = SURFACE_SIDE_STYLE('',(#13105));
#13105 = SURFACE_STYLE_FILL_AREA(#13106);
#13106 = FILL_AREA_STYLE('',(#13107));
#13107 = FILL_AREA_STYLE_COLOUR('',#12330);
#13108 = STYLED_ITEM('color',(#13109),#9281);
#13109 = PRESENTATION_STYLE_ASSIGNMENT((#13110));
#13110 = SURFACE_STYLE_USAGE(.BOTH.,#13111);
#13111 = SURFACE_SIDE_STYLE('',(#13112));
#13112 = SURFACE_STYLE_FILL_AREA(#13113);
#13113 = FILL_AREA_STYLE('',(#13114));
#13114 = FILL_AREA_STYLE_COLOUR('',#12330);
#13115 = STYLED_ITEM('color',(#13116),#9312);
#13116 = PRESENTATION_STYLE_ASSIGNMENT((#13117));
#13117 = SURFACE_STYLE_USAGE(.BOTH.,#13118);
#13118 = SURFACE_SIDE_STYLE('',(#13119));
#13119 = SURFACE_STYLE_FILL_AREA(#13120);
#13120 = FILL_AREA_STYLE('',(#13121));
#13121 = FILL_AREA_STYLE_COLOUR('',#12330);
#13122 = STYLED_ITEM('color',(#13123),#9336);
#13123 = PRESENTATION_STYLE_ASSIGNMENT((#13124));
#13124 = SURFACE_STYLE_USAGE(.BOTH.,#13125);
#13125 = SURFACE_SIDE_STYLE('',(#13126));
#13126 = SURFACE_STYLE_FILL_AREA(#13127);
#13127 = FILL_AREA_STYLE('',(#13128));
#13128 = FILL_AREA_STYLE_COLOUR('',#12330);
#13129 = STYLED_ITEM('color',(#13130),#9360);
#13130 = PRESENTATION_STYLE_ASSIGNMENT((#13131));
#13131 = SURFACE_STYLE_USAGE(.BOTH.,#13132);
#13132 = SURFACE_SIDE_STYLE('',(#13133));
#13133 = SURFACE_STYLE_FILL_AREA(#13134);
#13134 = FILL_AREA_STYLE('',(#13135));
#13135 = FILL_AREA_STYLE_COLOUR('',#12330);
#13136 = STYLED_ITEM('color',(#13137),#9377);
#13137 = PRESENTATION_STYLE_ASSIGNMENT((#13138));
#13138 = SURFACE_STYLE_USAGE(.BOTH.,#13139);
#13139 = SURFACE_SIDE_STYLE('',(#13140));
#13140 = SURFACE_STYLE_FILL_AREA(#13141);
#13141 = FILL_AREA_STYLE('',(#13142));
#13142 = FILL_AREA_STYLE_COLOUR('',#12330);
#13143 = STYLED_ITEM('color',(#13144),#9408);
#13144 = PRESENTATION_STYLE_ASSIGNMENT((#13145));
#13145 = SURFACE_STYLE_USAGE(.BOTH.,#13146);
#13146 = SURFACE_SIDE_STYLE('',(#13147));
#13147 = SURFACE_STYLE_FILL_AREA(#13148);
#13148 = FILL_AREA_STYLE('',(#13149));
#13149 = FILL_AREA_STYLE_COLOUR('',#12330);
#13150 = STYLED_ITEM('color',(#13151),#9432);
#13151 = PRESENTATION_STYLE_ASSIGNMENT((#13152));
#13152 = SURFACE_STYLE_USAGE(.BOTH.,#13153);
#13153 = SURFACE_SIDE_STYLE('',(#13154));
#13154 = SURFACE_STYLE_FILL_AREA(#13155);
#13155 = FILL_AREA_STYLE('',(#13156));
#13156 = FILL_AREA_STYLE_COLOUR('',#12330);
#13157 = STYLED_ITEM('color',(#13158),#9456);
#13158 = PRESENTATION_STYLE_ASSIGNMENT((#13159));
#13159 = SURFACE_STYLE_USAGE(.BOTH.,#13160);
#13160 = SURFACE_SIDE_STYLE('',(#13161));
#13161 = SURFACE_STYLE_FILL_AREA(#13162);
#13162 = FILL_AREA_STYLE('',(#13163));
#13163 = FILL_AREA_STYLE_COLOUR('',#12330);
#13164 = STYLED_ITEM('color',(#13165),#9473);
#13165 = PRESENTATION_STYLE_ASSIGNMENT((#13166));
#13166 = SURFACE_STYLE_USAGE(.BOTH.,#13167);
#13167 = SURFACE_SIDE_STYLE('',(#13168));
#13168 = SURFACE_STYLE_FILL_AREA(#13169);
#13169 = FILL_AREA_STYLE('',(#13170));
#13170 = FILL_AREA_STYLE_COLOUR('',#12330);
#13171 = STYLED_ITEM('color',(#13172),#9485);
#13172 = PRESENTATION_STYLE_ASSIGNMENT((#13173));
#13173 = SURFACE_STYLE_USAGE(.BOTH.,#13174);
#13174 = SURFACE_SIDE_STYLE('',(#13175));
#13175 = SURFACE_STYLE_FILL_AREA(#13176);
#13176 = FILL_AREA_STYLE('',(#13177));
#13177 = FILL_AREA_STYLE_COLOUR('',#12330);
#13178 = STYLED_ITEM('color',(#13179),#9497);
#13179 = PRESENTATION_STYLE_ASSIGNMENT((#13180));
#13180 = SURFACE_STYLE_USAGE(.BOTH.,#13181);
#13181 = SURFACE_SIDE_STYLE('',(#13182));
#13182 = SURFACE_STYLE_FILL_AREA(#13183);
#13183 = FILL_AREA_STYLE('',(#13184));
#13184 = FILL_AREA_STYLE_COLOUR('',#12330);
#13185 = STYLED_ITEM('color',(#13186),#9509);
#13186 = PRESENTATION_STYLE_ASSIGNMENT((#13187));
#13187 = SURFACE_STYLE_USAGE(.BOTH.,#13188);
#13188 = SURFACE_SIDE_STYLE('',(#13189));
#13189 = SURFACE_STYLE_FILL_AREA(#13190);
#13190 = FILL_AREA_STYLE('',(#13191));
#13191 = FILL_AREA_STYLE_COLOUR('',#12330);
#13192 = STYLED_ITEM('color',(#13193),#9521);
#13193 = PRESENTATION_STYLE_ASSIGNMENT((#13194));
#13194 = SURFACE_STYLE_USAGE(.BOTH.,#13195);
#13195 = SURFACE_SIDE_STYLE('',(#13196));
#13196 = SURFACE_STYLE_FILL_AREA(#13197);
#13197 = FILL_AREA_STYLE('',(#13198));
#13198 = FILL_AREA_STYLE_COLOUR('',#12330);
#13199 = STYLED_ITEM('color',(#13200),#9533);
#13200 = PRESENTATION_STYLE_ASSIGNMENT((#13201));
#13201 = SURFACE_STYLE_USAGE(.BOTH.,#13202);
#13202 = SURFACE_SIDE_STYLE('',(#13203));
#13203 = SURFACE_STYLE_FILL_AREA(#13204);
#13204 = FILL_AREA_STYLE('',(#13205));
#13205 = FILL_AREA_STYLE_COLOUR('',#12330);
#13206 = STYLED_ITEM('color',(#13207),#9545);
#13207 = PRESENTATION_STYLE_ASSIGNMENT((#13208));
#13208 = SURFACE_STYLE_USAGE(.BOTH.,#13209);
#13209 = SURFACE_SIDE_STYLE('',(#13210));
#13210 = SURFACE_STYLE_FILL_AREA(#13211);
#13211 = FILL_AREA_STYLE('',(#13212));
#13212 = FILL_AREA_STYLE_COLOUR('',#12330);
#13213 = STYLED_ITEM('color',(#13214),#9557);
#13214 = PRESENTATION_STYLE_ASSIGNMENT((#13215));
#13215 = SURFACE_STYLE_USAGE(.BOTH.,#13216);
#13216 = SURFACE_SIDE_STYLE('',(#13217));
#13217 = SURFACE_STYLE_FILL_AREA(#13218);
#13218 = FILL_AREA_STYLE('',(#13219));
#13219 = FILL_AREA_STYLE_COLOUR('',#12330);
#13220 = STYLED_ITEM('color',(#13221),#9569);
#13221 = PRESENTATION_STYLE_ASSIGNMENT((#13222));
#13222 = SURFACE_STYLE_USAGE(.BOTH.,#13223);
#13223 = SURFACE_SIDE_STYLE('',(#13224));
#13224 = SURFACE_STYLE_FILL_AREA(#13225);
#13225 = FILL_AREA_STYLE('',(#13226));
#13226 = FILL_AREA_STYLE_COLOUR('',#12330);
#13227 = STYLED_ITEM('color',(#13228),#9581);
#13228 = PRESENTATION_STYLE_ASSIGNMENT((#13229));
#13229 = SURFACE_STYLE_USAGE(.BOTH.,#13230);
#13230 = SURFACE_SIDE_STYLE('',(#13231));
#13231 = SURFACE_STYLE_FILL_AREA(#13232);
#13232 = FILL_AREA_STYLE('',(#13233));
#13233 = FILL_AREA_STYLE_COLOUR('',#12330);
#13234 = STYLED_ITEM('color',(#13235),#9593);
#13235 = PRESENTATION_STYLE_ASSIGNMENT((#13236));
#13236 = SURFACE_STYLE_USAGE(.BOTH.,#13237);
#13237 = SURFACE_SIDE_STYLE('',(#13238));
#13238 = SURFACE_STYLE_FILL_AREA(#13239);
#13239 = FILL_AREA_STYLE('',(#13240));
#13240 = FILL_AREA_STYLE_COLOUR('',#12330);
#13241 = STYLED_ITEM('color',(#13242),#9605);
#13242 = PRESENTATION_STYLE_ASSIGNMENT((#13243));
#13243 = SURFACE_STYLE_USAGE(.BOTH.,#13244);
#13244 = SURFACE_SIDE_STYLE('',(#13245));
#13245 = SURFACE_STYLE_FILL_AREA(#13246);
#13246 = FILL_AREA_STYLE('',(#13247));
#13247 = FILL_AREA_STYLE_COLOUR('',#12330);
ENDSEC;
END-ISO-10303-21;
