ISO-10303-21;
HEADER;
FILE_DESCRIPTION(('KiCad electronic assembly'),'2;1');
FILE_NAME('Simkits_Small_Dual_Gauge.step','2026-08-08T19:49:11',(
    'Pcbnew'),('Kicad'),'Open CASCADE STEP processor 7.8',
  'KiCad to STEP converter','Unknown');
FILE_SCHEMA(('AUTOMOTIVE_DESIGN { 1 0 10303 214 1 1 1 1 }'));
ENDSEC;
DATA;
#1 = APPLICATION_PROTOCOL_DEFINITION('international standard',
  'automotive_design',2000,#2);
#2 = APPLICATION_CONTEXT(
  'core data for automotive mechanical design processes');
#3 = SHAPE_DEFINITION_REPRESENTATION(#4,#10);
#4 = PRODUCT_DEFINITION_SHAPE('','',#5);
#5 = PRODUCT_DEFINITION('design','',#6,#9);
#6 = PRODUCT_DEFINITION_FORMATION('','',#7);
#7 = PRODUCT('Simkits_Small_Dual_Gauge 1','Simkits_Small_Dual_Gauge 1',
  '',(#8));
#8 = PRODUCT_CONTEXT('',#2,'mechanical');
#9 = PRODUCT_DEFINITION_CONTEXT('part definition',#2,'design');
#10 = SHAPE_REPRESENTATION('',(#11,#15,#19,#23,#27,#31),#35);
#11 = AXIS2_PLACEMENT_3D('',#12,#13,#14);
#12 = CARTESIAN_POINT('',(0.,0.,0.));
#13 = DIRECTION('',(0.,0.,1.));
#14 = DIRECTION('',(1.,0.,-0.));
#15 = AXIS2_PLACEMENT_3D('',#16,#17,#18);
#16 = CARTESIAN_POINT('',(193.75,-112.85,1.595));
#17 = DIRECTION('',(-0.,0.,1.));
#18 = DIRECTION('',(1.110223024625E-16,-1.,0.));
#19 = AXIS2_PLACEMENT_3D('',#20,#21,#22);
#20 = CARTESIAN_POINT('',(167.67,-114.,1.595));
#21 = DIRECTION('',(0.,0.,1.));
#22 = DIRECTION('',(1.,0.,0.));
#23 = AXIS2_PLACEMENT_3D('',#24,#25,#26);
#24 = CARTESIAN_POINT('',(161.0105,-80.6146,-8.5E-02));
#25 = DIRECTION('',(1.499759782662E-32,1.224646799147E-16,-1.));
#26 = DIRECTION('',(-1.,1.224646799147E-16,0.));
#27 = AXIS2_PLACEMENT_3D('',#28,#29,#30);
#28 = CARTESIAN_POINT('',(201.6655,-80.6846,-8.5E-02));
#29 = DIRECTION('',(1.499759782662E-32,1.224646799147E-16,-1.));
#30 = DIRECTION('',(-1.,1.224646799147E-16,0.));
#31 = AXIS2_PLACEMENT_3D('',#32,#33,#34);
#32 = CARTESIAN_POINT('',(0.,0.,0.));
#33 = DIRECTION('',(0.,0.,1.));
#34 = DIRECTION('',(1.,0.,-0.));
#35 = ( GEOMETRIC_REPRESENTATION_CONTEXT(3) 
GLOBAL_UNCERTAINTY_ASSIGNED_CONTEXT((#39)) GLOBAL_UNIT_ASSIGNED_CONTEXT(
(#36,#37,#38)) REPRESENTATION_CONTEXT('Context #1',
  '3D Context with UNIT and UNCERTAINTY') );
#36 = ( LENGTH_UNIT() NAMED_UNIT(*) SI_UNIT(.MILLI.,.METRE.) );
#37 = ( NAMED_UNIT(*) PLANE_ANGLE_UNIT() SI_UNIT($,.RADIAN.) );
#38 = ( NAMED_UNIT(*) SI_UNIT($,.STERADIAN.) SOLID_ANGLE_UNIT() );
#39 = UNCERTAINTY_MEASURE_WITH_UNIT(LENGTH_MEASURE(1.E-07),#36,
  'distance_accuracy_value','confusion accuracy');
#40 = PRODUCT_RELATED_PRODUCT_CATEGORY('part',$,(#7));
#41 = SHAPE_DEFINITION_REPRESENTATION(#42,#48);
#42 = PRODUCT_DEFINITION_SHAPE('','',#43);
#43 = PRODUCT_DEFINITION('design','',#44,#47);
#44 = PRODUCT_DEFINITION_FORMATION('','',#45);
#45 = PRODUCT('R_Axial_DIN0204_L3.6mm_D1.6mm_P1.90mm_Vertical',
  'R_Axial_DIN0204_L3.6mm_D1.6mm_P1.90mm_Vertical','',(#46));
#46 = PRODUCT_CONTEXT('',#2,'mechanical');
#47 = PRODUCT_DEFINITION_CONTEXT('part definition',#2,'design');
#48 = ADVANCED_BREP_SHAPE_REPRESENTATION('',(#11,#49),#436);
#49 = MANIFOLD_SOLID_BREP('',#50);
#50 = CLOSED_SHELL('',(#51,#84,#110,#130,#150,#175,#200,#220,#229,#254,
    #280,#300,#325,#351,#376,#402,#427));
#51 = ADVANCED_FACE('',(#52),#79,.T.);
#52 = FACE_BOUND('',#53,.T.);
#53 = EDGE_LOOP('',(#54,#63,#71,#78));
#54 = ORIENTED_EDGE('',*,*,#55,.T.);
#55 = EDGE_CURVE('',#56,#56,#58,.T.);
#56 = VERTEX_POINT('',#57);
#57 = CARTESIAN_POINT('',(0.8,0.,1.4));
#58 = CIRCLE('',#59,0.8);
#59 = AXIS2_PLACEMENT_3D('',#60,#61,#62);
#60 = CARTESIAN_POINT('',(0.,0.,1.4));
#61 = DIRECTION('',(0.,0.,1.));
#62 = DIRECTION('',(1.,0.,-0.));
#63 = ORIENTED_EDGE('',*,*,#64,.T.);
#64 = EDGE_CURVE('',#56,#65,#67,.T.);
#65 = VERTEX_POINT('',#66);
#66 = CARTESIAN_POINT('',(0.8,0.,1.9));
#67 = LINE('',#68,#69);
#68 = CARTESIAN_POINT('',(0.8,0.,1.));
#69 = VECTOR('',#70,1.);
#70 = DIRECTION('',(0.,0.,1.));
#71 = ORIENTED_EDGE('',*,*,#72,.F.);
#72 = EDGE_CURVE('',#65,#65,#73,.T.);
#73 = CIRCLE('',#74,0.8);
#74 = AXIS2_PLACEMENT_3D('',#75,#76,#77);
#75 = CARTESIAN_POINT('',(0.,0.,1.9));
#76 = DIRECTION('',(0.,0.,1.));
#77 = DIRECTION('',(1.,0.,-0.));
#78 = ORIENTED_EDGE('',*,*,#64,.F.);
#79 = CYLINDRICAL_SURFACE('',#80,0.8);
#80 = AXIS2_PLACEMENT_3D('',#81,#82,#83);
#81 = CARTESIAN_POINT('',(0.,0.,1.));
#82 = DIRECTION('',(-0.,-0.,-1.));
#83 = DIRECTION('',(1.,0.,0.));
#84 = ADVANCED_FACE('',(#85),#105,.T.);
#85 = FACE_BOUND('',#86,.T.);
#86 = EDGE_LOOP('',(#87,#96,#103,#104));
#87 = ORIENTED_EDGE('',*,*,#88,.T.);
#88 = EDGE_CURVE('',#89,#89,#91,.T.);
#89 = VERTEX_POINT('',#90);
#90 = CARTESIAN_POINT('',(0.4,0.,1.));
#91 = CIRCLE('',#92,0.4);
#92 = AXIS2_PLACEMENT_3D('',#93,#94,#95);
#93 = CARTESIAN_POINT('',(0.,0.,1.));
#94 = DIRECTION('',(0.,0.,1.));
#95 = DIRECTION('',(1.,0.,-0.));
#96 = ORIENTED_EDGE('',*,*,#97,.F.);
#97 = EDGE_CURVE('',#56,#89,#98,.T.);
#98 = CIRCLE('',#99,0.4);
#99 = AXIS2_PLACEMENT_3D('',#100,#101,#102);
#100 = CARTESIAN_POINT('',(0.4,0.,1.4));
#101 = DIRECTION('',(-0.,1.,0.));
#102 = DIRECTION('',(1.,0.,0.));
#103 = ORIENTED_EDGE('',*,*,#55,.F.);
#104 = ORIENTED_EDGE('',*,*,#97,.T.);
#105 = TOROIDAL_SURFACE('',#106,0.4,0.4);
#106 = AXIS2_PLACEMENT_3D('',#107,#108,#109);
#107 = CARTESIAN_POINT('',(0.,0.,1.4));
#108 = DIRECTION('',(0.,0.,-1.));
#109 = DIRECTION('',(1.,0.,0.));
#110 = ADVANCED_FACE('',(#111,#114),#125,.F.);
#111 = FACE_BOUND('',#112,.F.);
#112 = EDGE_LOOP('',(#113));
#113 = ORIENTED_EDGE('',*,*,#72,.F.);
#114 = FACE_BOUND('',#115,.F.);
#115 = EDGE_LOOP('',(#116));
#116 = ORIENTED_EDGE('',*,*,#117,.F.);
#117 = EDGE_CURVE('',#118,#118,#120,.T.);
#118 = VERTEX_POINT('',#119);
#119 = CARTESIAN_POINT('',(0.72,0.,1.9));
#120 = CIRCLE('',#121,0.72);
#121 = AXIS2_PLACEMENT_3D('',#122,#123,#124);
#122 = CARTESIAN_POINT('',(0.,0.,1.9));
#123 = DIRECTION('',(0.,0.,-1.));
#124 = DIRECTION('',(1.,0.,0.));
#125 = PLANE('',#126);
#126 = AXIS2_PLACEMENT_3D('',#127,#128,#129);
#127 = CARTESIAN_POINT('',(0.8,0.,1.9));
#128 = DIRECTION('',(0.,0.,-1.));
#129 = DIRECTION('',(-1.,0.,0.));
#130 = ADVANCED_FACE('',(#131,#134),#145,.T.);
#131 = FACE_BOUND('',#132,.T.);
#132 = EDGE_LOOP('',(#133));
#133 = ORIENTED_EDGE('',*,*,#88,.F.);
#134 = FACE_BOUND('',#135,.T.);
#135 = EDGE_LOOP('',(#136));
#136 = ORIENTED_EDGE('',*,*,#137,.T.);
#137 = EDGE_CURVE('',#138,#138,#140,.T.);
#138 = VERTEX_POINT('',#139);
#139 = CARTESIAN_POINT('',(0.25,0.,1.));
#140 = CIRCLE('',#141,0.25);
#141 = AXIS2_PLACEMENT_3D('',#142,#143,#144);
#142 = CARTESIAN_POINT('',(0.,0.,1.));
#143 = DIRECTION('',(0.,0.,1.));
#144 = DIRECTION('',(1.,0.,-0.));
#145 = PLANE('',#146);
#146 = AXIS2_PLACEMENT_3D('',#147,#148,#149);
#147 = CARTESIAN_POINT('',(0.8,0.,1.));
#148 = DIRECTION('',(0.,0.,-1.));
#149 = DIRECTION('',(-1.,0.,0.));
#150 = ADVANCED_FACE('',(#151),#170,.T.);
#151 = FACE_BOUND('',#152,.T.);
#152 = EDGE_LOOP('',(#153,#162,#168,#169));
#153 = ORIENTED_EDGE('',*,*,#154,.T.);
#154 = EDGE_CURVE('',#155,#155,#157,.T.);
#155 = VERTEX_POINT('',#156);
#156 = CARTESIAN_POINT('',(0.72,0.,3.7));
#157 = CIRCLE('',#158,0.72);
#158 = AXIS2_PLACEMENT_3D('',#159,#160,#161);
#159 = CARTESIAN_POINT('',(0.,0.,3.7));
#160 = DIRECTION('',(0.,0.,-1.));
#161 = DIRECTION('',(1.,0.,0.));
#162 = ORIENTED_EDGE('',*,*,#163,.F.);
#163 = EDGE_CURVE('',#118,#155,#164,.T.);
#164 = LINE('',#165,#166);
#165 = CARTESIAN_POINT('',(0.72,0.,1.));
#166 = VECTOR('',#167,1.);
#167 = DIRECTION('',(0.,0.,1.));
#168 = ORIENTED_EDGE('',*,*,#117,.F.);
#169 = ORIENTED_EDGE('',*,*,#163,.T.);
#170 = CYLINDRICAL_SURFACE('',#171,0.72);
#171 = AXIS2_PLACEMENT_3D('',#172,#173,#174);
#172 = CARTESIAN_POINT('',(0.,0.,1.));
#173 = DIRECTION('',(-0.,-0.,-1.));
#174 = DIRECTION('',(1.,0.,0.));
#175 = ADVANCED_FACE('',(#176),#195,.T.);
#176 = FACE_BOUND('',#177,.T.);
#177 = EDGE_LOOP('',(#178,#187,#193,#194));
#178 = ORIENTED_EDGE('',*,*,#179,.T.);
#179 = EDGE_CURVE('',#180,#180,#182,.T.);
#180 = VERTEX_POINT('',#181);
#181 = CARTESIAN_POINT('',(0.25,-6.123233995737E-17,-3.));
#182 = CIRCLE('',#183,0.25);
#183 = AXIS2_PLACEMENT_3D('',#184,#185,#186);
#184 = CARTESIAN_POINT('',(0.,0.,-3.));
#185 = DIRECTION('',(0.,0.,1.));
#186 = DIRECTION('',(1.,0.,-0.));
#187 = ORIENTED_EDGE('',*,*,#188,.T.);
#188 = EDGE_CURVE('',#180,#138,#189,.T.);
#189 = LINE('',#190,#191);
#190 = CARTESIAN_POINT('',(0.25,0.,-3.));
#191 = VECTOR('',#192,1.);
#192 = DIRECTION('',(0.,0.,1.));
#193 = ORIENTED_EDGE('',*,*,#137,.F.);
#194 = ORIENTED_EDGE('',*,*,#188,.F.);
#195 = CYLINDRICAL_SURFACE('',#196,0.25);
#196 = AXIS2_PLACEMENT_3D('',#197,#198,#199);
#197 = CARTESIAN_POINT('',(0.,0.,-3.));
#198 = DIRECTION('',(0.,0.,1.));
#199 = DIRECTION('',(1.,0.,-0.));
#200 = ADVANCED_FACE('',(#201,#212),#215,.T.);
#201 = FACE_BOUND('',#202,.T.);
#202 = EDGE_LOOP('',(#203));
#203 = ORIENTED_EDGE('',*,*,#204,.F.);
#204 = EDGE_CURVE('',#205,#205,#207,.T.);
#205 = VERTEX_POINT('',#206);
#206 = CARTESIAN_POINT('',(0.8,0.,3.7));
#207 = CIRCLE('',#208,0.8);
#208 = AXIS2_PLACEMENT_3D('',#209,#210,#211);
#209 = CARTESIAN_POINT('',(0.,0.,3.7));
#210 = DIRECTION('',(0.,0.,1.));
#211 = DIRECTION('',(1.,0.,-0.));
#212 = FACE_BOUND('',#213,.T.);
#213 = EDGE_LOOP('',(#214));
#214 = ORIENTED_EDGE('',*,*,#154,.F.);
#215 = PLANE('',#216);
#216 = AXIS2_PLACEMENT_3D('',#217,#218,#219);
#217 = CARTESIAN_POINT('',(0.8,0.,3.7));
#218 = DIRECTION('',(0.,0.,-1.));
#219 = DIRECTION('',(-1.,0.,0.));
#220 = ADVANCED_FACE('',(#221),#224,.T.);
#221 = FACE_BOUND('',#222,.F.);
#222 = EDGE_LOOP('',(#223));
#223 = ORIENTED_EDGE('',*,*,#179,.T.);
#224 = PLANE('',#225);
#225 = AXIS2_PLACEMENT_3D('',#226,#227,#228);
#226 = CARTESIAN_POINT('',(0.25,0.,-3.));
#227 = DIRECTION('',(0.,0.,-1.));
#228 = DIRECTION('',(-1.,0.,0.));
#229 = ADVANCED_FACE('',(#230),#249,.T.);
#230 = FACE_BOUND('',#231,.T.);
#231 = EDGE_LOOP('',(#232,#233,#241,#248));
#232 = ORIENTED_EDGE('',*,*,#204,.T.);
#233 = ORIENTED_EDGE('',*,*,#234,.T.);
#234 = EDGE_CURVE('',#205,#235,#237,.T.);
#235 = VERTEX_POINT('',#236);
#236 = CARTESIAN_POINT('',(0.8,0.,4.2));
#237 = LINE('',#238,#239);
#238 = CARTESIAN_POINT('',(0.8,0.,3.7));
#239 = VECTOR('',#240,1.);
#240 = DIRECTION('',(0.,0.,1.));
#241 = ORIENTED_EDGE('',*,*,#242,.F.);
#242 = EDGE_CURVE('',#235,#235,#243,.T.);
#243 = CIRCLE('',#244,0.8);
#244 = AXIS2_PLACEMENT_3D('',#245,#246,#247);
#245 = CARTESIAN_POINT('',(0.,0.,4.2));
#246 = DIRECTION('',(0.,0.,1.));
#247 = DIRECTION('',(1.,0.,-0.));
#248 = ORIENTED_EDGE('',*,*,#234,.F.);
#249 = CYLINDRICAL_SURFACE('',#250,0.8);
#250 = AXIS2_PLACEMENT_3D('',#251,#252,#253);
#251 = CARTESIAN_POINT('',(0.,0.,3.7));
#252 = DIRECTION('',(-0.,-0.,-1.));
#253 = DIRECTION('',(1.,0.,0.));
#254 = ADVANCED_FACE('',(#255),#275,.T.);
#255 = FACE_BOUND('',#256,.T.);
#256 = EDGE_LOOP('',(#257,#266,#267,#268));
#257 = ORIENTED_EDGE('',*,*,#258,.F.);
#258 = EDGE_CURVE('',#235,#259,#261,.T.);
#259 = VERTEX_POINT('',#260);
#260 = CARTESIAN_POINT('',(0.4,0.,4.6));
#261 = CIRCLE('',#262,0.4);
#262 = AXIS2_PLACEMENT_3D('',#263,#264,#265);
#263 = CARTESIAN_POINT('',(0.4,0.,4.2));
#264 = DIRECTION('',(0.,-1.,0.));
#265 = DIRECTION('',(1.,0.,0.));
#266 = ORIENTED_EDGE('',*,*,#242,.T.);
#267 = ORIENTED_EDGE('',*,*,#258,.T.);
#268 = ORIENTED_EDGE('',*,*,#269,.F.);
#269 = EDGE_CURVE('',#259,#259,#270,.T.);
#270 = CIRCLE('',#271,0.4);
#271 = AXIS2_PLACEMENT_3D('',#272,#273,#274);
#272 = CARTESIAN_POINT('',(0.,0.,4.6));
#273 = DIRECTION('',(0.,0.,1.));
#274 = DIRECTION('',(1.,0.,-0.));
#275 = TOROIDAL_SURFACE('',#276,0.4,0.4);
#276 = AXIS2_PLACEMENT_3D('',#277,#278,#279);
#277 = CARTESIAN_POINT('',(0.,0.,4.2));
#278 = DIRECTION('',(0.,0.,1.));
#279 = DIRECTION('',(1.,0.,-0.));
#280 = ADVANCED_FACE('',(#281,#284),#295,.F.);
#281 = FACE_BOUND('',#282,.F.);
#282 = EDGE_LOOP('',(#283));
#283 = ORIENTED_EDGE('',*,*,#269,.F.);
#284 = FACE_BOUND('',#285,.F.);
#285 = EDGE_LOOP('',(#286));
#286 = ORIENTED_EDGE('',*,*,#287,.T.);
#287 = EDGE_CURVE('',#288,#288,#290,.T.);
#288 = VERTEX_POINT('',#289);
#289 = CARTESIAN_POINT('',(0.25,0.,4.6));
#290 = CIRCLE('',#291,0.25);
#291 = AXIS2_PLACEMENT_3D('',#292,#293,#294);
#292 = CARTESIAN_POINT('',(0.,0.,4.6));
#293 = DIRECTION('',(0.,0.,1.));
#294 = DIRECTION('',(1.,0.,-0.));
#295 = PLANE('',#296);
#296 = AXIS2_PLACEMENT_3D('',#297,#298,#299);
#297 = CARTESIAN_POINT('',(0.8,0.,4.6));
#298 = DIRECTION('',(0.,0.,-1.));
#299 = DIRECTION('',(-1.,0.,0.));
#300 = ADVANCED_FACE('',(#301),#320,.T.);
#301 = FACE_BOUND('',#302,.T.);
#302 = EDGE_LOOP('',(#303,#304,#312,#319));
#303 = ORIENTED_EDGE('',*,*,#287,.T.);
#304 = ORIENTED_EDGE('',*,*,#305,.T.);
#305 = EDGE_CURVE('',#288,#306,#308,.T.);
#306 = VERTEX_POINT('',#307);
#307 = CARTESIAN_POINT('',(0.25,0.,5.6));
#308 = LINE('',#309,#310);
#309 = CARTESIAN_POINT('',(0.25,0.,-3.));
#310 = VECTOR('',#311,1.);
#311 = DIRECTION('',(0.,0.,1.));
#312 = ORIENTED_EDGE('',*,*,#313,.F.);
#313 = EDGE_CURVE('',#306,#306,#314,.T.);
#314 = CIRCLE('',#315,0.25);
#315 = AXIS2_PLACEMENT_3D('',#316,#317,#318);
#316 = CARTESIAN_POINT('',(0.,0.,5.6));
#317 = DIRECTION('',(0.,0.,1.));
#318 = DIRECTION('',(1.,0.,-0.));
#319 = ORIENTED_EDGE('',*,*,#305,.F.);
#320 = CYLINDRICAL_SURFACE('',#321,0.25);
#321 = AXIS2_PLACEMENT_3D('',#322,#323,#324);
#322 = CARTESIAN_POINT('',(0.,0.,-3.));
#323 = DIRECTION('',(0.,0.,1.));
#324 = DIRECTION('',(1.,0.,-0.));
#325 = ADVANCED_FACE('',(#326),#346,.T.);
#326 = FACE_BOUND('',#327,.T.);
#327 = EDGE_LOOP('',(#328,#337,#344,#345));
#328 = ORIENTED_EDGE('',*,*,#329,.T.);
#329 = EDGE_CURVE('',#306,#330,#332,.T.);
#330 = VERTEX_POINT('',#331);
#331 = CARTESIAN_POINT('',(0.75,0.,6.1));
#332 = CIRCLE('',#333,0.5);
#333 = AXIS2_PLACEMENT_3D('',#334,#335,#336);
#334 = CARTESIAN_POINT('',(0.75,9.184850993605E-17,5.6));
#335 = DIRECTION('',(0.,1.,-0.));
#336 = DIRECTION('',(-1.,0.,2.368475785867E-15));
#337 = ORIENTED_EDGE('',*,*,#338,.T.);
#338 = EDGE_CURVE('',#330,#330,#339,.T.);
#339 = CIRCLE('',#340,0.25);
#340 = AXIS2_PLACEMENT_3D('',#341,#342,#343);
#341 = CARTESIAN_POINT('',(0.75,0.,6.35));
#342 = DIRECTION('',(-1.,0.,-2.577737862441E-15));
#343 = DIRECTION('',(-2.577737862441E-15,0.,1.));
#344 = ORIENTED_EDGE('',*,*,#329,.F.);
#345 = ORIENTED_EDGE('',*,*,#313,.T.);
#346 = TOROIDAL_SURFACE('',#347,0.75,0.25);
#347 = AXIS2_PLACEMENT_3D('',#348,#349,#350);
#348 = CARTESIAN_POINT('',(0.75,0.,5.6));
#349 = DIRECTION('',(0.,1.,0.));
#350 = DIRECTION('',(-1.,0.,2.368475785867E-15));
#351 = ADVANCED_FACE('',(#352),#371,.T.);
#352 = FACE_BOUND('',#353,.T.);
#353 = EDGE_LOOP('',(#354,#362,#369,#370));
#354 = ORIENTED_EDGE('',*,*,#355,.T.);
#355 = EDGE_CURVE('',#330,#356,#358,.T.);
#356 = VERTEX_POINT('',#357);
#357 = CARTESIAN_POINT('',(1.15,0.,6.1));
#358 = LINE('',#359,#360);
#359 = CARTESIAN_POINT('',(0.75,0.,6.1));
#360 = VECTOR('',#361,1.);
#361 = DIRECTION('',(1.,0.,0.));
#362 = ORIENTED_EDGE('',*,*,#363,.F.);
#363 = EDGE_CURVE('',#356,#356,#364,.T.);
#364 = CIRCLE('',#365,0.25);
#365 = AXIS2_PLACEMENT_3D('',#366,#367,#368);
#366 = CARTESIAN_POINT('',(1.15,0.,6.35));
#367 = DIRECTION('',(1.,-0.,0.));
#368 = DIRECTION('',(0.,0.,-1.));
#369 = ORIENTED_EDGE('',*,*,#355,.F.);
#370 = ORIENTED_EDGE('',*,*,#338,.F.);
#371 = CYLINDRICAL_SURFACE('',#372,0.25);
#372 = AXIS2_PLACEMENT_3D('',#373,#374,#375);
#373 = CARTESIAN_POINT('',(0.75,0.,6.35));
#374 = DIRECTION('',(1.,0.,0.));
#375 = DIRECTION('',(0.,0.,-1.));
#376 = ADVANCED_FACE('',(#377),#397,.T.);
#377 = FACE_BOUND('',#378,.T.);
#378 = EDGE_LOOP('',(#379,#388,#395,#396));
#379 = ORIENTED_EDGE('',*,*,#380,.T.);
#380 = EDGE_CURVE('',#356,#381,#383,.T.);
#381 = VERTEX_POINT('',#382);
#382 = CARTESIAN_POINT('',(1.65,0.,5.6));
#383 = CIRCLE('',#384,0.5);
#384 = AXIS2_PLACEMENT_3D('',#385,#386,#387);
#385 = CARTESIAN_POINT('',(1.15,9.184850993605E-17,5.6));
#386 = DIRECTION('',(-0.,1.,0.));
#387 = DIRECTION('',(2.368475785867E-15,0.,1.));
#388 = ORIENTED_EDGE('',*,*,#389,.T.);
#389 = EDGE_CURVE('',#381,#381,#390,.T.);
#390 = CIRCLE('',#391,0.25);
#391 = AXIS2_PLACEMENT_3D('',#392,#393,#394);
#392 = CARTESIAN_POINT('',(1.9,0.,5.6));
#393 = DIRECTION('',(8.679739665932E-17,-0.,1.));
#394 = DIRECTION('',(1.,0.,-8.679739665932E-17));
#395 = ORIENTED_EDGE('',*,*,#380,.F.);
#396 = ORIENTED_EDGE('',*,*,#363,.T.);
#397 = TOROIDAL_SURFACE('',#398,0.75,0.25);
#398 = AXIS2_PLACEMENT_3D('',#399,#400,#401);
#399 = CARTESIAN_POINT('',(1.15,0.,5.6));
#400 = DIRECTION('',(0.,1.,0.));
#401 = DIRECTION('',(2.368475785867E-15,-0.,1.));
#402 = ADVANCED_FACE('',(#403),#422,.T.);
#403 = FACE_BOUND('',#404,.T.);
#404 = EDGE_LOOP('',(#405,#413,#420,#421));
#405 = ORIENTED_EDGE('',*,*,#406,.T.);
#406 = EDGE_CURVE('',#381,#407,#409,.T.);
#407 = VERTEX_POINT('',#408);
#408 = CARTESIAN_POINT('',(1.65,-6.123233995737E-17,-3.));
#409 = LINE('',#410,#411);
#410 = CARTESIAN_POINT('',(1.65,0.,5.6));
#411 = VECTOR('',#412,1.);
#412 = DIRECTION('',(0.,0.,-1.));
#413 = ORIENTED_EDGE('',*,*,#414,.F.);
#414 = EDGE_CURVE('',#407,#407,#415,.T.);
#415 = CIRCLE('',#416,0.25);
#416 = AXIS2_PLACEMENT_3D('',#417,#418,#419);
#417 = CARTESIAN_POINT('',(1.9,0.,-3.));
#418 = DIRECTION('',(0.,0.,-1.));
#419 = DIRECTION('',(-1.,0.,0.));
#420 = ORIENTED_EDGE('',*,*,#406,.F.);
#421 = ORIENTED_EDGE('',*,*,#389,.F.);
#422 = CYLINDRICAL_SURFACE('',#423,0.25);
#423 = AXIS2_PLACEMENT_3D('',#424,#425,#426);
#424 = CARTESIAN_POINT('',(1.9,0.,5.6));
#425 = DIRECTION('',(0.,0.,-1.));
#426 = DIRECTION('',(-1.,0.,0.));
#427 = ADVANCED_FACE('',(#428),#431,.F.);
#428 = FACE_BOUND('',#429,.T.);
#429 = EDGE_LOOP('',(#430));
#430 = ORIENTED_EDGE('',*,*,#414,.T.);
#431 = PLANE('',#432);
#432 = AXIS2_PLACEMENT_3D('',#433,#434,#435);
#433 = CARTESIAN_POINT('',(1.65,0.,-3.));
#434 = DIRECTION('',(0.,0.,1.));
#435 = DIRECTION('',(1.,0.,-0.));
#436 = ( GEOMETRIC_REPRESENTATION_CONTEXT(3) 
GLOBAL_UNCERTAINTY_ASSIGNED_CONTEXT((#440)) GLOBAL_UNIT_ASSIGNED_CONTEXT
((#437,#438,#439)) REPRESENTATION_CONTEXT('Context #1',
  '3D Context with UNIT and UNCERTAINTY') );
#437 = ( LENGTH_UNIT() NAMED_UNIT(*) SI_UNIT(.MILLI.,.METRE.) );
#438 = ( NAMED_UNIT(*) PLANE_ANGLE_UNIT() SI_UNIT($,.RADIAN.) );
#439 = ( NAMED_UNIT(*) SI_UNIT($,.STERADIAN.) SOLID_ANGLE_UNIT() );
#440 = UNCERTAINTY_MEASURE_WITH_UNIT(LENGTH_MEASURE(1.E-07),#437,
  'distance_accuracy_value','confusion accuracy');
#441 = CONTEXT_DEPENDENT_SHAPE_REPRESENTATION(#442,#444);
#442 = ( REPRESENTATION_RELATIONSHIP('','',#48,#10) 
REPRESENTATION_RELATIONSHIP_WITH_TRANSFORMATION(#443) 
SHAPE_REPRESENTATION_RELATIONSHIP() );
#443 = ITEM_DEFINED_TRANSFORMATION('','',#11,#15);
#444 = PRODUCT_DEFINITION_SHAPE('Placement','Placement of an item',#445
  );
#445 = NEXT_ASSEMBLY_USAGE_OCCURRENCE('1','R1','',#5,#43,$);
#446 = PRODUCT_RELATED_PRODUCT_CATEGORY('part',$,(#45));
#447 = SHAPE_DEFINITION_REPRESENTATION(#448,#454);
#448 = PRODUCT_DEFINITION_SHAPE('','',#449);
#449 = PRODUCT_DEFINITION('design','',#450,#453);
#450 = PRODUCT_DEFINITION_FORMATION('','',#451);
#451 = PRODUCT('Molex_KK-254_AE-6410-10A_1x10_P2.54mm_Vertical',
  'Molex_KK-254_AE-6410-10A_1x10_P2.54mm_Vertical','',(#452));
#452 = PRODUCT_CONTEXT('',#2,'mechanical');
#453 = PRODUCT_DEFINITION_CONTEXT('part definition',#2,'design');
#454 = ADVANCED_BREP_SHAPE_REPRESENTATION('',(#11,#455),#8573);
#455 = MANIFOLD_SOLID_BREP('',#456);
#456 = CLOSED_SHELL('',(#457,#497,#528,#872,#896,#1313,#2022,#2044,#2061
    ,#2112,#2129,#2180,#2197,#2248,#2265,#2316,#2333,#2384,#2401,#2452,
    #2469,#2520,#2537,#2588,#2605,#2656,#2673,#2724,#2741,#2792,#2809,
    #2860,#2877,#2928,#2945,#2996,#3013,#3064,#3081,#3132,#3149,#3200,
    #3217,#3268,#3285,#3331,#3343,#3408,#3432,#3456,#3514,#3579,#3603,
    #3627,#3685,#3702,#3719,#3741,#3758,#3775,#3787,#3818,#3842,#3866,
    #3883,#3914,#3938,#3962,#3979,#4001,#4018,#4035,#4047,#4069,#4086,
    #4103,#4115,#4146,#4170,#4194,#4211,#4233,#4250,#4267,#4279,#4301,
    #4318,#4335,#4347,#4378,#4402,#4426,#4443,#4474,#4498,#4522,#4539,
    #4570,#4594,#4618,#4635,#4657,#4674,#4691,#4703,#4725,#4742,#4759,
    #4771,#4802,#4826,#4850,#4867,#4898,#4922,#4946,#4963,#4985,#5002,
    #5019,#5031,#5062,#5086,#5110,#5127,#5149,#5166,#5183,#5195,#5226,
    #5250,#5274,#5291,#5322,#5346,#5370,#5387,#5418,#5442,#5466,#5483,
    #5514,#5538,#5562,#5579,#5610,#5634,#5658,#5675,#5706,#5730,#5754,
    #5771,#5802,#5826,#5850,#5867,#5898,#5922,#5946,#5963,#5994,#6018,
    #6042,#6059,#6090,#6114,#6138,#6155,#6186,#6210,#6234,#6251,#6269,
    #6286,#6303,#6320,#6332,#6350,#6367,#6384,#6401,#6413,#6444,#6468,
    #6492,#6509,#6540,#6564,#6588,#6605,#6636,#6660,#6684,#6701,#6732,
    #6756,#6780,#6797,#6828,#6852,#6876,#6893,#6924,#6948,#6972,#6989,
    #7020,#7044,#7068,#7085,#7116,#7140,#7164,#7181,#7212,#7236,#7260,
    #7277,#7308,#7332,#7356,#7373,#7404,#7428,#7452,#7469,#7500,#7524,
    #7548,#7565,#7596,#7620,#7644,#7661,#7692,#7716,#7740,#7757,#7788,
    #7812,#7836,#7853,#7884,#7908,#7932,#7949,#7980,#8004,#8028,#8045,
    #8076,#8100,#8124,#8141,#8172,#8196,#8220,#8237,#8268,#8292,#8316,
    #8333,#8345,#8357,#8369,#8381,#8393,#8405,#8417,#8429,#8441,#8453,
    #8465,#8477,#8489,#8501,#8513,#8525,#8537,#8549,#8561));
#457 = ADVANCED_FACE('',(#458),#492,.F.);
#458 = FACE_BOUND('',#459,.F.);
#459 = EDGE_LOOP('',(#460,#470,#478,#486));
#460 = ORIENTED_EDGE('',*,*,#461,.T.);
#461 = EDGE_CURVE('',#462,#464,#466,.T.);
#462 = VERTEX_POINT('',#463);
#463 = CARTESIAN_POINT('',(-1.27,2.9,0.));
#464 = VERTEX_POINT('',#465);
#465 = CARTESIAN_POINT('',(-1.27,-2.9,0.));
#466 = LINE('',#467,#468);
#467 = CARTESIAN_POINT('',(-1.27,2.9,0.));
#468 = VECTOR('',#469,1.);
#469 = DIRECTION('',(0.,-1.,0.));
#470 = ORIENTED_EDGE('',*,*,#471,.T.);
#471 = EDGE_CURVE('',#464,#472,#474,.T.);
#472 = VERTEX_POINT('',#473);
#473 = CARTESIAN_POINT('',(-0.75,-2.9,0.));
#474 = LINE('',#475,#476);
#475 = CARTESIAN_POINT('',(-1.27,-2.9,0.));
#476 = VECTOR('',#477,1.);
#477 = DIRECTION('',(1.,0.,0.));
#478 = ORIENTED_EDGE('',*,*,#479,.T.);
#479 = EDGE_CURVE('',#472,#480,#482,.T.);
#480 = VERTEX_POINT('',#481);
#481 = CARTESIAN_POINT('',(-0.75,2.9,0.));
#482 = LINE('',#483,#484);
#483 = CARTESIAN_POINT('',(-0.75,-2.9,0.));
#484 = VECTOR('',#485,1.);
#485 = DIRECTION('',(0.,1.,0.));
#486 = ORIENTED_EDGE('',*,*,#487,.T.);
#487 = EDGE_CURVE('',#480,#462,#488,.T.);
#488 = LINE('',#489,#490);
#489 = CARTESIAN_POINT('',(24.13,2.9,0.));
#490 = VECTOR('',#491,1.);
#491 = DIRECTION('',(-1.,0.,0.));
#492 = PLANE('',#493);
#493 = AXIS2_PLACEMENT_3D('',#494,#495,#496);
#494 = CARTESIAN_POINT('',(11.43,0.,0.));
#495 = DIRECTION('',(0.,0.,1.));
#496 = DIRECTION('',(1.,0.,-0.));
#497 = ADVANCED_FACE('',(#498),#523,.F.);
#498 = FACE_BOUND('',#499,.F.);
#499 = EDGE_LOOP('',(#500,#508,#516,#522));
#500 = ORIENTED_EDGE('',*,*,#501,.T.);
#501 = EDGE_CURVE('',#462,#502,#504,.T.);
#502 = VERTEX_POINT('',#503);
#503 = CARTESIAN_POINT('',(-1.27,2.9,3.17));
#504 = LINE('',#505,#506);
#505 = CARTESIAN_POINT('',(-1.27,2.9,0.));
#506 = VECTOR('',#507,1.);
#507 = DIRECTION('',(0.,0.,1.));
#508 = ORIENTED_EDGE('',*,*,#509,.T.);
#509 = EDGE_CURVE('',#502,#510,#512,.T.);
#510 = VERTEX_POINT('',#511);
#511 = CARTESIAN_POINT('',(-1.27,-2.9,3.17));
#512 = LINE('',#513,#514);
#513 = CARTESIAN_POINT('',(-1.27,2.9,3.17));
#514 = VECTOR('',#515,1.);
#515 = DIRECTION('',(0.,-1.,0.));
#516 = ORIENTED_EDGE('',*,*,#517,.F.);
#517 = EDGE_CURVE('',#464,#510,#518,.T.);
#518 = LINE('',#519,#520);
#519 = CARTESIAN_POINT('',(-1.27,-2.9,0.));
#520 = VECTOR('',#521,1.);
#521 = DIRECTION('',(0.,0.,1.));
#522 = ORIENTED_EDGE('',*,*,#461,.F.);
#523 = PLANE('',#524);
#524 = AXIS2_PLACEMENT_3D('',#525,#526,#527);
#525 = CARTESIAN_POINT('',(-1.27,2.9,0.));
#526 = DIRECTION('',(1.,0.,0.));
#527 = DIRECTION('',(0.,-1.,0.));
#528 = ADVANCED_FACE('',(#529),#867,.F.);
#529 = FACE_BOUND('',#530,.F.);
#530 = EDGE_LOOP('',(#531,#541,#549,#555,#556,#557,#565,#573,#581,#589,
    #597,#605,#613,#621,#629,#637,#645,#653,#661,#669,#677,#685,#693,
    #701,#709,#717,#725,#733,#741,#749,#757,#765,#773,#781,#789,#797,
    #805,#813,#821,#829,#837,#845,#853,#861));
#531 = ORIENTED_EDGE('',*,*,#532,.F.);
#532 = EDGE_CURVE('',#533,#535,#537,.T.);
#533 = VERTEX_POINT('',#534);
#534 = CARTESIAN_POINT('',(24.13,2.9,0.));
#535 = VERTEX_POINT('',#536);
#536 = CARTESIAN_POINT('',(23.61,2.9,0.));
#537 = LINE('',#538,#539);
#538 = CARTESIAN_POINT('',(24.13,2.9,0.));
#539 = VECTOR('',#540,1.);
#540 = DIRECTION('',(-1.,0.,0.));
#541 = ORIENTED_EDGE('',*,*,#542,.T.);
#542 = EDGE_CURVE('',#533,#543,#545,.T.);
#543 = VERTEX_POINT('',#544);
#544 = CARTESIAN_POINT('',(24.13,2.9,3.17));
#545 = LINE('',#546,#547);
#546 = CARTESIAN_POINT('',(24.13,2.9,0.));
#547 = VECTOR('',#548,1.);
#548 = DIRECTION('',(0.,0.,1.));
#549 = ORIENTED_EDGE('',*,*,#550,.T.);
#550 = EDGE_CURVE('',#543,#502,#551,.T.);
#551 = LINE('',#552,#553);
#552 = CARTESIAN_POINT('',(24.13,2.9,3.17));
#553 = VECTOR('',#554,1.);
#554 = DIRECTION('',(-1.,0.,0.));
#555 = ORIENTED_EDGE('',*,*,#501,.F.);
#556 = ORIENTED_EDGE('',*,*,#487,.F.);
#557 = ORIENTED_EDGE('',*,*,#558,.T.);
#558 = EDGE_CURVE('',#480,#559,#561,.T.);
#559 = VERTEX_POINT('',#560);
#560 = CARTESIAN_POINT('',(-0.75,2.9,0.6));
#561 = LINE('',#562,#563);
#562 = CARTESIAN_POINT('',(-0.75,2.9,0.));
#563 = VECTOR('',#564,1.);
#564 = DIRECTION('',(0.,0.,1.));
#565 = ORIENTED_EDGE('',*,*,#566,.T.);
#566 = EDGE_CURVE('',#559,#567,#569,.T.);
#567 = VERTEX_POINT('',#568);
#568 = CARTESIAN_POINT('',(0.75,2.9,0.6));
#569 = LINE('',#570,#571);
#570 = CARTESIAN_POINT('',(-0.75,2.9,0.6));
#571 = VECTOR('',#572,1.);
#572 = DIRECTION('',(1.,0.,0.));
#573 = ORIENTED_EDGE('',*,*,#574,.F.);
#574 = EDGE_CURVE('',#575,#567,#577,.T.);
#575 = VERTEX_POINT('',#576);
#576 = CARTESIAN_POINT('',(0.75,2.9,0.));
#577 = LINE('',#578,#579);
#578 = CARTESIAN_POINT('',(0.75,2.9,0.));
#579 = VECTOR('',#580,1.);
#580 = DIRECTION('',(0.,0.,1.));
#581 = ORIENTED_EDGE('',*,*,#582,.F.);
#582 = EDGE_CURVE('',#583,#575,#585,.T.);
#583 = VERTEX_POINT('',#584);
#584 = CARTESIAN_POINT('',(1.79,2.9,0.));
#585 = LINE('',#586,#587);
#586 = CARTESIAN_POINT('',(24.13,2.9,0.));
#587 = VECTOR('',#588,1.);
#588 = DIRECTION('',(-1.,0.,0.));
#589 = ORIENTED_EDGE('',*,*,#590,.T.);
#590 = EDGE_CURVE('',#583,#591,#593,.T.);
#591 = VERTEX_POINT('',#592);
#592 = CARTESIAN_POINT('',(1.79,2.9,0.6));
#593 = LINE('',#594,#595);
#594 = CARTESIAN_POINT('',(1.79,2.9,0.));
#595 = VECTOR('',#596,1.);
#596 = DIRECTION('',(0.,0.,1.));
#597 = ORIENTED_EDGE('',*,*,#598,.T.);
#598 = EDGE_CURVE('',#591,#599,#601,.T.);
#599 = VERTEX_POINT('',#600);
#600 = CARTESIAN_POINT('',(3.29,2.9,0.6));
#601 = LINE('',#602,#603);
#602 = CARTESIAN_POINT('',(1.79,2.9,0.6));
#603 = VECTOR('',#604,1.);
#604 = DIRECTION('',(1.,0.,0.));
#605 = ORIENTED_EDGE('',*,*,#606,.F.);
#606 = EDGE_CURVE('',#607,#599,#609,.T.);
#607 = VERTEX_POINT('',#608);
#608 = CARTESIAN_POINT('',(3.29,2.9,0.));
#609 = LINE('',#610,#611);
#610 = CARTESIAN_POINT('',(3.29,2.9,0.));
#611 = VECTOR('',#612,1.);
#612 = DIRECTION('',(0.,0.,1.));
#613 = ORIENTED_EDGE('',*,*,#614,.F.);
#614 = EDGE_CURVE('',#615,#607,#617,.T.);
#615 = VERTEX_POINT('',#616);
#616 = CARTESIAN_POINT('',(4.33,2.9,0.));
#617 = LINE('',#618,#619);
#618 = CARTESIAN_POINT('',(24.13,2.9,0.));
#619 = VECTOR('',#620,1.);
#620 = DIRECTION('',(-1.,0.,0.));
#621 = ORIENTED_EDGE('',*,*,#622,.T.);
#622 = EDGE_CURVE('',#615,#623,#625,.T.);
#623 = VERTEX_POINT('',#624);
#624 = CARTESIAN_POINT('',(4.33,2.9,0.6));
#625 = LINE('',#626,#627);
#626 = CARTESIAN_POINT('',(4.33,2.9,0.));
#627 = VECTOR('',#628,1.);
#628 = DIRECTION('',(0.,0.,1.));
#629 = ORIENTED_EDGE('',*,*,#630,.T.);
#630 = EDGE_CURVE('',#623,#631,#633,.T.);
#631 = VERTEX_POINT('',#632);
#632 = CARTESIAN_POINT('',(5.83,2.9,0.6));
#633 = LINE('',#634,#635);
#634 = CARTESIAN_POINT('',(4.33,2.9,0.6));
#635 = VECTOR('',#636,1.);
#636 = DIRECTION('',(1.,0.,0.));
#637 = ORIENTED_EDGE('',*,*,#638,.F.);
#638 = EDGE_CURVE('',#639,#631,#641,.T.);
#639 = VERTEX_POINT('',#640);
#640 = CARTESIAN_POINT('',(5.83,2.9,0.));
#641 = LINE('',#642,#643);
#642 = CARTESIAN_POINT('',(5.83,2.9,0.));
#643 = VECTOR('',#644,1.);
#644 = DIRECTION('',(0.,0.,1.));
#645 = ORIENTED_EDGE('',*,*,#646,.F.);
#646 = EDGE_CURVE('',#647,#639,#649,.T.);
#647 = VERTEX_POINT('',#648);
#648 = CARTESIAN_POINT('',(6.87,2.9,0.));
#649 = LINE('',#650,#651);
#650 = CARTESIAN_POINT('',(24.13,2.9,0.));
#651 = VECTOR('',#652,1.);
#652 = DIRECTION('',(-1.,0.,0.));
#653 = ORIENTED_EDGE('',*,*,#654,.T.);
#654 = EDGE_CURVE('',#647,#655,#657,.T.);
#655 = VERTEX_POINT('',#656);
#656 = CARTESIAN_POINT('',(6.87,2.9,0.6));
#657 = LINE('',#658,#659);
#658 = CARTESIAN_POINT('',(6.87,2.9,0.));
#659 = VECTOR('',#660,1.);
#660 = DIRECTION('',(0.,0.,1.));
#661 = ORIENTED_EDGE('',*,*,#662,.T.);
#662 = EDGE_CURVE('',#655,#663,#665,.T.);
#663 = VERTEX_POINT('',#664);
#664 = CARTESIAN_POINT('',(8.37,2.9,0.6));
#665 = LINE('',#666,#667);
#666 = CARTESIAN_POINT('',(6.87,2.9,0.6));
#667 = VECTOR('',#668,1.);
#668 = DIRECTION('',(1.,0.,0.));
#669 = ORIENTED_EDGE('',*,*,#670,.F.);
#670 = EDGE_CURVE('',#671,#663,#673,.T.);
#671 = VERTEX_POINT('',#672);
#672 = CARTESIAN_POINT('',(8.37,2.9,0.));
#673 = LINE('',#674,#675);
#674 = CARTESIAN_POINT('',(8.37,2.9,0.));
#675 = VECTOR('',#676,1.);
#676 = DIRECTION('',(0.,0.,1.));
#677 = ORIENTED_EDGE('',*,*,#678,.F.);
#678 = EDGE_CURVE('',#679,#671,#681,.T.);
#679 = VERTEX_POINT('',#680);
#680 = CARTESIAN_POINT('',(9.41,2.9,0.));
#681 = LINE('',#682,#683);
#682 = CARTESIAN_POINT('',(24.13,2.9,0.));
#683 = VECTOR('',#684,1.);
#684 = DIRECTION('',(-1.,0.,0.));
#685 = ORIENTED_EDGE('',*,*,#686,.T.);
#686 = EDGE_CURVE('',#679,#687,#689,.T.);
#687 = VERTEX_POINT('',#688);
#688 = CARTESIAN_POINT('',(9.41,2.9,0.6));
#689 = LINE('',#690,#691);
#690 = CARTESIAN_POINT('',(9.41,2.9,0.));
#691 = VECTOR('',#692,1.);
#692 = DIRECTION('',(0.,0.,1.));
#693 = ORIENTED_EDGE('',*,*,#694,.T.);
#694 = EDGE_CURVE('',#687,#695,#697,.T.);
#695 = VERTEX_POINT('',#696);
#696 = CARTESIAN_POINT('',(10.91,2.9,0.6));
#697 = LINE('',#698,#699);
#698 = CARTESIAN_POINT('',(9.41,2.9,0.6));
#699 = VECTOR('',#700,1.);
#700 = DIRECTION('',(1.,0.,0.));
#701 = ORIENTED_EDGE('',*,*,#702,.F.);
#702 = EDGE_CURVE('',#703,#695,#705,.T.);
#703 = VERTEX_POINT('',#704);
#704 = CARTESIAN_POINT('',(10.91,2.9,0.));
#705 = LINE('',#706,#707);
#706 = CARTESIAN_POINT('',(10.91,2.9,0.));
#707 = VECTOR('',#708,1.);
#708 = DIRECTION('',(0.,0.,1.));
#709 = ORIENTED_EDGE('',*,*,#710,.F.);
#710 = EDGE_CURVE('',#711,#703,#713,.T.);
#711 = VERTEX_POINT('',#712);
#712 = CARTESIAN_POINT('',(11.95,2.9,0.));
#713 = LINE('',#714,#715);
#714 = CARTESIAN_POINT('',(24.13,2.9,0.));
#715 = VECTOR('',#716,1.);
#716 = DIRECTION('',(-1.,0.,0.));
#717 = ORIENTED_EDGE('',*,*,#718,.T.);
#718 = EDGE_CURVE('',#711,#719,#721,.T.);
#719 = VERTEX_POINT('',#720);
#720 = CARTESIAN_POINT('',(11.95,2.9,0.6));
#721 = LINE('',#722,#723);
#722 = CARTESIAN_POINT('',(11.95,2.9,0.));
#723 = VECTOR('',#724,1.);
#724 = DIRECTION('',(0.,0.,1.));
#725 = ORIENTED_EDGE('',*,*,#726,.T.);
#726 = EDGE_CURVE('',#719,#727,#729,.T.);
#727 = VERTEX_POINT('',#728);
#728 = CARTESIAN_POINT('',(13.45,2.9,0.6));
#729 = LINE('',#730,#731);
#730 = CARTESIAN_POINT('',(11.95,2.9,0.6));
#731 = VECTOR('',#732,1.);
#732 = DIRECTION('',(1.,0.,0.));
#733 = ORIENTED_EDGE('',*,*,#734,.F.);
#734 = EDGE_CURVE('',#735,#727,#737,.T.);
#735 = VERTEX_POINT('',#736);
#736 = CARTESIAN_POINT('',(13.45,2.9,0.));
#737 = LINE('',#738,#739);
#738 = CARTESIAN_POINT('',(13.45,2.9,0.));
#739 = VECTOR('',#740,1.);
#740 = DIRECTION('',(0.,0.,1.));
#741 = ORIENTED_EDGE('',*,*,#742,.F.);
#742 = EDGE_CURVE('',#743,#735,#745,.T.);
#743 = VERTEX_POINT('',#744);
#744 = CARTESIAN_POINT('',(14.49,2.9,0.));
#745 = LINE('',#746,#747);
#746 = CARTESIAN_POINT('',(24.13,2.9,0.));
#747 = VECTOR('',#748,1.);
#748 = DIRECTION('',(-1.,0.,0.));
#749 = ORIENTED_EDGE('',*,*,#750,.T.);
#750 = EDGE_CURVE('',#743,#751,#753,.T.);
#751 = VERTEX_POINT('',#752);
#752 = CARTESIAN_POINT('',(14.49,2.9,0.6));
#753 = LINE('',#754,#755);
#754 = CARTESIAN_POINT('',(14.49,2.9,0.));
#755 = VECTOR('',#756,1.);
#756 = DIRECTION('',(0.,0.,1.));
#757 = ORIENTED_EDGE('',*,*,#758,.T.);
#758 = EDGE_CURVE('',#751,#759,#761,.T.);
#759 = VERTEX_POINT('',#760);
#760 = CARTESIAN_POINT('',(15.99,2.9,0.6));
#761 = LINE('',#762,#763);
#762 = CARTESIAN_POINT('',(14.49,2.9,0.6));
#763 = VECTOR('',#764,1.);
#764 = DIRECTION('',(1.,0.,0.));
#765 = ORIENTED_EDGE('',*,*,#766,.F.);
#766 = EDGE_CURVE('',#767,#759,#769,.T.);
#767 = VERTEX_POINT('',#768);
#768 = CARTESIAN_POINT('',(15.99,2.9,0.));
#769 = LINE('',#770,#771);
#770 = CARTESIAN_POINT('',(15.99,2.9,0.));
#771 = VECTOR('',#772,1.);
#772 = DIRECTION('',(0.,0.,1.));
#773 = ORIENTED_EDGE('',*,*,#774,.F.);
#774 = EDGE_CURVE('',#775,#767,#777,.T.);
#775 = VERTEX_POINT('',#776);
#776 = CARTESIAN_POINT('',(17.03,2.9,0.));
#777 = LINE('',#778,#779);
#778 = CARTESIAN_POINT('',(24.13,2.9,0.));
#779 = VECTOR('',#780,1.);
#780 = DIRECTION('',(-1.,0.,0.));
#781 = ORIENTED_EDGE('',*,*,#782,.T.);
#782 = EDGE_CURVE('',#775,#783,#785,.T.);
#783 = VERTEX_POINT('',#784);
#784 = CARTESIAN_POINT('',(17.03,2.9,0.6));
#785 = LINE('',#786,#787);
#786 = CARTESIAN_POINT('',(17.03,2.9,0.));
#787 = VECTOR('',#788,1.);
#788 = DIRECTION('',(0.,0.,1.));
#789 = ORIENTED_EDGE('',*,*,#790,.T.);
#790 = EDGE_CURVE('',#783,#791,#793,.T.);
#791 = VERTEX_POINT('',#792);
#792 = CARTESIAN_POINT('',(18.53,2.9,0.6));
#793 = LINE('',#794,#795);
#794 = CARTESIAN_POINT('',(17.03,2.9,0.6));
#795 = VECTOR('',#796,1.);
#796 = DIRECTION('',(1.,0.,0.));
#797 = ORIENTED_EDGE('',*,*,#798,.F.);
#798 = EDGE_CURVE('',#799,#791,#801,.T.);
#799 = VERTEX_POINT('',#800);
#800 = CARTESIAN_POINT('',(18.53,2.9,0.));
#801 = LINE('',#802,#803);
#802 = CARTESIAN_POINT('',(18.53,2.9,0.));
#803 = VECTOR('',#804,1.);
#804 = DIRECTION('',(0.,0.,1.));
#805 = ORIENTED_EDGE('',*,*,#806,.F.);
#806 = EDGE_CURVE('',#807,#799,#809,.T.);
#807 = VERTEX_POINT('',#808);
#808 = CARTESIAN_POINT('',(19.57,2.9,0.));
#809 = LINE('',#810,#811);
#810 = CARTESIAN_POINT('',(24.13,2.9,0.));
#811 = VECTOR('',#812,1.);
#812 = DIRECTION('',(-1.,0.,0.));
#813 = ORIENTED_EDGE('',*,*,#814,.T.);
#814 = EDGE_CURVE('',#807,#815,#817,.T.);
#815 = VERTEX_POINT('',#816);
#816 = CARTESIAN_POINT('',(19.57,2.9,0.6));
#817 = LINE('',#818,#819);
#818 = CARTESIAN_POINT('',(19.57,2.9,0.));
#819 = VECTOR('',#820,1.);
#820 = DIRECTION('',(0.,0.,1.));
#821 = ORIENTED_EDGE('',*,*,#822,.T.);
#822 = EDGE_CURVE('',#815,#823,#825,.T.);
#823 = VERTEX_POINT('',#824);
#824 = CARTESIAN_POINT('',(21.07,2.9,0.6));
#825 = LINE('',#826,#827);
#826 = CARTESIAN_POINT('',(19.57,2.9,0.6));
#827 = VECTOR('',#828,1.);
#828 = DIRECTION('',(1.,0.,0.));
#829 = ORIENTED_EDGE('',*,*,#830,.F.);
#830 = EDGE_CURVE('',#831,#823,#833,.T.);
#831 = VERTEX_POINT('',#832);
#832 = CARTESIAN_POINT('',(21.07,2.9,0.));
#833 = LINE('',#834,#835);
#834 = CARTESIAN_POINT('',(21.07,2.9,0.));
#835 = VECTOR('',#836,1.);
#836 = DIRECTION('',(0.,0.,1.));
#837 = ORIENTED_EDGE('',*,*,#838,.F.);
#838 = EDGE_CURVE('',#839,#831,#841,.T.);
#839 = VERTEX_POINT('',#840);
#840 = CARTESIAN_POINT('',(22.11,2.9,0.));
#841 = LINE('',#842,#843);
#842 = CARTESIAN_POINT('',(24.13,2.9,0.));
#843 = VECTOR('',#844,1.);
#844 = DIRECTION('',(-1.,0.,0.));
#845 = ORIENTED_EDGE('',*,*,#846,.T.);
#846 = EDGE_CURVE('',#839,#847,#849,.T.);
#847 = VERTEX_POINT('',#848);
#848 = CARTESIAN_POINT('',(22.11,2.9,0.6));
#849 = LINE('',#850,#851);
#850 = CARTESIAN_POINT('',(22.11,2.9,0.));
#851 = VECTOR('',#852,1.);
#852 = DIRECTION('',(0.,0.,1.));
#853 = ORIENTED_EDGE('',*,*,#854,.T.);
#854 = EDGE_CURVE('',#847,#855,#857,.T.);
#855 = VERTEX_POINT('',#856);
#856 = CARTESIAN_POINT('',(23.61,2.9,0.6));
#857 = LINE('',#858,#859);
#858 = CARTESIAN_POINT('',(22.11,2.9,0.6));
#859 = VECTOR('',#860,1.);
#860 = DIRECTION('',(1.,0.,0.));
#861 = ORIENTED_EDGE('',*,*,#862,.F.);
#862 = EDGE_CURVE('',#535,#855,#863,.T.);
#863 = LINE('',#864,#865);
#864 = CARTESIAN_POINT('',(23.61,2.9,0.));
#865 = VECTOR('',#866,1.);
#866 = DIRECTION('',(0.,0.,1.));
#867 = PLANE('',#868);
#868 = AXIS2_PLACEMENT_3D('',#869,#870,#871);
#869 = CARTESIAN_POINT('',(24.13,2.9,0.));
#870 = DIRECTION('',(0.,-1.,0.));
#871 = DIRECTION('',(-1.,0.,0.));
#872 = ADVANCED_FACE('',(#873),#891,.F.);
#873 = FACE_BOUND('',#874,.F.);
#874 = EDGE_LOOP('',(#875,#883,#889,#890));
#875 = ORIENTED_EDGE('',*,*,#876,.T.);
#876 = EDGE_CURVE('',#472,#877,#879,.T.);
#877 = VERTEX_POINT('',#878);
#878 = CARTESIAN_POINT('',(-0.75,-2.9,0.6));
#879 = LINE('',#880,#881);
#880 = CARTESIAN_POINT('',(-0.75,-2.9,0.));
#881 = VECTOR('',#882,1.);
#882 = DIRECTION('',(0.,0.,1.));
#883 = ORIENTED_EDGE('',*,*,#884,.T.);
#884 = EDGE_CURVE('',#877,#559,#885,.T.);
#885 = LINE('',#886,#887);
#886 = CARTESIAN_POINT('',(-0.75,-2.9,0.6));
#887 = VECTOR('',#888,1.);
#888 = DIRECTION('',(0.,1.,0.));
#889 = ORIENTED_EDGE('',*,*,#558,.F.);
#890 = ORIENTED_EDGE('',*,*,#479,.F.);
#891 = PLANE('',#892);
#892 = AXIS2_PLACEMENT_3D('',#893,#894,#895);
#893 = CARTESIAN_POINT('',(-0.75,-2.9,0.));
#894 = DIRECTION('',(-1.,0.,0.));
#895 = DIRECTION('',(0.,1.,0.));
#896 = ADVANCED_FACE('',(#897),#1308,.T.);
#897 = FACE_BOUND('',#898,.T.);
#898 = EDGE_LOOP('',(#899,#900,#901,#909,#917,#925,#933,#941,#949,#957,
    #965,#973,#981,#989,#997,#1005,#1013,#1021,#1029,#1037,#1045,#1053,
    #1061,#1069,#1077,#1085,#1093,#1101,#1109,#1117,#1125,#1133,#1141,
    #1149,#1157,#1165,#1173,#1181,#1189,#1197,#1205,#1213,#1221,#1229,
    #1237,#1245,#1253,#1261,#1269,#1277,#1285,#1293,#1301,#1307));
#899 = ORIENTED_EDGE('',*,*,#471,.T.);
#900 = ORIENTED_EDGE('',*,*,#876,.T.);
#901 = ORIENTED_EDGE('',*,*,#902,.F.);
#902 = EDGE_CURVE('',#903,#877,#905,.T.);
#903 = VERTEX_POINT('',#904);
#904 = CARTESIAN_POINT('',(0.75,-2.9,0.6));
#905 = LINE('',#906,#907);
#906 = CARTESIAN_POINT('',(0.75,-2.9,0.6));
#907 = VECTOR('',#908,1.);
#908 = DIRECTION('',(-1.,0.,0.));
#909 = ORIENTED_EDGE('',*,*,#910,.F.);
#910 = EDGE_CURVE('',#911,#903,#913,.T.);
#911 = VERTEX_POINT('',#912);
#912 = CARTESIAN_POINT('',(0.75,-2.9,0.));
#913 = LINE('',#914,#915);
#914 = CARTESIAN_POINT('',(0.75,-2.9,0.));
#915 = VECTOR('',#916,1.);
#916 = DIRECTION('',(0.,0.,1.));
#917 = ORIENTED_EDGE('',*,*,#918,.T.);
#918 = EDGE_CURVE('',#911,#919,#921,.T.);
#919 = VERTEX_POINT('',#920);
#920 = CARTESIAN_POINT('',(1.79,-2.9,0.));
#921 = LINE('',#922,#923);
#922 = CARTESIAN_POINT('',(-1.27,-2.9,0.));
#923 = VECTOR('',#924,1.);
#924 = DIRECTION('',(1.,0.,0.));
#925 = ORIENTED_EDGE('',*,*,#926,.T.);
#926 = EDGE_CURVE('',#919,#927,#929,.T.);
#927 = VERTEX_POINT('',#928);
#928 = CARTESIAN_POINT('',(1.79,-2.9,0.6));
#929 = LINE('',#930,#931);
#930 = CARTESIAN_POINT('',(1.79,-2.9,0.));
#931 = VECTOR('',#932,1.);
#932 = DIRECTION('',(0.,0.,1.));
#933 = ORIENTED_EDGE('',*,*,#934,.F.);
#934 = EDGE_CURVE('',#935,#927,#937,.T.);
#935 = VERTEX_POINT('',#936);
#936 = CARTESIAN_POINT('',(3.29,-2.9,0.6));
#937 = LINE('',#938,#939);
#938 = CARTESIAN_POINT('',(3.29,-2.9,0.6));
#939 = VECTOR('',#940,1.);
#940 = DIRECTION('',(-1.,0.,0.));
#941 = ORIENTED_EDGE('',*,*,#942,.F.);
#942 = EDGE_CURVE('',#943,#935,#945,.T.);
#943 = VERTEX_POINT('',#944);
#944 = CARTESIAN_POINT('',(3.29,-2.9,0.));
#945 = LINE('',#946,#947);
#946 = CARTESIAN_POINT('',(3.29,-2.9,0.));
#947 = VECTOR('',#948,1.);
#948 = DIRECTION('',(0.,0.,1.));
#949 = ORIENTED_EDGE('',*,*,#950,.T.);
#950 = EDGE_CURVE('',#943,#951,#953,.T.);
#951 = VERTEX_POINT('',#952);
#952 = CARTESIAN_POINT('',(4.33,-2.9,0.));
#953 = LINE('',#954,#955);
#954 = CARTESIAN_POINT('',(-1.27,-2.9,0.));
#955 = VECTOR('',#956,1.);
#956 = DIRECTION('',(1.,0.,0.));
#957 = ORIENTED_EDGE('',*,*,#958,.T.);
#958 = EDGE_CURVE('',#951,#959,#961,.T.);
#959 = VERTEX_POINT('',#960);
#960 = CARTESIAN_POINT('',(4.33,-2.9,0.6));
#961 = LINE('',#962,#963);
#962 = CARTESIAN_POINT('',(4.33,-2.9,0.));
#963 = VECTOR('',#964,1.);
#964 = DIRECTION('',(0.,0.,1.));
#965 = ORIENTED_EDGE('',*,*,#966,.F.);
#966 = EDGE_CURVE('',#967,#959,#969,.T.);
#967 = VERTEX_POINT('',#968);
#968 = CARTESIAN_POINT('',(5.83,-2.9,0.6));
#969 = LINE('',#970,#971);
#970 = CARTESIAN_POINT('',(5.83,-2.9,0.6));
#971 = VECTOR('',#972,1.);
#972 = DIRECTION('',(-1.,0.,0.));
#973 = ORIENTED_EDGE('',*,*,#974,.F.);
#974 = EDGE_CURVE('',#975,#967,#977,.T.);
#975 = VERTEX_POINT('',#976);
#976 = CARTESIAN_POINT('',(5.83,-2.9,0.));
#977 = LINE('',#978,#979);
#978 = CARTESIAN_POINT('',(5.83,-2.9,0.));
#979 = VECTOR('',#980,1.);
#980 = DIRECTION('',(0.,0.,1.));
#981 = ORIENTED_EDGE('',*,*,#982,.T.);
#982 = EDGE_CURVE('',#975,#983,#985,.T.);
#983 = VERTEX_POINT('',#984);
#984 = CARTESIAN_POINT('',(6.87,-2.9,0.));
#985 = LINE('',#986,#987);
#986 = CARTESIAN_POINT('',(-1.27,-2.9,0.));
#987 = VECTOR('',#988,1.);
#988 = DIRECTION('',(1.,0.,0.));
#989 = ORIENTED_EDGE('',*,*,#990,.T.);
#990 = EDGE_CURVE('',#983,#991,#993,.T.);
#991 = VERTEX_POINT('',#992);
#992 = CARTESIAN_POINT('',(6.87,-2.9,0.6));
#993 = LINE('',#994,#995);
#994 = CARTESIAN_POINT('',(6.87,-2.9,0.));
#995 = VECTOR('',#996,1.);
#996 = DIRECTION('',(0.,0.,1.));
#997 = ORIENTED_EDGE('',*,*,#998,.F.);
#998 = EDGE_CURVE('',#999,#991,#1001,.T.);
#999 = VERTEX_POINT('',#1000);
#1000 = CARTESIAN_POINT('',(8.37,-2.9,0.6));
#1001 = LINE('',#1002,#1003);
#1002 = CARTESIAN_POINT('',(8.37,-2.9,0.6));
#1003 = VECTOR('',#1004,1.);
#1004 = DIRECTION('',(-1.,0.,0.));
#1005 = ORIENTED_EDGE('',*,*,#1006,.F.);
#1006 = EDGE_CURVE('',#1007,#999,#1009,.T.);
#1007 = VERTEX_POINT('',#1008);
#1008 = CARTESIAN_POINT('',(8.37,-2.9,0.));
#1009 = LINE('',#1010,#1011);
#1010 = CARTESIAN_POINT('',(8.37,-2.9,0.));
#1011 = VECTOR('',#1012,1.);
#1012 = DIRECTION('',(0.,0.,1.));
#1013 = ORIENTED_EDGE('',*,*,#1014,.T.);
#1014 = EDGE_CURVE('',#1007,#1015,#1017,.T.);
#1015 = VERTEX_POINT('',#1016);
#1016 = CARTESIAN_POINT('',(9.41,-2.9,0.));
#1017 = LINE('',#1018,#1019);
#1018 = CARTESIAN_POINT('',(-1.27,-2.9,0.));
#1019 = VECTOR('',#1020,1.);
#1020 = DIRECTION('',(1.,0.,0.));
#1021 = ORIENTED_EDGE('',*,*,#1022,.T.);
#1022 = EDGE_CURVE('',#1015,#1023,#1025,.T.);
#1023 = VERTEX_POINT('',#1024);
#1024 = CARTESIAN_POINT('',(9.41,-2.9,0.6));
#1025 = LINE('',#1026,#1027);
#1026 = CARTESIAN_POINT('',(9.41,-2.9,0.));
#1027 = VECTOR('',#1028,1.);
#1028 = DIRECTION('',(0.,0.,1.));
#1029 = ORIENTED_EDGE('',*,*,#1030,.F.);
#1030 = EDGE_CURVE('',#1031,#1023,#1033,.T.);
#1031 = VERTEX_POINT('',#1032);
#1032 = CARTESIAN_POINT('',(10.91,-2.9,0.6));
#1033 = LINE('',#1034,#1035);
#1034 = CARTESIAN_POINT('',(10.91,-2.9,0.6));
#1035 = VECTOR('',#1036,1.);
#1036 = DIRECTION('',(-1.,0.,0.));
#1037 = ORIENTED_EDGE('',*,*,#1038,.F.);
#1038 = EDGE_CURVE('',#1039,#1031,#1041,.T.);
#1039 = VERTEX_POINT('',#1040);
#1040 = CARTESIAN_POINT('',(10.91,-2.9,0.));
#1041 = LINE('',#1042,#1043);
#1042 = CARTESIAN_POINT('',(10.91,-2.9,0.));
#1043 = VECTOR('',#1044,1.);
#1044 = DIRECTION('',(0.,0.,1.));
#1045 = ORIENTED_EDGE('',*,*,#1046,.T.);
#1046 = EDGE_CURVE('',#1039,#1047,#1049,.T.);
#1047 = VERTEX_POINT('',#1048);
#1048 = CARTESIAN_POINT('',(11.95,-2.9,0.));
#1049 = LINE('',#1050,#1051);
#1050 = CARTESIAN_POINT('',(-1.27,-2.9,0.));
#1051 = VECTOR('',#1052,1.);
#1052 = DIRECTION('',(1.,0.,0.));
#1053 = ORIENTED_EDGE('',*,*,#1054,.T.);
#1054 = EDGE_CURVE('',#1047,#1055,#1057,.T.);
#1055 = VERTEX_POINT('',#1056);
#1056 = CARTESIAN_POINT('',(11.95,-2.9,0.6));
#1057 = LINE('',#1058,#1059);
#1058 = CARTESIAN_POINT('',(11.95,-2.9,0.));
#1059 = VECTOR('',#1060,1.);
#1060 = DIRECTION('',(0.,0.,1.));
#1061 = ORIENTED_EDGE('',*,*,#1062,.F.);
#1062 = EDGE_CURVE('',#1063,#1055,#1065,.T.);
#1063 = VERTEX_POINT('',#1064);
#1064 = CARTESIAN_POINT('',(13.45,-2.9,0.6));
#1065 = LINE('',#1066,#1067);
#1066 = CARTESIAN_POINT('',(13.45,-2.9,0.6));
#1067 = VECTOR('',#1068,1.);
#1068 = DIRECTION('',(-1.,0.,0.));
#1069 = ORIENTED_EDGE('',*,*,#1070,.F.);
#1070 = EDGE_CURVE('',#1071,#1063,#1073,.T.);
#1071 = VERTEX_POINT('',#1072);
#1072 = CARTESIAN_POINT('',(13.45,-2.9,0.));
#1073 = LINE('',#1074,#1075);
#1074 = CARTESIAN_POINT('',(13.45,-2.9,0.));
#1075 = VECTOR('',#1076,1.);
#1076 = DIRECTION('',(0.,0.,1.));
#1077 = ORIENTED_EDGE('',*,*,#1078,.T.);
#1078 = EDGE_CURVE('',#1071,#1079,#1081,.T.);
#1079 = VERTEX_POINT('',#1080);
#1080 = CARTESIAN_POINT('',(14.49,-2.9,0.));
#1081 = LINE('',#1082,#1083);
#1082 = CARTESIAN_POINT('',(-1.27,-2.9,0.));
#1083 = VECTOR('',#1084,1.);
#1084 = DIRECTION('',(1.,0.,0.));
#1085 = ORIENTED_EDGE('',*,*,#1086,.T.);
#1086 = EDGE_CURVE('',#1079,#1087,#1089,.T.);
#1087 = VERTEX_POINT('',#1088);
#1088 = CARTESIAN_POINT('',(14.49,-2.9,0.6));
#1089 = LINE('',#1090,#1091);
#1090 = CARTESIAN_POINT('',(14.49,-2.9,0.));
#1091 = VECTOR('',#1092,1.);
#1092 = DIRECTION('',(0.,0.,1.));
#1093 = ORIENTED_EDGE('',*,*,#1094,.F.);
#1094 = EDGE_CURVE('',#1095,#1087,#1097,.T.);
#1095 = VERTEX_POINT('',#1096);
#1096 = CARTESIAN_POINT('',(15.99,-2.9,0.6));
#1097 = LINE('',#1098,#1099);
#1098 = CARTESIAN_POINT('',(15.99,-2.9,0.6));
#1099 = VECTOR('',#1100,1.);
#1100 = DIRECTION('',(-1.,0.,0.));
#1101 = ORIENTED_EDGE('',*,*,#1102,.F.);
#1102 = EDGE_CURVE('',#1103,#1095,#1105,.T.);
#1103 = VERTEX_POINT('',#1104);
#1104 = CARTESIAN_POINT('',(15.99,-2.9,0.));
#1105 = LINE('',#1106,#1107);
#1106 = CARTESIAN_POINT('',(15.99,-2.9,0.));
#1107 = VECTOR('',#1108,1.);
#1108 = DIRECTION('',(0.,0.,1.));
#1109 = ORIENTED_EDGE('',*,*,#1110,.T.);
#1110 = EDGE_CURVE('',#1103,#1111,#1113,.T.);
#1111 = VERTEX_POINT('',#1112);
#1112 = CARTESIAN_POINT('',(17.03,-2.9,0.));
#1113 = LINE('',#1114,#1115);
#1114 = CARTESIAN_POINT('',(-1.27,-2.9,0.));
#1115 = VECTOR('',#1116,1.);
#1116 = DIRECTION('',(1.,0.,0.));
#1117 = ORIENTED_EDGE('',*,*,#1118,.T.);
#1118 = EDGE_CURVE('',#1111,#1119,#1121,.T.);
#1119 = VERTEX_POINT('',#1120);
#1120 = CARTESIAN_POINT('',(17.03,-2.9,0.6));
#1121 = LINE('',#1122,#1123);
#1122 = CARTESIAN_POINT('',(17.03,-2.9,0.));
#1123 = VECTOR('',#1124,1.);
#1124 = DIRECTION('',(0.,0.,1.));
#1125 = ORIENTED_EDGE('',*,*,#1126,.F.);
#1126 = EDGE_CURVE('',#1127,#1119,#1129,.T.);
#1127 = VERTEX_POINT('',#1128);
#1128 = CARTESIAN_POINT('',(18.53,-2.9,0.6));
#1129 = LINE('',#1130,#1131);
#1130 = CARTESIAN_POINT('',(18.53,-2.9,0.6));
#1131 = VECTOR('',#1132,1.);
#1132 = DIRECTION('',(-1.,0.,0.));
#1133 = ORIENTED_EDGE('',*,*,#1134,.F.);
#1134 = EDGE_CURVE('',#1135,#1127,#1137,.T.);
#1135 = VERTEX_POINT('',#1136);
#1136 = CARTESIAN_POINT('',(18.53,-2.9,0.));
#1137 = LINE('',#1138,#1139);
#1138 = CARTESIAN_POINT('',(18.53,-2.9,0.));
#1139 = VECTOR('',#1140,1.);
#1140 = DIRECTION('',(0.,0.,1.));
#1141 = ORIENTED_EDGE('',*,*,#1142,.T.);
#1142 = EDGE_CURVE('',#1135,#1143,#1145,.T.);
#1143 = VERTEX_POINT('',#1144);
#1144 = CARTESIAN_POINT('',(19.57,-2.9,0.));
#1145 = LINE('',#1146,#1147);
#1146 = CARTESIAN_POINT('',(-1.27,-2.9,0.));
#1147 = VECTOR('',#1148,1.);
#1148 = DIRECTION('',(1.,0.,0.));
#1149 = ORIENTED_EDGE('',*,*,#1150,.T.);
#1150 = EDGE_CURVE('',#1143,#1151,#1153,.T.);
#1151 = VERTEX_POINT('',#1152);
#1152 = CARTESIAN_POINT('',(19.57,-2.9,0.6));
#1153 = LINE('',#1154,#1155);
#1154 = CARTESIAN_POINT('',(19.57,-2.9,0.));
#1155 = VECTOR('',#1156,1.);
#1156 = DIRECTION('',(0.,0.,1.));
#1157 = ORIENTED_EDGE('',*,*,#1158,.F.);
#1158 = EDGE_CURVE('',#1159,#1151,#1161,.T.);
#1159 = VERTEX_POINT('',#1160);
#1160 = CARTESIAN_POINT('',(21.07,-2.9,0.6));
#1161 = LINE('',#1162,#1163);
#1162 = CARTESIAN_POINT('',(21.07,-2.9,0.6));
#1163 = VECTOR('',#1164,1.);
#1164 = DIRECTION('',(-1.,0.,0.));
#1165 = ORIENTED_EDGE('',*,*,#1166,.F.);
#1166 = EDGE_CURVE('',#1167,#1159,#1169,.T.);
#1167 = VERTEX_POINT('',#1168);
#1168 = CARTESIAN_POINT('',(21.07,-2.9,0.));
#1169 = LINE('',#1170,#1171);
#1170 = CARTESIAN_POINT('',(21.07,-2.9,0.));
#1171 = VECTOR('',#1172,1.);
#1172 = DIRECTION('',(0.,0.,1.));
#1173 = ORIENTED_EDGE('',*,*,#1174,.T.);
#1174 = EDGE_CURVE('',#1167,#1175,#1177,.T.);
#1175 = VERTEX_POINT('',#1176);
#1176 = CARTESIAN_POINT('',(22.11,-2.9,0.));
#1177 = LINE('',#1178,#1179);
#1178 = CARTESIAN_POINT('',(-1.27,-2.9,0.));
#1179 = VECTOR('',#1180,1.);
#1180 = DIRECTION('',(1.,0.,0.));
#1181 = ORIENTED_EDGE('',*,*,#1182,.T.);
#1182 = EDGE_CURVE('',#1175,#1183,#1185,.T.);
#1183 = VERTEX_POINT('',#1184);
#1184 = CARTESIAN_POINT('',(22.11,-2.9,0.6));
#1185 = LINE('',#1186,#1187);
#1186 = CARTESIAN_POINT('',(22.11,-2.9,0.));
#1187 = VECTOR('',#1188,1.);
#1188 = DIRECTION('',(0.,0.,1.));
#1189 = ORIENTED_EDGE('',*,*,#1190,.F.);
#1190 = EDGE_CURVE('',#1191,#1183,#1193,.T.);
#1191 = VERTEX_POINT('',#1192);
#1192 = CARTESIAN_POINT('',(23.61,-2.9,0.6));
#1193 = LINE('',#1194,#1195);
#1194 = CARTESIAN_POINT('',(23.61,-2.9,0.6));
#1195 = VECTOR('',#1196,1.);
#1196 = DIRECTION('',(-1.,0.,0.));
#1197 = ORIENTED_EDGE('',*,*,#1198,.F.);
#1198 = EDGE_CURVE('',#1199,#1191,#1201,.T.);
#1199 = VERTEX_POINT('',#1200);
#1200 = CARTESIAN_POINT('',(23.61,-2.9,0.));
#1201 = LINE('',#1202,#1203);
#1202 = CARTESIAN_POINT('',(23.61,-2.9,0.));
#1203 = VECTOR('',#1204,1.);
#1204 = DIRECTION('',(0.,0.,1.));
#1205 = ORIENTED_EDGE('',*,*,#1206,.T.);
#1206 = EDGE_CURVE('',#1199,#1207,#1209,.T.);
#1207 = VERTEX_POINT('',#1208);
#1208 = CARTESIAN_POINT('',(24.13,-2.9,0.));
#1209 = LINE('',#1210,#1211);
#1210 = CARTESIAN_POINT('',(-1.27,-2.9,0.));
#1211 = VECTOR('',#1212,1.);
#1212 = DIRECTION('',(1.,0.,0.));
#1213 = ORIENTED_EDGE('',*,*,#1214,.T.);
#1214 = EDGE_CURVE('',#1207,#1215,#1217,.T.);
#1215 = VERTEX_POINT('',#1216);
#1216 = CARTESIAN_POINT('',(24.13,-2.9,3.17));
#1217 = LINE('',#1218,#1219);
#1218 = CARTESIAN_POINT('',(24.13,-2.9,0.));
#1219 = VECTOR('',#1220,1.);
#1220 = DIRECTION('',(0.,0.,1.));
#1221 = ORIENTED_EDGE('',*,*,#1222,.F.);
#1222 = EDGE_CURVE('',#1223,#1215,#1225,.T.);
#1223 = VERTEX_POINT('',#1224);
#1224 = CARTESIAN_POINT('',(22.86,-2.9,3.17));
#1225 = LINE('',#1226,#1227);
#1226 = CARTESIAN_POINT('',(-1.27,-2.9,3.17));
#1227 = VECTOR('',#1228,1.);
#1228 = DIRECTION('',(1.,0.,0.));
#1229 = ORIENTED_EDGE('',*,*,#1230,.T.);
#1230 = EDGE_CURVE('',#1223,#1231,#1233,.T.);
#1231 = VERTEX_POINT('',#1232);
#1232 = CARTESIAN_POINT('',(22.86,-2.9,11.));
#1233 = LINE('',#1234,#1235);
#1234 = CARTESIAN_POINT('',(22.86,-2.9,3.17));
#1235 = VECTOR('',#1236,1.);
#1236 = DIRECTION('',(0.,0.,1.));
#1237 = ORIENTED_EDGE('',*,*,#1238,.F.);
#1238 = EDGE_CURVE('',#1239,#1231,#1241,.T.);
#1239 = VERTEX_POINT('',#1240);
#1240 = CARTESIAN_POINT('',(22.56,-2.9,11.7));
#1241 = LINE('',#1242,#1243);
#1242 = CARTESIAN_POINT('',(23.808362068966,-2.9,8.787155172414));
#1243 = VECTOR('',#1244,1.);
#1244 = DIRECTION('',(0.393919298579,0.,-0.919145030018));
#1245 = ORIENTED_EDGE('',*,*,#1246,.F.);
#1246 = EDGE_CURVE('',#1247,#1239,#1249,.T.);
#1247 = VERTEX_POINT('',#1248);
#1248 = CARTESIAN_POINT('',(17.78,-2.9,11.7));
#1249 = LINE('',#1250,#1251);
#1250 = CARTESIAN_POINT('',(17.78,-2.9,11.7));
#1251 = VECTOR('',#1252,1.);
#1252 = DIRECTION('',(1.,0.,0.));
#1253 = ORIENTED_EDGE('',*,*,#1254,.F.);
#1254 = EDGE_CURVE('',#1255,#1247,#1257,.T.);
#1255 = VERTEX_POINT('',#1256);
#1256 = CARTESIAN_POINT('',(17.78,-2.9,3.17));
#1257 = LINE('',#1258,#1259);
#1258 = CARTESIAN_POINT('',(17.78,-2.9,3.17));
#1259 = VECTOR('',#1260,1.);
#1260 = DIRECTION('',(0.,0.,1.));
#1261 = ORIENTED_EDGE('',*,*,#1262,.F.);
#1262 = EDGE_CURVE('',#1263,#1255,#1265,.T.);
#1263 = VERTEX_POINT('',#1264);
#1264 = CARTESIAN_POINT('',(5.08,-2.9,3.17));
#1265 = LINE('',#1266,#1267);
#1266 = CARTESIAN_POINT('',(-1.27,-2.9,3.17));
#1267 = VECTOR('',#1268,1.);
#1268 = DIRECTION('',(1.,0.,0.));
#1269 = ORIENTED_EDGE('',*,*,#1270,.T.);
#1270 = EDGE_CURVE('',#1263,#1271,#1273,.T.);
#1271 = VERTEX_POINT('',#1272);
#1272 = CARTESIAN_POINT('',(5.08,-2.9,11.7));
#1273 = LINE('',#1274,#1275);
#1274 = CARTESIAN_POINT('',(5.08,-2.9,3.17));
#1275 = VECTOR('',#1276,1.);
#1276 = DIRECTION('',(0.,0.,1.));
#1277 = ORIENTED_EDGE('',*,*,#1278,.T.);
#1278 = EDGE_CURVE('',#1271,#1279,#1281,.T.);
#1279 = VERTEX_POINT('',#1280);
#1280 = CARTESIAN_POINT('',(0.3,-2.9,11.7));
#1281 = LINE('',#1282,#1283);
#1282 = CARTESIAN_POINT('',(5.08,-2.9,11.7));
#1283 = VECTOR('',#1284,1.);
#1284 = DIRECTION('',(-1.,-0.,-0.));
#1285 = ORIENTED_EDGE('',*,*,#1286,.T.);
#1286 = EDGE_CURVE('',#1279,#1287,#1289,.T.);
#1287 = VERTEX_POINT('',#1288);
#1288 = CARTESIAN_POINT('',(1.7763568394E-15,-2.9,11.));
#1289 = LINE('',#1290,#1291);
#1290 = CARTESIAN_POINT('',(-0.948362068966,-2.9,8.787155172414));
#1291 = VECTOR('',#1292,1.);
#1292 = DIRECTION('',(-0.393919298579,-0.,-0.919145030018));
#1293 = ORIENTED_EDGE('',*,*,#1294,.F.);
#1294 = EDGE_CURVE('',#1295,#1287,#1297,.T.);
#1295 = VERTEX_POINT('',#1296);
#1296 = CARTESIAN_POINT('',(0.,-2.9,3.17));
#1297 = LINE('',#1298,#1299);
#1298 = CARTESIAN_POINT('',(0.,-2.9,3.17));
#1299 = VECTOR('',#1300,1.);
#1300 = DIRECTION('',(0.,0.,1.));
#1301 = ORIENTED_EDGE('',*,*,#1302,.F.);
#1302 = EDGE_CURVE('',#510,#1295,#1303,.T.);
#1303 = LINE('',#1304,#1305);
#1304 = CARTESIAN_POINT('',(-1.27,-2.9,3.17));
#1305 = VECTOR('',#1306,1.);
#1306 = DIRECTION('',(1.,0.,0.));
#1307 = ORIENTED_EDGE('',*,*,#517,.F.);
#1308 = PLANE('',#1309);
#1309 = AXIS2_PLACEMENT_3D('',#1310,#1311,#1312);
#1310 = CARTESIAN_POINT('',(11.43,-2.9,4.260345059113));
#1311 = DIRECTION('',(2.394314497582E-32,-1.,2.416782569699E-32));
#1312 = DIRECTION('',(0.,-2.416782569699E-32,-1.));
#1313 = ADVANCED_FACE('',(#1314,#1371,#1405,#1439,#1473,#1507,#1541,
    #1575,#1609,#1643,#1677,#1711,#1745,#1779,#1813,#1847,#1881,#1915,
    #1949,#1983),#2017,.T.);
#1314 = FACE_BOUND('',#1315,.T.);
#1315 = EDGE_LOOP('',(#1316,#1317,#1318,#1326,#1334,#1340,#1341,#1349,
    #1357,#1363,#1364,#1370));
#1316 = ORIENTED_EDGE('',*,*,#509,.T.);
#1317 = ORIENTED_EDGE('',*,*,#1302,.T.);
#1318 = ORIENTED_EDGE('',*,*,#1319,.F.);
#1319 = EDGE_CURVE('',#1320,#1295,#1322,.T.);
#1320 = VERTEX_POINT('',#1321);
#1321 = CARTESIAN_POINT('',(0.,-1.3,3.17));
#1322 = LINE('',#1323,#1324);
#1323 = CARTESIAN_POINT('',(0.,-1.3,3.17));
#1324 = VECTOR('',#1325,1.);
#1325 = DIRECTION('',(-0.,-1.,-0.));
#1326 = ORIENTED_EDGE('',*,*,#1327,.F.);
#1327 = EDGE_CURVE('',#1328,#1320,#1330,.T.);
#1328 = VERTEX_POINT('',#1329);
#1329 = CARTESIAN_POINT('',(5.08,-1.3,3.17));
#1330 = LINE('',#1331,#1332);
#1331 = CARTESIAN_POINT('',(5.08,-1.3,3.17));
#1332 = VECTOR('',#1333,1.);
#1333 = DIRECTION('',(-1.,-0.,-0.));
#1334 = ORIENTED_EDGE('',*,*,#1335,.T.);
#1335 = EDGE_CURVE('',#1328,#1263,#1336,.T.);
#1336 = LINE('',#1337,#1338);
#1337 = CARTESIAN_POINT('',(5.08,-1.3,3.17));
#1338 = VECTOR('',#1339,1.);
#1339 = DIRECTION('',(-0.,-1.,-0.));
#1340 = ORIENTED_EDGE('',*,*,#1262,.T.);
#1341 = ORIENTED_EDGE('',*,*,#1342,.F.);
#1342 = EDGE_CURVE('',#1343,#1255,#1345,.T.);
#1343 = VERTEX_POINT('',#1344);
#1344 = CARTESIAN_POINT('',(17.78,-1.3,3.17));
#1345 = LINE('',#1346,#1347);
#1346 = CARTESIAN_POINT('',(17.78,-1.3,3.17));
#1347 = VECTOR('',#1348,1.);
#1348 = DIRECTION('',(0.,-1.,0.));
#1349 = ORIENTED_EDGE('',*,*,#1350,.T.);
#1350 = EDGE_CURVE('',#1343,#1351,#1353,.T.);
#1351 = VERTEX_POINT('',#1352);
#1352 = CARTESIAN_POINT('',(22.86,-1.3,3.17));
#1353 = LINE('',#1354,#1355);
#1354 = CARTESIAN_POINT('',(17.78,-1.3,3.17));
#1355 = VECTOR('',#1356,1.);
#1356 = DIRECTION('',(1.,0.,0.));
#1357 = ORIENTED_EDGE('',*,*,#1358,.T.);
#1358 = EDGE_CURVE('',#1351,#1223,#1359,.T.);
#1359 = LINE('',#1360,#1361);
#1360 = CARTESIAN_POINT('',(22.86,-1.3,3.17));
#1361 = VECTOR('',#1362,1.);
#1362 = DIRECTION('',(0.,-1.,0.));
#1363 = ORIENTED_EDGE('',*,*,#1222,.T.);
#1364 = ORIENTED_EDGE('',*,*,#1365,.T.);
#1365 = EDGE_CURVE('',#1215,#543,#1366,.T.);
#1366 = LINE('',#1367,#1368);
#1367 = CARTESIAN_POINT('',(24.13,-2.9,3.17));
#1368 = VECTOR('',#1369,1.);
#1369 = DIRECTION('',(0.,1.,0.));
#1370 = ORIENTED_EDGE('',*,*,#550,.T.);
#1371 = FACE_BOUND('',#1372,.T.);
#1372 = EDGE_LOOP('',(#1373,#1383,#1391,#1399));
#1373 = ORIENTED_EDGE('',*,*,#1374,.F.);
#1374 = EDGE_CURVE('',#1375,#1377,#1379,.T.);
#1375 = VERTEX_POINT('',#1376);
#1376 = CARTESIAN_POINT('',(11.13,0.6,3.17));
#1377 = VERTEX_POINT('',#1378);
#1378 = CARTESIAN_POINT('',(11.13,-0.6,3.17));
#1379 = LINE('',#1380,#1381);
#1380 = CARTESIAN_POINT('',(11.13,0.6,3.17));
#1381 = VECTOR('',#1382,1.);
#1382 = DIRECTION('',(0.,-1.,0.));
#1383 = ORIENTED_EDGE('',*,*,#1384,.F.);
#1384 = EDGE_CURVE('',#1385,#1375,#1387,.T.);
#1385 = VERTEX_POINT('',#1386);
#1386 = CARTESIAN_POINT('',(11.73,0.6,3.17));
#1387 = LINE('',#1388,#1389);
#1388 = CARTESIAN_POINT('',(11.73,0.6,3.17));
#1389 = VECTOR('',#1390,1.);
#1390 = DIRECTION('',(-1.,0.,0.));
#1391 = ORIENTED_EDGE('',*,*,#1392,.F.);
#1392 = EDGE_CURVE('',#1393,#1385,#1395,.T.);
#1393 = VERTEX_POINT('',#1394);
#1394 = CARTESIAN_POINT('',(11.73,-0.6,3.17));
#1395 = LINE('',#1396,#1397);
#1396 = CARTESIAN_POINT('',(11.73,-0.6,3.17));
#1397 = VECTOR('',#1398,1.);
#1398 = DIRECTION('',(0.,1.,0.));
#1399 = ORIENTED_EDGE('',*,*,#1400,.F.);
#1400 = EDGE_CURVE('',#1377,#1393,#1401,.T.);
#1401 = LINE('',#1402,#1403);
#1402 = CARTESIAN_POINT('',(11.13,-0.6,3.17));
#1403 = VECTOR('',#1404,1.);
#1404 = DIRECTION('',(1.,0.,0.));
#1405 = FACE_BOUND('',#1406,.T.);
#1406 = EDGE_LOOP('',(#1407,#1417,#1425,#1433));
#1407 = ORIENTED_EDGE('',*,*,#1408,.F.);
#1408 = EDGE_CURVE('',#1409,#1411,#1413,.T.);
#1409 = VERTEX_POINT('',#1410);
#1410 = CARTESIAN_POINT('',(10.48,-0.32,3.17));
#1411 = VERTEX_POINT('',#1412);
#1412 = CARTESIAN_POINT('',(10.48,0.32,3.17));
#1413 = LINE('',#1414,#1415);
#1414 = CARTESIAN_POINT('',(10.48,0.,3.17));
#1415 = VECTOR('',#1416,1.);
#1416 = DIRECTION('',(0.,1.,0.));
#1417 = ORIENTED_EDGE('',*,*,#1418,.T.);
#1418 = EDGE_CURVE('',#1409,#1419,#1421,.T.);
#1419 = VERTEX_POINT('',#1420);
#1420 = CARTESIAN_POINT('',(9.84,-0.32,3.17));
#1421 = LINE('',#1422,#1423);
#1422 = CARTESIAN_POINT('',(10.635,-0.32,3.17));
#1423 = VECTOR('',#1424,1.);
#1424 = DIRECTION('',(-1.,0.,0.));
#1425 = ORIENTED_EDGE('',*,*,#1426,.T.);
#1426 = EDGE_CURVE('',#1419,#1427,#1429,.T.);
#1427 = VERTEX_POINT('',#1428);
#1428 = CARTESIAN_POINT('',(9.84,0.32,3.17));
#1429 = LINE('',#1430,#1431);
#1430 = CARTESIAN_POINT('',(9.84,0.,3.17));
#1431 = VECTOR('',#1432,1.);
#1432 = DIRECTION('',(0.,1.,0.));
#1433 = ORIENTED_EDGE('',*,*,#1434,.T.);
#1434 = EDGE_CURVE('',#1427,#1411,#1435,.T.);
#1435 = LINE('',#1436,#1437);
#1436 = CARTESIAN_POINT('',(10.635,0.32,3.17));
#1437 = VECTOR('',#1438,1.);
#1438 = DIRECTION('',(1.,0.,0.));
#1439 = FACE_BOUND('',#1440,.T.);
#1440 = EDGE_LOOP('',(#1441,#1451,#1459,#1467));
#1441 = ORIENTED_EDGE('',*,*,#1442,.T.);
#1442 = EDGE_CURVE('',#1443,#1445,#1447,.T.);
#1443 = VERTEX_POINT('',#1444);
#1444 = CARTESIAN_POINT('',(7.94,-0.32,3.17));
#1445 = VERTEX_POINT('',#1446);
#1446 = CARTESIAN_POINT('',(7.3,-0.32,3.17));
#1447 = LINE('',#1448,#1449);
#1448 = CARTESIAN_POINT('',(9.365,-0.32,3.17));
#1449 = VECTOR('',#1450,1.);
#1450 = DIRECTION('',(-1.,0.,0.));
#1451 = ORIENTED_EDGE('',*,*,#1452,.T.);
#1452 = EDGE_CURVE('',#1445,#1453,#1455,.T.);
#1453 = VERTEX_POINT('',#1454);
#1454 = CARTESIAN_POINT('',(7.3,0.32,3.17));
#1455 = LINE('',#1456,#1457);
#1456 = CARTESIAN_POINT('',(7.3,0.,3.17));
#1457 = VECTOR('',#1458,1.);
#1458 = DIRECTION('',(0.,1.,0.));
#1459 = ORIENTED_EDGE('',*,*,#1460,.T.);
#1460 = EDGE_CURVE('',#1453,#1461,#1463,.T.);
#1461 = VERTEX_POINT('',#1462);
#1462 = CARTESIAN_POINT('',(7.94,0.32,3.17));
#1463 = LINE('',#1464,#1465);
#1464 = CARTESIAN_POINT('',(9.365,0.32,3.17));
#1465 = VECTOR('',#1466,1.);
#1466 = DIRECTION('',(1.,0.,0.));
#1467 = ORIENTED_EDGE('',*,*,#1468,.F.);
#1468 = EDGE_CURVE('',#1443,#1461,#1469,.T.);
#1469 = LINE('',#1470,#1471);
#1470 = CARTESIAN_POINT('',(7.94,0.,3.17));
#1471 = VECTOR('',#1472,1.);
#1472 = DIRECTION('',(0.,1.,0.));
#1473 = FACE_BOUND('',#1474,.T.);
#1474 = EDGE_LOOP('',(#1475,#1485,#1493,#1501));
#1475 = ORIENTED_EDGE('',*,*,#1476,.F.);
#1476 = EDGE_CURVE('',#1477,#1479,#1481,.T.);
#1477 = VERTEX_POINT('',#1478);
#1478 = CARTESIAN_POINT('',(9.19,-0.6,3.17));
#1479 = VERTEX_POINT('',#1480);
#1480 = CARTESIAN_POINT('',(9.19,0.6,3.17));
#1481 = LINE('',#1482,#1483);
#1482 = CARTESIAN_POINT('',(9.19,-0.6,3.17));
#1483 = VECTOR('',#1484,1.);
#1484 = DIRECTION('',(0.,1.,0.));
#1485 = ORIENTED_EDGE('',*,*,#1486,.F.);
#1486 = EDGE_CURVE('',#1487,#1477,#1489,.T.);
#1487 = VERTEX_POINT('',#1488);
#1488 = CARTESIAN_POINT('',(8.59,-0.6,3.17));
#1489 = LINE('',#1490,#1491);
#1490 = CARTESIAN_POINT('',(8.59,-0.6,3.17));
#1491 = VECTOR('',#1492,1.);
#1492 = DIRECTION('',(1.,0.,0.));
#1493 = ORIENTED_EDGE('',*,*,#1494,.F.);
#1494 = EDGE_CURVE('',#1495,#1487,#1497,.T.);
#1495 = VERTEX_POINT('',#1496);
#1496 = CARTESIAN_POINT('',(8.59,0.6,3.17));
#1497 = LINE('',#1498,#1499);
#1498 = CARTESIAN_POINT('',(8.59,0.6,3.17));
#1499 = VECTOR('',#1500,1.);
#1500 = DIRECTION('',(0.,-1.,0.));
#1501 = ORIENTED_EDGE('',*,*,#1502,.F.);
#1502 = EDGE_CURVE('',#1479,#1495,#1503,.T.);
#1503 = LINE('',#1504,#1505);
#1504 = CARTESIAN_POINT('',(9.19,0.6,3.17));
#1505 = VECTOR('',#1506,1.);
#1506 = DIRECTION('',(-1.,0.,0.));
#1507 = FACE_BOUND('',#1508,.T.);
#1508 = EDGE_LOOP('',(#1509,#1519,#1527,#1535));
#1509 = ORIENTED_EDGE('',*,*,#1510,.F.);
#1510 = EDGE_CURVE('',#1511,#1513,#1515,.T.);
#1511 = VERTEX_POINT('',#1512);
#1512 = CARTESIAN_POINT('',(6.05,0.6,3.17));
#1513 = VERTEX_POINT('',#1514);
#1514 = CARTESIAN_POINT('',(6.05,-0.6,3.17));
#1515 = LINE('',#1516,#1517);
#1516 = CARTESIAN_POINT('',(6.05,0.6,3.17));
#1517 = VECTOR('',#1518,1.);
#1518 = DIRECTION('',(0.,-1.,0.));
#1519 = ORIENTED_EDGE('',*,*,#1520,.F.);
#1520 = EDGE_CURVE('',#1521,#1511,#1523,.T.);
#1521 = VERTEX_POINT('',#1522);
#1522 = CARTESIAN_POINT('',(6.65,0.6,3.17));
#1523 = LINE('',#1524,#1525);
#1524 = CARTESIAN_POINT('',(6.65,0.6,3.17));
#1525 = VECTOR('',#1526,1.);
#1526 = DIRECTION('',(-1.,0.,0.));
#1527 = ORIENTED_EDGE('',*,*,#1528,.F.);
#1528 = EDGE_CURVE('',#1529,#1521,#1531,.T.);
#1529 = VERTEX_POINT('',#1530);
#1530 = CARTESIAN_POINT('',(6.65,-0.6,3.17));
#1531 = LINE('',#1532,#1533);
#1532 = CARTESIAN_POINT('',(6.65,-0.6,3.17));
#1533 = VECTOR('',#1534,1.);
#1534 = DIRECTION('',(0.,1.,0.));
#1535 = ORIENTED_EDGE('',*,*,#1536,.F.);
#1536 = EDGE_CURVE('',#1513,#1529,#1537,.T.);
#1537 = LINE('',#1538,#1539);
#1538 = CARTESIAN_POINT('',(6.05,-0.6,3.17));
#1539 = VECTOR('',#1540,1.);
#1540 = DIRECTION('',(1.,0.,0.));
#1541 = FACE_BOUND('',#1542,.T.);
#1542 = EDGE_LOOP('',(#1543,#1553,#1561,#1569));
#1543 = ORIENTED_EDGE('',*,*,#1544,.F.);
#1544 = EDGE_CURVE('',#1545,#1547,#1549,.T.);
#1545 = VERTEX_POINT('',#1546);
#1546 = CARTESIAN_POINT('',(0.32,-0.32,3.17));
#1547 = VERTEX_POINT('',#1548);
#1548 = CARTESIAN_POINT('',(0.32,0.32,3.17));
#1549 = LINE('',#1550,#1551);
#1550 = CARTESIAN_POINT('',(0.32,0.,3.17));
#1551 = VECTOR('',#1552,1.);
#1552 = DIRECTION('',(0.,1.,0.));
#1553 = ORIENTED_EDGE('',*,*,#1554,.T.);
#1554 = EDGE_CURVE('',#1545,#1555,#1557,.T.);
#1555 = VERTEX_POINT('',#1556);
#1556 = CARTESIAN_POINT('',(-0.32,-0.32,3.17));
#1557 = LINE('',#1558,#1559);
#1558 = CARTESIAN_POINT('',(5.555,-0.32,3.17));
#1559 = VECTOR('',#1560,1.);
#1560 = DIRECTION('',(-1.,0.,0.));
#1561 = ORIENTED_EDGE('',*,*,#1562,.T.);
#1562 = EDGE_CURVE('',#1555,#1563,#1565,.T.);
#1563 = VERTEX_POINT('',#1564);
#1564 = CARTESIAN_POINT('',(-0.32,0.32,3.17));
#1565 = LINE('',#1566,#1567);
#1566 = CARTESIAN_POINT('',(-0.32,0.,3.17));
#1567 = VECTOR('',#1568,1.);
#1568 = DIRECTION('',(0.,1.,0.));
#1569 = ORIENTED_EDGE('',*,*,#1570,.T.);
#1570 = EDGE_CURVE('',#1563,#1547,#1571,.T.);
#1571 = LINE('',#1572,#1573);
#1572 = CARTESIAN_POINT('',(5.555,0.32,3.17));
#1573 = VECTOR('',#1574,1.);
#1574 = DIRECTION('',(1.,0.,0.));
#1575 = FACE_BOUND('',#1576,.T.);
#1576 = EDGE_LOOP('',(#1577,#1587,#1595,#1603));
#1577 = ORIENTED_EDGE('',*,*,#1578,.F.);
#1578 = EDGE_CURVE('',#1579,#1581,#1583,.T.);
#1579 = VERTEX_POINT('',#1580);
#1580 = CARTESIAN_POINT('',(1.57,-0.6,3.17));
#1581 = VERTEX_POINT('',#1582);
#1582 = CARTESIAN_POINT('',(1.57,0.6,3.17));
#1583 = LINE('',#1584,#1585);
#1584 = CARTESIAN_POINT('',(1.57,-0.6,3.17));
#1585 = VECTOR('',#1586,1.);
#1586 = DIRECTION('',(0.,1.,0.));
#1587 = ORIENTED_EDGE('',*,*,#1588,.F.);
#1588 = EDGE_CURVE('',#1589,#1579,#1591,.T.);
#1589 = VERTEX_POINT('',#1590);
#1590 = CARTESIAN_POINT('',(0.97,-0.6,3.17));
#1591 = LINE('',#1592,#1593);
#1592 = CARTESIAN_POINT('',(0.97,-0.6,3.17));
#1593 = VECTOR('',#1594,1.);
#1594 = DIRECTION('',(1.,0.,0.));
#1595 = ORIENTED_EDGE('',*,*,#1596,.F.);
#1596 = EDGE_CURVE('',#1597,#1589,#1599,.T.);
#1597 = VERTEX_POINT('',#1598);
#1598 = CARTESIAN_POINT('',(0.97,0.6,3.17));
#1599 = LINE('',#1600,#1601);
#1600 = CARTESIAN_POINT('',(0.97,0.6,3.17));
#1601 = VECTOR('',#1602,1.);
#1602 = DIRECTION('',(0.,-1.,0.));
#1603 = ORIENTED_EDGE('',*,*,#1604,.F.);
#1604 = EDGE_CURVE('',#1581,#1597,#1605,.T.);
#1605 = LINE('',#1606,#1607);
#1606 = CARTESIAN_POINT('',(1.57,0.6,3.17));
#1607 = VECTOR('',#1608,1.);
#1608 = DIRECTION('',(-1.,0.,0.));
#1609 = FACE_BOUND('',#1610,.T.);
#1610 = EDGE_LOOP('',(#1611,#1621,#1629,#1637));
#1611 = ORIENTED_EDGE('',*,*,#1612,.F.);
#1612 = EDGE_CURVE('',#1613,#1615,#1617,.T.);
#1613 = VERTEX_POINT('',#1614);
#1614 = CARTESIAN_POINT('',(4.11,-0.6,3.17));
#1615 = VERTEX_POINT('',#1616);
#1616 = CARTESIAN_POINT('',(4.11,0.6,3.17));
#1617 = LINE('',#1618,#1619);
#1618 = CARTESIAN_POINT('',(4.11,-0.6,3.17));
#1619 = VECTOR('',#1620,1.);
#1620 = DIRECTION('',(0.,1.,0.));
#1621 = ORIENTED_EDGE('',*,*,#1622,.F.);
#1622 = EDGE_CURVE('',#1623,#1613,#1625,.T.);
#1623 = VERTEX_POINT('',#1624);
#1624 = CARTESIAN_POINT('',(3.51,-0.6,3.17));
#1625 = LINE('',#1626,#1627);
#1626 = CARTESIAN_POINT('',(3.51,-0.6,3.17));
#1627 = VECTOR('',#1628,1.);
#1628 = DIRECTION('',(1.,0.,0.));
#1629 = ORIENTED_EDGE('',*,*,#1630,.F.);
#1630 = EDGE_CURVE('',#1631,#1623,#1633,.T.);
#1631 = VERTEX_POINT('',#1632);
#1632 = CARTESIAN_POINT('',(3.51,0.6,3.17));
#1633 = LINE('',#1634,#1635);
#1634 = CARTESIAN_POINT('',(3.51,0.6,3.17));
#1635 = VECTOR('',#1636,1.);
#1636 = DIRECTION('',(0.,-1.,0.));
#1637 = ORIENTED_EDGE('',*,*,#1638,.F.);
#1638 = EDGE_CURVE('',#1615,#1631,#1639,.T.);
#1639 = LINE('',#1640,#1641);
#1640 = CARTESIAN_POINT('',(4.11,0.6,3.17));
#1641 = VECTOR('',#1642,1.);
#1642 = DIRECTION('',(-1.,0.,0.));
#1643 = FACE_BOUND('',#1644,.T.);
#1644 = EDGE_LOOP('',(#1645,#1655,#1663,#1671));
#1645 = ORIENTED_EDGE('',*,*,#1646,.F.);
#1646 = EDGE_CURVE('',#1647,#1649,#1651,.T.);
#1647 = VERTEX_POINT('',#1648);
#1648 = CARTESIAN_POINT('',(2.86,-0.32,3.17));
#1649 = VERTEX_POINT('',#1650);
#1650 = CARTESIAN_POINT('',(2.86,0.32,3.17));
#1651 = LINE('',#1652,#1653);
#1652 = CARTESIAN_POINT('',(2.86,0.,3.17));
#1653 = VECTOR('',#1654,1.);
#1654 = DIRECTION('',(0.,1.,0.));
#1655 = ORIENTED_EDGE('',*,*,#1656,.T.);
#1656 = EDGE_CURVE('',#1647,#1657,#1659,.T.);
#1657 = VERTEX_POINT('',#1658);
#1658 = CARTESIAN_POINT('',(2.22,-0.32,3.17));
#1659 = LINE('',#1660,#1661);
#1660 = CARTESIAN_POINT('',(6.825,-0.32,3.17));
#1661 = VECTOR('',#1662,1.);
#1662 = DIRECTION('',(-1.,0.,0.));
#1663 = ORIENTED_EDGE('',*,*,#1664,.T.);
#1664 = EDGE_CURVE('',#1657,#1665,#1667,.T.);
#1665 = VERTEX_POINT('',#1666);
#1666 = CARTESIAN_POINT('',(2.22,0.32,3.17));
#1667 = LINE('',#1668,#1669);
#1668 = CARTESIAN_POINT('',(2.22,0.,3.17));
#1669 = VECTOR('',#1670,1.);
#1670 = DIRECTION('',(0.,1.,0.));
#1671 = ORIENTED_EDGE('',*,*,#1672,.T.);
#1672 = EDGE_CURVE('',#1665,#1649,#1673,.T.);
#1673 = LINE('',#1674,#1675);
#1674 = CARTESIAN_POINT('',(6.825,0.32,3.17));
#1675 = VECTOR('',#1676,1.);
#1676 = DIRECTION('',(1.,0.,0.));
#1677 = FACE_BOUND('',#1678,.T.);
#1678 = EDGE_LOOP('',(#1679,#1689,#1697,#1705));
#1679 = ORIENTED_EDGE('',*,*,#1680,.T.);
#1680 = EDGE_CURVE('',#1681,#1683,#1685,.T.);
#1681 = VERTEX_POINT('',#1682);
#1682 = CARTESIAN_POINT('',(4.76,-0.32,3.17));
#1683 = VERTEX_POINT('',#1684);
#1684 = CARTESIAN_POINT('',(4.76,0.32,3.17));
#1685 = LINE('',#1686,#1687);
#1686 = CARTESIAN_POINT('',(4.76,0.,3.17));
#1687 = VECTOR('',#1688,1.);
#1688 = DIRECTION('',(0.,1.,0.));
#1689 = ORIENTED_EDGE('',*,*,#1690,.T.);
#1690 = EDGE_CURVE('',#1683,#1691,#1693,.T.);
#1691 = VERTEX_POINT('',#1692);
#1692 = CARTESIAN_POINT('',(5.4,0.32,3.17));
#1693 = LINE('',#1694,#1695);
#1694 = CARTESIAN_POINT('',(8.095,0.32,3.17));
#1695 = VECTOR('',#1696,1.);
#1696 = DIRECTION('',(1.,0.,0.));
#1697 = ORIENTED_EDGE('',*,*,#1698,.F.);
#1698 = EDGE_CURVE('',#1699,#1691,#1701,.T.);
#1699 = VERTEX_POINT('',#1700);
#1700 = CARTESIAN_POINT('',(5.4,-0.32,3.17));
#1701 = LINE('',#1702,#1703);
#1702 = CARTESIAN_POINT('',(5.4,0.,3.17));
#1703 = VECTOR('',#1704,1.);
#1704 = DIRECTION('',(0.,1.,0.));
#1705 = ORIENTED_EDGE('',*,*,#1706,.T.);
#1706 = EDGE_CURVE('',#1699,#1681,#1707,.T.);
#1707 = LINE('',#1708,#1709);
#1708 = CARTESIAN_POINT('',(8.095,-0.32,3.17));
#1709 = VECTOR('',#1710,1.);
#1710 = DIRECTION('',(-1.,0.,0.));
#1711 = FACE_BOUND('',#1712,.T.);
#1712 = EDGE_LOOP('',(#1713,#1723,#1731,#1739));
#1713 = ORIENTED_EDGE('',*,*,#1714,.T.);
#1714 = EDGE_CURVE('',#1715,#1717,#1719,.T.);
#1715 = VERTEX_POINT('',#1716);
#1716 = CARTESIAN_POINT('',(17.46,-0.32,3.17));
#1717 = VERTEX_POINT('',#1718);
#1718 = CARTESIAN_POINT('',(17.46,0.32,3.17));
#1719 = LINE('',#1720,#1721);
#1720 = CARTESIAN_POINT('',(17.46,0.,3.17));
#1721 = VECTOR('',#1722,1.);
#1722 = DIRECTION('',(0.,1.,0.));
#1723 = ORIENTED_EDGE('',*,*,#1724,.T.);
#1724 = EDGE_CURVE('',#1717,#1725,#1727,.T.);
#1725 = VERTEX_POINT('',#1726);
#1726 = CARTESIAN_POINT('',(18.1,0.32,3.17));
#1727 = LINE('',#1728,#1729);
#1728 = CARTESIAN_POINT('',(14.445,0.32,3.17));
#1729 = VECTOR('',#1730,1.);
#1730 = DIRECTION('',(1.,0.,0.));
#1731 = ORIENTED_EDGE('',*,*,#1732,.F.);
#1732 = EDGE_CURVE('',#1733,#1725,#1735,.T.);
#1733 = VERTEX_POINT('',#1734);
#1734 = CARTESIAN_POINT('',(18.1,-0.32,3.17));
#1735 = LINE('',#1736,#1737);
#1736 = CARTESIAN_POINT('',(18.1,0.,3.17));
#1737 = VECTOR('',#1738,1.);
#1738 = DIRECTION('',(0.,1.,0.));
#1739 = ORIENTED_EDGE('',*,*,#1740,.T.);
#1740 = EDGE_CURVE('',#1733,#1715,#1741,.T.);
#1741 = LINE('',#1742,#1743);
#1742 = CARTESIAN_POINT('',(14.445,-0.32,3.17));
#1743 = VECTOR('',#1744,1.);
#1744 = DIRECTION('',(-1.,0.,0.));
#1745 = FACE_BOUND('',#1746,.T.);
#1746 = EDGE_LOOP('',(#1747,#1757,#1765,#1773));
#1747 = ORIENTED_EDGE('',*,*,#1748,.F.);
#1748 = EDGE_CURVE('',#1749,#1751,#1753,.T.);
#1749 = VERTEX_POINT('',#1750);
#1750 = CARTESIAN_POINT('',(16.81,0.6,3.17));
#1751 = VERTEX_POINT('',#1752);
#1752 = CARTESIAN_POINT('',(16.21,0.6,3.17));
#1753 = LINE('',#1754,#1755);
#1754 = CARTESIAN_POINT('',(16.81,0.6,3.17));
#1755 = VECTOR('',#1756,1.);
#1756 = DIRECTION('',(-1.,0.,0.));
#1757 = ORIENTED_EDGE('',*,*,#1758,.F.);
#1758 = EDGE_CURVE('',#1759,#1749,#1761,.T.);
#1759 = VERTEX_POINT('',#1760);
#1760 = CARTESIAN_POINT('',(16.81,-0.6,3.17));
#1761 = LINE('',#1762,#1763);
#1762 = CARTESIAN_POINT('',(16.81,-0.6,3.17));
#1763 = VECTOR('',#1764,1.);
#1764 = DIRECTION('',(0.,1.,0.));
#1765 = ORIENTED_EDGE('',*,*,#1766,.F.);
#1766 = EDGE_CURVE('',#1767,#1759,#1769,.T.);
#1767 = VERTEX_POINT('',#1768);
#1768 = CARTESIAN_POINT('',(16.21,-0.6,3.17));
#1769 = LINE('',#1770,#1771);
#1770 = CARTESIAN_POINT('',(16.21,-0.6,3.17));
#1771 = VECTOR('',#1772,1.);
#1772 = DIRECTION('',(1.,0.,0.));
#1773 = ORIENTED_EDGE('',*,*,#1774,.F.);
#1774 = EDGE_CURVE('',#1751,#1767,#1775,.T.);
#1775 = LINE('',#1776,#1777);
#1776 = CARTESIAN_POINT('',(16.21,0.6,3.17));
#1777 = VECTOR('',#1778,1.);
#1778 = DIRECTION('',(0.,-1.,0.));
#1779 = FACE_BOUND('',#1780,.T.);
#1780 = EDGE_LOOP('',(#1781,#1791,#1799,#1807));
#1781 = ORIENTED_EDGE('',*,*,#1782,.F.);
#1782 = EDGE_CURVE('',#1783,#1785,#1787,.T.);
#1783 = VERTEX_POINT('',#1784);
#1784 = CARTESIAN_POINT('',(14.27,-0.6,3.17));
#1785 = VERTEX_POINT('',#1786);
#1786 = CARTESIAN_POINT('',(14.27,0.6,3.17));
#1787 = LINE('',#1788,#1789);
#1788 = CARTESIAN_POINT('',(14.27,-0.6,3.17));
#1789 = VECTOR('',#1790,1.);
#1790 = DIRECTION('',(0.,1.,0.));
#1791 = ORIENTED_EDGE('',*,*,#1792,.F.);
#1792 = EDGE_CURVE('',#1793,#1783,#1795,.T.);
#1793 = VERTEX_POINT('',#1794);
#1794 = CARTESIAN_POINT('',(13.67,-0.6,3.17));
#1795 = LINE('',#1796,#1797);
#1796 = CARTESIAN_POINT('',(13.67,-0.6,3.17));
#1797 = VECTOR('',#1798,1.);
#1798 = DIRECTION('',(1.,0.,0.));
#1799 = ORIENTED_EDGE('',*,*,#1800,.F.);
#1800 = EDGE_CURVE('',#1801,#1793,#1803,.T.);
#1801 = VERTEX_POINT('',#1802);
#1802 = CARTESIAN_POINT('',(13.67,0.6,3.17));
#1803 = LINE('',#1804,#1805);
#1804 = CARTESIAN_POINT('',(13.67,0.6,3.17));
#1805 = VECTOR('',#1806,1.);
#1806 = DIRECTION('',(0.,-1.,0.));
#1807 = ORIENTED_EDGE('',*,*,#1808,.F.);
#1808 = EDGE_CURVE('',#1785,#1801,#1809,.T.);
#1809 = LINE('',#1810,#1811);
#1810 = CARTESIAN_POINT('',(14.27,0.6,3.17));
#1811 = VECTOR('',#1812,1.);
#1812 = DIRECTION('',(-1.,0.,0.));
#1813 = FACE_BOUND('',#1814,.T.);
#1814 = EDGE_LOOP('',(#1815,#1825,#1833,#1841));
#1815 = ORIENTED_EDGE('',*,*,#1816,.T.);
#1816 = EDGE_CURVE('',#1817,#1819,#1821,.T.);
#1817 = VERTEX_POINT('',#1818);
#1818 = CARTESIAN_POINT('',(15.56,-0.32,3.17));
#1819 = VERTEX_POINT('',#1820);
#1820 = CARTESIAN_POINT('',(14.92,-0.32,3.17));
#1821 = LINE('',#1822,#1823);
#1822 = CARTESIAN_POINT('',(13.175,-0.32,3.17));
#1823 = VECTOR('',#1824,1.);
#1824 = DIRECTION('',(-1.,0.,0.));
#1825 = ORIENTED_EDGE('',*,*,#1826,.T.);
#1826 = EDGE_CURVE('',#1819,#1827,#1829,.T.);
#1827 = VERTEX_POINT('',#1828);
#1828 = CARTESIAN_POINT('',(14.92,0.32,3.17));
#1829 = LINE('',#1830,#1831);
#1830 = CARTESIAN_POINT('',(14.92,0.,3.17));
#1831 = VECTOR('',#1832,1.);
#1832 = DIRECTION('',(0.,1.,0.));
#1833 = ORIENTED_EDGE('',*,*,#1834,.T.);
#1834 = EDGE_CURVE('',#1827,#1835,#1837,.T.);
#1835 = VERTEX_POINT('',#1836);
#1836 = CARTESIAN_POINT('',(15.56,0.32,3.17));
#1837 = LINE('',#1838,#1839);
#1838 = CARTESIAN_POINT('',(13.175,0.32,3.17));
#1839 = VECTOR('',#1840,1.);
#1840 = DIRECTION('',(1.,0.,0.));
#1841 = ORIENTED_EDGE('',*,*,#1842,.F.);
#1842 = EDGE_CURVE('',#1817,#1835,#1843,.T.);
#1843 = LINE('',#1844,#1845);
#1844 = CARTESIAN_POINT('',(15.56,0.,3.17));
#1845 = VECTOR('',#1846,1.);
#1846 = DIRECTION('',(0.,1.,0.));
#1847 = FACE_BOUND('',#1848,.T.);
#1848 = EDGE_LOOP('',(#1849,#1859,#1867,#1875));
#1849 = ORIENTED_EDGE('',*,*,#1850,.F.);
#1850 = EDGE_CURVE('',#1851,#1853,#1855,.T.);
#1851 = VERTEX_POINT('',#1852);
#1852 = CARTESIAN_POINT('',(13.02,-0.32,3.17));
#1853 = VERTEX_POINT('',#1854);
#1854 = CARTESIAN_POINT('',(13.02,0.32,3.17));
#1855 = LINE('',#1856,#1857);
#1856 = CARTESIAN_POINT('',(13.02,0.,3.17));
#1857 = VECTOR('',#1858,1.);
#1858 = DIRECTION('',(0.,1.,0.));
#1859 = ORIENTED_EDGE('',*,*,#1860,.T.);
#1860 = EDGE_CURVE('',#1851,#1861,#1863,.T.);
#1861 = VERTEX_POINT('',#1862);
#1862 = CARTESIAN_POINT('',(12.38,-0.32,3.17));
#1863 = LINE('',#1864,#1865);
#1864 = CARTESIAN_POINT('',(11.905,-0.32,3.17));
#1865 = VECTOR('',#1866,1.);
#1866 = DIRECTION('',(-1.,0.,0.));
#1867 = ORIENTED_EDGE('',*,*,#1868,.T.);
#1868 = EDGE_CURVE('',#1861,#1869,#1871,.T.);
#1869 = VERTEX_POINT('',#1870);
#1870 = CARTESIAN_POINT('',(12.38,0.32,3.17));
#1871 = LINE('',#1872,#1873);
#1872 = CARTESIAN_POINT('',(12.38,0.,3.17));
#1873 = VECTOR('',#1874,1.);
#1874 = DIRECTION('',(0.,1.,0.));
#1875 = ORIENTED_EDGE('',*,*,#1876,.T.);
#1876 = EDGE_CURVE('',#1869,#1853,#1877,.T.);
#1877 = LINE('',#1878,#1879);
#1878 = CARTESIAN_POINT('',(11.905,0.32,3.17));
#1879 = VECTOR('',#1880,1.);
#1880 = DIRECTION('',(1.,0.,0.));
#1881 = FACE_BOUND('',#1882,.T.);
#1882 = EDGE_LOOP('',(#1883,#1893,#1901,#1909));
#1883 = ORIENTED_EDGE('',*,*,#1884,.F.);
#1884 = EDGE_CURVE('',#1885,#1887,#1889,.T.);
#1885 = VERTEX_POINT('',#1886);
#1886 = CARTESIAN_POINT('',(21.29,0.6,3.17));
#1887 = VERTEX_POINT('',#1888);
#1888 = CARTESIAN_POINT('',(21.29,-0.6,3.17));
#1889 = LINE('',#1890,#1891);
#1890 = CARTESIAN_POINT('',(21.29,0.6,3.17));
#1891 = VECTOR('',#1892,1.);
#1892 = DIRECTION('',(0.,-1.,0.));
#1893 = ORIENTED_EDGE('',*,*,#1894,.F.);
#1894 = EDGE_CURVE('',#1895,#1885,#1897,.T.);
#1895 = VERTEX_POINT('',#1896);
#1896 = CARTESIAN_POINT('',(21.89,0.6,3.17));
#1897 = LINE('',#1898,#1899);
#1898 = CARTESIAN_POINT('',(21.89,0.6,3.17));
#1899 = VECTOR('',#1900,1.);
#1900 = DIRECTION('',(-1.,0.,0.));
#1901 = ORIENTED_EDGE('',*,*,#1902,.F.);
#1902 = EDGE_CURVE('',#1903,#1895,#1905,.T.);
#1903 = VERTEX_POINT('',#1904);
#1904 = CARTESIAN_POINT('',(21.89,-0.6,3.17));
#1905 = LINE('',#1906,#1907);
#1906 = CARTESIAN_POINT('',(21.89,-0.6,3.17));
#1907 = VECTOR('',#1908,1.);
#1908 = DIRECTION('',(0.,1.,0.));
#1909 = ORIENTED_EDGE('',*,*,#1910,.F.);
#1910 = EDGE_CURVE('',#1887,#1903,#1911,.T.);
#1911 = LINE('',#1912,#1913);
#1912 = CARTESIAN_POINT('',(21.29,-0.6,3.17));
#1913 = VECTOR('',#1914,1.);
#1914 = DIRECTION('',(1.,0.,0.));
#1915 = FACE_BOUND('',#1916,.T.);
#1916 = EDGE_LOOP('',(#1917,#1927,#1935,#1943));
#1917 = ORIENTED_EDGE('',*,*,#1918,.T.);
#1918 = EDGE_CURVE('',#1919,#1921,#1923,.T.);
#1919 = VERTEX_POINT('',#1920);
#1920 = CARTESIAN_POINT('',(20.64,-0.32,3.17));
#1921 = VERTEX_POINT('',#1922);
#1922 = CARTESIAN_POINT('',(20.,-0.32,3.17));
#1923 = LINE('',#1924,#1925);
#1924 = CARTESIAN_POINT('',(15.715,-0.32,3.17));
#1925 = VECTOR('',#1926,1.);
#1926 = DIRECTION('',(-1.,0.,0.));
#1927 = ORIENTED_EDGE('',*,*,#1928,.T.);
#1928 = EDGE_CURVE('',#1921,#1929,#1931,.T.);
#1929 = VERTEX_POINT('',#1930);
#1930 = CARTESIAN_POINT('',(20.,0.32,3.17));
#1931 = LINE('',#1932,#1933);
#1932 = CARTESIAN_POINT('',(20.,0.,3.17));
#1933 = VECTOR('',#1934,1.);
#1934 = DIRECTION('',(0.,1.,0.));
#1935 = ORIENTED_EDGE('',*,*,#1936,.T.);
#1936 = EDGE_CURVE('',#1929,#1937,#1939,.T.);
#1937 = VERTEX_POINT('',#1938);
#1938 = CARTESIAN_POINT('',(20.64,0.32,3.17));
#1939 = LINE('',#1940,#1941);
#1940 = CARTESIAN_POINT('',(15.715,0.32,3.17));
#1941 = VECTOR('',#1942,1.);
#1942 = DIRECTION('',(1.,0.,0.));
#1943 = ORIENTED_EDGE('',*,*,#1944,.F.);
#1944 = EDGE_CURVE('',#1919,#1937,#1945,.T.);
#1945 = LINE('',#1946,#1947);
#1946 = CARTESIAN_POINT('',(20.64,0.,3.17));
#1947 = VECTOR('',#1948,1.);
#1948 = DIRECTION('',(0.,1.,0.));
#1949 = FACE_BOUND('',#1950,.T.);
#1950 = EDGE_LOOP('',(#1951,#1961,#1969,#1977));
#1951 = ORIENTED_EDGE('',*,*,#1952,.F.);
#1952 = EDGE_CURVE('',#1953,#1955,#1957,.T.);
#1953 = VERTEX_POINT('',#1954);
#1954 = CARTESIAN_POINT('',(18.75,-0.6,3.17));
#1955 = VERTEX_POINT('',#1956);
#1956 = CARTESIAN_POINT('',(19.35,-0.6,3.17));
#1957 = LINE('',#1958,#1959);
#1958 = CARTESIAN_POINT('',(18.75,-0.6,3.17));
#1959 = VECTOR('',#1960,1.);
#1960 = DIRECTION('',(1.,0.,0.));
#1961 = ORIENTED_EDGE('',*,*,#1962,.F.);
#1962 = EDGE_CURVE('',#1963,#1953,#1965,.T.);
#1963 = VERTEX_POINT('',#1964);
#1964 = CARTESIAN_POINT('',(18.75,0.6,3.17));
#1965 = LINE('',#1966,#1967);
#1966 = CARTESIAN_POINT('',(18.75,0.6,3.17));
#1967 = VECTOR('',#1968,1.);
#1968 = DIRECTION('',(0.,-1.,0.));
#1969 = ORIENTED_EDGE('',*,*,#1970,.F.);
#1970 = EDGE_CURVE('',#1971,#1963,#1973,.T.);
#1971 = VERTEX_POINT('',#1972);
#1972 = CARTESIAN_POINT('',(19.35,0.6,3.17));
#1973 = LINE('',#1974,#1975);
#1974 = CARTESIAN_POINT('',(19.35,0.6,3.17));
#1975 = VECTOR('',#1976,1.);
#1976 = DIRECTION('',(-1.,0.,0.));
#1977 = ORIENTED_EDGE('',*,*,#1978,.F.);
#1978 = EDGE_CURVE('',#1955,#1971,#1979,.T.);
#1979 = LINE('',#1980,#1981);
#1980 = CARTESIAN_POINT('',(19.35,-0.6,3.17));
#1981 = VECTOR('',#1982,1.);
#1982 = DIRECTION('',(0.,1.,0.));
#1983 = FACE_BOUND('',#1984,.T.);
#1984 = EDGE_LOOP('',(#1985,#1995,#2003,#2011));
#1985 = ORIENTED_EDGE('',*,*,#1986,.T.);
#1986 = EDGE_CURVE('',#1987,#1989,#1991,.T.);
#1987 = VERTEX_POINT('',#1988);
#1988 = CARTESIAN_POINT('',(23.18,-0.32,3.17));
#1989 = VERTEX_POINT('',#1990);
#1990 = CARTESIAN_POINT('',(22.54,-0.32,3.17));
#1991 = LINE('',#1992,#1993);
#1992 = CARTESIAN_POINT('',(16.985,-0.32,3.17));
#1993 = VECTOR('',#1994,1.);
#1994 = DIRECTION('',(-1.,0.,0.));
#1995 = ORIENTED_EDGE('',*,*,#1996,.T.);
#1996 = EDGE_CURVE('',#1989,#1997,#1999,.T.);
#1997 = VERTEX_POINT('',#1998);
#1998 = CARTESIAN_POINT('',(22.54,0.32,3.17));
#1999 = LINE('',#2000,#2001);
#2000 = CARTESIAN_POINT('',(22.54,0.,3.17));
#2001 = VECTOR('',#2002,1.);
#2002 = DIRECTION('',(0.,1.,0.));
#2003 = ORIENTED_EDGE('',*,*,#2004,.T.);
#2004 = EDGE_CURVE('',#1997,#2005,#2007,.T.);
#2005 = VERTEX_POINT('',#2006);
#2006 = CARTESIAN_POINT('',(23.18,0.32,3.17));
#2007 = LINE('',#2008,#2009);
#2008 = CARTESIAN_POINT('',(16.985,0.32,3.17));
#2009 = VECTOR('',#2010,1.);
#2010 = DIRECTION('',(1.,0.,0.));
#2011 = ORIENTED_EDGE('',*,*,#2012,.F.);
#2012 = EDGE_CURVE('',#1987,#2005,#2013,.T.);
#2013 = LINE('',#2014,#2015);
#2014 = CARTESIAN_POINT('',(23.18,0.,3.17));
#2015 = VECTOR('',#2016,1.);
#2016 = DIRECTION('',(0.,1.,0.));
#2017 = PLANE('',#2018);
#2018 = AXIS2_PLACEMENT_3D('',#2019,#2020,#2021);
#2019 = CARTESIAN_POINT('',(11.43,0.,3.17));
#2020 = DIRECTION('',(0.,0.,1.));
#2021 = DIRECTION('',(1.,0.,-0.));
#2022 = ADVANCED_FACE('',(#2023),#2039,.F.);
#2023 = FACE_BOUND('',#2024,.F.);
#2024 = EDGE_LOOP('',(#2025,#2031,#2032,#2038));
#2025 = ORIENTED_EDGE('',*,*,#2026,.T.);
#2026 = EDGE_CURVE('',#535,#1199,#2027,.T.);
#2027 = LINE('',#2028,#2029);
#2028 = CARTESIAN_POINT('',(23.61,2.9,0.));
#2029 = VECTOR('',#2030,1.);
#2030 = DIRECTION('',(0.,-1.,0.));
#2031 = ORIENTED_EDGE('',*,*,#1206,.T.);
#2032 = ORIENTED_EDGE('',*,*,#2033,.T.);
#2033 = EDGE_CURVE('',#1207,#533,#2034,.T.);
#2034 = LINE('',#2035,#2036);
#2035 = CARTESIAN_POINT('',(24.13,-2.9,0.));
#2036 = VECTOR('',#2037,1.);
#2037 = DIRECTION('',(0.,1.,0.));
#2038 = ORIENTED_EDGE('',*,*,#532,.T.);
#2039 = PLANE('',#2040);
#2040 = AXIS2_PLACEMENT_3D('',#2041,#2042,#2043);
#2041 = CARTESIAN_POINT('',(11.43,0.,0.));
#2042 = DIRECTION('',(0.,0.,1.));
#2043 = DIRECTION('',(1.,0.,-0.));
#2044 = ADVANCED_FACE('',(#2045),#2056,.F.);
#2045 = FACE_BOUND('',#2046,.F.);
#2046 = EDGE_LOOP('',(#2047,#2048,#2054,#2055));
#2047 = ORIENTED_EDGE('',*,*,#862,.T.);
#2048 = ORIENTED_EDGE('',*,*,#2049,.T.);
#2049 = EDGE_CURVE('',#855,#1191,#2050,.T.);
#2050 = LINE('',#2051,#2052);
#2051 = CARTESIAN_POINT('',(23.61,2.9,0.6));
#2052 = VECTOR('',#2053,1.);
#2053 = DIRECTION('',(0.,-1.,0.));
#2054 = ORIENTED_EDGE('',*,*,#1198,.F.);
#2055 = ORIENTED_EDGE('',*,*,#2026,.F.);
#2056 = PLANE('',#2057);
#2057 = AXIS2_PLACEMENT_3D('',#2058,#2059,#2060);
#2058 = CARTESIAN_POINT('',(23.61,2.9,0.));
#2059 = DIRECTION('',(1.,0.,0.));
#2060 = DIRECTION('',(0.,-1.,0.));
#2061 = ADVANCED_FACE('',(#2062,#2073),#2107,.T.);
#2062 = FACE_BOUND('',#2063,.T.);
#2063 = EDGE_LOOP('',(#2064,#2065,#2066,#2067));
#2064 = ORIENTED_EDGE('',*,*,#854,.T.);
#2065 = ORIENTED_EDGE('',*,*,#2049,.T.);
#2066 = ORIENTED_EDGE('',*,*,#1190,.T.);
#2067 = ORIENTED_EDGE('',*,*,#2068,.T.);
#2068 = EDGE_CURVE('',#1183,#847,#2069,.T.);
#2069 = LINE('',#2070,#2071);
#2070 = CARTESIAN_POINT('',(22.11,-2.9,0.6));
#2071 = VECTOR('',#2072,1.);
#2072 = DIRECTION('',(0.,1.,0.));
#2073 = FACE_BOUND('',#2074,.T.);
#2074 = EDGE_LOOP('',(#2075,#2085,#2093,#2101));
#2075 = ORIENTED_EDGE('',*,*,#2076,.T.);
#2076 = EDGE_CURVE('',#2077,#2079,#2081,.T.);
#2077 = VERTEX_POINT('',#2078);
#2078 = CARTESIAN_POINT('',(23.18,0.32,0.6));
#2079 = VERTEX_POINT('',#2080);
#2080 = CARTESIAN_POINT('',(22.54,0.32,0.6));
#2081 = LINE('',#2082,#2083);
#2082 = CARTESIAN_POINT('',(22.7,0.32,0.6));
#2083 = VECTOR('',#2084,1.);
#2084 = DIRECTION('',(-1.,0.,0.));
#2085 = ORIENTED_EDGE('',*,*,#2086,.T.);
#2086 = EDGE_CURVE('',#2079,#2087,#2089,.T.);
#2087 = VERTEX_POINT('',#2088);
#2088 = CARTESIAN_POINT('',(22.54,-0.32,0.6));
#2089 = LINE('',#2090,#2091);
#2090 = CARTESIAN_POINT('',(22.54,0.,0.6));
#2091 = VECTOR('',#2092,1.);
#2092 = DIRECTION('',(0.,-1.,0.));
#2093 = ORIENTED_EDGE('',*,*,#2094,.T.);
#2094 = EDGE_CURVE('',#2087,#2095,#2097,.T.);
#2095 = VERTEX_POINT('',#2096);
#2096 = CARTESIAN_POINT('',(23.18,-0.32,0.6));
#2097 = LINE('',#2098,#2099);
#2098 = CARTESIAN_POINT('',(22.7,-0.32,0.6));
#2099 = VECTOR('',#2100,1.);
#2100 = DIRECTION('',(1.,0.,0.));
#2101 = ORIENTED_EDGE('',*,*,#2102,.F.);
#2102 = EDGE_CURVE('',#2077,#2095,#2103,.T.);
#2103 = LINE('',#2104,#2105);
#2104 = CARTESIAN_POINT('',(23.18,0.,0.6));
#2105 = VECTOR('',#2106,1.);
#2106 = DIRECTION('',(0.,-1.,0.));
#2107 = PLANE('',#2108);
#2108 = AXIS2_PLACEMENT_3D('',#2109,#2110,#2111);
#2109 = CARTESIAN_POINT('',(22.86,0.,0.6));
#2110 = DIRECTION('',(-0.,-0.,-1.));
#2111 = DIRECTION('',(-1.,0.,0.));
#2112 = ADVANCED_FACE('',(#2113),#2124,.F.);
#2113 = FACE_BOUND('',#2114,.F.);
#2114 = EDGE_LOOP('',(#2115,#2116,#2117,#2118));
#2115 = ORIENTED_EDGE('',*,*,#1182,.T.);
#2116 = ORIENTED_EDGE('',*,*,#2068,.T.);
#2117 = ORIENTED_EDGE('',*,*,#846,.F.);
#2118 = ORIENTED_EDGE('',*,*,#2119,.F.);
#2119 = EDGE_CURVE('',#1175,#839,#2120,.T.);
#2120 = LINE('',#2121,#2122);
#2121 = CARTESIAN_POINT('',(22.11,-2.9,0.));
#2122 = VECTOR('',#2123,1.);
#2123 = DIRECTION('',(0.,1.,0.));
#2124 = PLANE('',#2125);
#2125 = AXIS2_PLACEMENT_3D('',#2126,#2127,#2128);
#2126 = CARTESIAN_POINT('',(22.11,-2.9,0.));
#2127 = DIRECTION('',(-1.,0.,0.));
#2128 = DIRECTION('',(0.,1.,0.));
#2129 = ADVANCED_FACE('',(#2130,#2141),#2175,.F.);
#2130 = FACE_BOUND('',#2131,.F.);
#2131 = EDGE_LOOP('',(#2132,#2138,#2139,#2140));
#2132 = ORIENTED_EDGE('',*,*,#2133,.T.);
#2133 = EDGE_CURVE('',#831,#1167,#2134,.T.);
#2134 = LINE('',#2135,#2136);
#2135 = CARTESIAN_POINT('',(21.07,2.9,0.));
#2136 = VECTOR('',#2137,1.);
#2137 = DIRECTION('',(0.,-1.,0.));
#2138 = ORIENTED_EDGE('',*,*,#1174,.T.);
#2139 = ORIENTED_EDGE('',*,*,#2119,.T.);
#2140 = ORIENTED_EDGE('',*,*,#838,.T.);
#2141 = FACE_BOUND('',#2142,.F.);
#2142 = EDGE_LOOP('',(#2143,#2153,#2161,#2169));
#2143 = ORIENTED_EDGE('',*,*,#2144,.F.);
#2144 = EDGE_CURVE('',#2145,#2147,#2149,.T.);
#2145 = VERTEX_POINT('',#2146);
#2146 = CARTESIAN_POINT('',(21.29,-0.6,0.));
#2147 = VERTEX_POINT('',#2148);
#2148 = CARTESIAN_POINT('',(21.89,-0.6,0.));
#2149 = LINE('',#2150,#2151);
#2150 = CARTESIAN_POINT('',(16.36,-0.6,0.));
#2151 = VECTOR('',#2152,1.);
#2152 = DIRECTION('',(1.,0.,0.));
#2153 = ORIENTED_EDGE('',*,*,#2154,.F.);
#2154 = EDGE_CURVE('',#2155,#2145,#2157,.T.);
#2155 = VERTEX_POINT('',#2156);
#2156 = CARTESIAN_POINT('',(21.29,0.6,0.));
#2157 = LINE('',#2158,#2159);
#2158 = CARTESIAN_POINT('',(21.29,0.3,0.));
#2159 = VECTOR('',#2160,1.);
#2160 = DIRECTION('',(0.,-1.,0.));
#2161 = ORIENTED_EDGE('',*,*,#2162,.F.);
#2162 = EDGE_CURVE('',#2163,#2155,#2165,.T.);
#2163 = VERTEX_POINT('',#2164);
#2164 = CARTESIAN_POINT('',(21.89,0.6,0.));
#2165 = LINE('',#2166,#2167);
#2166 = CARTESIAN_POINT('',(16.66,0.6,0.));
#2167 = VECTOR('',#2168,1.);
#2168 = DIRECTION('',(-1.,0.,0.));
#2169 = ORIENTED_EDGE('',*,*,#2170,.F.);
#2170 = EDGE_CURVE('',#2147,#2163,#2171,.T.);
#2171 = LINE('',#2172,#2173);
#2172 = CARTESIAN_POINT('',(21.89,-0.3,0.));
#2173 = VECTOR('',#2174,1.);
#2174 = DIRECTION('',(0.,1.,0.));
#2175 = PLANE('',#2176);
#2176 = AXIS2_PLACEMENT_3D('',#2177,#2178,#2179);
#2177 = CARTESIAN_POINT('',(11.43,0.,0.));
#2178 = DIRECTION('',(0.,0.,1.));
#2179 = DIRECTION('',(1.,0.,-0.));
#2180 = ADVANCED_FACE('',(#2181),#2192,.F.);
#2181 = FACE_BOUND('',#2182,.F.);
#2182 = EDGE_LOOP('',(#2183,#2184,#2190,#2191));
#2183 = ORIENTED_EDGE('',*,*,#830,.T.);
#2184 = ORIENTED_EDGE('',*,*,#2185,.T.);
#2185 = EDGE_CURVE('',#823,#1159,#2186,.T.);
#2186 = LINE('',#2187,#2188);
#2187 = CARTESIAN_POINT('',(21.07,2.9,0.6));
#2188 = VECTOR('',#2189,1.);
#2189 = DIRECTION('',(0.,-1.,0.));
#2190 = ORIENTED_EDGE('',*,*,#1166,.F.);
#2191 = ORIENTED_EDGE('',*,*,#2133,.F.);
#2192 = PLANE('',#2193);
#2193 = AXIS2_PLACEMENT_3D('',#2194,#2195,#2196);
#2194 = CARTESIAN_POINT('',(21.07,2.9,0.));
#2195 = DIRECTION('',(1.,0.,0.));
#2196 = DIRECTION('',(0.,-1.,0.));
#2197 = ADVANCED_FACE('',(#2198,#2209),#2243,.T.);
#2198 = FACE_BOUND('',#2199,.T.);
#2199 = EDGE_LOOP('',(#2200,#2201,#2202,#2203));
#2200 = ORIENTED_EDGE('',*,*,#822,.T.);
#2201 = ORIENTED_EDGE('',*,*,#2185,.T.);
#2202 = ORIENTED_EDGE('',*,*,#1158,.T.);
#2203 = ORIENTED_EDGE('',*,*,#2204,.T.);
#2204 = EDGE_CURVE('',#1151,#815,#2205,.T.);
#2205 = LINE('',#2206,#2207);
#2206 = CARTESIAN_POINT('',(19.57,-2.9,0.6));
#2207 = VECTOR('',#2208,1.);
#2208 = DIRECTION('',(0.,1.,0.));
#2209 = FACE_BOUND('',#2210,.T.);
#2210 = EDGE_LOOP('',(#2211,#2221,#2229,#2237));
#2211 = ORIENTED_EDGE('',*,*,#2212,.T.);
#2212 = EDGE_CURVE('',#2213,#2215,#2217,.T.);
#2213 = VERTEX_POINT('',#2214);
#2214 = CARTESIAN_POINT('',(20.64,0.32,0.6));
#2215 = VERTEX_POINT('',#2216);
#2216 = CARTESIAN_POINT('',(20.,0.32,0.6));
#2217 = LINE('',#2218,#2219);
#2218 = CARTESIAN_POINT('',(20.16,0.32,0.6));
#2219 = VECTOR('',#2220,1.);
#2220 = DIRECTION('',(-1.,0.,0.));
#2221 = ORIENTED_EDGE('',*,*,#2222,.T.);
#2222 = EDGE_CURVE('',#2215,#2223,#2225,.T.);
#2223 = VERTEX_POINT('',#2224);
#2224 = CARTESIAN_POINT('',(20.,-0.32,0.6));
#2225 = LINE('',#2226,#2227);
#2226 = CARTESIAN_POINT('',(20.,0.,0.6));
#2227 = VECTOR('',#2228,1.);
#2228 = DIRECTION('',(0.,-1.,0.));
#2229 = ORIENTED_EDGE('',*,*,#2230,.T.);
#2230 = EDGE_CURVE('',#2223,#2231,#2233,.T.);
#2231 = VERTEX_POINT('',#2232);
#2232 = CARTESIAN_POINT('',(20.64,-0.32,0.6));
#2233 = LINE('',#2234,#2235);
#2234 = CARTESIAN_POINT('',(20.16,-0.32,0.6));
#2235 = VECTOR('',#2236,1.);
#2236 = DIRECTION('',(1.,0.,0.));
#2237 = ORIENTED_EDGE('',*,*,#2238,.F.);
#2238 = EDGE_CURVE('',#2213,#2231,#2239,.T.);
#2239 = LINE('',#2240,#2241);
#2240 = CARTESIAN_POINT('',(20.64,0.,0.6));
#2241 = VECTOR('',#2242,1.);
#2242 = DIRECTION('',(0.,-1.,0.));
#2243 = PLANE('',#2244);
#2244 = AXIS2_PLACEMENT_3D('',#2245,#2246,#2247);
#2245 = CARTESIAN_POINT('',(20.32,0.,0.6));
#2246 = DIRECTION('',(-0.,-0.,-1.));
#2247 = DIRECTION('',(-1.,0.,0.));
#2248 = ADVANCED_FACE('',(#2249),#2260,.F.);
#2249 = FACE_BOUND('',#2250,.F.);
#2250 = EDGE_LOOP('',(#2251,#2252,#2253,#2254));
#2251 = ORIENTED_EDGE('',*,*,#1150,.T.);
#2252 = ORIENTED_EDGE('',*,*,#2204,.T.);
#2253 = ORIENTED_EDGE('',*,*,#814,.F.);
#2254 = ORIENTED_EDGE('',*,*,#2255,.F.);
#2255 = EDGE_CURVE('',#1143,#807,#2256,.T.);
#2256 = LINE('',#2257,#2258);
#2257 = CARTESIAN_POINT('',(19.57,-2.9,0.));
#2258 = VECTOR('',#2259,1.);
#2259 = DIRECTION('',(0.,1.,0.));
#2260 = PLANE('',#2261);
#2261 = AXIS2_PLACEMENT_3D('',#2262,#2263,#2264);
#2262 = CARTESIAN_POINT('',(19.57,-2.9,0.));
#2263 = DIRECTION('',(-1.,0.,0.));
#2264 = DIRECTION('',(0.,1.,0.));
#2265 = ADVANCED_FACE('',(#2266,#2277),#2311,.F.);
#2266 = FACE_BOUND('',#2267,.F.);
#2267 = EDGE_LOOP('',(#2268,#2274,#2275,#2276));
#2268 = ORIENTED_EDGE('',*,*,#2269,.T.);
#2269 = EDGE_CURVE('',#799,#1135,#2270,.T.);
#2270 = LINE('',#2271,#2272);
#2271 = CARTESIAN_POINT('',(18.53,2.9,0.));
#2272 = VECTOR('',#2273,1.);
#2273 = DIRECTION('',(0.,-1.,0.));
#2274 = ORIENTED_EDGE('',*,*,#1142,.T.);
#2275 = ORIENTED_EDGE('',*,*,#2255,.T.);
#2276 = ORIENTED_EDGE('',*,*,#806,.T.);
#2277 = FACE_BOUND('',#2278,.F.);
#2278 = EDGE_LOOP('',(#2279,#2289,#2297,#2305));
#2279 = ORIENTED_EDGE('',*,*,#2280,.F.);
#2280 = EDGE_CURVE('',#2281,#2283,#2285,.T.);
#2281 = VERTEX_POINT('',#2282);
#2282 = CARTESIAN_POINT('',(18.75,0.6,0.));
#2283 = VERTEX_POINT('',#2284);
#2284 = CARTESIAN_POINT('',(18.75,-0.6,0.));
#2285 = LINE('',#2286,#2287);
#2286 = CARTESIAN_POINT('',(18.75,0.3,0.));
#2287 = VECTOR('',#2288,1.);
#2288 = DIRECTION('',(0.,-1.,0.));
#2289 = ORIENTED_EDGE('',*,*,#2290,.F.);
#2290 = EDGE_CURVE('',#2291,#2281,#2293,.T.);
#2291 = VERTEX_POINT('',#2292);
#2292 = CARTESIAN_POINT('',(19.35,0.6,0.));
#2293 = LINE('',#2294,#2295);
#2294 = CARTESIAN_POINT('',(15.39,0.6,0.));
#2295 = VECTOR('',#2296,1.);
#2296 = DIRECTION('',(-1.,0.,0.));
#2297 = ORIENTED_EDGE('',*,*,#2298,.F.);
#2298 = EDGE_CURVE('',#2299,#2291,#2301,.T.);
#2299 = VERTEX_POINT('',#2300);
#2300 = CARTESIAN_POINT('',(19.35,-0.6,0.));
#2301 = LINE('',#2302,#2303);
#2302 = CARTESIAN_POINT('',(19.35,-0.3,0.));
#2303 = VECTOR('',#2304,1.);
#2304 = DIRECTION('',(0.,1.,0.));
#2305 = ORIENTED_EDGE('',*,*,#2306,.F.);
#2306 = EDGE_CURVE('',#2283,#2299,#2307,.T.);
#2307 = LINE('',#2308,#2309);
#2308 = CARTESIAN_POINT('',(15.09,-0.6,0.));
#2309 = VECTOR('',#2310,1.);
#2310 = DIRECTION('',(1.,0.,0.));
#2311 = PLANE('',#2312);
#2312 = AXIS2_PLACEMENT_3D('',#2313,#2314,#2315);
#2313 = CARTESIAN_POINT('',(11.43,0.,0.));
#2314 = DIRECTION('',(0.,0.,1.));
#2315 = DIRECTION('',(1.,0.,-0.));
#2316 = ADVANCED_FACE('',(#2317),#2328,.F.);
#2317 = FACE_BOUND('',#2318,.F.);
#2318 = EDGE_LOOP('',(#2319,#2320,#2326,#2327));
#2319 = ORIENTED_EDGE('',*,*,#798,.T.);
#2320 = ORIENTED_EDGE('',*,*,#2321,.T.);
#2321 = EDGE_CURVE('',#791,#1127,#2322,.T.);
#2322 = LINE('',#2323,#2324);
#2323 = CARTESIAN_POINT('',(18.53,2.9,0.6));
#2324 = VECTOR('',#2325,1.);
#2325 = DIRECTION('',(0.,-1.,0.));
#2326 = ORIENTED_EDGE('',*,*,#1134,.F.);
#2327 = ORIENTED_EDGE('',*,*,#2269,.F.);
#2328 = PLANE('',#2329);
#2329 = AXIS2_PLACEMENT_3D('',#2330,#2331,#2332);
#2330 = CARTESIAN_POINT('',(18.53,2.9,0.));
#2331 = DIRECTION('',(1.,0.,0.));
#2332 = DIRECTION('',(0.,-1.,0.));
#2333 = ADVANCED_FACE('',(#2334,#2345),#2379,.T.);
#2334 = FACE_BOUND('',#2335,.T.);
#2335 = EDGE_LOOP('',(#2336,#2337,#2338,#2339));
#2336 = ORIENTED_EDGE('',*,*,#790,.T.);
#2337 = ORIENTED_EDGE('',*,*,#2321,.T.);
#2338 = ORIENTED_EDGE('',*,*,#1126,.T.);
#2339 = ORIENTED_EDGE('',*,*,#2340,.T.);
#2340 = EDGE_CURVE('',#1119,#783,#2341,.T.);
#2341 = LINE('',#2342,#2343);
#2342 = CARTESIAN_POINT('',(17.03,-2.9,0.6));
#2343 = VECTOR('',#2344,1.);
#2344 = DIRECTION('',(0.,1.,0.));
#2345 = FACE_BOUND('',#2346,.T.);
#2346 = EDGE_LOOP('',(#2347,#2357,#2365,#2373));
#2347 = ORIENTED_EDGE('',*,*,#2348,.F.);
#2348 = EDGE_CURVE('',#2349,#2351,#2353,.T.);
#2349 = VERTEX_POINT('',#2350);
#2350 = CARTESIAN_POINT('',(18.1,0.32,0.6));
#2351 = VERTEX_POINT('',#2352);
#2352 = CARTESIAN_POINT('',(18.1,-0.32,0.6));
#2353 = LINE('',#2354,#2355);
#2354 = CARTESIAN_POINT('',(18.1,0.,0.6));
#2355 = VECTOR('',#2356,1.);
#2356 = DIRECTION('',(0.,-1.,0.));
#2357 = ORIENTED_EDGE('',*,*,#2358,.T.);
#2358 = EDGE_CURVE('',#2349,#2359,#2361,.T.);
#2359 = VERTEX_POINT('',#2360);
#2360 = CARTESIAN_POINT('',(17.46,0.32,0.6));
#2361 = LINE('',#2362,#2363);
#2362 = CARTESIAN_POINT('',(17.62,0.32,0.6));
#2363 = VECTOR('',#2364,1.);
#2364 = DIRECTION('',(-1.,0.,0.));
#2365 = ORIENTED_EDGE('',*,*,#2366,.T.);
#2366 = EDGE_CURVE('',#2359,#2367,#2369,.T.);
#2367 = VERTEX_POINT('',#2368);
#2368 = CARTESIAN_POINT('',(17.46,-0.32,0.6));
#2369 = LINE('',#2370,#2371);
#2370 = CARTESIAN_POINT('',(17.46,0.,0.6));
#2371 = VECTOR('',#2372,1.);
#2372 = DIRECTION('',(0.,-1.,0.));
#2373 = ORIENTED_EDGE('',*,*,#2374,.T.);
#2374 = EDGE_CURVE('',#2367,#2351,#2375,.T.);
#2375 = LINE('',#2376,#2377);
#2376 = CARTESIAN_POINT('',(17.62,-0.32,0.6));
#2377 = VECTOR('',#2378,1.);
#2378 = DIRECTION('',(1.,0.,0.));
#2379 = PLANE('',#2380);
#2380 = AXIS2_PLACEMENT_3D('',#2381,#2382,#2383);
#2381 = CARTESIAN_POINT('',(17.78,0.,0.6));
#2382 = DIRECTION('',(-0.,-0.,-1.));
#2383 = DIRECTION('',(-1.,0.,0.));
#2384 = ADVANCED_FACE('',(#2385),#2396,.F.);
#2385 = FACE_BOUND('',#2386,.F.);
#2386 = EDGE_LOOP('',(#2387,#2388,#2389,#2390));
#2387 = ORIENTED_EDGE('',*,*,#1118,.T.);
#2388 = ORIENTED_EDGE('',*,*,#2340,.T.);
#2389 = ORIENTED_EDGE('',*,*,#782,.F.);
#2390 = ORIENTED_EDGE('',*,*,#2391,.F.);
#2391 = EDGE_CURVE('',#1111,#775,#2392,.T.);
#2392 = LINE('',#2393,#2394);
#2393 = CARTESIAN_POINT('',(17.03,-2.9,0.));
#2394 = VECTOR('',#2395,1.);
#2395 = DIRECTION('',(0.,1.,0.));
#2396 = PLANE('',#2397);
#2397 = AXIS2_PLACEMENT_3D('',#2398,#2399,#2400);
#2398 = CARTESIAN_POINT('',(17.03,-2.9,0.));
#2399 = DIRECTION('',(-1.,0.,0.));
#2400 = DIRECTION('',(0.,1.,0.));
#2401 = ADVANCED_FACE('',(#2402,#2413),#2447,.F.);
#2402 = FACE_BOUND('',#2403,.F.);
#2403 = EDGE_LOOP('',(#2404,#2410,#2411,#2412));
#2404 = ORIENTED_EDGE('',*,*,#2405,.T.);
#2405 = EDGE_CURVE('',#767,#1103,#2406,.T.);
#2406 = LINE('',#2407,#2408);
#2407 = CARTESIAN_POINT('',(15.99,2.9,0.));
#2408 = VECTOR('',#2409,1.);
#2409 = DIRECTION('',(0.,-1.,0.));
#2410 = ORIENTED_EDGE('',*,*,#1110,.T.);
#2411 = ORIENTED_EDGE('',*,*,#2391,.T.);
#2412 = ORIENTED_EDGE('',*,*,#774,.T.);
#2413 = FACE_BOUND('',#2414,.F.);
#2414 = EDGE_LOOP('',(#2415,#2425,#2433,#2441));
#2415 = ORIENTED_EDGE('',*,*,#2416,.F.);
#2416 = EDGE_CURVE('',#2417,#2419,#2421,.T.);
#2417 = VERTEX_POINT('',#2418);
#2418 = CARTESIAN_POINT('',(16.81,0.6,0.));
#2419 = VERTEX_POINT('',#2420);
#2420 = CARTESIAN_POINT('',(16.21,0.6,0.));
#2421 = LINE('',#2422,#2423);
#2422 = CARTESIAN_POINT('',(14.12,0.6,0.));
#2423 = VECTOR('',#2424,1.);
#2424 = DIRECTION('',(-1.,0.,0.));
#2425 = ORIENTED_EDGE('',*,*,#2426,.F.);
#2426 = EDGE_CURVE('',#2427,#2417,#2429,.T.);
#2427 = VERTEX_POINT('',#2428);
#2428 = CARTESIAN_POINT('',(16.81,-0.6,0.));
#2429 = LINE('',#2430,#2431);
#2430 = CARTESIAN_POINT('',(16.81,-0.3,0.));
#2431 = VECTOR('',#2432,1.);
#2432 = DIRECTION('',(0.,1.,0.));
#2433 = ORIENTED_EDGE('',*,*,#2434,.F.);
#2434 = EDGE_CURVE('',#2435,#2427,#2437,.T.);
#2435 = VERTEX_POINT('',#2436);
#2436 = CARTESIAN_POINT('',(16.21,-0.6,0.));
#2437 = LINE('',#2438,#2439);
#2438 = CARTESIAN_POINT('',(13.82,-0.6,0.));
#2439 = VECTOR('',#2440,1.);
#2440 = DIRECTION('',(1.,0.,0.));
#2441 = ORIENTED_EDGE('',*,*,#2442,.F.);
#2442 = EDGE_CURVE('',#2419,#2435,#2443,.T.);
#2443 = LINE('',#2444,#2445);
#2444 = CARTESIAN_POINT('',(16.21,0.3,0.));
#2445 = VECTOR('',#2446,1.);
#2446 = DIRECTION('',(0.,-1.,0.));
#2447 = PLANE('',#2448);
#2448 = AXIS2_PLACEMENT_3D('',#2449,#2450,#2451);
#2449 = CARTESIAN_POINT('',(11.43,0.,0.));
#2450 = DIRECTION('',(0.,0.,1.));
#2451 = DIRECTION('',(1.,0.,-0.));
#2452 = ADVANCED_FACE('',(#2453),#2464,.F.);
#2453 = FACE_BOUND('',#2454,.F.);
#2454 = EDGE_LOOP('',(#2455,#2456,#2462,#2463));
#2455 = ORIENTED_EDGE('',*,*,#766,.T.);
#2456 = ORIENTED_EDGE('',*,*,#2457,.T.);
#2457 = EDGE_CURVE('',#759,#1095,#2458,.T.);
#2458 = LINE('',#2459,#2460);
#2459 = CARTESIAN_POINT('',(15.99,2.9,0.6));
#2460 = VECTOR('',#2461,1.);
#2461 = DIRECTION('',(0.,-1.,0.));
#2462 = ORIENTED_EDGE('',*,*,#1102,.F.);
#2463 = ORIENTED_EDGE('',*,*,#2405,.F.);
#2464 = PLANE('',#2465);
#2465 = AXIS2_PLACEMENT_3D('',#2466,#2467,#2468);
#2466 = CARTESIAN_POINT('',(15.99,2.9,0.));
#2467 = DIRECTION('',(1.,0.,0.));
#2468 = DIRECTION('',(0.,-1.,0.));
#2469 = ADVANCED_FACE('',(#2470,#2481),#2515,.T.);
#2470 = FACE_BOUND('',#2471,.T.);
#2471 = EDGE_LOOP('',(#2472,#2473,#2474,#2475));
#2472 = ORIENTED_EDGE('',*,*,#758,.T.);
#2473 = ORIENTED_EDGE('',*,*,#2457,.T.);
#2474 = ORIENTED_EDGE('',*,*,#1094,.T.);
#2475 = ORIENTED_EDGE('',*,*,#2476,.T.);
#2476 = EDGE_CURVE('',#1087,#751,#2477,.T.);
#2477 = LINE('',#2478,#2479);
#2478 = CARTESIAN_POINT('',(14.49,-2.9,0.6));
#2479 = VECTOR('',#2480,1.);
#2480 = DIRECTION('',(0.,1.,0.));
#2481 = FACE_BOUND('',#2482,.T.);
#2482 = EDGE_LOOP('',(#2483,#2493,#2501,#2509));
#2483 = ORIENTED_EDGE('',*,*,#2484,.T.);
#2484 = EDGE_CURVE('',#2485,#2487,#2489,.T.);
#2485 = VERTEX_POINT('',#2486);
#2486 = CARTESIAN_POINT('',(15.56,0.32,0.6));
#2487 = VERTEX_POINT('',#2488);
#2488 = CARTESIAN_POINT('',(14.92,0.32,0.6));
#2489 = LINE('',#2490,#2491);
#2490 = CARTESIAN_POINT('',(15.08,0.32,0.6));
#2491 = VECTOR('',#2492,1.);
#2492 = DIRECTION('',(-1.,0.,0.));
#2493 = ORIENTED_EDGE('',*,*,#2494,.T.);
#2494 = EDGE_CURVE('',#2487,#2495,#2497,.T.);
#2495 = VERTEX_POINT('',#2496);
#2496 = CARTESIAN_POINT('',(14.92,-0.32,0.6));
#2497 = LINE('',#2498,#2499);
#2498 = CARTESIAN_POINT('',(14.92,0.,0.6));
#2499 = VECTOR('',#2500,1.);
#2500 = DIRECTION('',(0.,-1.,0.));
#2501 = ORIENTED_EDGE('',*,*,#2502,.T.);
#2502 = EDGE_CURVE('',#2495,#2503,#2505,.T.);
#2503 = VERTEX_POINT('',#2504);
#2504 = CARTESIAN_POINT('',(15.56,-0.32,0.6));
#2505 = LINE('',#2506,#2507);
#2506 = CARTESIAN_POINT('',(15.08,-0.32,0.6));
#2507 = VECTOR('',#2508,1.);
#2508 = DIRECTION('',(1.,0.,0.));
#2509 = ORIENTED_EDGE('',*,*,#2510,.F.);
#2510 = EDGE_CURVE('',#2485,#2503,#2511,.T.);
#2511 = LINE('',#2512,#2513);
#2512 = CARTESIAN_POINT('',(15.56,0.,0.6));
#2513 = VECTOR('',#2514,1.);
#2514 = DIRECTION('',(0.,-1.,0.));
#2515 = PLANE('',#2516);
#2516 = AXIS2_PLACEMENT_3D('',#2517,#2518,#2519);
#2517 = CARTESIAN_POINT('',(15.24,0.,0.6));
#2518 = DIRECTION('',(-0.,-0.,-1.));
#2519 = DIRECTION('',(-1.,0.,0.));
#2520 = ADVANCED_FACE('',(#2521),#2532,.F.);
#2521 = FACE_BOUND('',#2522,.F.);
#2522 = EDGE_LOOP('',(#2523,#2524,#2525,#2526));
#2523 = ORIENTED_EDGE('',*,*,#1086,.T.);
#2524 = ORIENTED_EDGE('',*,*,#2476,.T.);
#2525 = ORIENTED_EDGE('',*,*,#750,.F.);
#2526 = ORIENTED_EDGE('',*,*,#2527,.F.);
#2527 = EDGE_CURVE('',#1079,#743,#2528,.T.);
#2528 = LINE('',#2529,#2530);
#2529 = CARTESIAN_POINT('',(14.49,-2.9,0.));
#2530 = VECTOR('',#2531,1.);
#2531 = DIRECTION('',(0.,1.,0.));
#2532 = PLANE('',#2533);
#2533 = AXIS2_PLACEMENT_3D('',#2534,#2535,#2536);
#2534 = CARTESIAN_POINT('',(14.49,-2.9,0.));
#2535 = DIRECTION('',(-1.,0.,0.));
#2536 = DIRECTION('',(0.,1.,0.));
#2537 = ADVANCED_FACE('',(#2538,#2549),#2583,.F.);
#2538 = FACE_BOUND('',#2539,.F.);
#2539 = EDGE_LOOP('',(#2540,#2546,#2547,#2548));
#2540 = ORIENTED_EDGE('',*,*,#2541,.T.);
#2541 = EDGE_CURVE('',#735,#1071,#2542,.T.);
#2542 = LINE('',#2543,#2544);
#2543 = CARTESIAN_POINT('',(13.45,2.9,0.));
#2544 = VECTOR('',#2545,1.);
#2545 = DIRECTION('',(0.,-1.,0.));
#2546 = ORIENTED_EDGE('',*,*,#1078,.T.);
#2547 = ORIENTED_EDGE('',*,*,#2527,.T.);
#2548 = ORIENTED_EDGE('',*,*,#742,.T.);
#2549 = FACE_BOUND('',#2550,.F.);
#2550 = EDGE_LOOP('',(#2551,#2561,#2569,#2577));
#2551 = ORIENTED_EDGE('',*,*,#2552,.F.);
#2552 = EDGE_CURVE('',#2553,#2555,#2557,.T.);
#2553 = VERTEX_POINT('',#2554);
#2554 = CARTESIAN_POINT('',(13.67,0.6,0.));
#2555 = VERTEX_POINT('',#2556);
#2556 = CARTESIAN_POINT('',(13.67,-0.6,0.));
#2557 = LINE('',#2558,#2559);
#2558 = CARTESIAN_POINT('',(13.67,0.3,0.));
#2559 = VECTOR('',#2560,1.);
#2560 = DIRECTION('',(0.,-1.,0.));
#2561 = ORIENTED_EDGE('',*,*,#2562,.F.);
#2562 = EDGE_CURVE('',#2563,#2553,#2565,.T.);
#2563 = VERTEX_POINT('',#2564);
#2564 = CARTESIAN_POINT('',(14.27,0.6,0.));
#2565 = LINE('',#2566,#2567);
#2566 = CARTESIAN_POINT('',(12.85,0.6,0.));
#2567 = VECTOR('',#2568,1.);
#2568 = DIRECTION('',(-1.,0.,0.));
#2569 = ORIENTED_EDGE('',*,*,#2570,.F.);
#2570 = EDGE_CURVE('',#2571,#2563,#2573,.T.);
#2571 = VERTEX_POINT('',#2572);
#2572 = CARTESIAN_POINT('',(14.27,-0.6,0.));
#2573 = LINE('',#2574,#2575);
#2574 = CARTESIAN_POINT('',(14.27,-0.3,0.));
#2575 = VECTOR('',#2576,1.);
#2576 = DIRECTION('',(0.,1.,0.));
#2577 = ORIENTED_EDGE('',*,*,#2578,.F.);
#2578 = EDGE_CURVE('',#2555,#2571,#2579,.T.);
#2579 = LINE('',#2580,#2581);
#2580 = CARTESIAN_POINT('',(12.55,-0.6,0.));
#2581 = VECTOR('',#2582,1.);
#2582 = DIRECTION('',(1.,0.,0.));
#2583 = PLANE('',#2584);
#2584 = AXIS2_PLACEMENT_3D('',#2585,#2586,#2587);
#2585 = CARTESIAN_POINT('',(11.43,0.,0.));
#2586 = DIRECTION('',(0.,0.,1.));
#2587 = DIRECTION('',(1.,0.,-0.));
#2588 = ADVANCED_FACE('',(#2589),#2600,.F.);
#2589 = FACE_BOUND('',#2590,.F.);
#2590 = EDGE_LOOP('',(#2591,#2592,#2598,#2599));
#2591 = ORIENTED_EDGE('',*,*,#734,.T.);
#2592 = ORIENTED_EDGE('',*,*,#2593,.T.);
#2593 = EDGE_CURVE('',#727,#1063,#2594,.T.);
#2594 = LINE('',#2595,#2596);
#2595 = CARTESIAN_POINT('',(13.45,2.9,0.6));
#2596 = VECTOR('',#2597,1.);
#2597 = DIRECTION('',(0.,-1.,0.));
#2598 = ORIENTED_EDGE('',*,*,#1070,.F.);
#2599 = ORIENTED_EDGE('',*,*,#2541,.F.);
#2600 = PLANE('',#2601);
#2601 = AXIS2_PLACEMENT_3D('',#2602,#2603,#2604);
#2602 = CARTESIAN_POINT('',(13.45,2.9,0.));
#2603 = DIRECTION('',(1.,0.,0.));
#2604 = DIRECTION('',(0.,-1.,0.));
#2605 = ADVANCED_FACE('',(#2606,#2617),#2651,.T.);
#2606 = FACE_BOUND('',#2607,.T.);
#2607 = EDGE_LOOP('',(#2608,#2609,#2610,#2611));
#2608 = ORIENTED_EDGE('',*,*,#726,.T.);
#2609 = ORIENTED_EDGE('',*,*,#2593,.T.);
#2610 = ORIENTED_EDGE('',*,*,#1062,.T.);
#2611 = ORIENTED_EDGE('',*,*,#2612,.T.);
#2612 = EDGE_CURVE('',#1055,#719,#2613,.T.);
#2613 = LINE('',#2614,#2615);
#2614 = CARTESIAN_POINT('',(11.95,-2.9,0.6));
#2615 = VECTOR('',#2616,1.);
#2616 = DIRECTION('',(0.,1.,0.));
#2617 = FACE_BOUND('',#2618,.T.);
#2618 = EDGE_LOOP('',(#2619,#2629,#2637,#2645));
#2619 = ORIENTED_EDGE('',*,*,#2620,.F.);
#2620 = EDGE_CURVE('',#2621,#2623,#2625,.T.);
#2621 = VERTEX_POINT('',#2622);
#2622 = CARTESIAN_POINT('',(13.02,0.32,0.6));
#2623 = VERTEX_POINT('',#2624);
#2624 = CARTESIAN_POINT('',(13.02,-0.32,0.6));
#2625 = LINE('',#2626,#2627);
#2626 = CARTESIAN_POINT('',(13.02,0.,0.6));
#2627 = VECTOR('',#2628,1.);
#2628 = DIRECTION('',(0.,-1.,0.));
#2629 = ORIENTED_EDGE('',*,*,#2630,.T.);
#2630 = EDGE_CURVE('',#2621,#2631,#2633,.T.);
#2631 = VERTEX_POINT('',#2632);
#2632 = CARTESIAN_POINT('',(12.38,0.32,0.6));
#2633 = LINE('',#2634,#2635);
#2634 = CARTESIAN_POINT('',(12.54,0.32,0.6));
#2635 = VECTOR('',#2636,1.);
#2636 = DIRECTION('',(-1.,0.,0.));
#2637 = ORIENTED_EDGE('',*,*,#2638,.T.);
#2638 = EDGE_CURVE('',#2631,#2639,#2641,.T.);
#2639 = VERTEX_POINT('',#2640);
#2640 = CARTESIAN_POINT('',(12.38,-0.32,0.6));
#2641 = LINE('',#2642,#2643);
#2642 = CARTESIAN_POINT('',(12.38,0.,0.6));
#2643 = VECTOR('',#2644,1.);
#2644 = DIRECTION('',(0.,-1.,0.));
#2645 = ORIENTED_EDGE('',*,*,#2646,.T.);
#2646 = EDGE_CURVE('',#2639,#2623,#2647,.T.);
#2647 = LINE('',#2648,#2649);
#2648 = CARTESIAN_POINT('',(12.54,-0.32,0.6));
#2649 = VECTOR('',#2650,1.);
#2650 = DIRECTION('',(1.,0.,0.));
#2651 = PLANE('',#2652);
#2652 = AXIS2_PLACEMENT_3D('',#2653,#2654,#2655);
#2653 = CARTESIAN_POINT('',(12.7,0.,0.6));
#2654 = DIRECTION('',(-0.,-0.,-1.));
#2655 = DIRECTION('',(-1.,0.,0.));
#2656 = ADVANCED_FACE('',(#2657),#2668,.F.);
#2657 = FACE_BOUND('',#2658,.F.);
#2658 = EDGE_LOOP('',(#2659,#2660,#2661,#2662));
#2659 = ORIENTED_EDGE('',*,*,#1054,.T.);
#2660 = ORIENTED_EDGE('',*,*,#2612,.T.);
#2661 = ORIENTED_EDGE('',*,*,#718,.F.);
#2662 = ORIENTED_EDGE('',*,*,#2663,.F.);
#2663 = EDGE_CURVE('',#1047,#711,#2664,.T.);
#2664 = LINE('',#2665,#2666);
#2665 = CARTESIAN_POINT('',(11.95,-2.9,0.));
#2666 = VECTOR('',#2667,1.);
#2667 = DIRECTION('',(0.,1.,0.));
#2668 = PLANE('',#2669);
#2669 = AXIS2_PLACEMENT_3D('',#2670,#2671,#2672);
#2670 = CARTESIAN_POINT('',(11.95,-2.9,0.));
#2671 = DIRECTION('',(-1.,0.,0.));
#2672 = DIRECTION('',(0.,1.,0.));
#2673 = ADVANCED_FACE('',(#2674,#2685),#2719,.F.);
#2674 = FACE_BOUND('',#2675,.F.);
#2675 = EDGE_LOOP('',(#2676,#2682,#2683,#2684));
#2676 = ORIENTED_EDGE('',*,*,#2677,.T.);
#2677 = EDGE_CURVE('',#703,#1039,#2678,.T.);
#2678 = LINE('',#2679,#2680);
#2679 = CARTESIAN_POINT('',(10.91,2.9,0.));
#2680 = VECTOR('',#2681,1.);
#2681 = DIRECTION('',(0.,-1.,0.));
#2682 = ORIENTED_EDGE('',*,*,#1046,.T.);
#2683 = ORIENTED_EDGE('',*,*,#2663,.T.);
#2684 = ORIENTED_EDGE('',*,*,#710,.T.);
#2685 = FACE_BOUND('',#2686,.F.);
#2686 = EDGE_LOOP('',(#2687,#2697,#2705,#2713));
#2687 = ORIENTED_EDGE('',*,*,#2688,.F.);
#2688 = EDGE_CURVE('',#2689,#2691,#2693,.T.);
#2689 = VERTEX_POINT('',#2690);
#2690 = CARTESIAN_POINT('',(11.13,0.6,0.));
#2691 = VERTEX_POINT('',#2692);
#2692 = CARTESIAN_POINT('',(11.13,-0.6,0.));
#2693 = LINE('',#2694,#2695);
#2694 = CARTESIAN_POINT('',(11.13,0.3,0.));
#2695 = VECTOR('',#2696,1.);
#2696 = DIRECTION('',(0.,-1.,0.));
#2697 = ORIENTED_EDGE('',*,*,#2698,.F.);
#2698 = EDGE_CURVE('',#2699,#2689,#2701,.T.);
#2699 = VERTEX_POINT('',#2700);
#2700 = CARTESIAN_POINT('',(11.73,0.6,0.));
#2701 = LINE('',#2702,#2703);
#2702 = CARTESIAN_POINT('',(11.58,0.6,0.));
#2703 = VECTOR('',#2704,1.);
#2704 = DIRECTION('',(-1.,0.,0.));
#2705 = ORIENTED_EDGE('',*,*,#2706,.F.);
#2706 = EDGE_CURVE('',#2707,#2699,#2709,.T.);
#2707 = VERTEX_POINT('',#2708);
#2708 = CARTESIAN_POINT('',(11.73,-0.6,0.));
#2709 = LINE('',#2710,#2711);
#2710 = CARTESIAN_POINT('',(11.73,-0.3,0.));
#2711 = VECTOR('',#2712,1.);
#2712 = DIRECTION('',(0.,1.,0.));
#2713 = ORIENTED_EDGE('',*,*,#2714,.F.);
#2714 = EDGE_CURVE('',#2691,#2707,#2715,.T.);
#2715 = LINE('',#2716,#2717);
#2716 = CARTESIAN_POINT('',(11.28,-0.6,0.));
#2717 = VECTOR('',#2718,1.);
#2718 = DIRECTION('',(1.,0.,0.));
#2719 = PLANE('',#2720);
#2720 = AXIS2_PLACEMENT_3D('',#2721,#2722,#2723);
#2721 = CARTESIAN_POINT('',(11.43,0.,0.));
#2722 = DIRECTION('',(0.,0.,1.));
#2723 = DIRECTION('',(1.,0.,-0.));
#2724 = ADVANCED_FACE('',(#2725),#2736,.F.);
#2725 = FACE_BOUND('',#2726,.F.);
#2726 = EDGE_LOOP('',(#2727,#2728,#2734,#2735));
#2727 = ORIENTED_EDGE('',*,*,#702,.T.);
#2728 = ORIENTED_EDGE('',*,*,#2729,.T.);
#2729 = EDGE_CURVE('',#695,#1031,#2730,.T.);
#2730 = LINE('',#2731,#2732);
#2731 = CARTESIAN_POINT('',(10.91,2.9,0.6));
#2732 = VECTOR('',#2733,1.);
#2733 = DIRECTION('',(0.,-1.,0.));
#2734 = ORIENTED_EDGE('',*,*,#1038,.F.);
#2735 = ORIENTED_EDGE('',*,*,#2677,.F.);
#2736 = PLANE('',#2737);
#2737 = AXIS2_PLACEMENT_3D('',#2738,#2739,#2740);
#2738 = CARTESIAN_POINT('',(10.91,2.9,0.));
#2739 = DIRECTION('',(1.,0.,0.));
#2740 = DIRECTION('',(0.,-1.,0.));
#2741 = ADVANCED_FACE('',(#2742,#2753),#2787,.T.);
#2742 = FACE_BOUND('',#2743,.T.);
#2743 = EDGE_LOOP('',(#2744,#2745,#2746,#2747));
#2744 = ORIENTED_EDGE('',*,*,#694,.T.);
#2745 = ORIENTED_EDGE('',*,*,#2729,.T.);
#2746 = ORIENTED_EDGE('',*,*,#1030,.T.);
#2747 = ORIENTED_EDGE('',*,*,#2748,.T.);
#2748 = EDGE_CURVE('',#1023,#687,#2749,.T.);
#2749 = LINE('',#2750,#2751);
#2750 = CARTESIAN_POINT('',(9.41,-2.9,0.6));
#2751 = VECTOR('',#2752,1.);
#2752 = DIRECTION('',(0.,1.,0.));
#2753 = FACE_BOUND('',#2754,.T.);
#2754 = EDGE_LOOP('',(#2755,#2765,#2773,#2781));
#2755 = ORIENTED_EDGE('',*,*,#2756,.T.);
#2756 = EDGE_CURVE('',#2757,#2759,#2761,.T.);
#2757 = VERTEX_POINT('',#2758);
#2758 = CARTESIAN_POINT('',(9.84,0.32,0.6));
#2759 = VERTEX_POINT('',#2760);
#2760 = CARTESIAN_POINT('',(9.84,-0.32,0.6));
#2761 = LINE('',#2762,#2763);
#2762 = CARTESIAN_POINT('',(9.84,0.,0.6));
#2763 = VECTOR('',#2764,1.);
#2764 = DIRECTION('',(0.,-1.,0.));
#2765 = ORIENTED_EDGE('',*,*,#2766,.T.);
#2766 = EDGE_CURVE('',#2759,#2767,#2769,.T.);
#2767 = VERTEX_POINT('',#2768);
#2768 = CARTESIAN_POINT('',(10.48,-0.32,0.6));
#2769 = LINE('',#2770,#2771);
#2770 = CARTESIAN_POINT('',(10.,-0.32,0.6));
#2771 = VECTOR('',#2772,1.);
#2772 = DIRECTION('',(1.,0.,0.));
#2773 = ORIENTED_EDGE('',*,*,#2774,.F.);
#2774 = EDGE_CURVE('',#2775,#2767,#2777,.T.);
#2775 = VERTEX_POINT('',#2776);
#2776 = CARTESIAN_POINT('',(10.48,0.32,0.6));
#2777 = LINE('',#2778,#2779);
#2778 = CARTESIAN_POINT('',(10.48,0.,0.6));
#2779 = VECTOR('',#2780,1.);
#2780 = DIRECTION('',(0.,-1.,0.));
#2781 = ORIENTED_EDGE('',*,*,#2782,.T.);
#2782 = EDGE_CURVE('',#2775,#2757,#2783,.T.);
#2783 = LINE('',#2784,#2785);
#2784 = CARTESIAN_POINT('',(10.,0.32,0.6));
#2785 = VECTOR('',#2786,1.);
#2786 = DIRECTION('',(-1.,0.,0.));
#2787 = PLANE('',#2788);
#2788 = AXIS2_PLACEMENT_3D('',#2789,#2790,#2791);
#2789 = CARTESIAN_POINT('',(10.16,0.,0.6));
#2790 = DIRECTION('',(-0.,-0.,-1.));
#2791 = DIRECTION('',(-1.,0.,0.));
#2792 = ADVANCED_FACE('',(#2793),#2804,.F.);
#2793 = FACE_BOUND('',#2794,.F.);
#2794 = EDGE_LOOP('',(#2795,#2796,#2797,#2798));
#2795 = ORIENTED_EDGE('',*,*,#1022,.T.);
#2796 = ORIENTED_EDGE('',*,*,#2748,.T.);
#2797 = ORIENTED_EDGE('',*,*,#686,.F.);
#2798 = ORIENTED_EDGE('',*,*,#2799,.F.);
#2799 = EDGE_CURVE('',#1015,#679,#2800,.T.);
#2800 = LINE('',#2801,#2802);
#2801 = CARTESIAN_POINT('',(9.41,-2.9,0.));
#2802 = VECTOR('',#2803,1.);
#2803 = DIRECTION('',(0.,1.,0.));
#2804 = PLANE('',#2805);
#2805 = AXIS2_PLACEMENT_3D('',#2806,#2807,#2808);
#2806 = CARTESIAN_POINT('',(9.41,-2.9,0.));
#2807 = DIRECTION('',(-1.,0.,0.));
#2808 = DIRECTION('',(0.,1.,0.));
#2809 = ADVANCED_FACE('',(#2810,#2821),#2855,.F.);
#2810 = FACE_BOUND('',#2811,.F.);
#2811 = EDGE_LOOP('',(#2812,#2818,#2819,#2820));
#2812 = ORIENTED_EDGE('',*,*,#2813,.T.);
#2813 = EDGE_CURVE('',#671,#1007,#2814,.T.);
#2814 = LINE('',#2815,#2816);
#2815 = CARTESIAN_POINT('',(8.37,2.9,0.));
#2816 = VECTOR('',#2817,1.);
#2817 = DIRECTION('',(0.,-1.,0.));
#2818 = ORIENTED_EDGE('',*,*,#1014,.T.);
#2819 = ORIENTED_EDGE('',*,*,#2799,.T.);
#2820 = ORIENTED_EDGE('',*,*,#678,.T.);
#2821 = FACE_BOUND('',#2822,.F.);
#2822 = EDGE_LOOP('',(#2823,#2833,#2841,#2849));
#2823 = ORIENTED_EDGE('',*,*,#2824,.F.);
#2824 = EDGE_CURVE('',#2825,#2827,#2829,.T.);
#2825 = VERTEX_POINT('',#2826);
#2826 = CARTESIAN_POINT('',(9.19,-0.6,0.));
#2827 = VERTEX_POINT('',#2828);
#2828 = CARTESIAN_POINT('',(9.19,0.6,0.));
#2829 = LINE('',#2830,#2831);
#2830 = CARTESIAN_POINT('',(9.19,-0.3,0.));
#2831 = VECTOR('',#2832,1.);
#2832 = DIRECTION('',(0.,1.,0.));
#2833 = ORIENTED_EDGE('',*,*,#2834,.F.);
#2834 = EDGE_CURVE('',#2835,#2825,#2837,.T.);
#2835 = VERTEX_POINT('',#2836);
#2836 = CARTESIAN_POINT('',(8.59,-0.6,0.));
#2837 = LINE('',#2838,#2839);
#2838 = CARTESIAN_POINT('',(10.01,-0.6,0.));
#2839 = VECTOR('',#2840,1.);
#2840 = DIRECTION('',(1.,0.,0.));
#2841 = ORIENTED_EDGE('',*,*,#2842,.F.);
#2842 = EDGE_CURVE('',#2843,#2835,#2845,.T.);
#2843 = VERTEX_POINT('',#2844);
#2844 = CARTESIAN_POINT('',(8.59,0.6,0.));
#2845 = LINE('',#2846,#2847);
#2846 = CARTESIAN_POINT('',(8.59,0.3,0.));
#2847 = VECTOR('',#2848,1.);
#2848 = DIRECTION('',(0.,-1.,0.));
#2849 = ORIENTED_EDGE('',*,*,#2850,.F.);
#2850 = EDGE_CURVE('',#2827,#2843,#2851,.T.);
#2851 = LINE('',#2852,#2853);
#2852 = CARTESIAN_POINT('',(10.31,0.6,0.));
#2853 = VECTOR('',#2854,1.);
#2854 = DIRECTION('',(-1.,0.,0.));
#2855 = PLANE('',#2856);
#2856 = AXIS2_PLACEMENT_3D('',#2857,#2858,#2859);
#2857 = CARTESIAN_POINT('',(11.43,0.,0.));
#2858 = DIRECTION('',(0.,0.,1.));
#2859 = DIRECTION('',(1.,0.,-0.));
#2860 = ADVANCED_FACE('',(#2861),#2872,.F.);
#2861 = FACE_BOUND('',#2862,.F.);
#2862 = EDGE_LOOP('',(#2863,#2864,#2870,#2871));
#2863 = ORIENTED_EDGE('',*,*,#670,.T.);
#2864 = ORIENTED_EDGE('',*,*,#2865,.T.);
#2865 = EDGE_CURVE('',#663,#999,#2866,.T.);
#2866 = LINE('',#2867,#2868);
#2867 = CARTESIAN_POINT('',(8.37,2.9,0.6));
#2868 = VECTOR('',#2869,1.);
#2869 = DIRECTION('',(0.,-1.,0.));
#2870 = ORIENTED_EDGE('',*,*,#1006,.F.);
#2871 = ORIENTED_EDGE('',*,*,#2813,.F.);
#2872 = PLANE('',#2873);
#2873 = AXIS2_PLACEMENT_3D('',#2874,#2875,#2876);
#2874 = CARTESIAN_POINT('',(8.37,2.9,0.));
#2875 = DIRECTION('',(1.,0.,0.));
#2876 = DIRECTION('',(0.,-1.,0.));
#2877 = ADVANCED_FACE('',(#2878,#2889),#2923,.T.);
#2878 = FACE_BOUND('',#2879,.T.);
#2879 = EDGE_LOOP('',(#2880,#2881,#2882,#2883));
#2880 = ORIENTED_EDGE('',*,*,#662,.T.);
#2881 = ORIENTED_EDGE('',*,*,#2865,.T.);
#2882 = ORIENTED_EDGE('',*,*,#998,.T.);
#2883 = ORIENTED_EDGE('',*,*,#2884,.T.);
#2884 = EDGE_CURVE('',#991,#655,#2885,.T.);
#2885 = LINE('',#2886,#2887);
#2886 = CARTESIAN_POINT('',(6.87,-2.9,0.6));
#2887 = VECTOR('',#2888,1.);
#2888 = DIRECTION('',(0.,1.,0.));
#2889 = FACE_BOUND('',#2890,.T.);
#2890 = EDGE_LOOP('',(#2891,#2901,#2909,#2917));
#2891 = ORIENTED_EDGE('',*,*,#2892,.T.);
#2892 = EDGE_CURVE('',#2893,#2895,#2897,.T.);
#2893 = VERTEX_POINT('',#2894);
#2894 = CARTESIAN_POINT('',(7.94,0.32,0.6));
#2895 = VERTEX_POINT('',#2896);
#2896 = CARTESIAN_POINT('',(7.3,0.32,0.6));
#2897 = LINE('',#2898,#2899);
#2898 = CARTESIAN_POINT('',(7.46,0.32,0.6));
#2899 = VECTOR('',#2900,1.);
#2900 = DIRECTION('',(-1.,0.,0.));
#2901 = ORIENTED_EDGE('',*,*,#2902,.T.);
#2902 = EDGE_CURVE('',#2895,#2903,#2905,.T.);
#2903 = VERTEX_POINT('',#2904);
#2904 = CARTESIAN_POINT('',(7.3,-0.32,0.6));
#2905 = LINE('',#2906,#2907);
#2906 = CARTESIAN_POINT('',(7.3,0.,0.6));
#2907 = VECTOR('',#2908,1.);
#2908 = DIRECTION('',(0.,-1.,0.));
#2909 = ORIENTED_EDGE('',*,*,#2910,.T.);
#2910 = EDGE_CURVE('',#2903,#2911,#2913,.T.);
#2911 = VERTEX_POINT('',#2912);
#2912 = CARTESIAN_POINT('',(7.94,-0.32,0.6));
#2913 = LINE('',#2914,#2915);
#2914 = CARTESIAN_POINT('',(7.46,-0.32,0.6));
#2915 = VECTOR('',#2916,1.);
#2916 = DIRECTION('',(1.,0.,0.));
#2917 = ORIENTED_EDGE('',*,*,#2918,.F.);
#2918 = EDGE_CURVE('',#2893,#2911,#2919,.T.);
#2919 = LINE('',#2920,#2921);
#2920 = CARTESIAN_POINT('',(7.94,0.,0.6));
#2921 = VECTOR('',#2922,1.);
#2922 = DIRECTION('',(0.,-1.,0.));
#2923 = PLANE('',#2924);
#2924 = AXIS2_PLACEMENT_3D('',#2925,#2926,#2927);
#2925 = CARTESIAN_POINT('',(7.62,0.,0.6));
#2926 = DIRECTION('',(-0.,-0.,-1.));
#2927 = DIRECTION('',(-1.,0.,0.));
#2928 = ADVANCED_FACE('',(#2929),#2940,.F.);
#2929 = FACE_BOUND('',#2930,.F.);
#2930 = EDGE_LOOP('',(#2931,#2932,#2933,#2934));
#2931 = ORIENTED_EDGE('',*,*,#990,.T.);
#2932 = ORIENTED_EDGE('',*,*,#2884,.T.);
#2933 = ORIENTED_EDGE('',*,*,#654,.F.);
#2934 = ORIENTED_EDGE('',*,*,#2935,.F.);
#2935 = EDGE_CURVE('',#983,#647,#2936,.T.);
#2936 = LINE('',#2937,#2938);
#2937 = CARTESIAN_POINT('',(6.87,-2.9,0.));
#2938 = VECTOR('',#2939,1.);
#2939 = DIRECTION('',(0.,1.,0.));
#2940 = PLANE('',#2941);
#2941 = AXIS2_PLACEMENT_3D('',#2942,#2943,#2944);
#2942 = CARTESIAN_POINT('',(6.87,-2.9,0.));
#2943 = DIRECTION('',(-1.,0.,0.));
#2944 = DIRECTION('',(0.,1.,0.));
#2945 = ADVANCED_FACE('',(#2946,#2957),#2991,.F.);
#2946 = FACE_BOUND('',#2947,.F.);
#2947 = EDGE_LOOP('',(#2948,#2954,#2955,#2956));
#2948 = ORIENTED_EDGE('',*,*,#2949,.T.);
#2949 = EDGE_CURVE('',#639,#975,#2950,.T.);
#2950 = LINE('',#2951,#2952);
#2951 = CARTESIAN_POINT('',(5.83,2.9,0.));
#2952 = VECTOR('',#2953,1.);
#2953 = DIRECTION('',(0.,-1.,0.));
#2954 = ORIENTED_EDGE('',*,*,#982,.T.);
#2955 = ORIENTED_EDGE('',*,*,#2935,.T.);
#2956 = ORIENTED_EDGE('',*,*,#646,.T.);
#2957 = FACE_BOUND('',#2958,.F.);
#2958 = EDGE_LOOP('',(#2959,#2969,#2977,#2985));
#2959 = ORIENTED_EDGE('',*,*,#2960,.F.);
#2960 = EDGE_CURVE('',#2961,#2963,#2965,.T.);
#2961 = VERTEX_POINT('',#2962);
#2962 = CARTESIAN_POINT('',(6.05,0.6,0.));
#2963 = VERTEX_POINT('',#2964);
#2964 = CARTESIAN_POINT('',(6.05,-0.6,0.));
#2965 = LINE('',#2966,#2967);
#2966 = CARTESIAN_POINT('',(6.05,0.3,0.));
#2967 = VECTOR('',#2968,1.);
#2968 = DIRECTION('',(0.,-1.,0.));
#2969 = ORIENTED_EDGE('',*,*,#2970,.F.);
#2970 = EDGE_CURVE('',#2971,#2961,#2973,.T.);
#2971 = VERTEX_POINT('',#2972);
#2972 = CARTESIAN_POINT('',(6.65,0.6,0.));
#2973 = LINE('',#2974,#2975);
#2974 = CARTESIAN_POINT('',(9.04,0.6,0.));
#2975 = VECTOR('',#2976,1.);
#2976 = DIRECTION('',(-1.,0.,0.));
#2977 = ORIENTED_EDGE('',*,*,#2978,.F.);
#2978 = EDGE_CURVE('',#2979,#2971,#2981,.T.);
#2979 = VERTEX_POINT('',#2980);
#2980 = CARTESIAN_POINT('',(6.65,-0.6,0.));
#2981 = LINE('',#2982,#2983);
#2982 = CARTESIAN_POINT('',(6.65,-0.3,0.));
#2983 = VECTOR('',#2984,1.);
#2984 = DIRECTION('',(0.,1.,0.));
#2985 = ORIENTED_EDGE('',*,*,#2986,.F.);
#2986 = EDGE_CURVE('',#2963,#2979,#2987,.T.);
#2987 = LINE('',#2988,#2989);
#2988 = CARTESIAN_POINT('',(8.74,-0.6,0.));
#2989 = VECTOR('',#2990,1.);
#2990 = DIRECTION('',(1.,0.,0.));
#2991 = PLANE('',#2992);
#2992 = AXIS2_PLACEMENT_3D('',#2993,#2994,#2995);
#2993 = CARTESIAN_POINT('',(11.43,0.,0.));
#2994 = DIRECTION('',(0.,0.,1.));
#2995 = DIRECTION('',(1.,0.,-0.));
#2996 = ADVANCED_FACE('',(#2997),#3008,.F.);
#2997 = FACE_BOUND('',#2998,.F.);
#2998 = EDGE_LOOP('',(#2999,#3000,#3006,#3007));
#2999 = ORIENTED_EDGE('',*,*,#638,.T.);
#3000 = ORIENTED_EDGE('',*,*,#3001,.T.);
#3001 = EDGE_CURVE('',#631,#967,#3002,.T.);
#3002 = LINE('',#3003,#3004);
#3003 = CARTESIAN_POINT('',(5.83,2.9,0.6));
#3004 = VECTOR('',#3005,1.);
#3005 = DIRECTION('',(0.,-1.,0.));
#3006 = ORIENTED_EDGE('',*,*,#974,.F.);
#3007 = ORIENTED_EDGE('',*,*,#2949,.F.);
#3008 = PLANE('',#3009);
#3009 = AXIS2_PLACEMENT_3D('',#3010,#3011,#3012);
#3010 = CARTESIAN_POINT('',(5.83,2.9,0.));
#3011 = DIRECTION('',(1.,0.,0.));
#3012 = DIRECTION('',(0.,-1.,0.));
#3013 = ADVANCED_FACE('',(#3014,#3025),#3059,.T.);
#3014 = FACE_BOUND('',#3015,.T.);
#3015 = EDGE_LOOP('',(#3016,#3017,#3018,#3019));
#3016 = ORIENTED_EDGE('',*,*,#630,.T.);
#3017 = ORIENTED_EDGE('',*,*,#3001,.T.);
#3018 = ORIENTED_EDGE('',*,*,#966,.T.);
#3019 = ORIENTED_EDGE('',*,*,#3020,.T.);
#3020 = EDGE_CURVE('',#959,#623,#3021,.T.);
#3021 = LINE('',#3022,#3023);
#3022 = CARTESIAN_POINT('',(4.33,-2.9,0.6));
#3023 = VECTOR('',#3024,1.);
#3024 = DIRECTION('',(0.,1.,0.));
#3025 = FACE_BOUND('',#3026,.T.);
#3026 = EDGE_LOOP('',(#3027,#3037,#3045,#3053));
#3027 = ORIENTED_EDGE('',*,*,#3028,.F.);
#3028 = EDGE_CURVE('',#3029,#3031,#3033,.T.);
#3029 = VERTEX_POINT('',#3030);
#3030 = CARTESIAN_POINT('',(5.4,0.32,0.6));
#3031 = VERTEX_POINT('',#3032);
#3032 = CARTESIAN_POINT('',(5.4,-0.32,0.6));
#3033 = LINE('',#3034,#3035);
#3034 = CARTESIAN_POINT('',(5.4,0.,0.6));
#3035 = VECTOR('',#3036,1.);
#3036 = DIRECTION('',(0.,-1.,0.));
#3037 = ORIENTED_EDGE('',*,*,#3038,.T.);
#3038 = EDGE_CURVE('',#3029,#3039,#3041,.T.);
#3039 = VERTEX_POINT('',#3040);
#3040 = CARTESIAN_POINT('',(4.76,0.32,0.6));
#3041 = LINE('',#3042,#3043);
#3042 = CARTESIAN_POINT('',(4.92,0.32,0.6));
#3043 = VECTOR('',#3044,1.);
#3044 = DIRECTION('',(-1.,0.,0.));
#3045 = ORIENTED_EDGE('',*,*,#3046,.T.);
#3046 = EDGE_CURVE('',#3039,#3047,#3049,.T.);
#3047 = VERTEX_POINT('',#3048);
#3048 = CARTESIAN_POINT('',(4.76,-0.32,0.6));
#3049 = LINE('',#3050,#3051);
#3050 = CARTESIAN_POINT('',(4.76,0.,0.6));
#3051 = VECTOR('',#3052,1.);
#3052 = DIRECTION('',(0.,-1.,0.));
#3053 = ORIENTED_EDGE('',*,*,#3054,.T.);
#3054 = EDGE_CURVE('',#3047,#3031,#3055,.T.);
#3055 = LINE('',#3056,#3057);
#3056 = CARTESIAN_POINT('',(4.92,-0.32,0.6));
#3057 = VECTOR('',#3058,1.);
#3058 = DIRECTION('',(1.,0.,0.));
#3059 = PLANE('',#3060);
#3060 = AXIS2_PLACEMENT_3D('',#3061,#3062,#3063);
#3061 = CARTESIAN_POINT('',(5.08,0.,0.6));
#3062 = DIRECTION('',(-0.,-0.,-1.));
#3063 = DIRECTION('',(-1.,0.,0.));
#3064 = ADVANCED_FACE('',(#3065),#3076,.F.);
#3065 = FACE_BOUND('',#3066,.F.);
#3066 = EDGE_LOOP('',(#3067,#3068,#3069,#3070));
#3067 = ORIENTED_EDGE('',*,*,#958,.T.);
#3068 = ORIENTED_EDGE('',*,*,#3020,.T.);
#3069 = ORIENTED_EDGE('',*,*,#622,.F.);
#3070 = ORIENTED_EDGE('',*,*,#3071,.F.);
#3071 = EDGE_CURVE('',#951,#615,#3072,.T.);
#3072 = LINE('',#3073,#3074);
#3073 = CARTESIAN_POINT('',(4.33,-2.9,0.));
#3074 = VECTOR('',#3075,1.);
#3075 = DIRECTION('',(0.,1.,0.));
#3076 = PLANE('',#3077);
#3077 = AXIS2_PLACEMENT_3D('',#3078,#3079,#3080);
#3078 = CARTESIAN_POINT('',(4.33,-2.9,0.));
#3079 = DIRECTION('',(-1.,0.,0.));
#3080 = DIRECTION('',(0.,1.,0.));
#3081 = ADVANCED_FACE('',(#3082,#3093),#3127,.F.);
#3082 = FACE_BOUND('',#3083,.F.);
#3083 = EDGE_LOOP('',(#3084,#3090,#3091,#3092));
#3084 = ORIENTED_EDGE('',*,*,#3085,.T.);
#3085 = EDGE_CURVE('',#607,#943,#3086,.T.);
#3086 = LINE('',#3087,#3088);
#3087 = CARTESIAN_POINT('',(3.29,2.9,0.));
#3088 = VECTOR('',#3089,1.);
#3089 = DIRECTION('',(0.,-1.,0.));
#3090 = ORIENTED_EDGE('',*,*,#950,.T.);
#3091 = ORIENTED_EDGE('',*,*,#3071,.T.);
#3092 = ORIENTED_EDGE('',*,*,#614,.T.);
#3093 = FACE_BOUND('',#3094,.F.);
#3094 = EDGE_LOOP('',(#3095,#3105,#3113,#3121));
#3095 = ORIENTED_EDGE('',*,*,#3096,.F.);
#3096 = EDGE_CURVE('',#3097,#3099,#3101,.T.);
#3097 = VERTEX_POINT('',#3098);
#3098 = CARTESIAN_POINT('',(4.11,0.6,0.));
#3099 = VERTEX_POINT('',#3100);
#3100 = CARTESIAN_POINT('',(3.51,0.6,0.));
#3101 = LINE('',#3102,#3103);
#3102 = CARTESIAN_POINT('',(7.77,0.6,0.));
#3103 = VECTOR('',#3104,1.);
#3104 = DIRECTION('',(-1.,0.,0.));
#3105 = ORIENTED_EDGE('',*,*,#3106,.F.);
#3106 = EDGE_CURVE('',#3107,#3097,#3109,.T.);
#3107 = VERTEX_POINT('',#3108);
#3108 = CARTESIAN_POINT('',(4.11,-0.6,0.));
#3109 = LINE('',#3110,#3111);
#3110 = CARTESIAN_POINT('',(4.11,-0.3,0.));
#3111 = VECTOR('',#3112,1.);
#3112 = DIRECTION('',(0.,1.,0.));
#3113 = ORIENTED_EDGE('',*,*,#3114,.F.);
#3114 = EDGE_CURVE('',#3115,#3107,#3117,.T.);
#3115 = VERTEX_POINT('',#3116);
#3116 = CARTESIAN_POINT('',(3.51,-0.6,0.));
#3117 = LINE('',#3118,#3119);
#3118 = CARTESIAN_POINT('',(7.47,-0.6,0.));
#3119 = VECTOR('',#3120,1.);
#3120 = DIRECTION('',(1.,0.,0.));
#3121 = ORIENTED_EDGE('',*,*,#3122,.F.);
#3122 = EDGE_CURVE('',#3099,#3115,#3123,.T.);
#3123 = LINE('',#3124,#3125);
#3124 = CARTESIAN_POINT('',(3.51,0.3,0.));
#3125 = VECTOR('',#3126,1.);
#3126 = DIRECTION('',(0.,-1.,0.));
#3127 = PLANE('',#3128);
#3128 = AXIS2_PLACEMENT_3D('',#3129,#3130,#3131);
#3129 = CARTESIAN_POINT('',(11.43,0.,0.));
#3130 = DIRECTION('',(0.,0.,1.));
#3131 = DIRECTION('',(1.,0.,-0.));
#3132 = ADVANCED_FACE('',(#3133),#3144,.F.);
#3133 = FACE_BOUND('',#3134,.F.);
#3134 = EDGE_LOOP('',(#3135,#3136,#3142,#3143));
#3135 = ORIENTED_EDGE('',*,*,#606,.T.);
#3136 = ORIENTED_EDGE('',*,*,#3137,.T.);
#3137 = EDGE_CURVE('',#599,#935,#3138,.T.);
#3138 = LINE('',#3139,#3140);
#3139 = CARTESIAN_POINT('',(3.29,2.9,0.6));
#3140 = VECTOR('',#3141,1.);
#3141 = DIRECTION('',(0.,-1.,0.));
#3142 = ORIENTED_EDGE('',*,*,#942,.F.);
#3143 = ORIENTED_EDGE('',*,*,#3085,.F.);
#3144 = PLANE('',#3145);
#3145 = AXIS2_PLACEMENT_3D('',#3146,#3147,#3148);
#3146 = CARTESIAN_POINT('',(3.29,2.9,0.));
#3147 = DIRECTION('',(1.,0.,0.));
#3148 = DIRECTION('',(0.,-1.,0.));
#3149 = ADVANCED_FACE('',(#3150,#3161),#3195,.T.);
#3150 = FACE_BOUND('',#3151,.T.);
#3151 = EDGE_LOOP('',(#3152,#3153,#3154,#3155));
#3152 = ORIENTED_EDGE('',*,*,#598,.T.);
#3153 = ORIENTED_EDGE('',*,*,#3137,.T.);
#3154 = ORIENTED_EDGE('',*,*,#934,.T.);
#3155 = ORIENTED_EDGE('',*,*,#3156,.T.);
#3156 = EDGE_CURVE('',#927,#591,#3157,.T.);
#3157 = LINE('',#3158,#3159);
#3158 = CARTESIAN_POINT('',(1.79,-2.9,0.6));
#3159 = VECTOR('',#3160,1.);
#3160 = DIRECTION('',(0.,1.,0.));
#3161 = FACE_BOUND('',#3162,.T.);
#3162 = EDGE_LOOP('',(#3163,#3173,#3181,#3189));
#3163 = ORIENTED_EDGE('',*,*,#3164,.F.);
#3164 = EDGE_CURVE('',#3165,#3167,#3169,.T.);
#3165 = VERTEX_POINT('',#3166);
#3166 = CARTESIAN_POINT('',(2.86,0.32,0.6));
#3167 = VERTEX_POINT('',#3168);
#3168 = CARTESIAN_POINT('',(2.86,-0.32,0.6));
#3169 = LINE('',#3170,#3171);
#3170 = CARTESIAN_POINT('',(2.86,0.,0.6));
#3171 = VECTOR('',#3172,1.);
#3172 = DIRECTION('',(0.,-1.,0.));
#3173 = ORIENTED_EDGE('',*,*,#3174,.T.);
#3174 = EDGE_CURVE('',#3165,#3175,#3177,.T.);
#3175 = VERTEX_POINT('',#3176);
#3176 = CARTESIAN_POINT('',(2.22,0.32,0.6));
#3177 = LINE('',#3178,#3179);
#3178 = CARTESIAN_POINT('',(2.38,0.32,0.6));
#3179 = VECTOR('',#3180,1.);
#3180 = DIRECTION('',(-1.,0.,0.));
#3181 = ORIENTED_EDGE('',*,*,#3182,.T.);
#3182 = EDGE_CURVE('',#3175,#3183,#3185,.T.);
#3183 = VERTEX_POINT('',#3184);
#3184 = CARTESIAN_POINT('',(2.22,-0.32,0.6));
#3185 = LINE('',#3186,#3187);
#3186 = CARTESIAN_POINT('',(2.22,0.,0.6));
#3187 = VECTOR('',#3188,1.);
#3188 = DIRECTION('',(0.,-1.,0.));
#3189 = ORIENTED_EDGE('',*,*,#3190,.T.);
#3190 = EDGE_CURVE('',#3183,#3167,#3191,.T.);
#3191 = LINE('',#3192,#3193);
#3192 = CARTESIAN_POINT('',(2.38,-0.32,0.6));
#3193 = VECTOR('',#3194,1.);
#3194 = DIRECTION('',(1.,0.,0.));
#3195 = PLANE('',#3196);
#3196 = AXIS2_PLACEMENT_3D('',#3197,#3198,#3199);
#3197 = CARTESIAN_POINT('',(2.54,0.,0.6));
#3198 = DIRECTION('',(-0.,-0.,-1.));
#3199 = DIRECTION('',(-1.,0.,0.));
#3200 = ADVANCED_FACE('',(#3201),#3212,.F.);
#3201 = FACE_BOUND('',#3202,.F.);
#3202 = EDGE_LOOP('',(#3203,#3204,#3205,#3206));
#3203 = ORIENTED_EDGE('',*,*,#926,.T.);
#3204 = ORIENTED_EDGE('',*,*,#3156,.T.);
#3205 = ORIENTED_EDGE('',*,*,#590,.F.);
#3206 = ORIENTED_EDGE('',*,*,#3207,.F.);
#3207 = EDGE_CURVE('',#919,#583,#3208,.T.);
#3208 = LINE('',#3209,#3210);
#3209 = CARTESIAN_POINT('',(1.79,-2.9,0.));
#3210 = VECTOR('',#3211,1.);
#3211 = DIRECTION('',(0.,1.,0.));
#3212 = PLANE('',#3213);
#3213 = AXIS2_PLACEMENT_3D('',#3214,#3215,#3216);
#3214 = CARTESIAN_POINT('',(1.79,-2.9,0.));
#3215 = DIRECTION('',(-1.,0.,0.));
#3216 = DIRECTION('',(0.,1.,0.));
#3217 = ADVANCED_FACE('',(#3218,#3229),#3263,.F.);
#3218 = FACE_BOUND('',#3219,.F.);
#3219 = EDGE_LOOP('',(#3220,#3226,#3227,#3228));
#3220 = ORIENTED_EDGE('',*,*,#3221,.T.);
#3221 = EDGE_CURVE('',#575,#911,#3222,.T.);
#3222 = LINE('',#3223,#3224);
#3223 = CARTESIAN_POINT('',(0.75,2.9,0.));
#3224 = VECTOR('',#3225,1.);
#3225 = DIRECTION('',(0.,-1.,0.));
#3226 = ORIENTED_EDGE('',*,*,#918,.T.);
#3227 = ORIENTED_EDGE('',*,*,#3207,.T.);
#3228 = ORIENTED_EDGE('',*,*,#582,.T.);
#3229 = FACE_BOUND('',#3230,.F.);
#3230 = EDGE_LOOP('',(#3231,#3241,#3249,#3257));
#3231 = ORIENTED_EDGE('',*,*,#3232,.F.);
#3232 = EDGE_CURVE('',#3233,#3235,#3237,.T.);
#3233 = VERTEX_POINT('',#3234);
#3234 = CARTESIAN_POINT('',(1.57,-0.6,0.));
#3235 = VERTEX_POINT('',#3236);
#3236 = CARTESIAN_POINT('',(1.57,0.6,0.));
#3237 = LINE('',#3238,#3239);
#3238 = CARTESIAN_POINT('',(1.57,-0.3,0.));
#3239 = VECTOR('',#3240,1.);
#3240 = DIRECTION('',(0.,1.,0.));
#3241 = ORIENTED_EDGE('',*,*,#3242,.F.);
#3242 = EDGE_CURVE('',#3243,#3233,#3245,.T.);
#3243 = VERTEX_POINT('',#3244);
#3244 = CARTESIAN_POINT('',(0.97,-0.6,0.));
#3245 = LINE('',#3246,#3247);
#3246 = CARTESIAN_POINT('',(6.2,-0.6,0.));
#3247 = VECTOR('',#3248,1.);
#3248 = DIRECTION('',(1.,0.,0.));
#3249 = ORIENTED_EDGE('',*,*,#3250,.F.);
#3250 = EDGE_CURVE('',#3251,#3243,#3253,.T.);
#3251 = VERTEX_POINT('',#3252);
#3252 = CARTESIAN_POINT('',(0.97,0.6,0.));
#3253 = LINE('',#3254,#3255);
#3254 = CARTESIAN_POINT('',(0.97,0.3,0.));
#3255 = VECTOR('',#3256,1.);
#3256 = DIRECTION('',(0.,-1.,0.));
#3257 = ORIENTED_EDGE('',*,*,#3258,.F.);
#3258 = EDGE_CURVE('',#3235,#3251,#3259,.T.);
#3259 = LINE('',#3260,#3261);
#3260 = CARTESIAN_POINT('',(6.5,0.6,0.));
#3261 = VECTOR('',#3262,1.);
#3262 = DIRECTION('',(-1.,0.,0.));
#3263 = PLANE('',#3264);
#3264 = AXIS2_PLACEMENT_3D('',#3265,#3266,#3267);
#3265 = CARTESIAN_POINT('',(11.43,0.,0.));
#3266 = DIRECTION('',(0.,0.,1.));
#3267 = DIRECTION('',(1.,0.,-0.));
#3268 = ADVANCED_FACE('',(#3269),#3280,.F.);
#3269 = FACE_BOUND('',#3270,.F.);
#3270 = EDGE_LOOP('',(#3271,#3272,#3278,#3279));
#3271 = ORIENTED_EDGE('',*,*,#574,.T.);
#3272 = ORIENTED_EDGE('',*,*,#3273,.T.);
#3273 = EDGE_CURVE('',#567,#903,#3274,.T.);
#3274 = LINE('',#3275,#3276);
#3275 = CARTESIAN_POINT('',(0.75,2.9,0.6));
#3276 = VECTOR('',#3277,1.);
#3277 = DIRECTION('',(0.,-1.,0.));
#3278 = ORIENTED_EDGE('',*,*,#910,.F.);
#3279 = ORIENTED_EDGE('',*,*,#3221,.F.);
#3280 = PLANE('',#3281);
#3281 = AXIS2_PLACEMENT_3D('',#3282,#3283,#3284);
#3282 = CARTESIAN_POINT('',(0.75,2.9,0.));
#3283 = DIRECTION('',(1.,0.,0.));
#3284 = DIRECTION('',(0.,-1.,0.));
#3285 = ADVANCED_FACE('',(#3286,#3292),#3326,.T.);
#3286 = FACE_BOUND('',#3287,.T.);
#3287 = EDGE_LOOP('',(#3288,#3289,#3290,#3291));
#3288 = ORIENTED_EDGE('',*,*,#566,.T.);
#3289 = ORIENTED_EDGE('',*,*,#3273,.T.);
#3290 = ORIENTED_EDGE('',*,*,#902,.T.);
#3291 = ORIENTED_EDGE('',*,*,#884,.T.);
#3292 = FACE_BOUND('',#3293,.T.);
#3293 = EDGE_LOOP('',(#3294,#3304,#3312,#3320));
#3294 = ORIENTED_EDGE('',*,*,#3295,.F.);
#3295 = EDGE_CURVE('',#3296,#3298,#3300,.T.);
#3296 = VERTEX_POINT('',#3297);
#3297 = CARTESIAN_POINT('',(0.32,0.32,0.6));
#3298 = VERTEX_POINT('',#3299);
#3299 = CARTESIAN_POINT('',(0.32,-0.32,0.6));
#3300 = LINE('',#3301,#3302);
#3301 = CARTESIAN_POINT('',(0.32,0.,0.6));
#3302 = VECTOR('',#3303,1.);
#3303 = DIRECTION('',(0.,-1.,0.));
#3304 = ORIENTED_EDGE('',*,*,#3305,.T.);
#3305 = EDGE_CURVE('',#3296,#3306,#3308,.T.);
#3306 = VERTEX_POINT('',#3307);
#3307 = CARTESIAN_POINT('',(-0.32,0.32,0.6));
#3308 = LINE('',#3309,#3310);
#3309 = CARTESIAN_POINT('',(-0.16,0.32,0.6));
#3310 = VECTOR('',#3311,1.);
#3311 = DIRECTION('',(-1.,0.,0.));
#3312 = ORIENTED_EDGE('',*,*,#3313,.T.);
#3313 = EDGE_CURVE('',#3306,#3314,#3316,.T.);
#3314 = VERTEX_POINT('',#3315);
#3315 = CARTESIAN_POINT('',(-0.32,-0.32,0.6));
#3316 = LINE('',#3317,#3318);
#3317 = CARTESIAN_POINT('',(-0.32,0.,0.6));
#3318 = VECTOR('',#3319,1.);
#3319 = DIRECTION('',(0.,-1.,0.));
#3320 = ORIENTED_EDGE('',*,*,#3321,.T.);
#3321 = EDGE_CURVE('',#3314,#3298,#3322,.T.);
#3322 = LINE('',#3323,#3324);
#3323 = CARTESIAN_POINT('',(-0.16,-0.32,0.6));
#3324 = VECTOR('',#3325,1.);
#3325 = DIRECTION('',(1.,0.,0.));
#3326 = PLANE('',#3327);
#3327 = AXIS2_PLACEMENT_3D('',#3328,#3329,#3330);
#3328 = CARTESIAN_POINT('',(0.,0.,0.6));
#3329 = DIRECTION('',(-0.,-0.,-1.));
#3330 = DIRECTION('',(-1.,0.,0.));
#3331 = ADVANCED_FACE('',(#3332),#3338,.F.);
#3332 = FACE_BOUND('',#3333,.F.);
#3333 = EDGE_LOOP('',(#3334,#3335,#3336,#3337));
#3334 = ORIENTED_EDGE('',*,*,#1214,.T.);
#3335 = ORIENTED_EDGE('',*,*,#1365,.T.);
#3336 = ORIENTED_EDGE('',*,*,#542,.F.);
#3337 = ORIENTED_EDGE('',*,*,#2033,.F.);
#3338 = PLANE('',#3339);
#3339 = AXIS2_PLACEMENT_3D('',#3340,#3341,#3342);
#3340 = CARTESIAN_POINT('',(24.13,-2.9,0.));
#3341 = DIRECTION('',(-1.,0.,0.));
#3342 = DIRECTION('',(0.,1.,0.));
#3343 = ADVANCED_FACE('',(#3344),#3403,.F.);
#3344 = FACE_BOUND('',#3345,.F.);
#3345 = EDGE_LOOP('',(#3346,#3347,#3355,#3363,#3371,#3379,#3387,#3395,
    #3402));
#3346 = ORIENTED_EDGE('',*,*,#1230,.T.);
#3347 = ORIENTED_EDGE('',*,*,#3348,.T.);
#3348 = EDGE_CURVE('',#1231,#3349,#3351,.T.);
#3349 = VERTEX_POINT('',#3350);
#3350 = CARTESIAN_POINT('',(22.86,-1.9,11.));
#3351 = LINE('',#3352,#3353);
#3352 = CARTESIAN_POINT('',(22.86,-2.9,11.));
#3353 = VECTOR('',#3354,1.);
#3354 = DIRECTION('',(0.,1.,0.));
#3355 = ORIENTED_EDGE('',*,*,#3356,.T.);
#3356 = EDGE_CURVE('',#3349,#3357,#3359,.T.);
#3357 = VERTEX_POINT('',#3358);
#3358 = CARTESIAN_POINT('',(22.86,-1.9,7.9));
#3359 = LINE('',#3360,#3361);
#3360 = CARTESIAN_POINT('',(22.86,-1.9,11.7));
#3361 = VECTOR('',#3362,1.);
#3362 = DIRECTION('',(0.,0.,-1.));
#3363 = ORIENTED_EDGE('',*,*,#3364,.T.);
#3364 = EDGE_CURVE('',#3357,#3365,#3367,.T.);
#3365 = VERTEX_POINT('',#3366);
#3366 = CARTESIAN_POINT('',(22.86,-1.4,7.));
#3367 = LINE('',#3368,#3369);
#3368 = CARTESIAN_POINT('',(22.86,-1.9,7.9));
#3369 = VECTOR('',#3370,1.);
#3370 = DIRECTION('',(0.,0.485642931179,-0.874157276121));
#3371 = ORIENTED_EDGE('',*,*,#3372,.T.);
#3372 = EDGE_CURVE('',#3365,#3373,#3375,.T.);
#3373 = VERTEX_POINT('',#3374);
#3374 = CARTESIAN_POINT('',(22.86,-1.4,6.));
#3375 = LINE('',#3376,#3377);
#3376 = CARTESIAN_POINT('',(22.86,-1.4,7.));
#3377 = VECTOR('',#3378,1.);
#3378 = DIRECTION('',(0.,0.,-1.));
#3379 = ORIENTED_EDGE('',*,*,#3380,.T.);
#3380 = EDGE_CURVE('',#3373,#3381,#3383,.T.);
#3381 = VERTEX_POINT('',#3382);
#3382 = CARTESIAN_POINT('',(22.86,-1.9,5.5));
#3383 = LINE('',#3384,#3385);
#3384 = CARTESIAN_POINT('',(22.86,-1.4,6.));
#3385 = VECTOR('',#3386,1.);
#3386 = DIRECTION('',(0.,-0.707106781187,-0.707106781187));
#3387 = ORIENTED_EDGE('',*,*,#3388,.T.);
#3388 = EDGE_CURVE('',#3381,#3389,#3391,.T.);
#3389 = VERTEX_POINT('',#3390);
#3390 = CARTESIAN_POINT('',(22.86,-1.9,3.8));
#3391 = LINE('',#3392,#3393);
#3392 = CARTESIAN_POINT('',(22.86,-1.9,5.5));
#3393 = VECTOR('',#3394,1.);
#3394 = DIRECTION('',(0.,0.,-1.));
#3395 = ORIENTED_EDGE('',*,*,#3396,.T.);
#3396 = EDGE_CURVE('',#3389,#1351,#3397,.T.);
#3397 = CIRCLE('',#3398,0.601382070665);
#3398 = AXIS2_PLACEMENT_3D('',#3399,#3400,#3401);
#3399 = CARTESIAN_POINT('',(22.86,-1.299299254479,3.771381662401));
#3400 = DIRECTION('',(1.,0.,0.));
#3401 = DIRECTION('',(0.,-0.998867067749,4.758761359E-02));
#3402 = ORIENTED_EDGE('',*,*,#1358,.T.);
#3403 = PLANE('',#3404);
#3404 = AXIS2_PLACEMENT_3D('',#3405,#3406,#3407);
#3405 = CARTESIAN_POINT('',(22.86,-2.303583274757,7.224177570025));
#3406 = DIRECTION('',(-1.,2.335076014403E-30,5.350557889254E-31));
#3407 = DIRECTION('',(-2.335076014403E-30,-1.,0.));
#3408 = ADVANCED_FACE('',(#3409),#3427,.F.);
#3409 = FACE_BOUND('',#3410,.F.);
#3410 = EDGE_LOOP('',(#3411,#3412,#3420,#3426));
#3411 = ORIENTED_EDGE('',*,*,#1238,.F.);
#3412 = ORIENTED_EDGE('',*,*,#3413,.T.);
#3413 = EDGE_CURVE('',#1239,#3414,#3416,.T.);
#3414 = VERTEX_POINT('',#3415);
#3415 = CARTESIAN_POINT('',(22.56,-1.9,11.7));
#3416 = LINE('',#3417,#3418);
#3417 = CARTESIAN_POINT('',(22.56,-2.9,11.7));
#3418 = VECTOR('',#3419,1.);
#3419 = DIRECTION('',(0.,1.,0.));
#3420 = ORIENTED_EDGE('',*,*,#3421,.T.);
#3421 = EDGE_CURVE('',#3414,#3349,#3422,.T.);
#3422 = LINE('',#3423,#3424);
#3423 = CARTESIAN_POINT('',(22.264137931034,-1.9,12.390344827586));
#3424 = VECTOR('',#3425,1.);
#3425 = DIRECTION('',(0.393919298579,0.,-0.919145030018));
#3426 = ORIENTED_EDGE('',*,*,#3348,.F.);
#3427 = PLANE('',#3428);
#3428 = AXIS2_PLACEMENT_3D('',#3429,#3430,#3431);
#3429 = CARTESIAN_POINT('',(22.71,-2.9,11.35));
#3430 = DIRECTION('',(-0.919145030018,0.,-0.393919298579));
#3431 = DIRECTION('',(0.,1.,0.));
#3432 = ADVANCED_FACE('',(#3433),#3451,.T.);
#3433 = FACE_BOUND('',#3434,.T.);
#3434 = EDGE_LOOP('',(#3435,#3436,#3437,#3445));
#3435 = ORIENTED_EDGE('',*,*,#1246,.T.);
#3436 = ORIENTED_EDGE('',*,*,#3413,.T.);
#3437 = ORIENTED_EDGE('',*,*,#3438,.F.);
#3438 = EDGE_CURVE('',#3439,#3414,#3441,.T.);
#3439 = VERTEX_POINT('',#3440);
#3440 = CARTESIAN_POINT('',(17.78,-1.9,11.7));
#3441 = LINE('',#3442,#3443);
#3442 = CARTESIAN_POINT('',(17.78,-1.9,11.7));
#3443 = VECTOR('',#3444,1.);
#3444 = DIRECTION('',(1.,0.,0.));
#3445 = ORIENTED_EDGE('',*,*,#3446,.F.);
#3446 = EDGE_CURVE('',#1247,#3439,#3447,.T.);
#3447 = LINE('',#3448,#3449);
#3448 = CARTESIAN_POINT('',(17.78,-2.9,11.7));
#3449 = VECTOR('',#3450,1.);
#3450 = DIRECTION('',(0.,1.,0.));
#3451 = PLANE('',#3452);
#3452 = AXIS2_PLACEMENT_3D('',#3453,#3454,#3455);
#3453 = CARTESIAN_POINT('',(17.78,-2.9,11.7));
#3454 = DIRECTION('',(0.,0.,1.));
#3455 = DIRECTION('',(0.,1.,0.));
#3456 = ADVANCED_FACE('',(#3457),#3509,.T.);
#3457 = FACE_BOUND('',#3458,.T.);
#3458 = EDGE_LOOP('',(#3459,#3460,#3461,#3469,#3477,#3485,#3493,#3501,
    #3508));
#3459 = ORIENTED_EDGE('',*,*,#1254,.T.);
#3460 = ORIENTED_EDGE('',*,*,#3446,.T.);
#3461 = ORIENTED_EDGE('',*,*,#3462,.T.);
#3462 = EDGE_CURVE('',#3439,#3463,#3465,.T.);
#3463 = VERTEX_POINT('',#3464);
#3464 = CARTESIAN_POINT('',(17.78,-1.9,7.9));
#3465 = LINE('',#3466,#3467);
#3466 = CARTESIAN_POINT('',(17.78,-1.9,11.7));
#3467 = VECTOR('',#3468,1.);
#3468 = DIRECTION('',(0.,0.,-1.));
#3469 = ORIENTED_EDGE('',*,*,#3470,.T.);
#3470 = EDGE_CURVE('',#3463,#3471,#3473,.T.);
#3471 = VERTEX_POINT('',#3472);
#3472 = CARTESIAN_POINT('',(17.78,-1.4,7.));
#3473 = LINE('',#3474,#3475);
#3474 = CARTESIAN_POINT('',(17.78,-1.9,7.9));
#3475 = VECTOR('',#3476,1.);
#3476 = DIRECTION('',(0.,0.485642931179,-0.874157276121));
#3477 = ORIENTED_EDGE('',*,*,#3478,.T.);
#3478 = EDGE_CURVE('',#3471,#3479,#3481,.T.);
#3479 = VERTEX_POINT('',#3480);
#3480 = CARTESIAN_POINT('',(17.78,-1.4,6.));
#3481 = LINE('',#3482,#3483);
#3482 = CARTESIAN_POINT('',(17.78,-1.4,7.));
#3483 = VECTOR('',#3484,1.);
#3484 = DIRECTION('',(0.,0.,-1.));
#3485 = ORIENTED_EDGE('',*,*,#3486,.T.);
#3486 = EDGE_CURVE('',#3479,#3487,#3489,.T.);
#3487 = VERTEX_POINT('',#3488);
#3488 = CARTESIAN_POINT('',(17.78,-1.9,5.5));
#3489 = LINE('',#3490,#3491);
#3490 = CARTESIAN_POINT('',(17.78,-1.4,6.));
#3491 = VECTOR('',#3492,1.);
#3492 = DIRECTION('',(0.,-0.707106781187,-0.707106781187));
#3493 = ORIENTED_EDGE('',*,*,#3494,.T.);
#3494 = EDGE_CURVE('',#3487,#3495,#3497,.T.);
#3495 = VERTEX_POINT('',#3496);
#3496 = CARTESIAN_POINT('',(17.78,-1.9,3.8));
#3497 = LINE('',#3498,#3499);
#3498 = CARTESIAN_POINT('',(17.78,-1.9,5.5));
#3499 = VECTOR('',#3500,1.);
#3500 = DIRECTION('',(0.,0.,-1.));
#3501 = ORIENTED_EDGE('',*,*,#3502,.T.);
#3502 = EDGE_CURVE('',#3495,#1343,#3503,.T.);
#3503 = CIRCLE('',#3504,0.601382070665);
#3504 = AXIS2_PLACEMENT_3D('',#3505,#3506,#3507);
#3505 = CARTESIAN_POINT('',(17.78,-1.299299254479,3.771381662401));
#3506 = DIRECTION('',(1.,0.,0.));
#3507 = DIRECTION('',(0.,-0.998867067749,4.758761359E-02));
#3508 = ORIENTED_EDGE('',*,*,#1342,.T.);
#3509 = PLANE('',#3510);
#3510 = AXIS2_PLACEMENT_3D('',#3511,#3512,#3513);
#3511 = CARTESIAN_POINT('',(17.78,-2.303583274757,7.224177570025));
#3512 = DIRECTION('',(-1.,2.335076014403E-30,5.350557889254E-31));
#3513 = DIRECTION('',(-2.335076014403E-30,-1.,0.));
#3514 = ADVANCED_FACE('',(#3515),#3574,.T.);
#3515 = FACE_BOUND('',#3516,.F.);
#3516 = EDGE_LOOP('',(#3517,#3518,#3526,#3534,#3542,#3550,#3558,#3566,
    #3573));
#3517 = ORIENTED_EDGE('',*,*,#1270,.T.);
#3518 = ORIENTED_EDGE('',*,*,#3519,.T.);
#3519 = EDGE_CURVE('',#1271,#3520,#3522,.T.);
#3520 = VERTEX_POINT('',#3521);
#3521 = CARTESIAN_POINT('',(5.08,-1.9,11.7));
#3522 = LINE('',#3523,#3524);
#3523 = CARTESIAN_POINT('',(5.08,-2.9,11.7));
#3524 = VECTOR('',#3525,1.);
#3525 = DIRECTION('',(0.,1.,0.));
#3526 = ORIENTED_EDGE('',*,*,#3527,.T.);
#3527 = EDGE_CURVE('',#3520,#3528,#3530,.T.);
#3528 = VERTEX_POINT('',#3529);
#3529 = CARTESIAN_POINT('',(5.08,-1.9,7.9));
#3530 = LINE('',#3531,#3532);
#3531 = CARTESIAN_POINT('',(5.08,-1.9,11.7));
#3532 = VECTOR('',#3533,1.);
#3533 = DIRECTION('',(-0.,-0.,-1.));
#3534 = ORIENTED_EDGE('',*,*,#3535,.T.);
#3535 = EDGE_CURVE('',#3528,#3536,#3538,.T.);
#3536 = VERTEX_POINT('',#3537);
#3537 = CARTESIAN_POINT('',(5.08,-1.4,7.));
#3538 = LINE('',#3539,#3540);
#3539 = CARTESIAN_POINT('',(5.08,-1.9,7.9));
#3540 = VECTOR('',#3541,1.);
#3541 = DIRECTION('',(0.,0.485642931179,-0.874157276121));
#3542 = ORIENTED_EDGE('',*,*,#3543,.T.);
#3543 = EDGE_CURVE('',#3536,#3544,#3546,.T.);
#3544 = VERTEX_POINT('',#3545);
#3545 = CARTESIAN_POINT('',(5.08,-1.4,6.));
#3546 = LINE('',#3547,#3548);
#3547 = CARTESIAN_POINT('',(5.08,-1.4,7.));
#3548 = VECTOR('',#3549,1.);
#3549 = DIRECTION('',(-0.,-0.,-1.));
#3550 = ORIENTED_EDGE('',*,*,#3551,.T.);
#3551 = EDGE_CURVE('',#3544,#3552,#3554,.T.);
#3552 = VERTEX_POINT('',#3553);
#3553 = CARTESIAN_POINT('',(5.08,-1.9,5.5));
#3554 = LINE('',#3555,#3556);
#3555 = CARTESIAN_POINT('',(5.08,-1.4,6.));
#3556 = VECTOR('',#3557,1.);
#3557 = DIRECTION('',(-0.,-0.707106781187,-0.707106781187));
#3558 = ORIENTED_EDGE('',*,*,#3559,.T.);
#3559 = EDGE_CURVE('',#3552,#3560,#3562,.T.);
#3560 = VERTEX_POINT('',#3561);
#3561 = CARTESIAN_POINT('',(5.08,-1.9,3.8));
#3562 = LINE('',#3563,#3564);
#3563 = CARTESIAN_POINT('',(5.08,-1.9,5.5));
#3564 = VECTOR('',#3565,1.);
#3565 = DIRECTION('',(-0.,-0.,-1.));
#3566 = ORIENTED_EDGE('',*,*,#3567,.T.);
#3567 = EDGE_CURVE('',#3560,#1328,#3568,.T.);
#3568 = CIRCLE('',#3569,0.601382070665);
#3569 = AXIS2_PLACEMENT_3D('',#3570,#3571,#3572);
#3570 = CARTESIAN_POINT('',(5.08,-1.299299254479,3.771381662401));
#3571 = DIRECTION('',(1.,0.,0.));
#3572 = DIRECTION('',(0.,-0.998867067749,4.758761359E-02));
#3573 = ORIENTED_EDGE('',*,*,#1335,.T.);
#3574 = PLANE('',#3575);
#3575 = AXIS2_PLACEMENT_3D('',#3576,#3577,#3578);
#3576 = CARTESIAN_POINT('',(5.08,-2.303583274757,7.224177570025));
#3577 = DIRECTION('',(1.,2.335076014403E-30,5.350557889254E-31));
#3578 = DIRECTION('',(-2.335076014403E-30,1.,0.));
#3579 = ADVANCED_FACE('',(#3580),#3598,.T.);
#3580 = FACE_BOUND('',#3581,.F.);
#3581 = EDGE_LOOP('',(#3582,#3583,#3591,#3597));
#3582 = ORIENTED_EDGE('',*,*,#1278,.T.);
#3583 = ORIENTED_EDGE('',*,*,#3584,.T.);
#3584 = EDGE_CURVE('',#1279,#3585,#3587,.T.);
#3585 = VERTEX_POINT('',#3586);
#3586 = CARTESIAN_POINT('',(0.3,-1.9,11.7));
#3587 = LINE('',#3588,#3589);
#3588 = CARTESIAN_POINT('',(0.3,-2.9,11.7));
#3589 = VECTOR('',#3590,1.);
#3590 = DIRECTION('',(0.,1.,0.));
#3591 = ORIENTED_EDGE('',*,*,#3592,.F.);
#3592 = EDGE_CURVE('',#3520,#3585,#3593,.T.);
#3593 = LINE('',#3594,#3595);
#3594 = CARTESIAN_POINT('',(5.08,-1.9,11.7));
#3595 = VECTOR('',#3596,1.);
#3596 = DIRECTION('',(-1.,-0.,-0.));
#3597 = ORIENTED_EDGE('',*,*,#3519,.F.);
#3598 = PLANE('',#3599);
#3599 = AXIS2_PLACEMENT_3D('',#3600,#3601,#3602);
#3600 = CARTESIAN_POINT('',(5.08,-2.9,11.7));
#3601 = DIRECTION('',(0.,0.,1.));
#3602 = DIRECTION('',(0.,-1.,0.));
#3603 = ADVANCED_FACE('',(#3604),#3622,.F.);
#3604 = FACE_BOUND('',#3605,.T.);
#3605 = EDGE_LOOP('',(#3606,#3607,#3608,#3616));
#3606 = ORIENTED_EDGE('',*,*,#1286,.F.);
#3607 = ORIENTED_EDGE('',*,*,#3584,.T.);
#3608 = ORIENTED_EDGE('',*,*,#3609,.T.);
#3609 = EDGE_CURVE('',#3585,#3610,#3612,.T.);
#3610 = VERTEX_POINT('',#3611);
#3611 = CARTESIAN_POINT('',(1.7763568394E-15,-1.9,11.));
#3612 = LINE('',#3613,#3614);
#3613 = CARTESIAN_POINT('',(0.595862068966,-1.9,12.390344827586));
#3614 = VECTOR('',#3615,1.);
#3615 = DIRECTION('',(-0.393919298579,-0.,-0.919145030018));
#3616 = ORIENTED_EDGE('',*,*,#3617,.F.);
#3617 = EDGE_CURVE('',#1287,#3610,#3618,.T.);
#3618 = LINE('',#3619,#3620);
#3619 = CARTESIAN_POINT('',(1.7763568394E-15,-2.9,11.));
#3620 = VECTOR('',#3621,1.);
#3621 = DIRECTION('',(0.,1.,0.));
#3622 = PLANE('',#3623);
#3623 = AXIS2_PLACEMENT_3D('',#3624,#3625,#3626);
#3624 = CARTESIAN_POINT('',(0.15,-2.9,11.35));
#3625 = DIRECTION('',(0.919145030018,0.,-0.393919298579));
#3626 = DIRECTION('',(0.,-1.,0.));
#3627 = ADVANCED_FACE('',(#3628),#3680,.F.);
#3628 = FACE_BOUND('',#3629,.T.);
#3629 = EDGE_LOOP('',(#3630,#3631,#3632,#3640,#3648,#3656,#3664,#3672,
    #3679));
#3630 = ORIENTED_EDGE('',*,*,#1294,.T.);
#3631 = ORIENTED_EDGE('',*,*,#3617,.T.);
#3632 = ORIENTED_EDGE('',*,*,#3633,.T.);
#3633 = EDGE_CURVE('',#3610,#3634,#3636,.T.);
#3634 = VERTEX_POINT('',#3635);
#3635 = CARTESIAN_POINT('',(0.,-1.9,7.9));
#3636 = LINE('',#3637,#3638);
#3637 = CARTESIAN_POINT('',(0.,-1.9,11.7));
#3638 = VECTOR('',#3639,1.);
#3639 = DIRECTION('',(-0.,-0.,-1.));
#3640 = ORIENTED_EDGE('',*,*,#3641,.T.);
#3641 = EDGE_CURVE('',#3634,#3642,#3644,.T.);
#3642 = VERTEX_POINT('',#3643);
#3643 = CARTESIAN_POINT('',(0.,-1.4,7.));
#3644 = LINE('',#3645,#3646);
#3645 = CARTESIAN_POINT('',(0.,-1.9,7.9));
#3646 = VECTOR('',#3647,1.);
#3647 = DIRECTION('',(0.,0.485642931179,-0.874157276121));
#3648 = ORIENTED_EDGE('',*,*,#3649,.T.);
#3649 = EDGE_CURVE('',#3642,#3650,#3652,.T.);
#3650 = VERTEX_POINT('',#3651);
#3651 = CARTESIAN_POINT('',(0.,-1.4,6.));
#3652 = LINE('',#3653,#3654);
#3653 = CARTESIAN_POINT('',(0.,-1.4,7.));
#3654 = VECTOR('',#3655,1.);
#3655 = DIRECTION('',(-0.,-0.,-1.));
#3656 = ORIENTED_EDGE('',*,*,#3657,.T.);
#3657 = EDGE_CURVE('',#3650,#3658,#3660,.T.);
#3658 = VERTEX_POINT('',#3659);
#3659 = CARTESIAN_POINT('',(0.,-1.9,5.5));
#3660 = LINE('',#3661,#3662);
#3661 = CARTESIAN_POINT('',(0.,-1.4,6.));
#3662 = VECTOR('',#3663,1.);
#3663 = DIRECTION('',(-0.,-0.707106781187,-0.707106781187));
#3664 = ORIENTED_EDGE('',*,*,#3665,.T.);
#3665 = EDGE_CURVE('',#3658,#3666,#3668,.T.);
#3666 = VERTEX_POINT('',#3667);
#3667 = CARTESIAN_POINT('',(0.,-1.9,3.8));
#3668 = LINE('',#3669,#3670);
#3669 = CARTESIAN_POINT('',(0.,-1.9,5.5));
#3670 = VECTOR('',#3671,1.);
#3671 = DIRECTION('',(-0.,-0.,-1.));
#3672 = ORIENTED_EDGE('',*,*,#3673,.T.);
#3673 = EDGE_CURVE('',#3666,#1320,#3674,.T.);
#3674 = CIRCLE('',#3675,0.601382070665);
#3675 = AXIS2_PLACEMENT_3D('',#3676,#3677,#3678);
#3676 = CARTESIAN_POINT('',(0.,-1.299299254479,3.771381662401));
#3677 = DIRECTION('',(1.,0.,0.));
#3678 = DIRECTION('',(0.,-0.998867067749,4.758761359E-02));
#3679 = ORIENTED_EDGE('',*,*,#1319,.T.);
#3680 = PLANE('',#3681);
#3681 = AXIS2_PLACEMENT_3D('',#3682,#3683,#3684);
#3682 = CARTESIAN_POINT('',(0.,-2.303583274757,7.224177570025));
#3683 = DIRECTION('',(1.,2.335076014403E-30,5.350557889254E-31));
#3684 = DIRECTION('',(-2.335076014403E-30,1.,0.));
#3685 = ADVANCED_FACE('',(#3686),#3697,.F.);
#3686 = FACE_BOUND('',#3687,.F.);
#3687 = EDGE_LOOP('',(#3688,#3694,#3695,#3696));
#3688 = ORIENTED_EDGE('',*,*,#3689,.T.);
#3689 = EDGE_CURVE('',#3560,#3666,#3690,.T.);
#3690 = LINE('',#3691,#3692);
#3691 = CARTESIAN_POINT('',(5.08,-1.9,3.8));
#3692 = VECTOR('',#3693,1.);
#3693 = DIRECTION('',(-1.,-0.,-0.));
#3694 = ORIENTED_EDGE('',*,*,#3673,.T.);
#3695 = ORIENTED_EDGE('',*,*,#1327,.F.);
#3696 = ORIENTED_EDGE('',*,*,#3567,.F.);
#3697 = CYLINDRICAL_SURFACE('',#3698,0.601382070665);
#3698 = AXIS2_PLACEMENT_3D('',#3699,#3700,#3701);
#3699 = CARTESIAN_POINT('',(5.08,-1.299299254479,3.771381662401));
#3700 = DIRECTION('',(1.,0.,0.));
#3701 = DIRECTION('',(0.,-0.998867067749,4.758761359E-02));
#3702 = ADVANCED_FACE('',(#3703),#3714,.F.);
#3703 = FACE_BOUND('',#3704,.F.);
#3704 = EDGE_LOOP('',(#3705,#3706,#3707,#3708));
#3705 = ORIENTED_EDGE('',*,*,#3502,.T.);
#3706 = ORIENTED_EDGE('',*,*,#1350,.T.);
#3707 = ORIENTED_EDGE('',*,*,#3396,.F.);
#3708 = ORIENTED_EDGE('',*,*,#3709,.F.);
#3709 = EDGE_CURVE('',#3495,#3389,#3710,.T.);
#3710 = LINE('',#3711,#3712);
#3711 = CARTESIAN_POINT('',(17.78,-1.9,3.8));
#3712 = VECTOR('',#3713,1.);
#3713 = DIRECTION('',(1.,0.,0.));
#3714 = CYLINDRICAL_SURFACE('',#3715,0.601382070665);
#3715 = AXIS2_PLACEMENT_3D('',#3716,#3717,#3718);
#3716 = CARTESIAN_POINT('',(17.78,-1.299299254479,3.771381662401));
#3717 = DIRECTION('',(-1.,-0.,-0.));
#3718 = DIRECTION('',(0.,-0.998867067749,4.758761359E-02));
#3719 = ADVANCED_FACE('',(#3720),#3736,.F.);
#3720 = FACE_BOUND('',#3721,.F.);
#3721 = EDGE_LOOP('',(#3722,#3723,#3729,#3730));
#3722 = ORIENTED_EDGE('',*,*,#1374,.F.);
#3723 = ORIENTED_EDGE('',*,*,#3724,.T.);
#3724 = EDGE_CURVE('',#1375,#2689,#3725,.T.);
#3725 = LINE('',#3726,#3727);
#3726 = CARTESIAN_POINT('',(11.13,0.6,3.17));
#3727 = VECTOR('',#3728,1.);
#3728 = DIRECTION('',(-0.,-0.,-1.));
#3729 = ORIENTED_EDGE('',*,*,#2688,.T.);
#3730 = ORIENTED_EDGE('',*,*,#3731,.F.);
#3731 = EDGE_CURVE('',#1377,#2691,#3732,.T.);
#3732 = LINE('',#3733,#3734);
#3733 = CARTESIAN_POINT('',(11.13,-0.6,3.17));
#3734 = VECTOR('',#3735,1.);
#3735 = DIRECTION('',(-0.,-0.,-1.));
#3736 = PLANE('',#3737);
#3737 = AXIS2_PLACEMENT_3D('',#3738,#3739,#3740);
#3738 = CARTESIAN_POINT('',(11.13,0.6,3.17));
#3739 = DIRECTION('',(-1.,0.,0.));
#3740 = DIRECTION('',(0.,-1.,0.));
#3741 = ADVANCED_FACE('',(#3742),#3753,.F.);
#3742 = FACE_BOUND('',#3743,.F.);
#3743 = EDGE_LOOP('',(#3744,#3745,#3751,#3752));
#3744 = ORIENTED_EDGE('',*,*,#1384,.F.);
#3745 = ORIENTED_EDGE('',*,*,#3746,.T.);
#3746 = EDGE_CURVE('',#1385,#2699,#3747,.T.);
#3747 = LINE('',#3748,#3749);
#3748 = CARTESIAN_POINT('',(11.73,0.6,3.17));
#3749 = VECTOR('',#3750,1.);
#3750 = DIRECTION('',(-0.,-0.,-1.));
#3751 = ORIENTED_EDGE('',*,*,#2698,.T.);
#3752 = ORIENTED_EDGE('',*,*,#3724,.F.);
#3753 = PLANE('',#3754);
#3754 = AXIS2_PLACEMENT_3D('',#3755,#3756,#3757);
#3755 = CARTESIAN_POINT('',(11.73,0.6,3.17));
#3756 = DIRECTION('',(0.,1.,0.));
#3757 = DIRECTION('',(-1.,0.,0.));
#3758 = ADVANCED_FACE('',(#3759),#3770,.F.);
#3759 = FACE_BOUND('',#3760,.F.);
#3760 = EDGE_LOOP('',(#3761,#3762,#3763,#3764));
#3761 = ORIENTED_EDGE('',*,*,#1400,.F.);
#3762 = ORIENTED_EDGE('',*,*,#3731,.T.);
#3763 = ORIENTED_EDGE('',*,*,#2714,.T.);
#3764 = ORIENTED_EDGE('',*,*,#3765,.F.);
#3765 = EDGE_CURVE('',#1393,#2707,#3766,.T.);
#3766 = LINE('',#3767,#3768);
#3767 = CARTESIAN_POINT('',(11.73,-0.6,3.17));
#3768 = VECTOR('',#3769,1.);
#3769 = DIRECTION('',(-0.,-0.,-1.));
#3770 = PLANE('',#3771);
#3771 = AXIS2_PLACEMENT_3D('',#3772,#3773,#3774);
#3772 = CARTESIAN_POINT('',(11.13,-0.6,3.17));
#3773 = DIRECTION('',(0.,-1.,0.));
#3774 = DIRECTION('',(1.,0.,0.));
#3775 = ADVANCED_FACE('',(#3776),#3782,.F.);
#3776 = FACE_BOUND('',#3777,.F.);
#3777 = EDGE_LOOP('',(#3778,#3779,#3780,#3781));
#3778 = ORIENTED_EDGE('',*,*,#1392,.F.);
#3779 = ORIENTED_EDGE('',*,*,#3765,.T.);
#3780 = ORIENTED_EDGE('',*,*,#2706,.T.);
#3781 = ORIENTED_EDGE('',*,*,#3746,.F.);
#3782 = PLANE('',#3783);
#3783 = AXIS2_PLACEMENT_3D('',#3784,#3785,#3786);
#3784 = CARTESIAN_POINT('',(11.73,-0.6,3.17));
#3785 = DIRECTION('',(1.,0.,0.));
#3786 = DIRECTION('',(-0.,1.,0.));
#3787 = ADVANCED_FACE('',(#3788),#3813,.T.);
#3788 = FACE_BOUND('',#3789,.T.);
#3789 = EDGE_LOOP('',(#3790,#3791,#3799,#3807));
#3790 = ORIENTED_EDGE('',*,*,#1408,.T.);
#3791 = ORIENTED_EDGE('',*,*,#3792,.T.);
#3792 = EDGE_CURVE('',#1411,#3793,#3795,.T.);
#3793 = VERTEX_POINT('',#3794);
#3794 = CARTESIAN_POINT('',(10.48,0.32,10.41));
#3795 = LINE('',#3796,#3797);
#3796 = CARTESIAN_POINT('',(10.48,0.32,-3.56));
#3797 = VECTOR('',#3798,1.);
#3798 = DIRECTION('',(0.,0.,1.));
#3799 = ORIENTED_EDGE('',*,*,#3800,.T.);
#3800 = EDGE_CURVE('',#3793,#3801,#3803,.T.);
#3801 = VERTEX_POINT('',#3802);
#3802 = CARTESIAN_POINT('',(10.48,-0.32,10.41));
#3803 = LINE('',#3804,#3805);
#3804 = CARTESIAN_POINT('',(10.48,0.32,10.41));
#3805 = VECTOR('',#3806,1.);
#3806 = DIRECTION('',(0.,-1.,0.));
#3807 = ORIENTED_EDGE('',*,*,#3808,.T.);
#3808 = EDGE_CURVE('',#3801,#1409,#3809,.T.);
#3809 = LINE('',#3810,#3811);
#3810 = CARTESIAN_POINT('',(10.48,-0.32,10.66));
#3811 = VECTOR('',#3812,1.);
#3812 = DIRECTION('',(0.,0.,-1.));
#3813 = PLANE('',#3814);
#3814 = AXIS2_PLACEMENT_3D('',#3815,#3816,#3817);
#3815 = CARTESIAN_POINT('',(10.48,0.,3.55));
#3816 = DIRECTION('',(1.,0.,0.));
#3817 = DIRECTION('',(0.,0.,1.));
#3818 = ADVANCED_FACE('',(#3819),#3837,.F.);
#3819 = FACE_BOUND('',#3820,.F.);
#3820 = EDGE_LOOP('',(#3821,#3829,#3830,#3831));
#3821 = ORIENTED_EDGE('',*,*,#3822,.F.);
#3822 = EDGE_CURVE('',#1427,#3823,#3825,.T.);
#3823 = VERTEX_POINT('',#3824);
#3824 = CARTESIAN_POINT('',(9.84,0.32,10.41));
#3825 = LINE('',#3826,#3827);
#3826 = CARTESIAN_POINT('',(9.84,0.32,-3.56));
#3827 = VECTOR('',#3828,1.);
#3828 = DIRECTION('',(0.,0.,1.));
#3829 = ORIENTED_EDGE('',*,*,#1434,.T.);
#3830 = ORIENTED_EDGE('',*,*,#3792,.T.);
#3831 = ORIENTED_EDGE('',*,*,#3832,.F.);
#3832 = EDGE_CURVE('',#3823,#3793,#3833,.T.);
#3833 = LINE('',#3834,#3835);
#3834 = CARTESIAN_POINT('',(10.09,0.32,10.41));
#3835 = VECTOR('',#3836,1.);
#3836 = DIRECTION('',(1.,0.,0.));
#3837 = PLANE('',#3838);
#3838 = AXIS2_PLACEMENT_3D('',#3839,#3840,#3841);
#3839 = CARTESIAN_POINT('',(9.84,0.32,-3.56));
#3840 = DIRECTION('',(0.,-1.,0.));
#3841 = DIRECTION('',(0.,0.,1.));
#3842 = ADVANCED_FACE('',(#3843),#3861,.F.);
#3843 = FACE_BOUND('',#3844,.F.);
#3844 = EDGE_LOOP('',(#3845,#3846,#3847,#3855));
#3845 = ORIENTED_EDGE('',*,*,#1426,.T.);
#3846 = ORIENTED_EDGE('',*,*,#3822,.T.);
#3847 = ORIENTED_EDGE('',*,*,#3848,.T.);
#3848 = EDGE_CURVE('',#3823,#3849,#3851,.T.);
#3849 = VERTEX_POINT('',#3850);
#3850 = CARTESIAN_POINT('',(9.84,-0.32,10.41));
#3851 = LINE('',#3852,#3853);
#3852 = CARTESIAN_POINT('',(9.84,0.32,10.41));
#3853 = VECTOR('',#3854,1.);
#3854 = DIRECTION('',(0.,-1.,0.));
#3855 = ORIENTED_EDGE('',*,*,#3856,.T.);
#3856 = EDGE_CURVE('',#3849,#1419,#3857,.T.);
#3857 = LINE('',#3858,#3859);
#3858 = CARTESIAN_POINT('',(9.84,-0.32,10.66));
#3859 = VECTOR('',#3860,1.);
#3860 = DIRECTION('',(0.,0.,-1.));
#3861 = PLANE('',#3862);
#3862 = AXIS2_PLACEMENT_3D('',#3863,#3864,#3865);
#3863 = CARTESIAN_POINT('',(9.84,0.,3.55));
#3864 = DIRECTION('',(1.,0.,0.));
#3865 = DIRECTION('',(0.,0.,1.));
#3866 = ADVANCED_FACE('',(#3867),#3878,.F.);
#3867 = FACE_BOUND('',#3868,.F.);
#3868 = EDGE_LOOP('',(#3869,#3870,#3871,#3877));
#3869 = ORIENTED_EDGE('',*,*,#1418,.T.);
#3870 = ORIENTED_EDGE('',*,*,#3856,.F.);
#3871 = ORIENTED_EDGE('',*,*,#3872,.T.);
#3872 = EDGE_CURVE('',#3849,#3801,#3873,.T.);
#3873 = LINE('',#3874,#3875);
#3874 = CARTESIAN_POINT('',(10.09,-0.32,10.41));
#3875 = VECTOR('',#3876,1.);
#3876 = DIRECTION('',(1.,0.,0.));
#3877 = ORIENTED_EDGE('',*,*,#3808,.T.);
#3878 = PLANE('',#3879);
#3879 = AXIS2_PLACEMENT_3D('',#3880,#3881,#3882);
#3880 = CARTESIAN_POINT('',(9.84,-0.32,10.66));
#3881 = DIRECTION('',(0.,1.,0.));
#3882 = DIRECTION('',(0.,0.,-1.));
#3883 = ADVANCED_FACE('',(#3884),#3909,.F.);
#3884 = FACE_BOUND('',#3885,.F.);
#3885 = EDGE_LOOP('',(#3886,#3887,#3895,#3903));
#3886 = ORIENTED_EDGE('',*,*,#1442,.T.);
#3887 = ORIENTED_EDGE('',*,*,#3888,.F.);
#3888 = EDGE_CURVE('',#3889,#1445,#3891,.T.);
#3889 = VERTEX_POINT('',#3890);
#3890 = CARTESIAN_POINT('',(7.3,-0.32,10.41));
#3891 = LINE('',#3892,#3893);
#3892 = CARTESIAN_POINT('',(7.3,-0.32,10.66));
#3893 = VECTOR('',#3894,1.);
#3894 = DIRECTION('',(0.,0.,-1.));
#3895 = ORIENTED_EDGE('',*,*,#3896,.T.);
#3896 = EDGE_CURVE('',#3889,#3897,#3899,.T.);
#3897 = VERTEX_POINT('',#3898);
#3898 = CARTESIAN_POINT('',(7.94,-0.32,10.41));
#3899 = LINE('',#3900,#3901);
#3900 = CARTESIAN_POINT('',(7.55,-0.32,10.41));
#3901 = VECTOR('',#3902,1.);
#3902 = DIRECTION('',(1.,0.,0.));
#3903 = ORIENTED_EDGE('',*,*,#3904,.T.);
#3904 = EDGE_CURVE('',#3897,#1443,#3905,.T.);
#3905 = LINE('',#3906,#3907);
#3906 = CARTESIAN_POINT('',(7.94,-0.32,10.66));
#3907 = VECTOR('',#3908,1.);
#3908 = DIRECTION('',(0.,0.,-1.));
#3909 = PLANE('',#3910);
#3910 = AXIS2_PLACEMENT_3D('',#3911,#3912,#3913);
#3911 = CARTESIAN_POINT('',(7.3,-0.32,10.66));
#3912 = DIRECTION('',(0.,1.,0.));
#3913 = DIRECTION('',(0.,0.,-1.));
#3914 = ADVANCED_FACE('',(#3915),#3933,.T.);
#3915 = FACE_BOUND('',#3916,.T.);
#3916 = EDGE_LOOP('',(#3917,#3918,#3926,#3932));
#3917 = ORIENTED_EDGE('',*,*,#1468,.T.);
#3918 = ORIENTED_EDGE('',*,*,#3919,.T.);
#3919 = EDGE_CURVE('',#1461,#3920,#3922,.T.);
#3920 = VERTEX_POINT('',#3921);
#3921 = CARTESIAN_POINT('',(7.94,0.32,10.41));
#3922 = LINE('',#3923,#3924);
#3923 = CARTESIAN_POINT('',(7.94,0.32,-3.56));
#3924 = VECTOR('',#3925,1.);
#3925 = DIRECTION('',(0.,0.,1.));
#3926 = ORIENTED_EDGE('',*,*,#3927,.T.);
#3927 = EDGE_CURVE('',#3920,#3897,#3928,.T.);
#3928 = LINE('',#3929,#3930);
#3929 = CARTESIAN_POINT('',(7.94,0.32,10.41));
#3930 = VECTOR('',#3931,1.);
#3931 = DIRECTION('',(0.,-1.,0.));
#3932 = ORIENTED_EDGE('',*,*,#3904,.T.);
#3933 = PLANE('',#3934);
#3934 = AXIS2_PLACEMENT_3D('',#3935,#3936,#3937);
#3935 = CARTESIAN_POINT('',(7.94,0.,3.55));
#3936 = DIRECTION('',(1.,0.,0.));
#3937 = DIRECTION('',(0.,0.,1.));
#3938 = ADVANCED_FACE('',(#3939),#3957,.F.);
#3939 = FACE_BOUND('',#3940,.F.);
#3940 = EDGE_LOOP('',(#3941,#3949,#3950,#3951));
#3941 = ORIENTED_EDGE('',*,*,#3942,.F.);
#3942 = EDGE_CURVE('',#1453,#3943,#3945,.T.);
#3943 = VERTEX_POINT('',#3944);
#3944 = CARTESIAN_POINT('',(7.3,0.32,10.41));
#3945 = LINE('',#3946,#3947);
#3946 = CARTESIAN_POINT('',(7.3,0.32,-3.56));
#3947 = VECTOR('',#3948,1.);
#3948 = DIRECTION('',(0.,0.,1.));
#3949 = ORIENTED_EDGE('',*,*,#1460,.T.);
#3950 = ORIENTED_EDGE('',*,*,#3919,.T.);
#3951 = ORIENTED_EDGE('',*,*,#3952,.F.);
#3952 = EDGE_CURVE('',#3943,#3920,#3953,.T.);
#3953 = LINE('',#3954,#3955);
#3954 = CARTESIAN_POINT('',(7.55,0.32,10.41));
#3955 = VECTOR('',#3956,1.);
#3956 = DIRECTION('',(1.,0.,0.));
#3957 = PLANE('',#3958);
#3958 = AXIS2_PLACEMENT_3D('',#3959,#3960,#3961);
#3959 = CARTESIAN_POINT('',(7.3,0.32,-3.56));
#3960 = DIRECTION('',(0.,-1.,0.));
#3961 = DIRECTION('',(0.,0.,1.));
#3962 = ADVANCED_FACE('',(#3963),#3974,.F.);
#3963 = FACE_BOUND('',#3964,.F.);
#3964 = EDGE_LOOP('',(#3965,#3966,#3967,#3973));
#3965 = ORIENTED_EDGE('',*,*,#1452,.T.);
#3966 = ORIENTED_EDGE('',*,*,#3942,.T.);
#3967 = ORIENTED_EDGE('',*,*,#3968,.T.);
#3968 = EDGE_CURVE('',#3943,#3889,#3969,.T.);
#3969 = LINE('',#3970,#3971);
#3970 = CARTESIAN_POINT('',(7.3,0.32,10.41));
#3971 = VECTOR('',#3972,1.);
#3972 = DIRECTION('',(0.,-1.,0.));
#3973 = ORIENTED_EDGE('',*,*,#3888,.T.);
#3974 = PLANE('',#3975);
#3975 = AXIS2_PLACEMENT_3D('',#3976,#3977,#3978);
#3976 = CARTESIAN_POINT('',(7.3,0.,3.55));
#3977 = DIRECTION('',(1.,0.,0.));
#3978 = DIRECTION('',(0.,0.,1.));
#3979 = ADVANCED_FACE('',(#3980),#3996,.F.);
#3980 = FACE_BOUND('',#3981,.F.);
#3981 = EDGE_LOOP('',(#3982,#3983,#3989,#3990));
#3982 = ORIENTED_EDGE('',*,*,#1476,.F.);
#3983 = ORIENTED_EDGE('',*,*,#3984,.T.);
#3984 = EDGE_CURVE('',#1477,#2825,#3985,.T.);
#3985 = LINE('',#3986,#3987);
#3986 = CARTESIAN_POINT('',(9.19,-0.6,3.17));
#3987 = VECTOR('',#3988,1.);
#3988 = DIRECTION('',(-0.,-0.,-1.));
#3989 = ORIENTED_EDGE('',*,*,#2824,.T.);
#3990 = ORIENTED_EDGE('',*,*,#3991,.F.);
#3991 = EDGE_CURVE('',#1479,#2827,#3992,.T.);
#3992 = LINE('',#3993,#3994);
#3993 = CARTESIAN_POINT('',(9.19,0.6,3.17));
#3994 = VECTOR('',#3995,1.);
#3995 = DIRECTION('',(-0.,-0.,-1.));
#3996 = PLANE('',#3997);
#3997 = AXIS2_PLACEMENT_3D('',#3998,#3999,#4000);
#3998 = CARTESIAN_POINT('',(9.19,-0.6,3.17));
#3999 = DIRECTION('',(1.,0.,0.));
#4000 = DIRECTION('',(-0.,1.,0.));
#4001 = ADVANCED_FACE('',(#4002),#4013,.F.);
#4002 = FACE_BOUND('',#4003,.F.);
#4003 = EDGE_LOOP('',(#4004,#4005,#4011,#4012));
#4004 = ORIENTED_EDGE('',*,*,#1486,.F.);
#4005 = ORIENTED_EDGE('',*,*,#4006,.T.);
#4006 = EDGE_CURVE('',#1487,#2835,#4007,.T.);
#4007 = LINE('',#4008,#4009);
#4008 = CARTESIAN_POINT('',(8.59,-0.6,3.17));
#4009 = VECTOR('',#4010,1.);
#4010 = DIRECTION('',(-0.,-0.,-1.));
#4011 = ORIENTED_EDGE('',*,*,#2834,.T.);
#4012 = ORIENTED_EDGE('',*,*,#3984,.F.);
#4013 = PLANE('',#4014);
#4014 = AXIS2_PLACEMENT_3D('',#4015,#4016,#4017);
#4015 = CARTESIAN_POINT('',(8.59,-0.6,3.17));
#4016 = DIRECTION('',(0.,-1.,0.));
#4017 = DIRECTION('',(1.,0.,0.));
#4018 = ADVANCED_FACE('',(#4019),#4030,.F.);
#4019 = FACE_BOUND('',#4020,.F.);
#4020 = EDGE_LOOP('',(#4021,#4022,#4023,#4024));
#4021 = ORIENTED_EDGE('',*,*,#1502,.F.);
#4022 = ORIENTED_EDGE('',*,*,#3991,.T.);
#4023 = ORIENTED_EDGE('',*,*,#2850,.T.);
#4024 = ORIENTED_EDGE('',*,*,#4025,.F.);
#4025 = EDGE_CURVE('',#1495,#2843,#4026,.T.);
#4026 = LINE('',#4027,#4028);
#4027 = CARTESIAN_POINT('',(8.59,0.6,3.17));
#4028 = VECTOR('',#4029,1.);
#4029 = DIRECTION('',(-0.,-0.,-1.));
#4030 = PLANE('',#4031);
#4031 = AXIS2_PLACEMENT_3D('',#4032,#4033,#4034);
#4032 = CARTESIAN_POINT('',(9.19,0.6,3.17));
#4033 = DIRECTION('',(0.,1.,0.));
#4034 = DIRECTION('',(-1.,0.,0.));
#4035 = ADVANCED_FACE('',(#4036),#4042,.F.);
#4036 = FACE_BOUND('',#4037,.F.);
#4037 = EDGE_LOOP('',(#4038,#4039,#4040,#4041));
#4038 = ORIENTED_EDGE('',*,*,#1494,.F.);
#4039 = ORIENTED_EDGE('',*,*,#4025,.T.);
#4040 = ORIENTED_EDGE('',*,*,#2842,.T.);
#4041 = ORIENTED_EDGE('',*,*,#4006,.F.);
#4042 = PLANE('',#4043);
#4043 = AXIS2_PLACEMENT_3D('',#4044,#4045,#4046);
#4044 = CARTESIAN_POINT('',(8.59,0.6,3.17));
#4045 = DIRECTION('',(-1.,0.,0.));
#4046 = DIRECTION('',(0.,-1.,0.));
#4047 = ADVANCED_FACE('',(#4048),#4064,.F.);
#4048 = FACE_BOUND('',#4049,.F.);
#4049 = EDGE_LOOP('',(#4050,#4051,#4057,#4058));
#4050 = ORIENTED_EDGE('',*,*,#1510,.F.);
#4051 = ORIENTED_EDGE('',*,*,#4052,.T.);
#4052 = EDGE_CURVE('',#1511,#2961,#4053,.T.);
#4053 = LINE('',#4054,#4055);
#4054 = CARTESIAN_POINT('',(6.05,0.6,3.17));
#4055 = VECTOR('',#4056,1.);
#4056 = DIRECTION('',(-0.,-0.,-1.));
#4057 = ORIENTED_EDGE('',*,*,#2960,.T.);
#4058 = ORIENTED_EDGE('',*,*,#4059,.F.);
#4059 = EDGE_CURVE('',#1513,#2963,#4060,.T.);
#4060 = LINE('',#4061,#4062);
#4061 = CARTESIAN_POINT('',(6.05,-0.6,3.17));
#4062 = VECTOR('',#4063,1.);
#4063 = DIRECTION('',(-0.,-0.,-1.));
#4064 = PLANE('',#4065);
#4065 = AXIS2_PLACEMENT_3D('',#4066,#4067,#4068);
#4066 = CARTESIAN_POINT('',(6.05,0.6,3.17));
#4067 = DIRECTION('',(-1.,0.,0.));
#4068 = DIRECTION('',(0.,-1.,0.));
#4069 = ADVANCED_FACE('',(#4070),#4081,.F.);
#4070 = FACE_BOUND('',#4071,.F.);
#4071 = EDGE_LOOP('',(#4072,#4073,#4079,#4080));
#4072 = ORIENTED_EDGE('',*,*,#1520,.F.);
#4073 = ORIENTED_EDGE('',*,*,#4074,.T.);
#4074 = EDGE_CURVE('',#1521,#2971,#4075,.T.);
#4075 = LINE('',#4076,#4077);
#4076 = CARTESIAN_POINT('',(6.65,0.6,3.17));
#4077 = VECTOR('',#4078,1.);
#4078 = DIRECTION('',(-0.,-0.,-1.));
#4079 = ORIENTED_EDGE('',*,*,#2970,.T.);
#4080 = ORIENTED_EDGE('',*,*,#4052,.F.);
#4081 = PLANE('',#4082);
#4082 = AXIS2_PLACEMENT_3D('',#4083,#4084,#4085);
#4083 = CARTESIAN_POINT('',(6.65,0.6,3.17));
#4084 = DIRECTION('',(0.,1.,0.));
#4085 = DIRECTION('',(-1.,0.,0.));
#4086 = ADVANCED_FACE('',(#4087),#4098,.F.);
#4087 = FACE_BOUND('',#4088,.F.);
#4088 = EDGE_LOOP('',(#4089,#4090,#4091,#4092));
#4089 = ORIENTED_EDGE('',*,*,#1536,.F.);
#4090 = ORIENTED_EDGE('',*,*,#4059,.T.);
#4091 = ORIENTED_EDGE('',*,*,#2986,.T.);
#4092 = ORIENTED_EDGE('',*,*,#4093,.F.);
#4093 = EDGE_CURVE('',#1529,#2979,#4094,.T.);
#4094 = LINE('',#4095,#4096);
#4095 = CARTESIAN_POINT('',(6.65,-0.6,3.17));
#4096 = VECTOR('',#4097,1.);
#4097 = DIRECTION('',(-0.,-0.,-1.));
#4098 = PLANE('',#4099);
#4099 = AXIS2_PLACEMENT_3D('',#4100,#4101,#4102);
#4100 = CARTESIAN_POINT('',(6.05,-0.6,3.17));
#4101 = DIRECTION('',(0.,-1.,0.));
#4102 = DIRECTION('',(1.,0.,0.));
#4103 = ADVANCED_FACE('',(#4104),#4110,.F.);
#4104 = FACE_BOUND('',#4105,.F.);
#4105 = EDGE_LOOP('',(#4106,#4107,#4108,#4109));
#4106 = ORIENTED_EDGE('',*,*,#1528,.F.);
#4107 = ORIENTED_EDGE('',*,*,#4093,.T.);
#4108 = ORIENTED_EDGE('',*,*,#2978,.T.);
#4109 = ORIENTED_EDGE('',*,*,#4074,.F.);
#4110 = PLANE('',#4111);
#4111 = AXIS2_PLACEMENT_3D('',#4112,#4113,#4114);
#4112 = CARTESIAN_POINT('',(6.65,-0.6,3.17));
#4113 = DIRECTION('',(1.,0.,0.));
#4114 = DIRECTION('',(-0.,1.,0.));
#4115 = ADVANCED_FACE('',(#4116),#4141,.T.);
#4116 = FACE_BOUND('',#4117,.T.);
#4117 = EDGE_LOOP('',(#4118,#4119,#4127,#4135));
#4118 = ORIENTED_EDGE('',*,*,#1544,.T.);
#4119 = ORIENTED_EDGE('',*,*,#4120,.T.);
#4120 = EDGE_CURVE('',#1547,#4121,#4123,.T.);
#4121 = VERTEX_POINT('',#4122);
#4122 = CARTESIAN_POINT('',(0.32,0.32,10.41));
#4123 = LINE('',#4124,#4125);
#4124 = CARTESIAN_POINT('',(0.32,0.32,-3.56));
#4125 = VECTOR('',#4126,1.);
#4126 = DIRECTION('',(0.,0.,1.));
#4127 = ORIENTED_EDGE('',*,*,#4128,.T.);
#4128 = EDGE_CURVE('',#4121,#4129,#4131,.T.);
#4129 = VERTEX_POINT('',#4130);
#4130 = CARTESIAN_POINT('',(0.32,-0.32,10.41));
#4131 = LINE('',#4132,#4133);
#4132 = CARTESIAN_POINT('',(0.32,0.32,10.41));
#4133 = VECTOR('',#4134,1.);
#4134 = DIRECTION('',(0.,-1.,0.));
#4135 = ORIENTED_EDGE('',*,*,#4136,.T.);
#4136 = EDGE_CURVE('',#4129,#1545,#4137,.T.);
#4137 = LINE('',#4138,#4139);
#4138 = CARTESIAN_POINT('',(0.32,-0.32,10.66));
#4139 = VECTOR('',#4140,1.);
#4140 = DIRECTION('',(0.,0.,-1.));
#4141 = PLANE('',#4142);
#4142 = AXIS2_PLACEMENT_3D('',#4143,#4144,#4145);
#4143 = CARTESIAN_POINT('',(0.32,0.,3.55));
#4144 = DIRECTION('',(1.,0.,0.));
#4145 = DIRECTION('',(0.,0.,1.));
#4146 = ADVANCED_FACE('',(#4147),#4165,.F.);
#4147 = FACE_BOUND('',#4148,.F.);
#4148 = EDGE_LOOP('',(#4149,#4157,#4158,#4159));
#4149 = ORIENTED_EDGE('',*,*,#4150,.F.);
#4150 = EDGE_CURVE('',#1563,#4151,#4153,.T.);
#4151 = VERTEX_POINT('',#4152);
#4152 = CARTESIAN_POINT('',(-0.32,0.32,10.41));
#4153 = LINE('',#4154,#4155);
#4154 = CARTESIAN_POINT('',(-0.32,0.32,-3.56));
#4155 = VECTOR('',#4156,1.);
#4156 = DIRECTION('',(0.,0.,1.));
#4157 = ORIENTED_EDGE('',*,*,#1570,.T.);
#4158 = ORIENTED_EDGE('',*,*,#4120,.T.);
#4159 = ORIENTED_EDGE('',*,*,#4160,.F.);
#4160 = EDGE_CURVE('',#4151,#4121,#4161,.T.);
#4161 = LINE('',#4162,#4163);
#4162 = CARTESIAN_POINT('',(-7.E-02,0.32,10.41));
#4163 = VECTOR('',#4164,1.);
#4164 = DIRECTION('',(1.,0.,0.));
#4165 = PLANE('',#4166);
#4166 = AXIS2_PLACEMENT_3D('',#4167,#4168,#4169);
#4167 = CARTESIAN_POINT('',(-0.32,0.32,-3.56));
#4168 = DIRECTION('',(0.,-1.,0.));
#4169 = DIRECTION('',(0.,0.,1.));
#4170 = ADVANCED_FACE('',(#4171),#4189,.F.);
#4171 = FACE_BOUND('',#4172,.F.);
#4172 = EDGE_LOOP('',(#4173,#4174,#4175,#4183));
#4173 = ORIENTED_EDGE('',*,*,#1562,.T.);
#4174 = ORIENTED_EDGE('',*,*,#4150,.T.);
#4175 = ORIENTED_EDGE('',*,*,#4176,.T.);
#4176 = EDGE_CURVE('',#4151,#4177,#4179,.T.);
#4177 = VERTEX_POINT('',#4178);
#4178 = CARTESIAN_POINT('',(-0.32,-0.32,10.41));
#4179 = LINE('',#4180,#4181);
#4180 = CARTESIAN_POINT('',(-0.32,0.32,10.41));
#4181 = VECTOR('',#4182,1.);
#4182 = DIRECTION('',(0.,-1.,0.));
#4183 = ORIENTED_EDGE('',*,*,#4184,.T.);
#4184 = EDGE_CURVE('',#4177,#1555,#4185,.T.);
#4185 = LINE('',#4186,#4187);
#4186 = CARTESIAN_POINT('',(-0.32,-0.32,10.66));
#4187 = VECTOR('',#4188,1.);
#4188 = DIRECTION('',(0.,0.,-1.));
#4189 = PLANE('',#4190);
#4190 = AXIS2_PLACEMENT_3D('',#4191,#4192,#4193);
#4191 = CARTESIAN_POINT('',(-0.32,0.,3.55));
#4192 = DIRECTION('',(1.,0.,0.));
#4193 = DIRECTION('',(0.,0.,1.));
#4194 = ADVANCED_FACE('',(#4195),#4206,.F.);
#4195 = FACE_BOUND('',#4196,.F.);
#4196 = EDGE_LOOP('',(#4197,#4198,#4199,#4205));
#4197 = ORIENTED_EDGE('',*,*,#1554,.T.);
#4198 = ORIENTED_EDGE('',*,*,#4184,.F.);
#4199 = ORIENTED_EDGE('',*,*,#4200,.T.);
#4200 = EDGE_CURVE('',#4177,#4129,#4201,.T.);
#4201 = LINE('',#4202,#4203);
#4202 = CARTESIAN_POINT('',(-7.E-02,-0.32,10.41));
#4203 = VECTOR('',#4204,1.);
#4204 = DIRECTION('',(1.,0.,0.));
#4205 = ORIENTED_EDGE('',*,*,#4136,.T.);
#4206 = PLANE('',#4207);
#4207 = AXIS2_PLACEMENT_3D('',#4208,#4209,#4210);
#4208 = CARTESIAN_POINT('',(-0.32,-0.32,10.66));
#4209 = DIRECTION('',(0.,1.,0.));
#4210 = DIRECTION('',(0.,0.,-1.));
#4211 = ADVANCED_FACE('',(#4212),#4228,.F.);
#4212 = FACE_BOUND('',#4213,.F.);
#4213 = EDGE_LOOP('',(#4214,#4215,#4221,#4222));
#4214 = ORIENTED_EDGE('',*,*,#1578,.F.);
#4215 = ORIENTED_EDGE('',*,*,#4216,.T.);
#4216 = EDGE_CURVE('',#1579,#3233,#4217,.T.);
#4217 = LINE('',#4218,#4219);
#4218 = CARTESIAN_POINT('',(1.57,-0.6,3.17));
#4219 = VECTOR('',#4220,1.);
#4220 = DIRECTION('',(-0.,-0.,-1.));
#4221 = ORIENTED_EDGE('',*,*,#3232,.T.);
#4222 = ORIENTED_EDGE('',*,*,#4223,.F.);
#4223 = EDGE_CURVE('',#1581,#3235,#4224,.T.);
#4224 = LINE('',#4225,#4226);
#4225 = CARTESIAN_POINT('',(1.57,0.6,3.17));
#4226 = VECTOR('',#4227,1.);
#4227 = DIRECTION('',(-0.,-0.,-1.));
#4228 = PLANE('',#4229);
#4229 = AXIS2_PLACEMENT_3D('',#4230,#4231,#4232);
#4230 = CARTESIAN_POINT('',(1.57,-0.6,3.17));
#4231 = DIRECTION('',(1.,0.,0.));
#4232 = DIRECTION('',(-0.,1.,0.));
#4233 = ADVANCED_FACE('',(#4234),#4245,.F.);
#4234 = FACE_BOUND('',#4235,.F.);
#4235 = EDGE_LOOP('',(#4236,#4237,#4243,#4244));
#4236 = ORIENTED_EDGE('',*,*,#1588,.F.);
#4237 = ORIENTED_EDGE('',*,*,#4238,.T.);
#4238 = EDGE_CURVE('',#1589,#3243,#4239,.T.);
#4239 = LINE('',#4240,#4241);
#4240 = CARTESIAN_POINT('',(0.97,-0.6,3.17));
#4241 = VECTOR('',#4242,1.);
#4242 = DIRECTION('',(-0.,-0.,-1.));
#4243 = ORIENTED_EDGE('',*,*,#3242,.T.);
#4244 = ORIENTED_EDGE('',*,*,#4216,.F.);
#4245 = PLANE('',#4246);
#4246 = AXIS2_PLACEMENT_3D('',#4247,#4248,#4249);
#4247 = CARTESIAN_POINT('',(0.97,-0.6,3.17));
#4248 = DIRECTION('',(0.,-1.,0.));
#4249 = DIRECTION('',(1.,0.,0.));
#4250 = ADVANCED_FACE('',(#4251),#4262,.F.);
#4251 = FACE_BOUND('',#4252,.F.);
#4252 = EDGE_LOOP('',(#4253,#4254,#4255,#4256));
#4253 = ORIENTED_EDGE('',*,*,#1604,.F.);
#4254 = ORIENTED_EDGE('',*,*,#4223,.T.);
#4255 = ORIENTED_EDGE('',*,*,#3258,.T.);
#4256 = ORIENTED_EDGE('',*,*,#4257,.F.);
#4257 = EDGE_CURVE('',#1597,#3251,#4258,.T.);
#4258 = LINE('',#4259,#4260);
#4259 = CARTESIAN_POINT('',(0.97,0.6,3.17));
#4260 = VECTOR('',#4261,1.);
#4261 = DIRECTION('',(-0.,-0.,-1.));
#4262 = PLANE('',#4263);
#4263 = AXIS2_PLACEMENT_3D('',#4264,#4265,#4266);
#4264 = CARTESIAN_POINT('',(1.57,0.6,3.17));
#4265 = DIRECTION('',(0.,1.,0.));
#4266 = DIRECTION('',(-1.,0.,0.));
#4267 = ADVANCED_FACE('',(#4268),#4274,.F.);
#4268 = FACE_BOUND('',#4269,.F.);
#4269 = EDGE_LOOP('',(#4270,#4271,#4272,#4273));
#4270 = ORIENTED_EDGE('',*,*,#1596,.F.);
#4271 = ORIENTED_EDGE('',*,*,#4257,.T.);
#4272 = ORIENTED_EDGE('',*,*,#3250,.T.);
#4273 = ORIENTED_EDGE('',*,*,#4238,.F.);
#4274 = PLANE('',#4275);
#4275 = AXIS2_PLACEMENT_3D('',#4276,#4277,#4278);
#4276 = CARTESIAN_POINT('',(0.97,0.6,3.17));
#4277 = DIRECTION('',(-1.,0.,0.));
#4278 = DIRECTION('',(0.,-1.,0.));
#4279 = ADVANCED_FACE('',(#4280),#4296,.F.);
#4280 = FACE_BOUND('',#4281,.F.);
#4281 = EDGE_LOOP('',(#4282,#4283,#4289,#4290));
#4282 = ORIENTED_EDGE('',*,*,#1612,.F.);
#4283 = ORIENTED_EDGE('',*,*,#4284,.T.);
#4284 = EDGE_CURVE('',#1613,#3107,#4285,.T.);
#4285 = LINE('',#4286,#4287);
#4286 = CARTESIAN_POINT('',(4.11,-0.6,3.17));
#4287 = VECTOR('',#4288,1.);
#4288 = DIRECTION('',(-0.,-0.,-1.));
#4289 = ORIENTED_EDGE('',*,*,#3106,.T.);
#4290 = ORIENTED_EDGE('',*,*,#4291,.F.);
#4291 = EDGE_CURVE('',#1615,#3097,#4292,.T.);
#4292 = LINE('',#4293,#4294);
#4293 = CARTESIAN_POINT('',(4.11,0.6,3.17));
#4294 = VECTOR('',#4295,1.);
#4295 = DIRECTION('',(-0.,-0.,-1.));
#4296 = PLANE('',#4297);
#4297 = AXIS2_PLACEMENT_3D('',#4298,#4299,#4300);
#4298 = CARTESIAN_POINT('',(4.11,-0.6,3.17));
#4299 = DIRECTION('',(1.,0.,0.));
#4300 = DIRECTION('',(-0.,1.,0.));
#4301 = ADVANCED_FACE('',(#4302),#4313,.F.);
#4302 = FACE_BOUND('',#4303,.F.);
#4303 = EDGE_LOOP('',(#4304,#4305,#4311,#4312));
#4304 = ORIENTED_EDGE('',*,*,#1622,.F.);
#4305 = ORIENTED_EDGE('',*,*,#4306,.T.);
#4306 = EDGE_CURVE('',#1623,#3115,#4307,.T.);
#4307 = LINE('',#4308,#4309);
#4308 = CARTESIAN_POINT('',(3.51,-0.6,3.17));
#4309 = VECTOR('',#4310,1.);
#4310 = DIRECTION('',(-0.,-0.,-1.));
#4311 = ORIENTED_EDGE('',*,*,#3114,.T.);
#4312 = ORIENTED_EDGE('',*,*,#4284,.F.);
#4313 = PLANE('',#4314);
#4314 = AXIS2_PLACEMENT_3D('',#4315,#4316,#4317);
#4315 = CARTESIAN_POINT('',(3.51,-0.6,3.17));
#4316 = DIRECTION('',(0.,-1.,0.));
#4317 = DIRECTION('',(1.,0.,0.));
#4318 = ADVANCED_FACE('',(#4319),#4330,.F.);
#4319 = FACE_BOUND('',#4320,.F.);
#4320 = EDGE_LOOP('',(#4321,#4322,#4323,#4324));
#4321 = ORIENTED_EDGE('',*,*,#1638,.F.);
#4322 = ORIENTED_EDGE('',*,*,#4291,.T.);
#4323 = ORIENTED_EDGE('',*,*,#3096,.T.);
#4324 = ORIENTED_EDGE('',*,*,#4325,.F.);
#4325 = EDGE_CURVE('',#1631,#3099,#4326,.T.);
#4326 = LINE('',#4327,#4328);
#4327 = CARTESIAN_POINT('',(3.51,0.6,3.17));
#4328 = VECTOR('',#4329,1.);
#4329 = DIRECTION('',(-0.,-0.,-1.));
#4330 = PLANE('',#4331);
#4331 = AXIS2_PLACEMENT_3D('',#4332,#4333,#4334);
#4332 = CARTESIAN_POINT('',(4.11,0.6,3.17));
#4333 = DIRECTION('',(0.,1.,0.));
#4334 = DIRECTION('',(-1.,0.,0.));
#4335 = ADVANCED_FACE('',(#4336),#4342,.F.);
#4336 = FACE_BOUND('',#4337,.F.);
#4337 = EDGE_LOOP('',(#4338,#4339,#4340,#4341));
#4338 = ORIENTED_EDGE('',*,*,#1630,.F.);
#4339 = ORIENTED_EDGE('',*,*,#4325,.T.);
#4340 = ORIENTED_EDGE('',*,*,#3122,.T.);
#4341 = ORIENTED_EDGE('',*,*,#4306,.F.);
#4342 = PLANE('',#4343);
#4343 = AXIS2_PLACEMENT_3D('',#4344,#4345,#4346);
#4344 = CARTESIAN_POINT('',(3.51,0.6,3.17));
#4345 = DIRECTION('',(-1.,0.,0.));
#4346 = DIRECTION('',(0.,-1.,0.));
#4347 = ADVANCED_FACE('',(#4348),#4373,.T.);
#4348 = FACE_BOUND('',#4349,.T.);
#4349 = EDGE_LOOP('',(#4350,#4351,#4359,#4367));
#4350 = ORIENTED_EDGE('',*,*,#1646,.T.);
#4351 = ORIENTED_EDGE('',*,*,#4352,.T.);
#4352 = EDGE_CURVE('',#1649,#4353,#4355,.T.);
#4353 = VERTEX_POINT('',#4354);
#4354 = CARTESIAN_POINT('',(2.86,0.32,10.41));
#4355 = LINE('',#4356,#4357);
#4356 = CARTESIAN_POINT('',(2.86,0.32,-3.56));
#4357 = VECTOR('',#4358,1.);
#4358 = DIRECTION('',(0.,0.,1.));
#4359 = ORIENTED_EDGE('',*,*,#4360,.T.);
#4360 = EDGE_CURVE('',#4353,#4361,#4363,.T.);
#4361 = VERTEX_POINT('',#4362);
#4362 = CARTESIAN_POINT('',(2.86,-0.32,10.41));
#4363 = LINE('',#4364,#4365);
#4364 = CARTESIAN_POINT('',(2.86,0.32,10.41));
#4365 = VECTOR('',#4366,1.);
#4366 = DIRECTION('',(0.,-1.,0.));
#4367 = ORIENTED_EDGE('',*,*,#4368,.T.);
#4368 = EDGE_CURVE('',#4361,#1647,#4369,.T.);
#4369 = LINE('',#4370,#4371);
#4370 = CARTESIAN_POINT('',(2.86,-0.32,10.66));
#4371 = VECTOR('',#4372,1.);
#4372 = DIRECTION('',(0.,0.,-1.));
#4373 = PLANE('',#4374);
#4374 = AXIS2_PLACEMENT_3D('',#4375,#4376,#4377);
#4375 = CARTESIAN_POINT('',(2.86,0.,3.55));
#4376 = DIRECTION('',(1.,0.,0.));
#4377 = DIRECTION('',(0.,0.,1.));
#4378 = ADVANCED_FACE('',(#4379),#4397,.F.);
#4379 = FACE_BOUND('',#4380,.F.);
#4380 = EDGE_LOOP('',(#4381,#4389,#4390,#4391));
#4381 = ORIENTED_EDGE('',*,*,#4382,.F.);
#4382 = EDGE_CURVE('',#1665,#4383,#4385,.T.);
#4383 = VERTEX_POINT('',#4384);
#4384 = CARTESIAN_POINT('',(2.22,0.32,10.41));
#4385 = LINE('',#4386,#4387);
#4386 = CARTESIAN_POINT('',(2.22,0.32,-3.56));
#4387 = VECTOR('',#4388,1.);
#4388 = DIRECTION('',(0.,0.,1.));
#4389 = ORIENTED_EDGE('',*,*,#1672,.T.);
#4390 = ORIENTED_EDGE('',*,*,#4352,.T.);
#4391 = ORIENTED_EDGE('',*,*,#4392,.F.);
#4392 = EDGE_CURVE('',#4383,#4353,#4393,.T.);
#4393 = LINE('',#4394,#4395);
#4394 = CARTESIAN_POINT('',(2.47,0.32,10.41));
#4395 = VECTOR('',#4396,1.);
#4396 = DIRECTION('',(1.,0.,0.));
#4397 = PLANE('',#4398);
#4398 = AXIS2_PLACEMENT_3D('',#4399,#4400,#4401);
#4399 = CARTESIAN_POINT('',(2.22,0.32,-3.56));
#4400 = DIRECTION('',(0.,-1.,0.));
#4401 = DIRECTION('',(0.,0.,1.));
#4402 = ADVANCED_FACE('',(#4403),#4421,.F.);
#4403 = FACE_BOUND('',#4404,.F.);
#4404 = EDGE_LOOP('',(#4405,#4406,#4407,#4415));
#4405 = ORIENTED_EDGE('',*,*,#1664,.T.);
#4406 = ORIENTED_EDGE('',*,*,#4382,.T.);
#4407 = ORIENTED_EDGE('',*,*,#4408,.T.);
#4408 = EDGE_CURVE('',#4383,#4409,#4411,.T.);
#4409 = VERTEX_POINT('',#4410);
#4410 = CARTESIAN_POINT('',(2.22,-0.32,10.41));
#4411 = LINE('',#4412,#4413);
#4412 = CARTESIAN_POINT('',(2.22,0.32,10.41));
#4413 = VECTOR('',#4414,1.);
#4414 = DIRECTION('',(0.,-1.,0.));
#4415 = ORIENTED_EDGE('',*,*,#4416,.T.);
#4416 = EDGE_CURVE('',#4409,#1657,#4417,.T.);
#4417 = LINE('',#4418,#4419);
#4418 = CARTESIAN_POINT('',(2.22,-0.32,10.66));
#4419 = VECTOR('',#4420,1.);
#4420 = DIRECTION('',(0.,0.,-1.));
#4421 = PLANE('',#4422);
#4422 = AXIS2_PLACEMENT_3D('',#4423,#4424,#4425);
#4423 = CARTESIAN_POINT('',(2.22,0.,3.55));
#4424 = DIRECTION('',(1.,0.,0.));
#4425 = DIRECTION('',(0.,0.,1.));
#4426 = ADVANCED_FACE('',(#4427),#4438,.F.);
#4427 = FACE_BOUND('',#4428,.F.);
#4428 = EDGE_LOOP('',(#4429,#4430,#4431,#4437));
#4429 = ORIENTED_EDGE('',*,*,#1656,.T.);
#4430 = ORIENTED_EDGE('',*,*,#4416,.F.);
#4431 = ORIENTED_EDGE('',*,*,#4432,.T.);
#4432 = EDGE_CURVE('',#4409,#4361,#4433,.T.);
#4433 = LINE('',#4434,#4435);
#4434 = CARTESIAN_POINT('',(2.47,-0.32,10.41));
#4435 = VECTOR('',#4436,1.);
#4436 = DIRECTION('',(1.,0.,0.));
#4437 = ORIENTED_EDGE('',*,*,#4368,.T.);
#4438 = PLANE('',#4439);
#4439 = AXIS2_PLACEMENT_3D('',#4440,#4441,#4442);
#4440 = CARTESIAN_POINT('',(2.22,-0.32,10.66));
#4441 = DIRECTION('',(0.,1.,0.));
#4442 = DIRECTION('',(0.,0.,-1.));
#4443 = ADVANCED_FACE('',(#4444),#4469,.F.);
#4444 = FACE_BOUND('',#4445,.F.);
#4445 = EDGE_LOOP('',(#4446,#4447,#4455,#4463));
#4446 = ORIENTED_EDGE('',*,*,#1680,.T.);
#4447 = ORIENTED_EDGE('',*,*,#4448,.T.);
#4448 = EDGE_CURVE('',#1683,#4449,#4451,.T.);
#4449 = VERTEX_POINT('',#4450);
#4450 = CARTESIAN_POINT('',(4.76,0.32,10.41));
#4451 = LINE('',#4452,#4453);
#4452 = CARTESIAN_POINT('',(4.76,0.32,-3.56));
#4453 = VECTOR('',#4454,1.);
#4454 = DIRECTION('',(0.,0.,1.));
#4455 = ORIENTED_EDGE('',*,*,#4456,.T.);
#4456 = EDGE_CURVE('',#4449,#4457,#4459,.T.);
#4457 = VERTEX_POINT('',#4458);
#4458 = CARTESIAN_POINT('',(4.76,-0.32,10.41));
#4459 = LINE('',#4460,#4461);
#4460 = CARTESIAN_POINT('',(4.76,0.32,10.41));
#4461 = VECTOR('',#4462,1.);
#4462 = DIRECTION('',(0.,-1.,0.));
#4463 = ORIENTED_EDGE('',*,*,#4464,.T.);
#4464 = EDGE_CURVE('',#4457,#1681,#4465,.T.);
#4465 = LINE('',#4466,#4467);
#4466 = CARTESIAN_POINT('',(4.76,-0.32,10.66));
#4467 = VECTOR('',#4468,1.);
#4468 = DIRECTION('',(0.,0.,-1.));
#4469 = PLANE('',#4470);
#4470 = AXIS2_PLACEMENT_3D('',#4471,#4472,#4473);
#4471 = CARTESIAN_POINT('',(4.76,0.,3.55));
#4472 = DIRECTION('',(1.,0.,0.));
#4473 = DIRECTION('',(0.,0.,1.));
#4474 = ADVANCED_FACE('',(#4475),#4493,.F.);
#4475 = FACE_BOUND('',#4476,.F.);
#4476 = EDGE_LOOP('',(#4477,#4478,#4479,#4487));
#4477 = ORIENTED_EDGE('',*,*,#1706,.T.);
#4478 = ORIENTED_EDGE('',*,*,#4464,.F.);
#4479 = ORIENTED_EDGE('',*,*,#4480,.T.);
#4480 = EDGE_CURVE('',#4457,#4481,#4483,.T.);
#4481 = VERTEX_POINT('',#4482);
#4482 = CARTESIAN_POINT('',(5.4,-0.32,10.41));
#4483 = LINE('',#4484,#4485);
#4484 = CARTESIAN_POINT('',(5.01,-0.32,10.41));
#4485 = VECTOR('',#4486,1.);
#4486 = DIRECTION('',(1.,0.,0.));
#4487 = ORIENTED_EDGE('',*,*,#4488,.T.);
#4488 = EDGE_CURVE('',#4481,#1699,#4489,.T.);
#4489 = LINE('',#4490,#4491);
#4490 = CARTESIAN_POINT('',(5.4,-0.32,10.66));
#4491 = VECTOR('',#4492,1.);
#4492 = DIRECTION('',(0.,0.,-1.));
#4493 = PLANE('',#4494);
#4494 = AXIS2_PLACEMENT_3D('',#4495,#4496,#4497);
#4495 = CARTESIAN_POINT('',(4.76,-0.32,10.66));
#4496 = DIRECTION('',(0.,1.,0.));
#4497 = DIRECTION('',(0.,0.,-1.));
#4498 = ADVANCED_FACE('',(#4499),#4517,.T.);
#4499 = FACE_BOUND('',#4500,.T.);
#4500 = EDGE_LOOP('',(#4501,#4502,#4510,#4516));
#4501 = ORIENTED_EDGE('',*,*,#1698,.T.);
#4502 = ORIENTED_EDGE('',*,*,#4503,.T.);
#4503 = EDGE_CURVE('',#1691,#4504,#4506,.T.);
#4504 = VERTEX_POINT('',#4505);
#4505 = CARTESIAN_POINT('',(5.4,0.32,10.41));
#4506 = LINE('',#4507,#4508);
#4507 = CARTESIAN_POINT('',(5.4,0.32,-3.56));
#4508 = VECTOR('',#4509,1.);
#4509 = DIRECTION('',(0.,0.,1.));
#4510 = ORIENTED_EDGE('',*,*,#4511,.T.);
#4511 = EDGE_CURVE('',#4504,#4481,#4512,.T.);
#4512 = LINE('',#4513,#4514);
#4513 = CARTESIAN_POINT('',(5.4,0.32,10.41));
#4514 = VECTOR('',#4515,1.);
#4515 = DIRECTION('',(0.,-1.,0.));
#4516 = ORIENTED_EDGE('',*,*,#4488,.T.);
#4517 = PLANE('',#4518);
#4518 = AXIS2_PLACEMENT_3D('',#4519,#4520,#4521);
#4519 = CARTESIAN_POINT('',(5.4,0.,3.55));
#4520 = DIRECTION('',(1.,0.,0.));
#4521 = DIRECTION('',(0.,0.,1.));
#4522 = ADVANCED_FACE('',(#4523),#4534,.F.);
#4523 = FACE_BOUND('',#4524,.F.);
#4524 = EDGE_LOOP('',(#4525,#4526,#4527,#4528));
#4525 = ORIENTED_EDGE('',*,*,#4448,.F.);
#4526 = ORIENTED_EDGE('',*,*,#1690,.T.);
#4527 = ORIENTED_EDGE('',*,*,#4503,.T.);
#4528 = ORIENTED_EDGE('',*,*,#4529,.F.);
#4529 = EDGE_CURVE('',#4449,#4504,#4530,.T.);
#4530 = LINE('',#4531,#4532);
#4531 = CARTESIAN_POINT('',(5.01,0.32,10.41));
#4532 = VECTOR('',#4533,1.);
#4533 = DIRECTION('',(1.,0.,0.));
#4534 = PLANE('',#4535);
#4535 = AXIS2_PLACEMENT_3D('',#4536,#4537,#4538);
#4536 = CARTESIAN_POINT('',(4.76,0.32,-3.56));
#4537 = DIRECTION('',(0.,-1.,0.));
#4538 = DIRECTION('',(0.,0.,1.));
#4539 = ADVANCED_FACE('',(#4540),#4565,.F.);
#4540 = FACE_BOUND('',#4541,.F.);
#4541 = EDGE_LOOP('',(#4542,#4543,#4551,#4559));
#4542 = ORIENTED_EDGE('',*,*,#1714,.T.);
#4543 = ORIENTED_EDGE('',*,*,#4544,.T.);
#4544 = EDGE_CURVE('',#1717,#4545,#4547,.T.);
#4545 = VERTEX_POINT('',#4546);
#4546 = CARTESIAN_POINT('',(17.46,0.32,10.41));
#4547 = LINE('',#4548,#4549);
#4548 = CARTESIAN_POINT('',(17.46,0.32,-3.56));
#4549 = VECTOR('',#4550,1.);
#4550 = DIRECTION('',(0.,0.,1.));
#4551 = ORIENTED_EDGE('',*,*,#4552,.T.);
#4552 = EDGE_CURVE('',#4545,#4553,#4555,.T.);
#4553 = VERTEX_POINT('',#4554);
#4554 = CARTESIAN_POINT('',(17.46,-0.32,10.41));
#4555 = LINE('',#4556,#4557);
#4556 = CARTESIAN_POINT('',(17.46,0.32,10.41));
#4557 = VECTOR('',#4558,1.);
#4558 = DIRECTION('',(0.,-1.,0.));
#4559 = ORIENTED_EDGE('',*,*,#4560,.T.);
#4560 = EDGE_CURVE('',#4553,#1715,#4561,.T.);
#4561 = LINE('',#4562,#4563);
#4562 = CARTESIAN_POINT('',(17.46,-0.32,10.66));
#4563 = VECTOR('',#4564,1.);
#4564 = DIRECTION('',(0.,0.,-1.));
#4565 = PLANE('',#4566);
#4566 = AXIS2_PLACEMENT_3D('',#4567,#4568,#4569);
#4567 = CARTESIAN_POINT('',(17.46,0.,3.55));
#4568 = DIRECTION('',(1.,0.,0.));
#4569 = DIRECTION('',(0.,0.,1.));
#4570 = ADVANCED_FACE('',(#4571),#4589,.F.);
#4571 = FACE_BOUND('',#4572,.F.);
#4572 = EDGE_LOOP('',(#4573,#4574,#4575,#4583));
#4573 = ORIENTED_EDGE('',*,*,#1740,.T.);
#4574 = ORIENTED_EDGE('',*,*,#4560,.F.);
#4575 = ORIENTED_EDGE('',*,*,#4576,.T.);
#4576 = EDGE_CURVE('',#4553,#4577,#4579,.T.);
#4577 = VERTEX_POINT('',#4578);
#4578 = CARTESIAN_POINT('',(18.1,-0.32,10.41));
#4579 = LINE('',#4580,#4581);
#4580 = CARTESIAN_POINT('',(17.71,-0.32,10.41));
#4581 = VECTOR('',#4582,1.);
#4582 = DIRECTION('',(1.,0.,0.));
#4583 = ORIENTED_EDGE('',*,*,#4584,.T.);
#4584 = EDGE_CURVE('',#4577,#1733,#4585,.T.);
#4585 = LINE('',#4586,#4587);
#4586 = CARTESIAN_POINT('',(18.1,-0.32,10.66));
#4587 = VECTOR('',#4588,1.);
#4588 = DIRECTION('',(0.,0.,-1.));
#4589 = PLANE('',#4590);
#4590 = AXIS2_PLACEMENT_3D('',#4591,#4592,#4593);
#4591 = CARTESIAN_POINT('',(17.46,-0.32,10.66));
#4592 = DIRECTION('',(0.,1.,0.));
#4593 = DIRECTION('',(0.,0.,-1.));
#4594 = ADVANCED_FACE('',(#4595),#4613,.T.);
#4595 = FACE_BOUND('',#4596,.T.);
#4596 = EDGE_LOOP('',(#4597,#4598,#4606,#4612));
#4597 = ORIENTED_EDGE('',*,*,#1732,.T.);
#4598 = ORIENTED_EDGE('',*,*,#4599,.T.);
#4599 = EDGE_CURVE('',#1725,#4600,#4602,.T.);
#4600 = VERTEX_POINT('',#4601);
#4601 = CARTESIAN_POINT('',(18.1,0.32,10.41));
#4602 = LINE('',#4603,#4604);
#4603 = CARTESIAN_POINT('',(18.1,0.32,-3.56));
#4604 = VECTOR('',#4605,1.);
#4605 = DIRECTION('',(0.,0.,1.));
#4606 = ORIENTED_EDGE('',*,*,#4607,.T.);
#4607 = EDGE_CURVE('',#4600,#4577,#4608,.T.);
#4608 = LINE('',#4609,#4610);
#4609 = CARTESIAN_POINT('',(18.1,0.32,10.41));
#4610 = VECTOR('',#4611,1.);
#4611 = DIRECTION('',(0.,-1.,0.));
#4612 = ORIENTED_EDGE('',*,*,#4584,.T.);
#4613 = PLANE('',#4614);
#4614 = AXIS2_PLACEMENT_3D('',#4615,#4616,#4617);
#4615 = CARTESIAN_POINT('',(18.1,0.,3.55));
#4616 = DIRECTION('',(1.,0.,0.));
#4617 = DIRECTION('',(0.,0.,1.));
#4618 = ADVANCED_FACE('',(#4619),#4630,.F.);
#4619 = FACE_BOUND('',#4620,.F.);
#4620 = EDGE_LOOP('',(#4621,#4622,#4623,#4624));
#4621 = ORIENTED_EDGE('',*,*,#4544,.F.);
#4622 = ORIENTED_EDGE('',*,*,#1724,.T.);
#4623 = ORIENTED_EDGE('',*,*,#4599,.T.);
#4624 = ORIENTED_EDGE('',*,*,#4625,.F.);
#4625 = EDGE_CURVE('',#4545,#4600,#4626,.T.);
#4626 = LINE('',#4627,#4628);
#4627 = CARTESIAN_POINT('',(17.71,0.32,10.41));
#4628 = VECTOR('',#4629,1.);
#4629 = DIRECTION('',(1.,0.,0.));
#4630 = PLANE('',#4631);
#4631 = AXIS2_PLACEMENT_3D('',#4632,#4633,#4634);
#4632 = CARTESIAN_POINT('',(17.46,0.32,-3.56));
#4633 = DIRECTION('',(0.,-1.,0.));
#4634 = DIRECTION('',(0.,0.,1.));
#4635 = ADVANCED_FACE('',(#4636),#4652,.F.);
#4636 = FACE_BOUND('',#4637,.F.);
#4637 = EDGE_LOOP('',(#4638,#4639,#4645,#4646));
#4638 = ORIENTED_EDGE('',*,*,#1748,.F.);
#4639 = ORIENTED_EDGE('',*,*,#4640,.T.);
#4640 = EDGE_CURVE('',#1749,#2417,#4641,.T.);
#4641 = LINE('',#4642,#4643);
#4642 = CARTESIAN_POINT('',(16.81,0.6,3.17));
#4643 = VECTOR('',#4644,1.);
#4644 = DIRECTION('',(-0.,-0.,-1.));
#4645 = ORIENTED_EDGE('',*,*,#2416,.T.);
#4646 = ORIENTED_EDGE('',*,*,#4647,.F.);
#4647 = EDGE_CURVE('',#1751,#2419,#4648,.T.);
#4648 = LINE('',#4649,#4650);
#4649 = CARTESIAN_POINT('',(16.21,0.6,3.17));
#4650 = VECTOR('',#4651,1.);
#4651 = DIRECTION('',(-0.,-0.,-1.));
#4652 = PLANE('',#4653);
#4653 = AXIS2_PLACEMENT_3D('',#4654,#4655,#4656);
#4654 = CARTESIAN_POINT('',(16.81,0.6,3.17));
#4655 = DIRECTION('',(0.,1.,0.));
#4656 = DIRECTION('',(-1.,0.,0.));
#4657 = ADVANCED_FACE('',(#4658),#4669,.F.);
#4658 = FACE_BOUND('',#4659,.F.);
#4659 = EDGE_LOOP('',(#4660,#4661,#4667,#4668));
#4660 = ORIENTED_EDGE('',*,*,#1758,.F.);
#4661 = ORIENTED_EDGE('',*,*,#4662,.T.);
#4662 = EDGE_CURVE('',#1759,#2427,#4663,.T.);
#4663 = LINE('',#4664,#4665);
#4664 = CARTESIAN_POINT('',(16.81,-0.6,3.17));
#4665 = VECTOR('',#4666,1.);
#4666 = DIRECTION('',(-0.,-0.,-1.));
#4667 = ORIENTED_EDGE('',*,*,#2426,.T.);
#4668 = ORIENTED_EDGE('',*,*,#4640,.F.);
#4669 = PLANE('',#4670);
#4670 = AXIS2_PLACEMENT_3D('',#4671,#4672,#4673);
#4671 = CARTESIAN_POINT('',(16.81,-0.6,3.17));
#4672 = DIRECTION('',(1.,0.,0.));
#4673 = DIRECTION('',(-0.,1.,0.));
#4674 = ADVANCED_FACE('',(#4675),#4686,.F.);
#4675 = FACE_BOUND('',#4676,.F.);
#4676 = EDGE_LOOP('',(#4677,#4678,#4679,#4680));
#4677 = ORIENTED_EDGE('',*,*,#1774,.F.);
#4678 = ORIENTED_EDGE('',*,*,#4647,.T.);
#4679 = ORIENTED_EDGE('',*,*,#2442,.T.);
#4680 = ORIENTED_EDGE('',*,*,#4681,.F.);
#4681 = EDGE_CURVE('',#1767,#2435,#4682,.T.);
#4682 = LINE('',#4683,#4684);
#4683 = CARTESIAN_POINT('',(16.21,-0.6,3.17));
#4684 = VECTOR('',#4685,1.);
#4685 = DIRECTION('',(-0.,-0.,-1.));
#4686 = PLANE('',#4687);
#4687 = AXIS2_PLACEMENT_3D('',#4688,#4689,#4690);
#4688 = CARTESIAN_POINT('',(16.21,0.6,3.17));
#4689 = DIRECTION('',(-1.,0.,0.));
#4690 = DIRECTION('',(0.,-1.,0.));
#4691 = ADVANCED_FACE('',(#4692),#4698,.F.);
#4692 = FACE_BOUND('',#4693,.F.);
#4693 = EDGE_LOOP('',(#4694,#4695,#4696,#4697));
#4694 = ORIENTED_EDGE('',*,*,#1766,.F.);
#4695 = ORIENTED_EDGE('',*,*,#4681,.T.);
#4696 = ORIENTED_EDGE('',*,*,#2434,.T.);
#4697 = ORIENTED_EDGE('',*,*,#4662,.F.);
#4698 = PLANE('',#4699);
#4699 = AXIS2_PLACEMENT_3D('',#4700,#4701,#4702);
#4700 = CARTESIAN_POINT('',(16.21,-0.6,3.17));
#4701 = DIRECTION('',(0.,-1.,0.));
#4702 = DIRECTION('',(1.,0.,0.));
#4703 = ADVANCED_FACE('',(#4704),#4720,.F.);
#4704 = FACE_BOUND('',#4705,.F.);
#4705 = EDGE_LOOP('',(#4706,#4707,#4713,#4714));
#4706 = ORIENTED_EDGE('',*,*,#1782,.F.);
#4707 = ORIENTED_EDGE('',*,*,#4708,.T.);
#4708 = EDGE_CURVE('',#1783,#2571,#4709,.T.);
#4709 = LINE('',#4710,#4711);
#4710 = CARTESIAN_POINT('',(14.27,-0.6,3.17));
#4711 = VECTOR('',#4712,1.);
#4712 = DIRECTION('',(-0.,-0.,-1.));
#4713 = ORIENTED_EDGE('',*,*,#2570,.T.);
#4714 = ORIENTED_EDGE('',*,*,#4715,.F.);
#4715 = EDGE_CURVE('',#1785,#2563,#4716,.T.);
#4716 = LINE('',#4717,#4718);
#4717 = CARTESIAN_POINT('',(14.27,0.6,3.17));
#4718 = VECTOR('',#4719,1.);
#4719 = DIRECTION('',(-0.,-0.,-1.));
#4720 = PLANE('',#4721);
#4721 = AXIS2_PLACEMENT_3D('',#4722,#4723,#4724);
#4722 = CARTESIAN_POINT('',(14.27,-0.6,3.17));
#4723 = DIRECTION('',(1.,0.,0.));
#4724 = DIRECTION('',(-0.,1.,0.));
#4725 = ADVANCED_FACE('',(#4726),#4737,.F.);
#4726 = FACE_BOUND('',#4727,.F.);
#4727 = EDGE_LOOP('',(#4728,#4729,#4735,#4736));
#4728 = ORIENTED_EDGE('',*,*,#1792,.F.);
#4729 = ORIENTED_EDGE('',*,*,#4730,.T.);
#4730 = EDGE_CURVE('',#1793,#2555,#4731,.T.);
#4731 = LINE('',#4732,#4733);
#4732 = CARTESIAN_POINT('',(13.67,-0.6,3.17));
#4733 = VECTOR('',#4734,1.);
#4734 = DIRECTION('',(-0.,-0.,-1.));
#4735 = ORIENTED_EDGE('',*,*,#2578,.T.);
#4736 = ORIENTED_EDGE('',*,*,#4708,.F.);
#4737 = PLANE('',#4738);
#4738 = AXIS2_PLACEMENT_3D('',#4739,#4740,#4741);
#4739 = CARTESIAN_POINT('',(13.67,-0.6,3.17));
#4740 = DIRECTION('',(0.,-1.,0.));
#4741 = DIRECTION('',(1.,0.,0.));
#4742 = ADVANCED_FACE('',(#4743),#4754,.F.);
#4743 = FACE_BOUND('',#4744,.F.);
#4744 = EDGE_LOOP('',(#4745,#4746,#4747,#4748));
#4745 = ORIENTED_EDGE('',*,*,#1808,.F.);
#4746 = ORIENTED_EDGE('',*,*,#4715,.T.);
#4747 = ORIENTED_EDGE('',*,*,#2562,.T.);
#4748 = ORIENTED_EDGE('',*,*,#4749,.F.);
#4749 = EDGE_CURVE('',#1801,#2553,#4750,.T.);
#4750 = LINE('',#4751,#4752);
#4751 = CARTESIAN_POINT('',(13.67,0.6,3.17));
#4752 = VECTOR('',#4753,1.);
#4753 = DIRECTION('',(-0.,-0.,-1.));
#4754 = PLANE('',#4755);
#4755 = AXIS2_PLACEMENT_3D('',#4756,#4757,#4758);
#4756 = CARTESIAN_POINT('',(14.27,0.6,3.17));
#4757 = DIRECTION('',(0.,1.,0.));
#4758 = DIRECTION('',(-1.,0.,0.));
#4759 = ADVANCED_FACE('',(#4760),#4766,.F.);
#4760 = FACE_BOUND('',#4761,.F.);
#4761 = EDGE_LOOP('',(#4762,#4763,#4764,#4765));
#4762 = ORIENTED_EDGE('',*,*,#1800,.F.);
#4763 = ORIENTED_EDGE('',*,*,#4749,.T.);
#4764 = ORIENTED_EDGE('',*,*,#2552,.T.);
#4765 = ORIENTED_EDGE('',*,*,#4730,.F.);
#4766 = PLANE('',#4767);
#4767 = AXIS2_PLACEMENT_3D('',#4768,#4769,#4770);
#4768 = CARTESIAN_POINT('',(13.67,0.6,3.17));
#4769 = DIRECTION('',(-1.,0.,0.));
#4770 = DIRECTION('',(0.,-1.,0.));
#4771 = ADVANCED_FACE('',(#4772),#4797,.F.);
#4772 = FACE_BOUND('',#4773,.F.);
#4773 = EDGE_LOOP('',(#4774,#4775,#4783,#4791));
#4774 = ORIENTED_EDGE('',*,*,#1816,.T.);
#4775 = ORIENTED_EDGE('',*,*,#4776,.F.);
#4776 = EDGE_CURVE('',#4777,#1819,#4779,.T.);
#4777 = VERTEX_POINT('',#4778);
#4778 = CARTESIAN_POINT('',(14.92,-0.32,10.41));
#4779 = LINE('',#4780,#4781);
#4780 = CARTESIAN_POINT('',(14.92,-0.32,10.66));
#4781 = VECTOR('',#4782,1.);
#4782 = DIRECTION('',(0.,0.,-1.));
#4783 = ORIENTED_EDGE('',*,*,#4784,.T.);
#4784 = EDGE_CURVE('',#4777,#4785,#4787,.T.);
#4785 = VERTEX_POINT('',#4786);
#4786 = CARTESIAN_POINT('',(15.56,-0.32,10.41));
#4787 = LINE('',#4788,#4789);
#4788 = CARTESIAN_POINT('',(15.17,-0.32,10.41));
#4789 = VECTOR('',#4790,1.);
#4790 = DIRECTION('',(1.,0.,0.));
#4791 = ORIENTED_EDGE('',*,*,#4792,.T.);
#4792 = EDGE_CURVE('',#4785,#1817,#4793,.T.);
#4793 = LINE('',#4794,#4795);
#4794 = CARTESIAN_POINT('',(15.56,-0.32,10.66));
#4795 = VECTOR('',#4796,1.);
#4796 = DIRECTION('',(0.,0.,-1.));
#4797 = PLANE('',#4798);
#4798 = AXIS2_PLACEMENT_3D('',#4799,#4800,#4801);
#4799 = CARTESIAN_POINT('',(14.92,-0.32,10.66));
#4800 = DIRECTION('',(0.,1.,0.));
#4801 = DIRECTION('',(0.,0.,-1.));
#4802 = ADVANCED_FACE('',(#4803),#4821,.T.);
#4803 = FACE_BOUND('',#4804,.T.);
#4804 = EDGE_LOOP('',(#4805,#4806,#4814,#4820));
#4805 = ORIENTED_EDGE('',*,*,#1842,.T.);
#4806 = ORIENTED_EDGE('',*,*,#4807,.T.);
#4807 = EDGE_CURVE('',#1835,#4808,#4810,.T.);
#4808 = VERTEX_POINT('',#4809);
#4809 = CARTESIAN_POINT('',(15.56,0.32,10.41));
#4810 = LINE('',#4811,#4812);
#4811 = CARTESIAN_POINT('',(15.56,0.32,-3.56));
#4812 = VECTOR('',#4813,1.);
#4813 = DIRECTION('',(0.,0.,1.));
#4814 = ORIENTED_EDGE('',*,*,#4815,.T.);
#4815 = EDGE_CURVE('',#4808,#4785,#4816,.T.);
#4816 = LINE('',#4817,#4818);
#4817 = CARTESIAN_POINT('',(15.56,0.32,10.41));
#4818 = VECTOR('',#4819,1.);
#4819 = DIRECTION('',(0.,-1.,0.));
#4820 = ORIENTED_EDGE('',*,*,#4792,.T.);
#4821 = PLANE('',#4822);
#4822 = AXIS2_PLACEMENT_3D('',#4823,#4824,#4825);
#4823 = CARTESIAN_POINT('',(15.56,0.,3.55));
#4824 = DIRECTION('',(1.,0.,0.));
#4825 = DIRECTION('',(0.,0.,1.));
#4826 = ADVANCED_FACE('',(#4827),#4845,.F.);
#4827 = FACE_BOUND('',#4828,.F.);
#4828 = EDGE_LOOP('',(#4829,#4837,#4838,#4839));
#4829 = ORIENTED_EDGE('',*,*,#4830,.F.);
#4830 = EDGE_CURVE('',#1827,#4831,#4833,.T.);
#4831 = VERTEX_POINT('',#4832);
#4832 = CARTESIAN_POINT('',(14.92,0.32,10.41));
#4833 = LINE('',#4834,#4835);
#4834 = CARTESIAN_POINT('',(14.92,0.32,-3.56));
#4835 = VECTOR('',#4836,1.);
#4836 = DIRECTION('',(0.,0.,1.));
#4837 = ORIENTED_EDGE('',*,*,#1834,.T.);
#4838 = ORIENTED_EDGE('',*,*,#4807,.T.);
#4839 = ORIENTED_EDGE('',*,*,#4840,.F.);
#4840 = EDGE_CURVE('',#4831,#4808,#4841,.T.);
#4841 = LINE('',#4842,#4843);
#4842 = CARTESIAN_POINT('',(15.17,0.32,10.41));
#4843 = VECTOR('',#4844,1.);
#4844 = DIRECTION('',(1.,0.,0.));
#4845 = PLANE('',#4846);
#4846 = AXIS2_PLACEMENT_3D('',#4847,#4848,#4849);
#4847 = CARTESIAN_POINT('',(14.92,0.32,-3.56));
#4848 = DIRECTION('',(0.,-1.,0.));
#4849 = DIRECTION('',(0.,0.,1.));
#4850 = ADVANCED_FACE('',(#4851),#4862,.F.);
#4851 = FACE_BOUND('',#4852,.F.);
#4852 = EDGE_LOOP('',(#4853,#4854,#4855,#4861));
#4853 = ORIENTED_EDGE('',*,*,#1826,.T.);
#4854 = ORIENTED_EDGE('',*,*,#4830,.T.);
#4855 = ORIENTED_EDGE('',*,*,#4856,.T.);
#4856 = EDGE_CURVE('',#4831,#4777,#4857,.T.);
#4857 = LINE('',#4858,#4859);
#4858 = CARTESIAN_POINT('',(14.92,0.32,10.41));
#4859 = VECTOR('',#4860,1.);
#4860 = DIRECTION('',(0.,-1.,0.));
#4861 = ORIENTED_EDGE('',*,*,#4776,.T.);
#4862 = PLANE('',#4863);
#4863 = AXIS2_PLACEMENT_3D('',#4864,#4865,#4866);
#4864 = CARTESIAN_POINT('',(14.92,0.,3.55));
#4865 = DIRECTION('',(1.,0.,0.));
#4866 = DIRECTION('',(0.,0.,1.));
#4867 = ADVANCED_FACE('',(#4868),#4893,.T.);
#4868 = FACE_BOUND('',#4869,.T.);
#4869 = EDGE_LOOP('',(#4870,#4871,#4879,#4887));
#4870 = ORIENTED_EDGE('',*,*,#1850,.T.);
#4871 = ORIENTED_EDGE('',*,*,#4872,.T.);
#4872 = EDGE_CURVE('',#1853,#4873,#4875,.T.);
#4873 = VERTEX_POINT('',#4874);
#4874 = CARTESIAN_POINT('',(13.02,0.32,10.41));
#4875 = LINE('',#4876,#4877);
#4876 = CARTESIAN_POINT('',(13.02,0.32,-3.56));
#4877 = VECTOR('',#4878,1.);
#4878 = DIRECTION('',(0.,0.,1.));
#4879 = ORIENTED_EDGE('',*,*,#4880,.T.);
#4880 = EDGE_CURVE('',#4873,#4881,#4883,.T.);
#4881 = VERTEX_POINT('',#4882);
#4882 = CARTESIAN_POINT('',(13.02,-0.32,10.41));
#4883 = LINE('',#4884,#4885);
#4884 = CARTESIAN_POINT('',(13.02,0.32,10.41));
#4885 = VECTOR('',#4886,1.);
#4886 = DIRECTION('',(0.,-1.,0.));
#4887 = ORIENTED_EDGE('',*,*,#4888,.T.);
#4888 = EDGE_CURVE('',#4881,#1851,#4889,.T.);
#4889 = LINE('',#4890,#4891);
#4890 = CARTESIAN_POINT('',(13.02,-0.32,10.66));
#4891 = VECTOR('',#4892,1.);
#4892 = DIRECTION('',(0.,0.,-1.));
#4893 = PLANE('',#4894);
#4894 = AXIS2_PLACEMENT_3D('',#4895,#4896,#4897);
#4895 = CARTESIAN_POINT('',(13.02,0.,3.55));
#4896 = DIRECTION('',(1.,0.,0.));
#4897 = DIRECTION('',(0.,0.,1.));
#4898 = ADVANCED_FACE('',(#4899),#4917,.F.);
#4899 = FACE_BOUND('',#4900,.F.);
#4900 = EDGE_LOOP('',(#4901,#4909,#4910,#4911));
#4901 = ORIENTED_EDGE('',*,*,#4902,.F.);
#4902 = EDGE_CURVE('',#1869,#4903,#4905,.T.);
#4903 = VERTEX_POINT('',#4904);
#4904 = CARTESIAN_POINT('',(12.38,0.32,10.41));
#4905 = LINE('',#4906,#4907);
#4906 = CARTESIAN_POINT('',(12.38,0.32,-3.56));
#4907 = VECTOR('',#4908,1.);
#4908 = DIRECTION('',(0.,0.,1.));
#4909 = ORIENTED_EDGE('',*,*,#1876,.T.);
#4910 = ORIENTED_EDGE('',*,*,#4872,.T.);
#4911 = ORIENTED_EDGE('',*,*,#4912,.F.);
#4912 = EDGE_CURVE('',#4903,#4873,#4913,.T.);
#4913 = LINE('',#4914,#4915);
#4914 = CARTESIAN_POINT('',(12.63,0.32,10.41));
#4915 = VECTOR('',#4916,1.);
#4916 = DIRECTION('',(1.,0.,0.));
#4917 = PLANE('',#4918);
#4918 = AXIS2_PLACEMENT_3D('',#4919,#4920,#4921);
#4919 = CARTESIAN_POINT('',(12.38,0.32,-3.56));
#4920 = DIRECTION('',(0.,-1.,0.));
#4921 = DIRECTION('',(0.,0.,1.));
#4922 = ADVANCED_FACE('',(#4923),#4941,.F.);
#4923 = FACE_BOUND('',#4924,.F.);
#4924 = EDGE_LOOP('',(#4925,#4926,#4927,#4935));
#4925 = ORIENTED_EDGE('',*,*,#1868,.T.);
#4926 = ORIENTED_EDGE('',*,*,#4902,.T.);
#4927 = ORIENTED_EDGE('',*,*,#4928,.T.);
#4928 = EDGE_CURVE('',#4903,#4929,#4931,.T.);
#4929 = VERTEX_POINT('',#4930);
#4930 = CARTESIAN_POINT('',(12.38,-0.32,10.41));
#4931 = LINE('',#4932,#4933);
#4932 = CARTESIAN_POINT('',(12.38,0.32,10.41));
#4933 = VECTOR('',#4934,1.);
#4934 = DIRECTION('',(0.,-1.,0.));
#4935 = ORIENTED_EDGE('',*,*,#4936,.T.);
#4936 = EDGE_CURVE('',#4929,#1861,#4937,.T.);
#4937 = LINE('',#4938,#4939);
#4938 = CARTESIAN_POINT('',(12.38,-0.32,10.66));
#4939 = VECTOR('',#4940,1.);
#4940 = DIRECTION('',(0.,0.,-1.));
#4941 = PLANE('',#4942);
#4942 = AXIS2_PLACEMENT_3D('',#4943,#4944,#4945);
#4943 = CARTESIAN_POINT('',(12.38,0.,3.55));
#4944 = DIRECTION('',(1.,0.,0.));
#4945 = DIRECTION('',(0.,0.,1.));
#4946 = ADVANCED_FACE('',(#4947),#4958,.F.);
#4947 = FACE_BOUND('',#4948,.F.);
#4948 = EDGE_LOOP('',(#4949,#4950,#4951,#4957));
#4949 = ORIENTED_EDGE('',*,*,#1860,.T.);
#4950 = ORIENTED_EDGE('',*,*,#4936,.F.);
#4951 = ORIENTED_EDGE('',*,*,#4952,.T.);
#4952 = EDGE_CURVE('',#4929,#4881,#4953,.T.);
#4953 = LINE('',#4954,#4955);
#4954 = CARTESIAN_POINT('',(12.63,-0.32,10.41));
#4955 = VECTOR('',#4956,1.);
#4956 = DIRECTION('',(1.,0.,0.));
#4957 = ORIENTED_EDGE('',*,*,#4888,.T.);
#4958 = PLANE('',#4959);
#4959 = AXIS2_PLACEMENT_3D('',#4960,#4961,#4962);
#4960 = CARTESIAN_POINT('',(12.38,-0.32,10.66));
#4961 = DIRECTION('',(0.,1.,0.));
#4962 = DIRECTION('',(0.,0.,-1.));
#4963 = ADVANCED_FACE('',(#4964),#4980,.F.);
#4964 = FACE_BOUND('',#4965,.F.);
#4965 = EDGE_LOOP('',(#4966,#4967,#4973,#4974));
#4966 = ORIENTED_EDGE('',*,*,#1884,.F.);
#4967 = ORIENTED_EDGE('',*,*,#4968,.T.);
#4968 = EDGE_CURVE('',#1885,#2155,#4969,.T.);
#4969 = LINE('',#4970,#4971);
#4970 = CARTESIAN_POINT('',(21.29,0.6,3.17));
#4971 = VECTOR('',#4972,1.);
#4972 = DIRECTION('',(-0.,-0.,-1.));
#4973 = ORIENTED_EDGE('',*,*,#2154,.T.);
#4974 = ORIENTED_EDGE('',*,*,#4975,.F.);
#4975 = EDGE_CURVE('',#1887,#2145,#4976,.T.);
#4976 = LINE('',#4977,#4978);
#4977 = CARTESIAN_POINT('',(21.29,-0.6,3.17));
#4978 = VECTOR('',#4979,1.);
#4979 = DIRECTION('',(-0.,-0.,-1.));
#4980 = PLANE('',#4981);
#4981 = AXIS2_PLACEMENT_3D('',#4982,#4983,#4984);
#4982 = CARTESIAN_POINT('',(21.29,0.6,3.17));
#4983 = DIRECTION('',(-1.,0.,0.));
#4984 = DIRECTION('',(0.,-1.,0.));
#4985 = ADVANCED_FACE('',(#4986),#4997,.F.);
#4986 = FACE_BOUND('',#4987,.F.);
#4987 = EDGE_LOOP('',(#4988,#4989,#4995,#4996));
#4988 = ORIENTED_EDGE('',*,*,#1894,.F.);
#4989 = ORIENTED_EDGE('',*,*,#4990,.T.);
#4990 = EDGE_CURVE('',#1895,#2163,#4991,.T.);
#4991 = LINE('',#4992,#4993);
#4992 = CARTESIAN_POINT('',(21.89,0.6,3.17));
#4993 = VECTOR('',#4994,1.);
#4994 = DIRECTION('',(-0.,-0.,-1.));
#4995 = ORIENTED_EDGE('',*,*,#2162,.T.);
#4996 = ORIENTED_EDGE('',*,*,#4968,.F.);
#4997 = PLANE('',#4998);
#4998 = AXIS2_PLACEMENT_3D('',#4999,#5000,#5001);
#4999 = CARTESIAN_POINT('',(21.89,0.6,3.17));
#5000 = DIRECTION('',(0.,1.,0.));
#5001 = DIRECTION('',(-1.,0.,0.));
#5002 = ADVANCED_FACE('',(#5003),#5014,.F.);
#5003 = FACE_BOUND('',#5004,.F.);
#5004 = EDGE_LOOP('',(#5005,#5006,#5007,#5008));
#5005 = ORIENTED_EDGE('',*,*,#1910,.F.);
#5006 = ORIENTED_EDGE('',*,*,#4975,.T.);
#5007 = ORIENTED_EDGE('',*,*,#2144,.T.);
#5008 = ORIENTED_EDGE('',*,*,#5009,.F.);
#5009 = EDGE_CURVE('',#1903,#2147,#5010,.T.);
#5010 = LINE('',#5011,#5012);
#5011 = CARTESIAN_POINT('',(21.89,-0.6,3.17));
#5012 = VECTOR('',#5013,1.);
#5013 = DIRECTION('',(-0.,-0.,-1.));
#5014 = PLANE('',#5015);
#5015 = AXIS2_PLACEMENT_3D('',#5016,#5017,#5018);
#5016 = CARTESIAN_POINT('',(21.29,-0.6,3.17));
#5017 = DIRECTION('',(0.,-1.,0.));
#5018 = DIRECTION('',(1.,0.,0.));
#5019 = ADVANCED_FACE('',(#5020),#5026,.F.);
#5020 = FACE_BOUND('',#5021,.F.);
#5021 = EDGE_LOOP('',(#5022,#5023,#5024,#5025));
#5022 = ORIENTED_EDGE('',*,*,#1902,.F.);
#5023 = ORIENTED_EDGE('',*,*,#5009,.T.);
#5024 = ORIENTED_EDGE('',*,*,#2170,.T.);
#5025 = ORIENTED_EDGE('',*,*,#4990,.F.);
#5026 = PLANE('',#5027);
#5027 = AXIS2_PLACEMENT_3D('',#5028,#5029,#5030);
#5028 = CARTESIAN_POINT('',(21.89,-0.6,3.17));
#5029 = DIRECTION('',(1.,0.,0.));
#5030 = DIRECTION('',(-0.,1.,0.));
#5031 = ADVANCED_FACE('',(#5032),#5057,.F.);
#5032 = FACE_BOUND('',#5033,.F.);
#5033 = EDGE_LOOP('',(#5034,#5035,#5043,#5051));
#5034 = ORIENTED_EDGE('',*,*,#1918,.T.);
#5035 = ORIENTED_EDGE('',*,*,#5036,.F.);
#5036 = EDGE_CURVE('',#5037,#1921,#5039,.T.);
#5037 = VERTEX_POINT('',#5038);
#5038 = CARTESIAN_POINT('',(20.,-0.32,10.41));
#5039 = LINE('',#5040,#5041);
#5040 = CARTESIAN_POINT('',(20.,-0.32,10.66));
#5041 = VECTOR('',#5042,1.);
#5042 = DIRECTION('',(0.,0.,-1.));
#5043 = ORIENTED_EDGE('',*,*,#5044,.T.);
#5044 = EDGE_CURVE('',#5037,#5045,#5047,.T.);
#5045 = VERTEX_POINT('',#5046);
#5046 = CARTESIAN_POINT('',(20.64,-0.32,10.41));
#5047 = LINE('',#5048,#5049);
#5048 = CARTESIAN_POINT('',(20.25,-0.32,10.41));
#5049 = VECTOR('',#5050,1.);
#5050 = DIRECTION('',(1.,0.,0.));
#5051 = ORIENTED_EDGE('',*,*,#5052,.T.);
#5052 = EDGE_CURVE('',#5045,#1919,#5053,.T.);
#5053 = LINE('',#5054,#5055);
#5054 = CARTESIAN_POINT('',(20.64,-0.32,10.66));
#5055 = VECTOR('',#5056,1.);
#5056 = DIRECTION('',(0.,0.,-1.));
#5057 = PLANE('',#5058);
#5058 = AXIS2_PLACEMENT_3D('',#5059,#5060,#5061);
#5059 = CARTESIAN_POINT('',(20.,-0.32,10.66));
#5060 = DIRECTION('',(0.,1.,0.));
#5061 = DIRECTION('',(0.,0.,-1.));
#5062 = ADVANCED_FACE('',(#5063),#5081,.T.);
#5063 = FACE_BOUND('',#5064,.T.);
#5064 = EDGE_LOOP('',(#5065,#5066,#5074,#5080));
#5065 = ORIENTED_EDGE('',*,*,#1944,.T.);
#5066 = ORIENTED_EDGE('',*,*,#5067,.T.);
#5067 = EDGE_CURVE('',#1937,#5068,#5070,.T.);
#5068 = VERTEX_POINT('',#5069);
#5069 = CARTESIAN_POINT('',(20.64,0.32,10.41));
#5070 = LINE('',#5071,#5072);
#5071 = CARTESIAN_POINT('',(20.64,0.32,-3.56));
#5072 = VECTOR('',#5073,1.);
#5073 = DIRECTION('',(0.,0.,1.));
#5074 = ORIENTED_EDGE('',*,*,#5075,.T.);
#5075 = EDGE_CURVE('',#5068,#5045,#5076,.T.);
#5076 = LINE('',#5077,#5078);
#5077 = CARTESIAN_POINT('',(20.64,0.32,10.41));
#5078 = VECTOR('',#5079,1.);
#5079 = DIRECTION('',(0.,-1.,0.));
#5080 = ORIENTED_EDGE('',*,*,#5052,.T.);
#5081 = PLANE('',#5082);
#5082 = AXIS2_PLACEMENT_3D('',#5083,#5084,#5085);
#5083 = CARTESIAN_POINT('',(20.64,0.,3.55));
#5084 = DIRECTION('',(1.,0.,0.));
#5085 = DIRECTION('',(0.,0.,1.));
#5086 = ADVANCED_FACE('',(#5087),#5105,.F.);
#5087 = FACE_BOUND('',#5088,.F.);
#5088 = EDGE_LOOP('',(#5089,#5097,#5098,#5099));
#5089 = ORIENTED_EDGE('',*,*,#5090,.F.);
#5090 = EDGE_CURVE('',#1929,#5091,#5093,.T.);
#5091 = VERTEX_POINT('',#5092);
#5092 = CARTESIAN_POINT('',(20.,0.32,10.41));
#5093 = LINE('',#5094,#5095);
#5094 = CARTESIAN_POINT('',(20.,0.32,-3.56));
#5095 = VECTOR('',#5096,1.);
#5096 = DIRECTION('',(0.,0.,1.));
#5097 = ORIENTED_EDGE('',*,*,#1936,.T.);
#5098 = ORIENTED_EDGE('',*,*,#5067,.T.);
#5099 = ORIENTED_EDGE('',*,*,#5100,.F.);
#5100 = EDGE_CURVE('',#5091,#5068,#5101,.T.);
#5101 = LINE('',#5102,#5103);
#5102 = CARTESIAN_POINT('',(20.25,0.32,10.41));
#5103 = VECTOR('',#5104,1.);
#5104 = DIRECTION('',(1.,0.,0.));
#5105 = PLANE('',#5106);
#5106 = AXIS2_PLACEMENT_3D('',#5107,#5108,#5109);
#5107 = CARTESIAN_POINT('',(20.,0.32,-3.56));
#5108 = DIRECTION('',(0.,-1.,0.));
#5109 = DIRECTION('',(0.,0.,1.));
#5110 = ADVANCED_FACE('',(#5111),#5122,.F.);
#5111 = FACE_BOUND('',#5112,.F.);
#5112 = EDGE_LOOP('',(#5113,#5114,#5115,#5121));
#5113 = ORIENTED_EDGE('',*,*,#1928,.T.);
#5114 = ORIENTED_EDGE('',*,*,#5090,.T.);
#5115 = ORIENTED_EDGE('',*,*,#5116,.T.);
#5116 = EDGE_CURVE('',#5091,#5037,#5117,.T.);
#5117 = LINE('',#5118,#5119);
#5118 = CARTESIAN_POINT('',(20.,0.32,10.41));
#5119 = VECTOR('',#5120,1.);
#5120 = DIRECTION('',(0.,-1.,0.));
#5121 = ORIENTED_EDGE('',*,*,#5036,.T.);
#5122 = PLANE('',#5123);
#5123 = AXIS2_PLACEMENT_3D('',#5124,#5125,#5126);
#5124 = CARTESIAN_POINT('',(20.,0.,3.55));
#5125 = DIRECTION('',(1.,0.,0.));
#5126 = DIRECTION('',(0.,0.,1.));
#5127 = ADVANCED_FACE('',(#5128),#5144,.F.);
#5128 = FACE_BOUND('',#5129,.F.);
#5129 = EDGE_LOOP('',(#5130,#5131,#5137,#5138));
#5130 = ORIENTED_EDGE('',*,*,#1952,.F.);
#5131 = ORIENTED_EDGE('',*,*,#5132,.T.);
#5132 = EDGE_CURVE('',#1953,#2283,#5133,.T.);
#5133 = LINE('',#5134,#5135);
#5134 = CARTESIAN_POINT('',(18.75,-0.6,3.17));
#5135 = VECTOR('',#5136,1.);
#5136 = DIRECTION('',(-0.,-0.,-1.));
#5137 = ORIENTED_EDGE('',*,*,#2306,.T.);
#5138 = ORIENTED_EDGE('',*,*,#5139,.F.);
#5139 = EDGE_CURVE('',#1955,#2299,#5140,.T.);
#5140 = LINE('',#5141,#5142);
#5141 = CARTESIAN_POINT('',(19.35,-0.6,3.17));
#5142 = VECTOR('',#5143,1.);
#5143 = DIRECTION('',(-0.,-0.,-1.));
#5144 = PLANE('',#5145);
#5145 = AXIS2_PLACEMENT_3D('',#5146,#5147,#5148);
#5146 = CARTESIAN_POINT('',(18.75,-0.6,3.17));
#5147 = DIRECTION('',(0.,-1.,0.));
#5148 = DIRECTION('',(1.,0.,0.));
#5149 = ADVANCED_FACE('',(#5150),#5161,.F.);
#5150 = FACE_BOUND('',#5151,.F.);
#5151 = EDGE_LOOP('',(#5152,#5153,#5159,#5160));
#5152 = ORIENTED_EDGE('',*,*,#1962,.F.);
#5153 = ORIENTED_EDGE('',*,*,#5154,.T.);
#5154 = EDGE_CURVE('',#1963,#2281,#5155,.T.);
#5155 = LINE('',#5156,#5157);
#5156 = CARTESIAN_POINT('',(18.75,0.6,3.17));
#5157 = VECTOR('',#5158,1.);
#5158 = DIRECTION('',(-0.,-0.,-1.));
#5159 = ORIENTED_EDGE('',*,*,#2280,.T.);
#5160 = ORIENTED_EDGE('',*,*,#5132,.F.);
#5161 = PLANE('',#5162);
#5162 = AXIS2_PLACEMENT_3D('',#5163,#5164,#5165);
#5163 = CARTESIAN_POINT('',(18.75,0.6,3.17));
#5164 = DIRECTION('',(-1.,0.,0.));
#5165 = DIRECTION('',(0.,-1.,0.));
#5166 = ADVANCED_FACE('',(#5167),#5178,.F.);
#5167 = FACE_BOUND('',#5168,.F.);
#5168 = EDGE_LOOP('',(#5169,#5170,#5171,#5172));
#5169 = ORIENTED_EDGE('',*,*,#1978,.F.);
#5170 = ORIENTED_EDGE('',*,*,#5139,.T.);
#5171 = ORIENTED_EDGE('',*,*,#2298,.T.);
#5172 = ORIENTED_EDGE('',*,*,#5173,.F.);
#5173 = EDGE_CURVE('',#1971,#2291,#5174,.T.);
#5174 = LINE('',#5175,#5176);
#5175 = CARTESIAN_POINT('',(19.35,0.6,3.17));
#5176 = VECTOR('',#5177,1.);
#5177 = DIRECTION('',(-0.,-0.,-1.));
#5178 = PLANE('',#5179);
#5179 = AXIS2_PLACEMENT_3D('',#5180,#5181,#5182);
#5180 = CARTESIAN_POINT('',(19.35,-0.6,3.17));
#5181 = DIRECTION('',(1.,0.,0.));
#5182 = DIRECTION('',(-0.,1.,0.));
#5183 = ADVANCED_FACE('',(#5184),#5190,.F.);
#5184 = FACE_BOUND('',#5185,.F.);
#5185 = EDGE_LOOP('',(#5186,#5187,#5188,#5189));
#5186 = ORIENTED_EDGE('',*,*,#1970,.F.);
#5187 = ORIENTED_EDGE('',*,*,#5173,.T.);
#5188 = ORIENTED_EDGE('',*,*,#2290,.T.);
#5189 = ORIENTED_EDGE('',*,*,#5154,.F.);
#5190 = PLANE('',#5191);
#5191 = AXIS2_PLACEMENT_3D('',#5192,#5193,#5194);
#5192 = CARTESIAN_POINT('',(19.35,0.6,3.17));
#5193 = DIRECTION('',(0.,1.,0.));
#5194 = DIRECTION('',(-1.,0.,0.));
#5195 = ADVANCED_FACE('',(#5196),#5221,.F.);
#5196 = FACE_BOUND('',#5197,.F.);
#5197 = EDGE_LOOP('',(#5198,#5199,#5207,#5215));
#5198 = ORIENTED_EDGE('',*,*,#1986,.T.);
#5199 = ORIENTED_EDGE('',*,*,#5200,.F.);
#5200 = EDGE_CURVE('',#5201,#1989,#5203,.T.);
#5201 = VERTEX_POINT('',#5202);
#5202 = CARTESIAN_POINT('',(22.54,-0.32,10.41));
#5203 = LINE('',#5204,#5205);
#5204 = CARTESIAN_POINT('',(22.54,-0.32,10.66));
#5205 = VECTOR('',#5206,1.);
#5206 = DIRECTION('',(0.,0.,-1.));
#5207 = ORIENTED_EDGE('',*,*,#5208,.T.);
#5208 = EDGE_CURVE('',#5201,#5209,#5211,.T.);
#5209 = VERTEX_POINT('',#5210);
#5210 = CARTESIAN_POINT('',(23.18,-0.32,10.41));
#5211 = LINE('',#5212,#5213);
#5212 = CARTESIAN_POINT('',(22.79,-0.32,10.41));
#5213 = VECTOR('',#5214,1.);
#5214 = DIRECTION('',(1.,0.,0.));
#5215 = ORIENTED_EDGE('',*,*,#5216,.T.);
#5216 = EDGE_CURVE('',#5209,#1987,#5217,.T.);
#5217 = LINE('',#5218,#5219);
#5218 = CARTESIAN_POINT('',(23.18,-0.32,10.66));
#5219 = VECTOR('',#5220,1.);
#5220 = DIRECTION('',(0.,0.,-1.));
#5221 = PLANE('',#5222);
#5222 = AXIS2_PLACEMENT_3D('',#5223,#5224,#5225);
#5223 = CARTESIAN_POINT('',(22.54,-0.32,10.66));
#5224 = DIRECTION('',(0.,1.,0.));
#5225 = DIRECTION('',(0.,0.,-1.));
#5226 = ADVANCED_FACE('',(#5227),#5245,.T.);
#5227 = FACE_BOUND('',#5228,.T.);
#5228 = EDGE_LOOP('',(#5229,#5230,#5238,#5244));
#5229 = ORIENTED_EDGE('',*,*,#2012,.T.);
#5230 = ORIENTED_EDGE('',*,*,#5231,.T.);
#5231 = EDGE_CURVE('',#2005,#5232,#5234,.T.);
#5232 = VERTEX_POINT('',#5233);
#5233 = CARTESIAN_POINT('',(23.18,0.32,10.41));
#5234 = LINE('',#5235,#5236);
#5235 = CARTESIAN_POINT('',(23.18,0.32,-3.56));
#5236 = VECTOR('',#5237,1.);
#5237 = DIRECTION('',(0.,0.,1.));
#5238 = ORIENTED_EDGE('',*,*,#5239,.T.);
#5239 = EDGE_CURVE('',#5232,#5209,#5240,.T.);
#5240 = LINE('',#5241,#5242);
#5241 = CARTESIAN_POINT('',(23.18,0.32,10.41));
#5242 = VECTOR('',#5243,1.);
#5243 = DIRECTION('',(0.,-1.,0.));
#5244 = ORIENTED_EDGE('',*,*,#5216,.T.);
#5245 = PLANE('',#5246);
#5246 = AXIS2_PLACEMENT_3D('',#5247,#5248,#5249);
#5247 = CARTESIAN_POINT('',(23.18,0.,3.55));
#5248 = DIRECTION('',(1.,0.,0.));
#5249 = DIRECTION('',(0.,0.,1.));
#5250 = ADVANCED_FACE('',(#5251),#5269,.F.);
#5251 = FACE_BOUND('',#5252,.F.);
#5252 = EDGE_LOOP('',(#5253,#5261,#5262,#5263));
#5253 = ORIENTED_EDGE('',*,*,#5254,.F.);
#5254 = EDGE_CURVE('',#1997,#5255,#5257,.T.);
#5255 = VERTEX_POINT('',#5256);
#5256 = CARTESIAN_POINT('',(22.54,0.32,10.41));
#5257 = LINE('',#5258,#5259);
#5258 = CARTESIAN_POINT('',(22.54,0.32,-3.56));
#5259 = VECTOR('',#5260,1.);
#5260 = DIRECTION('',(0.,0.,1.));
#5261 = ORIENTED_EDGE('',*,*,#2004,.T.);
#5262 = ORIENTED_EDGE('',*,*,#5231,.T.);
#5263 = ORIENTED_EDGE('',*,*,#5264,.F.);
#5264 = EDGE_CURVE('',#5255,#5232,#5265,.T.);
#5265 = LINE('',#5266,#5267);
#5266 = CARTESIAN_POINT('',(22.79,0.32,10.41));
#5267 = VECTOR('',#5268,1.);
#5268 = DIRECTION('',(1.,0.,0.));
#5269 = PLANE('',#5270);
#5270 = AXIS2_PLACEMENT_3D('',#5271,#5272,#5273);
#5271 = CARTESIAN_POINT('',(22.54,0.32,-3.56));
#5272 = DIRECTION('',(0.,-1.,0.));
#5273 = DIRECTION('',(0.,0.,1.));
#5274 = ADVANCED_FACE('',(#5275),#5286,.F.);
#5275 = FACE_BOUND('',#5276,.F.);
#5276 = EDGE_LOOP('',(#5277,#5278,#5279,#5285));
#5277 = ORIENTED_EDGE('',*,*,#1996,.T.);
#5278 = ORIENTED_EDGE('',*,*,#5254,.T.);
#5279 = ORIENTED_EDGE('',*,*,#5280,.T.);
#5280 = EDGE_CURVE('',#5255,#5201,#5281,.T.);
#5281 = LINE('',#5282,#5283);
#5282 = CARTESIAN_POINT('',(22.54,0.32,10.41));
#5283 = VECTOR('',#5284,1.);
#5284 = DIRECTION('',(0.,-1.,0.));
#5285 = ORIENTED_EDGE('',*,*,#5200,.T.);
#5286 = PLANE('',#5287);
#5287 = AXIS2_PLACEMENT_3D('',#5288,#5289,#5290);
#5288 = CARTESIAN_POINT('',(22.54,0.,3.55));
#5289 = DIRECTION('',(1.,0.,0.));
#5290 = DIRECTION('',(0.,0.,1.));
#5291 = ADVANCED_FACE('',(#5292),#5317,.F.);
#5292 = FACE_BOUND('',#5293,.F.);
#5293 = EDGE_LOOP('',(#5294,#5302,#5310,#5316));
#5294 = ORIENTED_EDGE('',*,*,#5295,.F.);
#5295 = EDGE_CURVE('',#5296,#2079,#5298,.T.);
#5296 = VERTEX_POINT('',#5297);
#5297 = CARTESIAN_POINT('',(22.54,0.32,-3.31));
#5298 = LINE('',#5299,#5300);
#5299 = CARTESIAN_POINT('',(22.54,0.32,-3.56));
#5300 = VECTOR('',#5301,1.);
#5301 = DIRECTION('',(0.,0.,1.));
#5302 = ORIENTED_EDGE('',*,*,#5303,.T.);
#5303 = EDGE_CURVE('',#5296,#5304,#5306,.T.);
#5304 = VERTEX_POINT('',#5305);
#5305 = CARTESIAN_POINT('',(23.18,0.32,-3.31));
#5306 = LINE('',#5307,#5308);
#5307 = CARTESIAN_POINT('',(22.79,0.32,-3.31));
#5308 = VECTOR('',#5309,1.);
#5309 = DIRECTION('',(1.,0.,0.));
#5310 = ORIENTED_EDGE('',*,*,#5311,.T.);
#5311 = EDGE_CURVE('',#5304,#2077,#5312,.T.);
#5312 = LINE('',#5313,#5314);
#5313 = CARTESIAN_POINT('',(23.18,0.32,-3.56));
#5314 = VECTOR('',#5315,1.);
#5315 = DIRECTION('',(0.,0.,1.));
#5316 = ORIENTED_EDGE('',*,*,#2076,.T.);
#5317 = PLANE('',#5318);
#5318 = AXIS2_PLACEMENT_3D('',#5319,#5320,#5321);
#5319 = CARTESIAN_POINT('',(22.54,0.32,-3.56));
#5320 = DIRECTION('',(0.,-1.,0.));
#5321 = DIRECTION('',(0.,0.,1.));
#5322 = ADVANCED_FACE('',(#5323),#5341,.T.);
#5323 = FACE_BOUND('',#5324,.T.);
#5324 = EDGE_LOOP('',(#5325,#5333,#5334,#5335));
#5325 = ORIENTED_EDGE('',*,*,#5326,.T.);
#5326 = EDGE_CURVE('',#5327,#5304,#5329,.T.);
#5327 = VERTEX_POINT('',#5328);
#5328 = CARTESIAN_POINT('',(23.18,-0.32,-3.31));
#5329 = LINE('',#5330,#5331);
#5330 = CARTESIAN_POINT('',(23.18,-0.32,-3.31));
#5331 = VECTOR('',#5332,1.);
#5332 = DIRECTION('',(0.,1.,0.));
#5333 = ORIENTED_EDGE('',*,*,#5311,.T.);
#5334 = ORIENTED_EDGE('',*,*,#2102,.T.);
#5335 = ORIENTED_EDGE('',*,*,#5336,.T.);
#5336 = EDGE_CURVE('',#2095,#5327,#5337,.T.);
#5337 = LINE('',#5338,#5339);
#5338 = CARTESIAN_POINT('',(23.18,-0.32,10.66));
#5339 = VECTOR('',#5340,1.);
#5340 = DIRECTION('',(0.,0.,-1.));
#5341 = PLANE('',#5342);
#5342 = AXIS2_PLACEMENT_3D('',#5343,#5344,#5345);
#5343 = CARTESIAN_POINT('',(23.18,0.,3.55));
#5344 = DIRECTION('',(1.,0.,0.));
#5345 = DIRECTION('',(0.,0.,1.));
#5346 = ADVANCED_FACE('',(#5347),#5365,.F.);
#5347 = FACE_BOUND('',#5348,.F.);
#5348 = EDGE_LOOP('',(#5349,#5357,#5363,#5364));
#5349 = ORIENTED_EDGE('',*,*,#5350,.F.);
#5350 = EDGE_CURVE('',#5351,#5327,#5353,.T.);
#5351 = VERTEX_POINT('',#5352);
#5352 = CARTESIAN_POINT('',(22.54,-0.32,-3.31));
#5353 = LINE('',#5354,#5355);
#5354 = CARTESIAN_POINT('',(22.79,-0.32,-3.31));
#5355 = VECTOR('',#5356,1.);
#5356 = DIRECTION('',(1.,0.,0.));
#5357 = ORIENTED_EDGE('',*,*,#5358,.F.);
#5358 = EDGE_CURVE('',#2087,#5351,#5359,.T.);
#5359 = LINE('',#5360,#5361);
#5360 = CARTESIAN_POINT('',(22.54,-0.32,10.66));
#5361 = VECTOR('',#5362,1.);
#5362 = DIRECTION('',(0.,0.,-1.));
#5363 = ORIENTED_EDGE('',*,*,#2094,.T.);
#5364 = ORIENTED_EDGE('',*,*,#5336,.T.);
#5365 = PLANE('',#5366);
#5366 = AXIS2_PLACEMENT_3D('',#5367,#5368,#5369);
#5367 = CARTESIAN_POINT('',(22.54,-0.32,10.66));
#5368 = DIRECTION('',(0.,1.,0.));
#5369 = DIRECTION('',(0.,0.,-1.));
#5370 = ADVANCED_FACE('',(#5371),#5382,.F.);
#5371 = FACE_BOUND('',#5372,.F.);
#5372 = EDGE_LOOP('',(#5373,#5379,#5380,#5381));
#5373 = ORIENTED_EDGE('',*,*,#5374,.T.);
#5374 = EDGE_CURVE('',#5351,#5296,#5375,.T.);
#5375 = LINE('',#5376,#5377);
#5376 = CARTESIAN_POINT('',(22.54,-0.32,-3.31));
#5377 = VECTOR('',#5378,1.);
#5378 = DIRECTION('',(0.,1.,0.));
#5379 = ORIENTED_EDGE('',*,*,#5295,.T.);
#5380 = ORIENTED_EDGE('',*,*,#2086,.T.);
#5381 = ORIENTED_EDGE('',*,*,#5358,.T.);
#5382 = PLANE('',#5383);
#5383 = AXIS2_PLACEMENT_3D('',#5384,#5385,#5386);
#5384 = CARTESIAN_POINT('',(22.54,0.,3.55));
#5385 = DIRECTION('',(1.,0.,0.));
#5386 = DIRECTION('',(0.,0.,1.));
#5387 = ADVANCED_FACE('',(#5388),#5413,.F.);
#5388 = FACE_BOUND('',#5389,.F.);
#5389 = EDGE_LOOP('',(#5390,#5398,#5406,#5412));
#5390 = ORIENTED_EDGE('',*,*,#5391,.F.);
#5391 = EDGE_CURVE('',#5392,#2215,#5394,.T.);
#5392 = VERTEX_POINT('',#5393);
#5393 = CARTESIAN_POINT('',(20.,0.32,-3.31));
#5394 = LINE('',#5395,#5396);
#5395 = CARTESIAN_POINT('',(20.,0.32,-3.56));
#5396 = VECTOR('',#5397,1.);
#5397 = DIRECTION('',(0.,0.,1.));
#5398 = ORIENTED_EDGE('',*,*,#5399,.T.);
#5399 = EDGE_CURVE('',#5392,#5400,#5402,.T.);
#5400 = VERTEX_POINT('',#5401);
#5401 = CARTESIAN_POINT('',(20.64,0.32,-3.31));
#5402 = LINE('',#5403,#5404);
#5403 = CARTESIAN_POINT('',(20.25,0.32,-3.31));
#5404 = VECTOR('',#5405,1.);
#5405 = DIRECTION('',(1.,0.,0.));
#5406 = ORIENTED_EDGE('',*,*,#5407,.T.);
#5407 = EDGE_CURVE('',#5400,#2213,#5408,.T.);
#5408 = LINE('',#5409,#5410);
#5409 = CARTESIAN_POINT('',(20.64,0.32,-3.56));
#5410 = VECTOR('',#5411,1.);
#5411 = DIRECTION('',(0.,0.,1.));
#5412 = ORIENTED_EDGE('',*,*,#2212,.T.);
#5413 = PLANE('',#5414);
#5414 = AXIS2_PLACEMENT_3D('',#5415,#5416,#5417);
#5415 = CARTESIAN_POINT('',(20.,0.32,-3.56));
#5416 = DIRECTION('',(0.,-1.,0.));
#5417 = DIRECTION('',(0.,0.,1.));
#5418 = ADVANCED_FACE('',(#5419),#5437,.T.);
#5419 = FACE_BOUND('',#5420,.T.);
#5420 = EDGE_LOOP('',(#5421,#5429,#5430,#5431));
#5421 = ORIENTED_EDGE('',*,*,#5422,.T.);
#5422 = EDGE_CURVE('',#5423,#5400,#5425,.T.);
#5423 = VERTEX_POINT('',#5424);
#5424 = CARTESIAN_POINT('',(20.64,-0.32,-3.31));
#5425 = LINE('',#5426,#5427);
#5426 = CARTESIAN_POINT('',(20.64,-0.32,-3.31));
#5427 = VECTOR('',#5428,1.);
#5428 = DIRECTION('',(0.,1.,0.));
#5429 = ORIENTED_EDGE('',*,*,#5407,.T.);
#5430 = ORIENTED_EDGE('',*,*,#2238,.T.);
#5431 = ORIENTED_EDGE('',*,*,#5432,.T.);
#5432 = EDGE_CURVE('',#2231,#5423,#5433,.T.);
#5433 = LINE('',#5434,#5435);
#5434 = CARTESIAN_POINT('',(20.64,-0.32,10.66));
#5435 = VECTOR('',#5436,1.);
#5436 = DIRECTION('',(0.,0.,-1.));
#5437 = PLANE('',#5438);
#5438 = AXIS2_PLACEMENT_3D('',#5439,#5440,#5441);
#5439 = CARTESIAN_POINT('',(20.64,0.,3.55));
#5440 = DIRECTION('',(1.,0.,0.));
#5441 = DIRECTION('',(0.,0.,1.));
#5442 = ADVANCED_FACE('',(#5443),#5461,.F.);
#5443 = FACE_BOUND('',#5444,.F.);
#5444 = EDGE_LOOP('',(#5445,#5453,#5459,#5460));
#5445 = ORIENTED_EDGE('',*,*,#5446,.F.);
#5446 = EDGE_CURVE('',#5447,#5423,#5449,.T.);
#5447 = VERTEX_POINT('',#5448);
#5448 = CARTESIAN_POINT('',(20.,-0.32,-3.31));
#5449 = LINE('',#5450,#5451);
#5450 = CARTESIAN_POINT('',(20.25,-0.32,-3.31));
#5451 = VECTOR('',#5452,1.);
#5452 = DIRECTION('',(1.,0.,0.));
#5453 = ORIENTED_EDGE('',*,*,#5454,.F.);
#5454 = EDGE_CURVE('',#2223,#5447,#5455,.T.);
#5455 = LINE('',#5456,#5457);
#5456 = CARTESIAN_POINT('',(20.,-0.32,10.66));
#5457 = VECTOR('',#5458,1.);
#5458 = DIRECTION('',(0.,0.,-1.));
#5459 = ORIENTED_EDGE('',*,*,#2230,.T.);
#5460 = ORIENTED_EDGE('',*,*,#5432,.T.);
#5461 = PLANE('',#5462);
#5462 = AXIS2_PLACEMENT_3D('',#5463,#5464,#5465);
#5463 = CARTESIAN_POINT('',(20.,-0.32,10.66));
#5464 = DIRECTION('',(0.,1.,0.));
#5465 = DIRECTION('',(0.,0.,-1.));
#5466 = ADVANCED_FACE('',(#5467),#5478,.F.);
#5467 = FACE_BOUND('',#5468,.F.);
#5468 = EDGE_LOOP('',(#5469,#5475,#5476,#5477));
#5469 = ORIENTED_EDGE('',*,*,#5470,.T.);
#5470 = EDGE_CURVE('',#5447,#5392,#5471,.T.);
#5471 = LINE('',#5472,#5473);
#5472 = CARTESIAN_POINT('',(20.,-0.32,-3.31));
#5473 = VECTOR('',#5474,1.);
#5474 = DIRECTION('',(0.,1.,0.));
#5475 = ORIENTED_EDGE('',*,*,#5391,.T.);
#5476 = ORIENTED_EDGE('',*,*,#2222,.T.);
#5477 = ORIENTED_EDGE('',*,*,#5454,.T.);
#5478 = PLANE('',#5479);
#5479 = AXIS2_PLACEMENT_3D('',#5480,#5481,#5482);
#5480 = CARTESIAN_POINT('',(20.,0.,3.55));
#5481 = DIRECTION('',(1.,0.,0.));
#5482 = DIRECTION('',(0.,0.,1.));
#5483 = ADVANCED_FACE('',(#5484),#5509,.T.);
#5484 = FACE_BOUND('',#5485,.T.);
#5485 = EDGE_LOOP('',(#5486,#5496,#5502,#5503));
#5486 = ORIENTED_EDGE('',*,*,#5487,.T.);
#5487 = EDGE_CURVE('',#5488,#5490,#5492,.T.);
#5488 = VERTEX_POINT('',#5489);
#5489 = CARTESIAN_POINT('',(18.1,-0.32,-3.31));
#5490 = VERTEX_POINT('',#5491);
#5491 = CARTESIAN_POINT('',(18.1,0.32,-3.31));
#5492 = LINE('',#5493,#5494);
#5493 = CARTESIAN_POINT('',(18.1,-0.32,-3.31));
#5494 = VECTOR('',#5495,1.);
#5495 = DIRECTION('',(0.,1.,0.));
#5496 = ORIENTED_EDGE('',*,*,#5497,.T.);
#5497 = EDGE_CURVE('',#5490,#2349,#5498,.T.);
#5498 = LINE('',#5499,#5500);
#5499 = CARTESIAN_POINT('',(18.1,0.32,-3.56));
#5500 = VECTOR('',#5501,1.);
#5501 = DIRECTION('',(0.,0.,1.));
#5502 = ORIENTED_EDGE('',*,*,#2348,.T.);
#5503 = ORIENTED_EDGE('',*,*,#5504,.T.);
#5504 = EDGE_CURVE('',#2351,#5488,#5505,.T.);
#5505 = LINE('',#5506,#5507);
#5506 = CARTESIAN_POINT('',(18.1,-0.32,10.66));
#5507 = VECTOR('',#5508,1.);
#5508 = DIRECTION('',(0.,0.,-1.));
#5509 = PLANE('',#5510);
#5510 = AXIS2_PLACEMENT_3D('',#5511,#5512,#5513);
#5511 = CARTESIAN_POINT('',(18.1,0.,3.55));
#5512 = DIRECTION('',(1.,0.,0.));
#5513 = DIRECTION('',(0.,0.,1.));
#5514 = ADVANCED_FACE('',(#5515),#5533,.F.);
#5515 = FACE_BOUND('',#5516,.F.);
#5516 = EDGE_LOOP('',(#5517,#5525,#5531,#5532));
#5517 = ORIENTED_EDGE('',*,*,#5518,.F.);
#5518 = EDGE_CURVE('',#5519,#5488,#5521,.T.);
#5519 = VERTEX_POINT('',#5520);
#5520 = CARTESIAN_POINT('',(17.46,-0.32,-3.31));
#5521 = LINE('',#5522,#5523);
#5522 = CARTESIAN_POINT('',(17.71,-0.32,-3.31));
#5523 = VECTOR('',#5524,1.);
#5524 = DIRECTION('',(1.,0.,0.));
#5525 = ORIENTED_EDGE('',*,*,#5526,.F.);
#5526 = EDGE_CURVE('',#2367,#5519,#5527,.T.);
#5527 = LINE('',#5528,#5529);
#5528 = CARTESIAN_POINT('',(17.46,-0.32,10.66));
#5529 = VECTOR('',#5530,1.);
#5530 = DIRECTION('',(0.,0.,-1.));
#5531 = ORIENTED_EDGE('',*,*,#2374,.T.);
#5532 = ORIENTED_EDGE('',*,*,#5504,.T.);
#5533 = PLANE('',#5534);
#5534 = AXIS2_PLACEMENT_3D('',#5535,#5536,#5537);
#5535 = CARTESIAN_POINT('',(17.46,-0.32,10.66));
#5536 = DIRECTION('',(0.,1.,0.));
#5537 = DIRECTION('',(0.,0.,-1.));
#5538 = ADVANCED_FACE('',(#5539),#5557,.F.);
#5539 = FACE_BOUND('',#5540,.F.);
#5540 = EDGE_LOOP('',(#5541,#5549,#5555,#5556));
#5541 = ORIENTED_EDGE('',*,*,#5542,.T.);
#5542 = EDGE_CURVE('',#5519,#5543,#5545,.T.);
#5543 = VERTEX_POINT('',#5544);
#5544 = CARTESIAN_POINT('',(17.46,0.32,-3.31));
#5545 = LINE('',#5546,#5547);
#5546 = CARTESIAN_POINT('',(17.46,-0.32,-3.31));
#5547 = VECTOR('',#5548,1.);
#5548 = DIRECTION('',(0.,1.,0.));
#5549 = ORIENTED_EDGE('',*,*,#5550,.T.);
#5550 = EDGE_CURVE('',#5543,#2359,#5551,.T.);
#5551 = LINE('',#5552,#5553);
#5552 = CARTESIAN_POINT('',(17.46,0.32,-3.56));
#5553 = VECTOR('',#5554,1.);
#5554 = DIRECTION('',(0.,0.,1.));
#5555 = ORIENTED_EDGE('',*,*,#2366,.T.);
#5556 = ORIENTED_EDGE('',*,*,#5526,.T.);
#5557 = PLANE('',#5558);
#5558 = AXIS2_PLACEMENT_3D('',#5559,#5560,#5561);
#5559 = CARTESIAN_POINT('',(17.46,0.,3.55));
#5560 = DIRECTION('',(1.,0.,0.));
#5561 = DIRECTION('',(0.,0.,1.));
#5562 = ADVANCED_FACE('',(#5563),#5574,.F.);
#5563 = FACE_BOUND('',#5564,.F.);
#5564 = EDGE_LOOP('',(#5565,#5566,#5572,#5573));
#5565 = ORIENTED_EDGE('',*,*,#5550,.F.);
#5566 = ORIENTED_EDGE('',*,*,#5567,.T.);
#5567 = EDGE_CURVE('',#5543,#5490,#5568,.T.);
#5568 = LINE('',#5569,#5570);
#5569 = CARTESIAN_POINT('',(17.71,0.32,-3.31));
#5570 = VECTOR('',#5571,1.);
#5571 = DIRECTION('',(1.,0.,0.));
#5572 = ORIENTED_EDGE('',*,*,#5497,.T.);
#5573 = ORIENTED_EDGE('',*,*,#2358,.T.);
#5574 = PLANE('',#5575);
#5575 = AXIS2_PLACEMENT_3D('',#5576,#5577,#5578);
#5576 = CARTESIAN_POINT('',(17.46,0.32,-3.56));
#5577 = DIRECTION('',(0.,-1.,0.));
#5578 = DIRECTION('',(0.,0.,1.));
#5579 = ADVANCED_FACE('',(#5580),#5605,.F.);
#5580 = FACE_BOUND('',#5581,.F.);
#5581 = EDGE_LOOP('',(#5582,#5590,#5598,#5604));
#5582 = ORIENTED_EDGE('',*,*,#5583,.F.);
#5583 = EDGE_CURVE('',#5584,#2487,#5586,.T.);
#5584 = VERTEX_POINT('',#5585);
#5585 = CARTESIAN_POINT('',(14.92,0.32,-3.31));
#5586 = LINE('',#5587,#5588);
#5587 = CARTESIAN_POINT('',(14.92,0.32,-3.56));
#5588 = VECTOR('',#5589,1.);
#5589 = DIRECTION('',(0.,0.,1.));
#5590 = ORIENTED_EDGE('',*,*,#5591,.T.);
#5591 = EDGE_CURVE('',#5584,#5592,#5594,.T.);
#5592 = VERTEX_POINT('',#5593);
#5593 = CARTESIAN_POINT('',(15.56,0.32,-3.31));
#5594 = LINE('',#5595,#5596);
#5595 = CARTESIAN_POINT('',(15.17,0.32,-3.31));
#5596 = VECTOR('',#5597,1.);
#5597 = DIRECTION('',(1.,0.,0.));
#5598 = ORIENTED_EDGE('',*,*,#5599,.T.);
#5599 = EDGE_CURVE('',#5592,#2485,#5600,.T.);
#5600 = LINE('',#5601,#5602);
#5601 = CARTESIAN_POINT('',(15.56,0.32,-3.56));
#5602 = VECTOR('',#5603,1.);
#5603 = DIRECTION('',(0.,0.,1.));
#5604 = ORIENTED_EDGE('',*,*,#2484,.T.);
#5605 = PLANE('',#5606);
#5606 = AXIS2_PLACEMENT_3D('',#5607,#5608,#5609);
#5607 = CARTESIAN_POINT('',(14.92,0.32,-3.56));
#5608 = DIRECTION('',(0.,-1.,0.));
#5609 = DIRECTION('',(0.,0.,1.));
#5610 = ADVANCED_FACE('',(#5611),#5629,.T.);
#5611 = FACE_BOUND('',#5612,.T.);
#5612 = EDGE_LOOP('',(#5613,#5621,#5622,#5623));
#5613 = ORIENTED_EDGE('',*,*,#5614,.T.);
#5614 = EDGE_CURVE('',#5615,#5592,#5617,.T.);
#5615 = VERTEX_POINT('',#5616);
#5616 = CARTESIAN_POINT('',(15.56,-0.32,-3.31));
#5617 = LINE('',#5618,#5619);
#5618 = CARTESIAN_POINT('',(15.56,-0.32,-3.31));
#5619 = VECTOR('',#5620,1.);
#5620 = DIRECTION('',(0.,1.,0.));
#5621 = ORIENTED_EDGE('',*,*,#5599,.T.);
#5622 = ORIENTED_EDGE('',*,*,#2510,.T.);
#5623 = ORIENTED_EDGE('',*,*,#5624,.T.);
#5624 = EDGE_CURVE('',#2503,#5615,#5625,.T.);
#5625 = LINE('',#5626,#5627);
#5626 = CARTESIAN_POINT('',(15.56,-0.32,10.66));
#5627 = VECTOR('',#5628,1.);
#5628 = DIRECTION('',(0.,0.,-1.));
#5629 = PLANE('',#5630);
#5630 = AXIS2_PLACEMENT_3D('',#5631,#5632,#5633);
#5631 = CARTESIAN_POINT('',(15.56,0.,3.55));
#5632 = DIRECTION('',(1.,0.,0.));
#5633 = DIRECTION('',(0.,0.,1.));
#5634 = ADVANCED_FACE('',(#5635),#5653,.F.);
#5635 = FACE_BOUND('',#5636,.F.);
#5636 = EDGE_LOOP('',(#5637,#5645,#5651,#5652));
#5637 = ORIENTED_EDGE('',*,*,#5638,.F.);
#5638 = EDGE_CURVE('',#5639,#5615,#5641,.T.);
#5639 = VERTEX_POINT('',#5640);
#5640 = CARTESIAN_POINT('',(14.92,-0.32,-3.31));
#5641 = LINE('',#5642,#5643);
#5642 = CARTESIAN_POINT('',(15.17,-0.32,-3.31));
#5643 = VECTOR('',#5644,1.);
#5644 = DIRECTION('',(1.,0.,0.));
#5645 = ORIENTED_EDGE('',*,*,#5646,.F.);
#5646 = EDGE_CURVE('',#2495,#5639,#5647,.T.);
#5647 = LINE('',#5648,#5649);
#5648 = CARTESIAN_POINT('',(14.92,-0.32,10.66));
#5649 = VECTOR('',#5650,1.);
#5650 = DIRECTION('',(0.,0.,-1.));
#5651 = ORIENTED_EDGE('',*,*,#2502,.T.);
#5652 = ORIENTED_EDGE('',*,*,#5624,.T.);
#5653 = PLANE('',#5654);
#5654 = AXIS2_PLACEMENT_3D('',#5655,#5656,#5657);
#5655 = CARTESIAN_POINT('',(14.92,-0.32,10.66));
#5656 = DIRECTION('',(0.,1.,0.));
#5657 = DIRECTION('',(0.,0.,-1.));
#5658 = ADVANCED_FACE('',(#5659),#5670,.F.);
#5659 = FACE_BOUND('',#5660,.F.);
#5660 = EDGE_LOOP('',(#5661,#5667,#5668,#5669));
#5661 = ORIENTED_EDGE('',*,*,#5662,.T.);
#5662 = EDGE_CURVE('',#5639,#5584,#5663,.T.);
#5663 = LINE('',#5664,#5665);
#5664 = CARTESIAN_POINT('',(14.92,-0.32,-3.31));
#5665 = VECTOR('',#5666,1.);
#5666 = DIRECTION('',(0.,1.,0.));
#5667 = ORIENTED_EDGE('',*,*,#5583,.T.);
#5668 = ORIENTED_EDGE('',*,*,#2494,.T.);
#5669 = ORIENTED_EDGE('',*,*,#5646,.T.);
#5670 = PLANE('',#5671);
#5671 = AXIS2_PLACEMENT_3D('',#5672,#5673,#5674);
#5672 = CARTESIAN_POINT('',(14.92,0.,3.55));
#5673 = DIRECTION('',(1.,0.,0.));
#5674 = DIRECTION('',(0.,0.,1.));
#5675 = ADVANCED_FACE('',(#5676),#5701,.T.);
#5676 = FACE_BOUND('',#5677,.T.);
#5677 = EDGE_LOOP('',(#5678,#5688,#5694,#5695));
#5678 = ORIENTED_EDGE('',*,*,#5679,.T.);
#5679 = EDGE_CURVE('',#5680,#5682,#5684,.T.);
#5680 = VERTEX_POINT('',#5681);
#5681 = CARTESIAN_POINT('',(13.02,-0.32,-3.31));
#5682 = VERTEX_POINT('',#5683);
#5683 = CARTESIAN_POINT('',(13.02,0.32,-3.31));
#5684 = LINE('',#5685,#5686);
#5685 = CARTESIAN_POINT('',(13.02,-0.32,-3.31));
#5686 = VECTOR('',#5687,1.);
#5687 = DIRECTION('',(0.,1.,0.));
#5688 = ORIENTED_EDGE('',*,*,#5689,.T.);
#5689 = EDGE_CURVE('',#5682,#2621,#5690,.T.);
#5690 = LINE('',#5691,#5692);
#5691 = CARTESIAN_POINT('',(13.02,0.32,-3.56));
#5692 = VECTOR('',#5693,1.);
#5693 = DIRECTION('',(0.,0.,1.));
#5694 = ORIENTED_EDGE('',*,*,#2620,.T.);
#5695 = ORIENTED_EDGE('',*,*,#5696,.T.);
#5696 = EDGE_CURVE('',#2623,#5680,#5697,.T.);
#5697 = LINE('',#5698,#5699);
#5698 = CARTESIAN_POINT('',(13.02,-0.32,10.66));
#5699 = VECTOR('',#5700,1.);
#5700 = DIRECTION('',(0.,0.,-1.));
#5701 = PLANE('',#5702);
#5702 = AXIS2_PLACEMENT_3D('',#5703,#5704,#5705);
#5703 = CARTESIAN_POINT('',(13.02,0.,3.55));
#5704 = DIRECTION('',(1.,0.,0.));
#5705 = DIRECTION('',(0.,0.,1.));
#5706 = ADVANCED_FACE('',(#5707),#5725,.F.);
#5707 = FACE_BOUND('',#5708,.F.);
#5708 = EDGE_LOOP('',(#5709,#5717,#5723,#5724));
#5709 = ORIENTED_EDGE('',*,*,#5710,.F.);
#5710 = EDGE_CURVE('',#5711,#5680,#5713,.T.);
#5711 = VERTEX_POINT('',#5712);
#5712 = CARTESIAN_POINT('',(12.38,-0.32,-3.31));
#5713 = LINE('',#5714,#5715);
#5714 = CARTESIAN_POINT('',(12.63,-0.32,-3.31));
#5715 = VECTOR('',#5716,1.);
#5716 = DIRECTION('',(1.,0.,0.));
#5717 = ORIENTED_EDGE('',*,*,#5718,.F.);
#5718 = EDGE_CURVE('',#2639,#5711,#5719,.T.);
#5719 = LINE('',#5720,#5721);
#5720 = CARTESIAN_POINT('',(12.38,-0.32,10.66));
#5721 = VECTOR('',#5722,1.);
#5722 = DIRECTION('',(0.,0.,-1.));
#5723 = ORIENTED_EDGE('',*,*,#2646,.T.);
#5724 = ORIENTED_EDGE('',*,*,#5696,.T.);
#5725 = PLANE('',#5726);
#5726 = AXIS2_PLACEMENT_3D('',#5727,#5728,#5729);
#5727 = CARTESIAN_POINT('',(12.38,-0.32,10.66));
#5728 = DIRECTION('',(0.,1.,0.));
#5729 = DIRECTION('',(0.,0.,-1.));
#5730 = ADVANCED_FACE('',(#5731),#5749,.F.);
#5731 = FACE_BOUND('',#5732,.F.);
#5732 = EDGE_LOOP('',(#5733,#5741,#5747,#5748));
#5733 = ORIENTED_EDGE('',*,*,#5734,.T.);
#5734 = EDGE_CURVE('',#5711,#5735,#5737,.T.);
#5735 = VERTEX_POINT('',#5736);
#5736 = CARTESIAN_POINT('',(12.38,0.32,-3.31));
#5737 = LINE('',#5738,#5739);
#5738 = CARTESIAN_POINT('',(12.38,-0.32,-3.31));
#5739 = VECTOR('',#5740,1.);
#5740 = DIRECTION('',(0.,1.,0.));
#5741 = ORIENTED_EDGE('',*,*,#5742,.T.);
#5742 = EDGE_CURVE('',#5735,#2631,#5743,.T.);
#5743 = LINE('',#5744,#5745);
#5744 = CARTESIAN_POINT('',(12.38,0.32,-3.56));
#5745 = VECTOR('',#5746,1.);
#5746 = DIRECTION('',(0.,0.,1.));
#5747 = ORIENTED_EDGE('',*,*,#2638,.T.);
#5748 = ORIENTED_EDGE('',*,*,#5718,.T.);
#5749 = PLANE('',#5750);
#5750 = AXIS2_PLACEMENT_3D('',#5751,#5752,#5753);
#5751 = CARTESIAN_POINT('',(12.38,0.,3.55));
#5752 = DIRECTION('',(1.,0.,0.));
#5753 = DIRECTION('',(0.,0.,1.));
#5754 = ADVANCED_FACE('',(#5755),#5766,.F.);
#5755 = FACE_BOUND('',#5756,.F.);
#5756 = EDGE_LOOP('',(#5757,#5758,#5764,#5765));
#5757 = ORIENTED_EDGE('',*,*,#5742,.F.);
#5758 = ORIENTED_EDGE('',*,*,#5759,.T.);
#5759 = EDGE_CURVE('',#5735,#5682,#5760,.T.);
#5760 = LINE('',#5761,#5762);
#5761 = CARTESIAN_POINT('',(12.63,0.32,-3.31));
#5762 = VECTOR('',#5763,1.);
#5763 = DIRECTION('',(1.,0.,0.));
#5764 = ORIENTED_EDGE('',*,*,#5689,.T.);
#5765 = ORIENTED_EDGE('',*,*,#2630,.T.);
#5766 = PLANE('',#5767);
#5767 = AXIS2_PLACEMENT_3D('',#5768,#5769,#5770);
#5768 = CARTESIAN_POINT('',(12.38,0.32,-3.56));
#5769 = DIRECTION('',(0.,-1.,0.));
#5770 = DIRECTION('',(0.,0.,1.));
#5771 = ADVANCED_FACE('',(#5772),#5797,.F.);
#5772 = FACE_BOUND('',#5773,.F.);
#5773 = EDGE_LOOP('',(#5774,#5784,#5790,#5791));
#5774 = ORIENTED_EDGE('',*,*,#5775,.T.);
#5775 = EDGE_CURVE('',#5776,#5778,#5780,.T.);
#5776 = VERTEX_POINT('',#5777);
#5777 = CARTESIAN_POINT('',(9.84,-0.32,-3.31));
#5778 = VERTEX_POINT('',#5779);
#5779 = CARTESIAN_POINT('',(9.84,0.32,-3.31));
#5780 = LINE('',#5781,#5782);
#5781 = CARTESIAN_POINT('',(9.84,-0.32,-3.31));
#5782 = VECTOR('',#5783,1.);
#5783 = DIRECTION('',(0.,1.,0.));
#5784 = ORIENTED_EDGE('',*,*,#5785,.T.);
#5785 = EDGE_CURVE('',#5778,#2757,#5786,.T.);
#5786 = LINE('',#5787,#5788);
#5787 = CARTESIAN_POINT('',(9.84,0.32,-3.56));
#5788 = VECTOR('',#5789,1.);
#5789 = DIRECTION('',(0.,0.,1.));
#5790 = ORIENTED_EDGE('',*,*,#2756,.T.);
#5791 = ORIENTED_EDGE('',*,*,#5792,.T.);
#5792 = EDGE_CURVE('',#2759,#5776,#5793,.T.);
#5793 = LINE('',#5794,#5795);
#5794 = CARTESIAN_POINT('',(9.84,-0.32,10.66));
#5795 = VECTOR('',#5796,1.);
#5796 = DIRECTION('',(0.,0.,-1.));
#5797 = PLANE('',#5798);
#5798 = AXIS2_PLACEMENT_3D('',#5799,#5800,#5801);
#5799 = CARTESIAN_POINT('',(9.84,0.,3.55));
#5800 = DIRECTION('',(1.,0.,0.));
#5801 = DIRECTION('',(0.,0.,1.));
#5802 = ADVANCED_FACE('',(#5803),#5821,.F.);
#5803 = FACE_BOUND('',#5804,.F.);
#5804 = EDGE_LOOP('',(#5805,#5806,#5814,#5820));
#5805 = ORIENTED_EDGE('',*,*,#5785,.F.);
#5806 = ORIENTED_EDGE('',*,*,#5807,.T.);
#5807 = EDGE_CURVE('',#5778,#5808,#5810,.T.);
#5808 = VERTEX_POINT('',#5809);
#5809 = CARTESIAN_POINT('',(10.48,0.32,-3.31));
#5810 = LINE('',#5811,#5812);
#5811 = CARTESIAN_POINT('',(10.09,0.32,-3.31));
#5812 = VECTOR('',#5813,1.);
#5813 = DIRECTION('',(1.,0.,0.));
#5814 = ORIENTED_EDGE('',*,*,#5815,.T.);
#5815 = EDGE_CURVE('',#5808,#2775,#5816,.T.);
#5816 = LINE('',#5817,#5818);
#5817 = CARTESIAN_POINT('',(10.48,0.32,-3.56));
#5818 = VECTOR('',#5819,1.);
#5819 = DIRECTION('',(0.,0.,1.));
#5820 = ORIENTED_EDGE('',*,*,#2782,.T.);
#5821 = PLANE('',#5822);
#5822 = AXIS2_PLACEMENT_3D('',#5823,#5824,#5825);
#5823 = CARTESIAN_POINT('',(9.84,0.32,-3.56));
#5824 = DIRECTION('',(0.,-1.,0.));
#5825 = DIRECTION('',(0.,0.,1.));
#5826 = ADVANCED_FACE('',(#5827),#5845,.T.);
#5827 = FACE_BOUND('',#5828,.T.);
#5828 = EDGE_LOOP('',(#5829,#5837,#5838,#5839));
#5829 = ORIENTED_EDGE('',*,*,#5830,.T.);
#5830 = EDGE_CURVE('',#5831,#5808,#5833,.T.);
#5831 = VERTEX_POINT('',#5832);
#5832 = CARTESIAN_POINT('',(10.48,-0.32,-3.31));
#5833 = LINE('',#5834,#5835);
#5834 = CARTESIAN_POINT('',(10.48,-0.32,-3.31));
#5835 = VECTOR('',#5836,1.);
#5836 = DIRECTION('',(0.,1.,0.));
#5837 = ORIENTED_EDGE('',*,*,#5815,.T.);
#5838 = ORIENTED_EDGE('',*,*,#2774,.T.);
#5839 = ORIENTED_EDGE('',*,*,#5840,.T.);
#5840 = EDGE_CURVE('',#2767,#5831,#5841,.T.);
#5841 = LINE('',#5842,#5843);
#5842 = CARTESIAN_POINT('',(10.48,-0.32,10.66));
#5843 = VECTOR('',#5844,1.);
#5844 = DIRECTION('',(0.,0.,-1.));
#5845 = PLANE('',#5846);
#5846 = AXIS2_PLACEMENT_3D('',#5847,#5848,#5849);
#5847 = CARTESIAN_POINT('',(10.48,0.,3.55));
#5848 = DIRECTION('',(1.,0.,0.));
#5849 = DIRECTION('',(0.,0.,1.));
#5850 = ADVANCED_FACE('',(#5851),#5862,.F.);
#5851 = FACE_BOUND('',#5852,.F.);
#5852 = EDGE_LOOP('',(#5853,#5859,#5860,#5861));
#5853 = ORIENTED_EDGE('',*,*,#5854,.F.);
#5854 = EDGE_CURVE('',#5776,#5831,#5855,.T.);
#5855 = LINE('',#5856,#5857);
#5856 = CARTESIAN_POINT('',(10.09,-0.32,-3.31));
#5857 = VECTOR('',#5858,1.);
#5858 = DIRECTION('',(1.,0.,0.));
#5859 = ORIENTED_EDGE('',*,*,#5792,.F.);
#5860 = ORIENTED_EDGE('',*,*,#2766,.T.);
#5861 = ORIENTED_EDGE('',*,*,#5840,.T.);
#5862 = PLANE('',#5863);
#5863 = AXIS2_PLACEMENT_3D('',#5864,#5865,#5866);
#5864 = CARTESIAN_POINT('',(9.84,-0.32,10.66));
#5865 = DIRECTION('',(0.,1.,0.));
#5866 = DIRECTION('',(0.,0.,-1.));
#5867 = ADVANCED_FACE('',(#5868),#5893,.F.);
#5868 = FACE_BOUND('',#5869,.F.);
#5869 = EDGE_LOOP('',(#5870,#5878,#5886,#5892));
#5870 = ORIENTED_EDGE('',*,*,#5871,.F.);
#5871 = EDGE_CURVE('',#5872,#2895,#5874,.T.);
#5872 = VERTEX_POINT('',#5873);
#5873 = CARTESIAN_POINT('',(7.3,0.32,-3.31));
#5874 = LINE('',#5875,#5876);
#5875 = CARTESIAN_POINT('',(7.3,0.32,-3.56));
#5876 = VECTOR('',#5877,1.);
#5877 = DIRECTION('',(0.,0.,1.));
#5878 = ORIENTED_EDGE('',*,*,#5879,.T.);
#5879 = EDGE_CURVE('',#5872,#5880,#5882,.T.);
#5880 = VERTEX_POINT('',#5881);
#5881 = CARTESIAN_POINT('',(7.94,0.32,-3.31));
#5882 = LINE('',#5883,#5884);
#5883 = CARTESIAN_POINT('',(7.55,0.32,-3.31));
#5884 = VECTOR('',#5885,1.);
#5885 = DIRECTION('',(1.,0.,0.));
#5886 = ORIENTED_EDGE('',*,*,#5887,.T.);
#5887 = EDGE_CURVE('',#5880,#2893,#5888,.T.);
#5888 = LINE('',#5889,#5890);
#5889 = CARTESIAN_POINT('',(7.94,0.32,-3.56));
#5890 = VECTOR('',#5891,1.);
#5891 = DIRECTION('',(0.,0.,1.));
#5892 = ORIENTED_EDGE('',*,*,#2892,.T.);
#5893 = PLANE('',#5894);
#5894 = AXIS2_PLACEMENT_3D('',#5895,#5896,#5897);
#5895 = CARTESIAN_POINT('',(7.3,0.32,-3.56));
#5896 = DIRECTION('',(0.,-1.,0.));
#5897 = DIRECTION('',(0.,0.,1.));
#5898 = ADVANCED_FACE('',(#5899),#5917,.T.);
#5899 = FACE_BOUND('',#5900,.T.);
#5900 = EDGE_LOOP('',(#5901,#5909,#5910,#5911));
#5901 = ORIENTED_EDGE('',*,*,#5902,.T.);
#5902 = EDGE_CURVE('',#5903,#5880,#5905,.T.);
#5903 = VERTEX_POINT('',#5904);
#5904 = CARTESIAN_POINT('',(7.94,-0.32,-3.31));
#5905 = LINE('',#5906,#5907);
#5906 = CARTESIAN_POINT('',(7.94,-0.32,-3.31));
#5907 = VECTOR('',#5908,1.);
#5908 = DIRECTION('',(0.,1.,0.));
#5909 = ORIENTED_EDGE('',*,*,#5887,.T.);
#5910 = ORIENTED_EDGE('',*,*,#2918,.T.);
#5911 = ORIENTED_EDGE('',*,*,#5912,.T.);
#5912 = EDGE_CURVE('',#2911,#5903,#5913,.T.);
#5913 = LINE('',#5914,#5915);
#5914 = CARTESIAN_POINT('',(7.94,-0.32,10.66));
#5915 = VECTOR('',#5916,1.);
#5916 = DIRECTION('',(0.,0.,-1.));
#5917 = PLANE('',#5918);
#5918 = AXIS2_PLACEMENT_3D('',#5919,#5920,#5921);
#5919 = CARTESIAN_POINT('',(7.94,0.,3.55));
#5920 = DIRECTION('',(1.,0.,0.));
#5921 = DIRECTION('',(0.,0.,1.));
#5922 = ADVANCED_FACE('',(#5923),#5941,.F.);
#5923 = FACE_BOUND('',#5924,.F.);
#5924 = EDGE_LOOP('',(#5925,#5933,#5939,#5940));
#5925 = ORIENTED_EDGE('',*,*,#5926,.F.);
#5926 = EDGE_CURVE('',#5927,#5903,#5929,.T.);
#5927 = VERTEX_POINT('',#5928);
#5928 = CARTESIAN_POINT('',(7.3,-0.32,-3.31));
#5929 = LINE('',#5930,#5931);
#5930 = CARTESIAN_POINT('',(7.55,-0.32,-3.31));
#5931 = VECTOR('',#5932,1.);
#5932 = DIRECTION('',(1.,0.,0.));
#5933 = ORIENTED_EDGE('',*,*,#5934,.F.);
#5934 = EDGE_CURVE('',#2903,#5927,#5935,.T.);
#5935 = LINE('',#5936,#5937);
#5936 = CARTESIAN_POINT('',(7.3,-0.32,10.66));
#5937 = VECTOR('',#5938,1.);
#5938 = DIRECTION('',(0.,0.,-1.));
#5939 = ORIENTED_EDGE('',*,*,#2910,.T.);
#5940 = ORIENTED_EDGE('',*,*,#5912,.T.);
#5941 = PLANE('',#5942);
#5942 = AXIS2_PLACEMENT_3D('',#5943,#5944,#5945);
#5943 = CARTESIAN_POINT('',(7.3,-0.32,10.66));
#5944 = DIRECTION('',(0.,1.,0.));
#5945 = DIRECTION('',(0.,0.,-1.));
#5946 = ADVANCED_FACE('',(#5947),#5958,.F.);
#5947 = FACE_BOUND('',#5948,.F.);
#5948 = EDGE_LOOP('',(#5949,#5955,#5956,#5957));
#5949 = ORIENTED_EDGE('',*,*,#5950,.T.);
#5950 = EDGE_CURVE('',#5927,#5872,#5951,.T.);
#5951 = LINE('',#5952,#5953);
#5952 = CARTESIAN_POINT('',(7.3,-0.32,-3.31));
#5953 = VECTOR('',#5954,1.);
#5954 = DIRECTION('',(0.,1.,0.));
#5955 = ORIENTED_EDGE('',*,*,#5871,.T.);
#5956 = ORIENTED_EDGE('',*,*,#2902,.T.);
#5957 = ORIENTED_EDGE('',*,*,#5934,.T.);
#5958 = PLANE('',#5959);
#5959 = AXIS2_PLACEMENT_3D('',#5960,#5961,#5962);
#5960 = CARTESIAN_POINT('',(7.3,0.,3.55));
#5961 = DIRECTION('',(1.,0.,0.));
#5962 = DIRECTION('',(0.,0.,1.));
#5963 = ADVANCED_FACE('',(#5964),#5989,.T.);
#5964 = FACE_BOUND('',#5965,.T.);
#5965 = EDGE_LOOP('',(#5966,#5976,#5982,#5983));
#5966 = ORIENTED_EDGE('',*,*,#5967,.T.);
#5967 = EDGE_CURVE('',#5968,#5970,#5972,.T.);
#5968 = VERTEX_POINT('',#5969);
#5969 = CARTESIAN_POINT('',(5.4,-0.32,-3.31));
#5970 = VERTEX_POINT('',#5971);
#5971 = CARTESIAN_POINT('',(5.4,0.32,-3.31));
#5972 = LINE('',#5973,#5974);
#5973 = CARTESIAN_POINT('',(5.4,-0.32,-3.31));
#5974 = VECTOR('',#5975,1.);
#5975 = DIRECTION('',(0.,1.,0.));
#5976 = ORIENTED_EDGE('',*,*,#5977,.T.);
#5977 = EDGE_CURVE('',#5970,#3029,#5978,.T.);
#5978 = LINE('',#5979,#5980);
#5979 = CARTESIAN_POINT('',(5.4,0.32,-3.56));
#5980 = VECTOR('',#5981,1.);
#5981 = DIRECTION('',(0.,0.,1.));
#5982 = ORIENTED_EDGE('',*,*,#3028,.T.);
#5983 = ORIENTED_EDGE('',*,*,#5984,.T.);
#5984 = EDGE_CURVE('',#3031,#5968,#5985,.T.);
#5985 = LINE('',#5986,#5987);
#5986 = CARTESIAN_POINT('',(5.4,-0.32,10.66));
#5987 = VECTOR('',#5988,1.);
#5988 = DIRECTION('',(0.,0.,-1.));
#5989 = PLANE('',#5990);
#5990 = AXIS2_PLACEMENT_3D('',#5991,#5992,#5993);
#5991 = CARTESIAN_POINT('',(5.4,0.,3.55));
#5992 = DIRECTION('',(1.,0.,0.));
#5993 = DIRECTION('',(0.,0.,1.));
#5994 = ADVANCED_FACE('',(#5995),#6013,.F.);
#5995 = FACE_BOUND('',#5996,.F.);
#5996 = EDGE_LOOP('',(#5997,#6005,#6011,#6012));
#5997 = ORIENTED_EDGE('',*,*,#5998,.F.);
#5998 = EDGE_CURVE('',#5999,#5968,#6001,.T.);
#5999 = VERTEX_POINT('',#6000);
#6000 = CARTESIAN_POINT('',(4.76,-0.32,-3.31));
#6001 = LINE('',#6002,#6003);
#6002 = CARTESIAN_POINT('',(5.01,-0.32,-3.31));
#6003 = VECTOR('',#6004,1.);
#6004 = DIRECTION('',(1.,0.,0.));
#6005 = ORIENTED_EDGE('',*,*,#6006,.F.);
#6006 = EDGE_CURVE('',#3047,#5999,#6007,.T.);
#6007 = LINE('',#6008,#6009);
#6008 = CARTESIAN_POINT('',(4.76,-0.32,10.66));
#6009 = VECTOR('',#6010,1.);
#6010 = DIRECTION('',(0.,0.,-1.));
#6011 = ORIENTED_EDGE('',*,*,#3054,.T.);
#6012 = ORIENTED_EDGE('',*,*,#5984,.T.);
#6013 = PLANE('',#6014);
#6014 = AXIS2_PLACEMENT_3D('',#6015,#6016,#6017);
#6015 = CARTESIAN_POINT('',(4.76,-0.32,10.66));
#6016 = DIRECTION('',(0.,1.,0.));
#6017 = DIRECTION('',(0.,0.,-1.));
#6018 = ADVANCED_FACE('',(#6019),#6037,.F.);
#6019 = FACE_BOUND('',#6020,.F.);
#6020 = EDGE_LOOP('',(#6021,#6029,#6035,#6036));
#6021 = ORIENTED_EDGE('',*,*,#6022,.T.);
#6022 = EDGE_CURVE('',#5999,#6023,#6025,.T.);
#6023 = VERTEX_POINT('',#6024);
#6024 = CARTESIAN_POINT('',(4.76,0.32,-3.31));
#6025 = LINE('',#6026,#6027);
#6026 = CARTESIAN_POINT('',(4.76,-0.32,-3.31));
#6027 = VECTOR('',#6028,1.);
#6028 = DIRECTION('',(0.,1.,0.));
#6029 = ORIENTED_EDGE('',*,*,#6030,.T.);
#6030 = EDGE_CURVE('',#6023,#3039,#6031,.T.);
#6031 = LINE('',#6032,#6033);
#6032 = CARTESIAN_POINT('',(4.76,0.32,-3.56));
#6033 = VECTOR('',#6034,1.);
#6034 = DIRECTION('',(0.,0.,1.));
#6035 = ORIENTED_EDGE('',*,*,#3046,.T.);
#6036 = ORIENTED_EDGE('',*,*,#6006,.T.);
#6037 = PLANE('',#6038);
#6038 = AXIS2_PLACEMENT_3D('',#6039,#6040,#6041);
#6039 = CARTESIAN_POINT('',(4.76,0.,3.55));
#6040 = DIRECTION('',(1.,0.,0.));
#6041 = DIRECTION('',(0.,0.,1.));
#6042 = ADVANCED_FACE('',(#6043),#6054,.F.);
#6043 = FACE_BOUND('',#6044,.F.);
#6044 = EDGE_LOOP('',(#6045,#6046,#6052,#6053));
#6045 = ORIENTED_EDGE('',*,*,#6030,.F.);
#6046 = ORIENTED_EDGE('',*,*,#6047,.T.);
#6047 = EDGE_CURVE('',#6023,#5970,#6048,.T.);
#6048 = LINE('',#6049,#6050);
#6049 = CARTESIAN_POINT('',(5.01,0.32,-3.31));
#6050 = VECTOR('',#6051,1.);
#6051 = DIRECTION('',(1.,0.,0.));
#6052 = ORIENTED_EDGE('',*,*,#5977,.T.);
#6053 = ORIENTED_EDGE('',*,*,#3038,.T.);
#6054 = PLANE('',#6055);
#6055 = AXIS2_PLACEMENT_3D('',#6056,#6057,#6058);
#6056 = CARTESIAN_POINT('',(4.76,0.32,-3.56));
#6057 = DIRECTION('',(0.,-1.,0.));
#6058 = DIRECTION('',(0.,0.,1.));
#6059 = ADVANCED_FACE('',(#6060),#6085,.T.);
#6060 = FACE_BOUND('',#6061,.T.);
#6061 = EDGE_LOOP('',(#6062,#6072,#6078,#6079));
#6062 = ORIENTED_EDGE('',*,*,#6063,.T.);
#6063 = EDGE_CURVE('',#6064,#6066,#6068,.T.);
#6064 = VERTEX_POINT('',#6065);
#6065 = CARTESIAN_POINT('',(2.86,-0.32,-3.31));
#6066 = VERTEX_POINT('',#6067);
#6067 = CARTESIAN_POINT('',(2.86,0.32,-3.31));
#6068 = LINE('',#6069,#6070);
#6069 = CARTESIAN_POINT('',(2.86,-0.32,-3.31));
#6070 = VECTOR('',#6071,1.);
#6071 = DIRECTION('',(0.,1.,0.));
#6072 = ORIENTED_EDGE('',*,*,#6073,.T.);
#6073 = EDGE_CURVE('',#6066,#3165,#6074,.T.);
#6074 = LINE('',#6075,#6076);
#6075 = CARTESIAN_POINT('',(2.86,0.32,-3.56));
#6076 = VECTOR('',#6077,1.);
#6077 = DIRECTION('',(0.,0.,1.));
#6078 = ORIENTED_EDGE('',*,*,#3164,.T.);
#6079 = ORIENTED_EDGE('',*,*,#6080,.T.);
#6080 = EDGE_CURVE('',#3167,#6064,#6081,.T.);
#6081 = LINE('',#6082,#6083);
#6082 = CARTESIAN_POINT('',(2.86,-0.32,10.66));
#6083 = VECTOR('',#6084,1.);
#6084 = DIRECTION('',(0.,0.,-1.));
#6085 = PLANE('',#6086);
#6086 = AXIS2_PLACEMENT_3D('',#6087,#6088,#6089);
#6087 = CARTESIAN_POINT('',(2.86,0.,3.55));
#6088 = DIRECTION('',(1.,0.,0.));
#6089 = DIRECTION('',(0.,0.,1.));
#6090 = ADVANCED_FACE('',(#6091),#6109,.F.);
#6091 = FACE_BOUND('',#6092,.F.);
#6092 = EDGE_LOOP('',(#6093,#6101,#6107,#6108));
#6093 = ORIENTED_EDGE('',*,*,#6094,.F.);
#6094 = EDGE_CURVE('',#6095,#6064,#6097,.T.);
#6095 = VERTEX_POINT('',#6096);
#6096 = CARTESIAN_POINT('',(2.22,-0.32,-3.31));
#6097 = LINE('',#6098,#6099);
#6098 = CARTESIAN_POINT('',(2.47,-0.32,-3.31));
#6099 = VECTOR('',#6100,1.);
#6100 = DIRECTION('',(1.,0.,0.));
#6101 = ORIENTED_EDGE('',*,*,#6102,.F.);
#6102 = EDGE_CURVE('',#3183,#6095,#6103,.T.);
#6103 = LINE('',#6104,#6105);
#6104 = CARTESIAN_POINT('',(2.22,-0.32,10.66));
#6105 = VECTOR('',#6106,1.);
#6106 = DIRECTION('',(0.,0.,-1.));
#6107 = ORIENTED_EDGE('',*,*,#3190,.T.);
#6108 = ORIENTED_EDGE('',*,*,#6080,.T.);
#6109 = PLANE('',#6110);
#6110 = AXIS2_PLACEMENT_3D('',#6111,#6112,#6113);
#6111 = CARTESIAN_POINT('',(2.22,-0.32,10.66));
#6112 = DIRECTION('',(0.,1.,0.));
#6113 = DIRECTION('',(0.,0.,-1.));
#6114 = ADVANCED_FACE('',(#6115),#6133,.F.);
#6115 = FACE_BOUND('',#6116,.F.);
#6116 = EDGE_LOOP('',(#6117,#6125,#6131,#6132));
#6117 = ORIENTED_EDGE('',*,*,#6118,.T.);
#6118 = EDGE_CURVE('',#6095,#6119,#6121,.T.);
#6119 = VERTEX_POINT('',#6120);
#6120 = CARTESIAN_POINT('',(2.22,0.32,-3.31));
#6121 = LINE('',#6122,#6123);
#6122 = CARTESIAN_POINT('',(2.22,-0.32,-3.31));
#6123 = VECTOR('',#6124,1.);
#6124 = DIRECTION('',(0.,1.,0.));
#6125 = ORIENTED_EDGE('',*,*,#6126,.T.);
#6126 = EDGE_CURVE('',#6119,#3175,#6127,.T.);
#6127 = LINE('',#6128,#6129);
#6128 = CARTESIAN_POINT('',(2.22,0.32,-3.56));
#6129 = VECTOR('',#6130,1.);
#6130 = DIRECTION('',(0.,0.,1.));
#6131 = ORIENTED_EDGE('',*,*,#3182,.T.);
#6132 = ORIENTED_EDGE('',*,*,#6102,.T.);
#6133 = PLANE('',#6134);
#6134 = AXIS2_PLACEMENT_3D('',#6135,#6136,#6137);
#6135 = CARTESIAN_POINT('',(2.22,0.,3.55));
#6136 = DIRECTION('',(1.,0.,0.));
#6137 = DIRECTION('',(0.,0.,1.));
#6138 = ADVANCED_FACE('',(#6139),#6150,.F.);
#6139 = FACE_BOUND('',#6140,.F.);
#6140 = EDGE_LOOP('',(#6141,#6142,#6148,#6149));
#6141 = ORIENTED_EDGE('',*,*,#6126,.F.);
#6142 = ORIENTED_EDGE('',*,*,#6143,.T.);
#6143 = EDGE_CURVE('',#6119,#6066,#6144,.T.);
#6144 = LINE('',#6145,#6146);
#6145 = CARTESIAN_POINT('',(2.47,0.32,-3.31));
#6146 = VECTOR('',#6147,1.);
#6147 = DIRECTION('',(1.,0.,0.));
#6148 = ORIENTED_EDGE('',*,*,#6073,.T.);
#6149 = ORIENTED_EDGE('',*,*,#3174,.T.);
#6150 = PLANE('',#6151);
#6151 = AXIS2_PLACEMENT_3D('',#6152,#6153,#6154);
#6152 = CARTESIAN_POINT('',(2.22,0.32,-3.56));
#6153 = DIRECTION('',(0.,-1.,0.));
#6154 = DIRECTION('',(0.,0.,1.));
#6155 = ADVANCED_FACE('',(#6156),#6181,.T.);
#6156 = FACE_BOUND('',#6157,.T.);
#6157 = EDGE_LOOP('',(#6158,#6168,#6174,#6175));
#6158 = ORIENTED_EDGE('',*,*,#6159,.T.);
#6159 = EDGE_CURVE('',#6160,#6162,#6164,.T.);
#6160 = VERTEX_POINT('',#6161);
#6161 = CARTESIAN_POINT('',(0.32,-0.32,-3.31));
#6162 = VERTEX_POINT('',#6163);
#6163 = CARTESIAN_POINT('',(0.32,0.32,-3.31));
#6164 = LINE('',#6165,#6166);
#6165 = CARTESIAN_POINT('',(0.32,-0.32,-3.31));
#6166 = VECTOR('',#6167,1.);
#6167 = DIRECTION('',(0.,1.,0.));
#6168 = ORIENTED_EDGE('',*,*,#6169,.T.);
#6169 = EDGE_CURVE('',#6162,#3296,#6170,.T.);
#6170 = LINE('',#6171,#6172);
#6171 = CARTESIAN_POINT('',(0.32,0.32,-3.56));
#6172 = VECTOR('',#6173,1.);
#6173 = DIRECTION('',(0.,0.,1.));
#6174 = ORIENTED_EDGE('',*,*,#3295,.T.);
#6175 = ORIENTED_EDGE('',*,*,#6176,.T.);
#6176 = EDGE_CURVE('',#3298,#6160,#6177,.T.);
#6177 = LINE('',#6178,#6179);
#6178 = CARTESIAN_POINT('',(0.32,-0.32,10.66));
#6179 = VECTOR('',#6180,1.);
#6180 = DIRECTION('',(0.,0.,-1.));
#6181 = PLANE('',#6182);
#6182 = AXIS2_PLACEMENT_3D('',#6183,#6184,#6185);
#6183 = CARTESIAN_POINT('',(0.32,0.,3.55));
#6184 = DIRECTION('',(1.,0.,0.));
#6185 = DIRECTION('',(0.,0.,1.));
#6186 = ADVANCED_FACE('',(#6187),#6205,.F.);
#6187 = FACE_BOUND('',#6188,.F.);
#6188 = EDGE_LOOP('',(#6189,#6197,#6203,#6204));
#6189 = ORIENTED_EDGE('',*,*,#6190,.F.);
#6190 = EDGE_CURVE('',#6191,#6160,#6193,.T.);
#6191 = VERTEX_POINT('',#6192);
#6192 = CARTESIAN_POINT('',(-0.32,-0.32,-3.31));
#6193 = LINE('',#6194,#6195);
#6194 = CARTESIAN_POINT('',(-7.E-02,-0.32,-3.31));
#6195 = VECTOR('',#6196,1.);
#6196 = DIRECTION('',(1.,0.,0.));
#6197 = ORIENTED_EDGE('',*,*,#6198,.F.);
#6198 = EDGE_CURVE('',#3314,#6191,#6199,.T.);
#6199 = LINE('',#6200,#6201);
#6200 = CARTESIAN_POINT('',(-0.32,-0.32,10.66));
#6201 = VECTOR('',#6202,1.);
#6202 = DIRECTION('',(0.,0.,-1.));
#6203 = ORIENTED_EDGE('',*,*,#3321,.T.);
#6204 = ORIENTED_EDGE('',*,*,#6176,.T.);
#6205 = PLANE('',#6206);
#6206 = AXIS2_PLACEMENT_3D('',#6207,#6208,#6209);
#6207 = CARTESIAN_POINT('',(-0.32,-0.32,10.66));
#6208 = DIRECTION('',(0.,1.,0.));
#6209 = DIRECTION('',(0.,0.,-1.));
#6210 = ADVANCED_FACE('',(#6211),#6229,.F.);
#6211 = FACE_BOUND('',#6212,.F.);
#6212 = EDGE_LOOP('',(#6213,#6221,#6227,#6228));
#6213 = ORIENTED_EDGE('',*,*,#6214,.T.);
#6214 = EDGE_CURVE('',#6191,#6215,#6217,.T.);
#6215 = VERTEX_POINT('',#6216);
#6216 = CARTESIAN_POINT('',(-0.32,0.32,-3.31));
#6217 = LINE('',#6218,#6219);
#6218 = CARTESIAN_POINT('',(-0.32,-0.32,-3.31));
#6219 = VECTOR('',#6220,1.);
#6220 = DIRECTION('',(0.,1.,0.));
#6221 = ORIENTED_EDGE('',*,*,#6222,.T.);
#6222 = EDGE_CURVE('',#6215,#3306,#6223,.T.);
#6223 = LINE('',#6224,#6225);
#6224 = CARTESIAN_POINT('',(-0.32,0.32,-3.56));
#6225 = VECTOR('',#6226,1.);
#6226 = DIRECTION('',(0.,0.,1.));
#6227 = ORIENTED_EDGE('',*,*,#3313,.T.);
#6228 = ORIENTED_EDGE('',*,*,#6198,.T.);
#6229 = PLANE('',#6230);
#6230 = AXIS2_PLACEMENT_3D('',#6231,#6232,#6233);
#6231 = CARTESIAN_POINT('',(-0.32,0.,3.55));
#6232 = DIRECTION('',(1.,0.,0.));
#6233 = DIRECTION('',(0.,0.,1.));
#6234 = ADVANCED_FACE('',(#6235),#6246,.F.);
#6235 = FACE_BOUND('',#6236,.F.);
#6236 = EDGE_LOOP('',(#6237,#6238,#6244,#6245));
#6237 = ORIENTED_EDGE('',*,*,#6222,.F.);
#6238 = ORIENTED_EDGE('',*,*,#6239,.T.);
#6239 = EDGE_CURVE('',#6215,#6162,#6240,.T.);
#6240 = LINE('',#6241,#6242);
#6241 = CARTESIAN_POINT('',(-7.E-02,0.32,-3.31));
#6242 = VECTOR('',#6243,1.);
#6243 = DIRECTION('',(1.,0.,0.));
#6244 = ORIENTED_EDGE('',*,*,#6169,.T.);
#6245 = ORIENTED_EDGE('',*,*,#3305,.T.);
#6246 = PLANE('',#6247);
#6247 = AXIS2_PLACEMENT_3D('',#6248,#6249,#6250);
#6248 = CARTESIAN_POINT('',(-0.32,0.32,-3.56));
#6249 = DIRECTION('',(0.,-1.,0.));
#6250 = DIRECTION('',(0.,0.,1.));
#6251 = ADVANCED_FACE('',(#6252),#6264,.T.);
#6252 = FACE_BOUND('',#6253,.T.);
#6253 = EDGE_LOOP('',(#6254,#6255,#6256,#6257,#6263));
#6254 = ORIENTED_EDGE('',*,*,#3438,.T.);
#6255 = ORIENTED_EDGE('',*,*,#3421,.T.);
#6256 = ORIENTED_EDGE('',*,*,#3356,.T.);
#6257 = ORIENTED_EDGE('',*,*,#6258,.F.);
#6258 = EDGE_CURVE('',#3463,#3357,#6259,.T.);
#6259 = LINE('',#6260,#6261);
#6260 = CARTESIAN_POINT('',(17.78,-1.9,7.9));
#6261 = VECTOR('',#6262,1.);
#6262 = DIRECTION('',(1.,0.,0.));
#6263 = ORIENTED_EDGE('',*,*,#3462,.F.);
#6264 = PLANE('',#6265);
#6265 = AXIS2_PLACEMENT_3D('',#6266,#6267,#6268);
#6266 = CARTESIAN_POINT('',(17.78,-1.9,11.7));
#6267 = DIRECTION('',(0.,1.,0.));
#6268 = DIRECTION('',(0.,0.,-1.));
#6269 = ADVANCED_FACE('',(#6270),#6281,.T.);
#6270 = FACE_BOUND('',#6271,.T.);
#6271 = EDGE_LOOP('',(#6272,#6273,#6274,#6280));
#6272 = ORIENTED_EDGE('',*,*,#6258,.T.);
#6273 = ORIENTED_EDGE('',*,*,#3364,.T.);
#6274 = ORIENTED_EDGE('',*,*,#6275,.F.);
#6275 = EDGE_CURVE('',#3471,#3365,#6276,.T.);
#6276 = LINE('',#6277,#6278);
#6277 = CARTESIAN_POINT('',(17.78,-1.4,7.));
#6278 = VECTOR('',#6279,1.);
#6279 = DIRECTION('',(1.,0.,0.));
#6280 = ORIENTED_EDGE('',*,*,#3470,.F.);
#6281 = PLANE('',#6282);
#6282 = AXIS2_PLACEMENT_3D('',#6283,#6284,#6285);
#6283 = CARTESIAN_POINT('',(17.78,-1.9,7.9));
#6284 = DIRECTION('',(0.,0.874157276121,0.485642931179));
#6285 = DIRECTION('',(0.,0.485642931179,-0.874157276121));
#6286 = ADVANCED_FACE('',(#6287),#6298,.T.);
#6287 = FACE_BOUND('',#6288,.T.);
#6288 = EDGE_LOOP('',(#6289,#6295,#6296,#6297));
#6289 = ORIENTED_EDGE('',*,*,#6290,.T.);
#6290 = EDGE_CURVE('',#3487,#3381,#6291,.T.);
#6291 = LINE('',#6292,#6293);
#6292 = CARTESIAN_POINT('',(17.78,-1.9,5.5));
#6293 = VECTOR('',#6294,1.);
#6294 = DIRECTION('',(1.,0.,0.));
#6295 = ORIENTED_EDGE('',*,*,#3388,.T.);
#6296 = ORIENTED_EDGE('',*,*,#3709,.F.);
#6297 = ORIENTED_EDGE('',*,*,#3494,.F.);
#6298 = PLANE('',#6299);
#6299 = AXIS2_PLACEMENT_3D('',#6300,#6301,#6302);
#6300 = CARTESIAN_POINT('',(17.78,-1.9,5.5));
#6301 = DIRECTION('',(0.,1.,0.));
#6302 = DIRECTION('',(0.,0.,-1.));
#6303 = ADVANCED_FACE('',(#6304),#6315,.T.);
#6304 = FACE_BOUND('',#6305,.T.);
#6305 = EDGE_LOOP('',(#6306,#6307,#6308,#6314));
#6306 = ORIENTED_EDGE('',*,*,#6275,.T.);
#6307 = ORIENTED_EDGE('',*,*,#3372,.T.);
#6308 = ORIENTED_EDGE('',*,*,#6309,.F.);
#6309 = EDGE_CURVE('',#3479,#3373,#6310,.T.);
#6310 = LINE('',#6311,#6312);
#6311 = CARTESIAN_POINT('',(17.78,-1.4,6.));
#6312 = VECTOR('',#6313,1.);
#6313 = DIRECTION('',(1.,0.,0.));
#6314 = ORIENTED_EDGE('',*,*,#3478,.F.);
#6315 = PLANE('',#6316);
#6316 = AXIS2_PLACEMENT_3D('',#6317,#6318,#6319);
#6317 = CARTESIAN_POINT('',(17.78,-1.4,7.));
#6318 = DIRECTION('',(0.,1.,0.));
#6319 = DIRECTION('',(0.,0.,-1.));
#6320 = ADVANCED_FACE('',(#6321),#6327,.T.);
#6321 = FACE_BOUND('',#6322,.T.);
#6322 = EDGE_LOOP('',(#6323,#6324,#6325,#6326));
#6323 = ORIENTED_EDGE('',*,*,#6309,.T.);
#6324 = ORIENTED_EDGE('',*,*,#3380,.T.);
#6325 = ORIENTED_EDGE('',*,*,#6290,.F.);
#6326 = ORIENTED_EDGE('',*,*,#3486,.F.);
#6327 = PLANE('',#6328);
#6328 = AXIS2_PLACEMENT_3D('',#6329,#6330,#6331);
#6329 = CARTESIAN_POINT('',(17.78,-1.4,6.));
#6330 = DIRECTION('',(0.,0.707106781187,-0.707106781187));
#6331 = DIRECTION('',(0.,-0.707106781187,-0.707106781187));
#6332 = ADVANCED_FACE('',(#6333),#6345,.T.);
#6333 = FACE_BOUND('',#6334,.F.);
#6334 = EDGE_LOOP('',(#6335,#6336,#6337,#6338,#6344));
#6335 = ORIENTED_EDGE('',*,*,#3592,.T.);
#6336 = ORIENTED_EDGE('',*,*,#3609,.T.);
#6337 = ORIENTED_EDGE('',*,*,#3633,.T.);
#6338 = ORIENTED_EDGE('',*,*,#6339,.F.);
#6339 = EDGE_CURVE('',#3528,#3634,#6340,.T.);
#6340 = LINE('',#6341,#6342);
#6341 = CARTESIAN_POINT('',(5.08,-1.9,7.9));
#6342 = VECTOR('',#6343,1.);
#6343 = DIRECTION('',(-1.,-0.,-0.));
#6344 = ORIENTED_EDGE('',*,*,#3527,.F.);
#6345 = PLANE('',#6346);
#6346 = AXIS2_PLACEMENT_3D('',#6347,#6348,#6349);
#6347 = CARTESIAN_POINT('',(5.08,-1.9,11.7));
#6348 = DIRECTION('',(0.,1.,0.));
#6349 = DIRECTION('',(0.,-0.,1.));
#6350 = ADVANCED_FACE('',(#6351),#6362,.T.);
#6351 = FACE_BOUND('',#6352,.F.);
#6352 = EDGE_LOOP('',(#6353,#6359,#6360,#6361));
#6353 = ORIENTED_EDGE('',*,*,#6354,.T.);
#6354 = EDGE_CURVE('',#3552,#3658,#6355,.T.);
#6355 = LINE('',#6356,#6357);
#6356 = CARTESIAN_POINT('',(5.08,-1.9,5.5));
#6357 = VECTOR('',#6358,1.);
#6358 = DIRECTION('',(-1.,-0.,-0.));
#6359 = ORIENTED_EDGE('',*,*,#3665,.T.);
#6360 = ORIENTED_EDGE('',*,*,#3689,.F.);
#6361 = ORIENTED_EDGE('',*,*,#3559,.F.);
#6362 = PLANE('',#6363);
#6363 = AXIS2_PLACEMENT_3D('',#6364,#6365,#6366);
#6364 = CARTESIAN_POINT('',(5.08,-1.9,5.5));
#6365 = DIRECTION('',(0.,1.,0.));
#6366 = DIRECTION('',(0.,-0.,1.));
#6367 = ADVANCED_FACE('',(#6368),#6379,.T.);
#6368 = FACE_BOUND('',#6369,.F.);
#6369 = EDGE_LOOP('',(#6370,#6371,#6372,#6378));
#6370 = ORIENTED_EDGE('',*,*,#6339,.T.);
#6371 = ORIENTED_EDGE('',*,*,#3641,.T.);
#6372 = ORIENTED_EDGE('',*,*,#6373,.F.);
#6373 = EDGE_CURVE('',#3536,#3642,#6374,.T.);
#6374 = LINE('',#6375,#6376);
#6375 = CARTESIAN_POINT('',(5.08,-1.4,7.));
#6376 = VECTOR('',#6377,1.);
#6377 = DIRECTION('',(-1.,-0.,-0.));
#6378 = ORIENTED_EDGE('',*,*,#3535,.F.);
#6379 = PLANE('',#6380);
#6380 = AXIS2_PLACEMENT_3D('',#6381,#6382,#6383);
#6381 = CARTESIAN_POINT('',(5.08,-1.9,7.9));
#6382 = DIRECTION('',(0.,0.874157276121,0.485642931179));
#6383 = DIRECTION('',(0.,-0.485642931179,0.874157276121));
#6384 = ADVANCED_FACE('',(#6385),#6396,.T.);
#6385 = FACE_BOUND('',#6386,.F.);
#6386 = EDGE_LOOP('',(#6387,#6393,#6394,#6395));
#6387 = ORIENTED_EDGE('',*,*,#6388,.T.);
#6388 = EDGE_CURVE('',#3544,#3650,#6389,.T.);
#6389 = LINE('',#6390,#6391);
#6390 = CARTESIAN_POINT('',(5.08,-1.4,6.));
#6391 = VECTOR('',#6392,1.);
#6392 = DIRECTION('',(-1.,-0.,-0.));
#6393 = ORIENTED_EDGE('',*,*,#3657,.T.);
#6394 = ORIENTED_EDGE('',*,*,#6354,.F.);
#6395 = ORIENTED_EDGE('',*,*,#3551,.F.);
#6396 = PLANE('',#6397);
#6397 = AXIS2_PLACEMENT_3D('',#6398,#6399,#6400);
#6398 = CARTESIAN_POINT('',(5.08,-1.4,6.));
#6399 = DIRECTION('',(0.,0.707106781187,-0.707106781187));
#6400 = DIRECTION('',(0.,0.707106781187,0.707106781187));
#6401 = ADVANCED_FACE('',(#6402),#6408,.T.);
#6402 = FACE_BOUND('',#6403,.F.);
#6403 = EDGE_LOOP('',(#6404,#6405,#6406,#6407));
#6404 = ORIENTED_EDGE('',*,*,#6373,.T.);
#6405 = ORIENTED_EDGE('',*,*,#3649,.T.);
#6406 = ORIENTED_EDGE('',*,*,#6388,.F.);
#6407 = ORIENTED_EDGE('',*,*,#3543,.F.);
#6408 = PLANE('',#6409);
#6409 = AXIS2_PLACEMENT_3D('',#6410,#6411,#6412);
#6410 = CARTESIAN_POINT('',(5.08,-1.4,7.));
#6411 = DIRECTION('',(0.,1.,0.));
#6412 = DIRECTION('',(0.,-0.,1.));
#6413 = ADVANCED_FACE('',(#6414),#6439,.F.);
#6414 = FACE_BOUND('',#6415,.T.);
#6415 = EDGE_LOOP('',(#6416,#6426,#6432,#6433));
#6416 = ORIENTED_EDGE('',*,*,#6417,.T.);
#6417 = EDGE_CURVE('',#6418,#6420,#6422,.T.);
#6418 = VERTEX_POINT('',#6419);
#6419 = CARTESIAN_POINT('',(10.23,7.E-02,10.66));
#6420 = VERTEX_POINT('',#6421);
#6421 = CARTESIAN_POINT('',(10.23,-7.E-02,10.66));
#6422 = LINE('',#6423,#6424);
#6423 = CARTESIAN_POINT('',(10.23,0.32,10.66));
#6424 = VECTOR('',#6425,1.);
#6425 = DIRECTION('',(0.,-1.,0.));
#6426 = ORIENTED_EDGE('',*,*,#6427,.T.);
#6427 = EDGE_CURVE('',#6420,#3801,#6428,.T.);
#6428 = LINE('',#6429,#6430);
#6429 = CARTESIAN_POINT('',(10.225,-6.5E-02,10.665));
#6430 = VECTOR('',#6431,1.);
#6431 = DIRECTION('',(0.57735026919,-0.57735026919,-0.57735026919));
#6432 = ORIENTED_EDGE('',*,*,#3800,.F.);
#6433 = ORIENTED_EDGE('',*,*,#6434,.T.);
#6434 = EDGE_CURVE('',#3793,#6418,#6435,.T.);
#6435 = LINE('',#6436,#6437);
#6436 = CARTESIAN_POINT('',(10.331666666667,0.171666666667,
    10.558333333333));
#6437 = VECTOR('',#6438,1.);
#6438 = DIRECTION('',(-0.57735026919,-0.57735026919,0.57735026919));
#6439 = PLANE('',#6440);
#6440 = AXIS2_PLACEMENT_3D('',#6441,#6442,#6443);
#6441 = CARTESIAN_POINT('',(10.355,0.32,10.535));
#6442 = DIRECTION('',(-0.707106781187,0.,-0.707106781187));
#6443 = DIRECTION('',(0.,1.,0.));
#6444 = ADVANCED_FACE('',(#6445),#6463,.T.);
#6445 = FACE_BOUND('',#6446,.F.);
#6446 = EDGE_LOOP('',(#6447,#6455,#6456,#6457));
#6447 = ORIENTED_EDGE('',*,*,#6448,.F.);
#6448 = EDGE_CURVE('',#3823,#6449,#6451,.T.);
#6449 = VERTEX_POINT('',#6450);
#6450 = CARTESIAN_POINT('',(10.09,7.E-02,10.66));
#6451 = LINE('',#6452,#6453);
#6452 = CARTESIAN_POINT('',(9.965,0.195,10.535));
#6453 = VECTOR('',#6454,1.);
#6454 = DIRECTION('',(0.57735026919,-0.57735026919,0.57735026919));
#6455 = ORIENTED_EDGE('',*,*,#3832,.T.);
#6456 = ORIENTED_EDGE('',*,*,#6434,.T.);
#6457 = ORIENTED_EDGE('',*,*,#6458,.F.);
#6458 = EDGE_CURVE('',#6449,#6418,#6459,.T.);
#6459 = LINE('',#6460,#6461);
#6460 = CARTESIAN_POINT('',(10.09,7.E-02,10.66));
#6461 = VECTOR('',#6462,1.);
#6462 = DIRECTION('',(1.,0.,0.));
#6463 = PLANE('',#6464);
#6464 = AXIS2_PLACEMENT_3D('',#6465,#6466,#6467);
#6465 = CARTESIAN_POINT('',(10.09,0.195,10.535));
#6466 = DIRECTION('',(0.,0.707106781187,0.707106781187));
#6467 = DIRECTION('',(-1.,0.,0.));
#6468 = ADVANCED_FACE('',(#6469),#6487,.T.);
#6469 = FACE_BOUND('',#6470,.F.);
#6470 = EDGE_LOOP('',(#6471,#6479,#6485,#6486));
#6471 = ORIENTED_EDGE('',*,*,#6472,.T.);
#6472 = EDGE_CURVE('',#6449,#6473,#6475,.T.);
#6473 = VERTEX_POINT('',#6474);
#6474 = CARTESIAN_POINT('',(10.09,-7.E-02,10.66));
#6475 = LINE('',#6476,#6477);
#6476 = CARTESIAN_POINT('',(10.09,0.32,10.66));
#6477 = VECTOR('',#6478,1.);
#6478 = DIRECTION('',(0.,-1.,0.));
#6479 = ORIENTED_EDGE('',*,*,#6480,.T.);
#6480 = EDGE_CURVE('',#6473,#3849,#6481,.T.);
#6481 = LINE('',#6482,#6483);
#6482 = CARTESIAN_POINT('',(10.071666666667,-8.833333333333E-02,
    10.641666666667));
#6483 = VECTOR('',#6484,1.);
#6484 = DIRECTION('',(-0.57735026919,-0.57735026919,-0.57735026919));
#6485 = ORIENTED_EDGE('',*,*,#3848,.F.);
#6486 = ORIENTED_EDGE('',*,*,#6448,.T.);
#6487 = PLANE('',#6488);
#6488 = AXIS2_PLACEMENT_3D('',#6489,#6490,#6491);
#6489 = CARTESIAN_POINT('',(9.965,0.32,10.535));
#6490 = DIRECTION('',(-0.707106781187,0.,0.707106781187));
#6491 = DIRECTION('',(0.,1.,0.));
#6492 = ADVANCED_FACE('',(#6493),#6504,.T.);
#6493 = FACE_BOUND('',#6494,.F.);
#6494 = EDGE_LOOP('',(#6495,#6496,#6502,#6503));
#6495 = ORIENTED_EDGE('',*,*,#6480,.F.);
#6496 = ORIENTED_EDGE('',*,*,#6497,.T.);
#6497 = EDGE_CURVE('',#6473,#6420,#6498,.T.);
#6498 = LINE('',#6499,#6500);
#6499 = CARTESIAN_POINT('',(10.09,-7.E-02,10.66));
#6500 = VECTOR('',#6501,1.);
#6501 = DIRECTION('',(1.,0.,0.));
#6502 = ORIENTED_EDGE('',*,*,#6427,.T.);
#6503 = ORIENTED_EDGE('',*,*,#3872,.F.);
#6504 = PLANE('',#6505);
#6505 = AXIS2_PLACEMENT_3D('',#6506,#6507,#6508);
#6506 = CARTESIAN_POINT('',(10.09,-0.195,10.535));
#6507 = DIRECTION('',(0.,-0.707106781187,0.707106781187));
#6508 = DIRECTION('',(-1.,0.,0.));
#6509 = ADVANCED_FACE('',(#6510),#6535,.T.);
#6510 = FACE_BOUND('',#6511,.F.);
#6511 = EDGE_LOOP('',(#6512,#6520,#6528,#6534));
#6512 = ORIENTED_EDGE('',*,*,#6513,.F.);
#6513 = EDGE_CURVE('',#6514,#3889,#6516,.T.);
#6514 = VERTEX_POINT('',#6515);
#6515 = CARTESIAN_POINT('',(7.55,-7.E-02,10.66));
#6516 = LINE('',#6517,#6518);
#6517 = CARTESIAN_POINT('',(7.531666666667,-8.833333333333E-02,
    10.641666666667));
#6518 = VECTOR('',#6519,1.);
#6519 = DIRECTION('',(-0.57735026919,-0.57735026919,-0.57735026919));
#6520 = ORIENTED_EDGE('',*,*,#6521,.T.);
#6521 = EDGE_CURVE('',#6514,#6522,#6524,.T.);
#6522 = VERTEX_POINT('',#6523);
#6523 = CARTESIAN_POINT('',(7.69,-7.E-02,10.66));
#6524 = LINE('',#6525,#6526);
#6525 = CARTESIAN_POINT('',(7.55,-7.E-02,10.66));
#6526 = VECTOR('',#6527,1.);
#6527 = DIRECTION('',(1.,0.,0.));
#6528 = ORIENTED_EDGE('',*,*,#6529,.T.);
#6529 = EDGE_CURVE('',#6522,#3897,#6530,.T.);
#6530 = LINE('',#6531,#6532);
#6531 = CARTESIAN_POINT('',(7.685,-6.5E-02,10.665));
#6532 = VECTOR('',#6533,1.);
#6533 = DIRECTION('',(0.57735026919,-0.57735026919,-0.57735026919));
#6534 = ORIENTED_EDGE('',*,*,#3896,.F.);
#6535 = PLANE('',#6536);
#6536 = AXIS2_PLACEMENT_3D('',#6537,#6538,#6539);
#6537 = CARTESIAN_POINT('',(7.55,-0.195,10.535));
#6538 = DIRECTION('',(0.,-0.707106781187,0.707106781187));
#6539 = DIRECTION('',(-1.,0.,0.));
#6540 = ADVANCED_FACE('',(#6541),#6559,.F.);
#6541 = FACE_BOUND('',#6542,.T.);
#6542 = EDGE_LOOP('',(#6543,#6551,#6552,#6553));
#6543 = ORIENTED_EDGE('',*,*,#6544,.T.);
#6544 = EDGE_CURVE('',#6545,#6522,#6547,.T.);
#6545 = VERTEX_POINT('',#6546);
#6546 = CARTESIAN_POINT('',(7.69,7.E-02,10.66));
#6547 = LINE('',#6548,#6549);
#6548 = CARTESIAN_POINT('',(7.69,0.32,10.66));
#6549 = VECTOR('',#6550,1.);
#6550 = DIRECTION('',(0.,-1.,0.));
#6551 = ORIENTED_EDGE('',*,*,#6529,.T.);
#6552 = ORIENTED_EDGE('',*,*,#3927,.F.);
#6553 = ORIENTED_EDGE('',*,*,#6554,.T.);
#6554 = EDGE_CURVE('',#3920,#6545,#6555,.T.);
#6555 = LINE('',#6556,#6557);
#6556 = CARTESIAN_POINT('',(7.791666666667,0.171666666667,
    10.558333333333));
#6557 = VECTOR('',#6558,1.);
#6558 = DIRECTION('',(-0.57735026919,-0.57735026919,0.57735026919));
#6559 = PLANE('',#6560);
#6560 = AXIS2_PLACEMENT_3D('',#6561,#6562,#6563);
#6561 = CARTESIAN_POINT('',(7.815,0.32,10.535));
#6562 = DIRECTION('',(-0.707106781187,0.,-0.707106781187));
#6563 = DIRECTION('',(0.,1.,0.));
#6564 = ADVANCED_FACE('',(#6565),#6583,.T.);
#6565 = FACE_BOUND('',#6566,.F.);
#6566 = EDGE_LOOP('',(#6567,#6575,#6576,#6577));
#6567 = ORIENTED_EDGE('',*,*,#6568,.F.);
#6568 = EDGE_CURVE('',#3943,#6569,#6571,.T.);
#6569 = VERTEX_POINT('',#6570);
#6570 = CARTESIAN_POINT('',(7.55,7.E-02,10.66));
#6571 = LINE('',#6572,#6573);
#6572 = CARTESIAN_POINT('',(7.425,0.195,10.535));
#6573 = VECTOR('',#6574,1.);
#6574 = DIRECTION('',(0.57735026919,-0.57735026919,0.57735026919));
#6575 = ORIENTED_EDGE('',*,*,#3952,.T.);
#6576 = ORIENTED_EDGE('',*,*,#6554,.T.);
#6577 = ORIENTED_EDGE('',*,*,#6578,.F.);
#6578 = EDGE_CURVE('',#6569,#6545,#6579,.T.);
#6579 = LINE('',#6580,#6581);
#6580 = CARTESIAN_POINT('',(7.55,7.E-02,10.66));
#6581 = VECTOR('',#6582,1.);
#6582 = DIRECTION('',(1.,0.,0.));
#6583 = PLANE('',#6584);
#6584 = AXIS2_PLACEMENT_3D('',#6585,#6586,#6587);
#6585 = CARTESIAN_POINT('',(7.55,0.195,10.535));
#6586 = DIRECTION('',(0.,0.707106781187,0.707106781187));
#6587 = DIRECTION('',(-1.,0.,0.));
#6588 = ADVANCED_FACE('',(#6589),#6600,.T.);
#6589 = FACE_BOUND('',#6590,.F.);
#6590 = EDGE_LOOP('',(#6591,#6597,#6598,#6599));
#6591 = ORIENTED_EDGE('',*,*,#6592,.T.);
#6592 = EDGE_CURVE('',#6569,#6514,#6593,.T.);
#6593 = LINE('',#6594,#6595);
#6594 = CARTESIAN_POINT('',(7.55,0.32,10.66));
#6595 = VECTOR('',#6596,1.);
#6596 = DIRECTION('',(0.,-1.,0.));
#6597 = ORIENTED_EDGE('',*,*,#6513,.T.);
#6598 = ORIENTED_EDGE('',*,*,#3968,.F.);
#6599 = ORIENTED_EDGE('',*,*,#6568,.T.);
#6600 = PLANE('',#6601);
#6601 = AXIS2_PLACEMENT_3D('',#6602,#6603,#6604);
#6602 = CARTESIAN_POINT('',(7.425,0.32,10.535));
#6603 = DIRECTION('',(-0.707106781187,0.,0.707106781187));
#6604 = DIRECTION('',(0.,1.,0.));
#6605 = ADVANCED_FACE('',(#6606),#6631,.F.);
#6606 = FACE_BOUND('',#6607,.T.);
#6607 = EDGE_LOOP('',(#6608,#6618,#6624,#6625));
#6608 = ORIENTED_EDGE('',*,*,#6609,.T.);
#6609 = EDGE_CURVE('',#6610,#6612,#6614,.T.);
#6610 = VERTEX_POINT('',#6611);
#6611 = CARTESIAN_POINT('',(7.E-02,7.E-02,10.66));
#6612 = VERTEX_POINT('',#6613);
#6613 = CARTESIAN_POINT('',(7.E-02,-7.E-02,10.66));
#6614 = LINE('',#6615,#6616);
#6615 = CARTESIAN_POINT('',(7.E-02,0.32,10.66));
#6616 = VECTOR('',#6617,1.);
#6617 = DIRECTION('',(0.,-1.,0.));
#6618 = ORIENTED_EDGE('',*,*,#6619,.T.);
#6619 = EDGE_CURVE('',#6612,#4129,#6620,.T.);
#6620 = LINE('',#6621,#6622);
#6621 = CARTESIAN_POINT('',(6.5E-02,-6.5E-02,10.665));
#6622 = VECTOR('',#6623,1.);
#6623 = DIRECTION('',(0.57735026919,-0.57735026919,-0.57735026919));
#6624 = ORIENTED_EDGE('',*,*,#4128,.F.);
#6625 = ORIENTED_EDGE('',*,*,#6626,.T.);
#6626 = EDGE_CURVE('',#4121,#6610,#6627,.T.);
#6627 = LINE('',#6628,#6629);
#6628 = CARTESIAN_POINT('',(0.171666666667,0.171666666667,
    10.558333333333));
#6629 = VECTOR('',#6630,1.);
#6630 = DIRECTION('',(-0.57735026919,-0.57735026919,0.57735026919));
#6631 = PLANE('',#6632);
#6632 = AXIS2_PLACEMENT_3D('',#6633,#6634,#6635);
#6633 = CARTESIAN_POINT('',(0.195,0.32,10.535));
#6634 = DIRECTION('',(-0.707106781187,0.,-0.707106781187));
#6635 = DIRECTION('',(0.,1.,0.));
#6636 = ADVANCED_FACE('',(#6637),#6655,.T.);
#6637 = FACE_BOUND('',#6638,.F.);
#6638 = EDGE_LOOP('',(#6639,#6647,#6648,#6649));
#6639 = ORIENTED_EDGE('',*,*,#6640,.F.);
#6640 = EDGE_CURVE('',#4151,#6641,#6643,.T.);
#6641 = VERTEX_POINT('',#6642);
#6642 = CARTESIAN_POINT('',(-7.E-02,7.E-02,10.66));
#6643 = LINE('',#6644,#6645);
#6644 = CARTESIAN_POINT('',(-0.195,0.195,10.535));
#6645 = VECTOR('',#6646,1.);
#6646 = DIRECTION('',(0.57735026919,-0.57735026919,0.57735026919));
#6647 = ORIENTED_EDGE('',*,*,#4160,.T.);
#6648 = ORIENTED_EDGE('',*,*,#6626,.T.);
#6649 = ORIENTED_EDGE('',*,*,#6650,.F.);
#6650 = EDGE_CURVE('',#6641,#6610,#6651,.T.);
#6651 = LINE('',#6652,#6653);
#6652 = CARTESIAN_POINT('',(-7.E-02,7.E-02,10.66));
#6653 = VECTOR('',#6654,1.);
#6654 = DIRECTION('',(1.,0.,0.));
#6655 = PLANE('',#6656);
#6656 = AXIS2_PLACEMENT_3D('',#6657,#6658,#6659);
#6657 = CARTESIAN_POINT('',(-7.E-02,0.195,10.535));
#6658 = DIRECTION('',(0.,0.707106781187,0.707106781187));
#6659 = DIRECTION('',(-1.,0.,0.));
#6660 = ADVANCED_FACE('',(#6661),#6679,.T.);
#6661 = FACE_BOUND('',#6662,.F.);
#6662 = EDGE_LOOP('',(#6663,#6671,#6677,#6678));
#6663 = ORIENTED_EDGE('',*,*,#6664,.T.);
#6664 = EDGE_CURVE('',#6641,#6665,#6667,.T.);
#6665 = VERTEX_POINT('',#6666);
#6666 = CARTESIAN_POINT('',(-7.E-02,-7.E-02,10.66));
#6667 = LINE('',#6668,#6669);
#6668 = CARTESIAN_POINT('',(-7.E-02,0.32,10.66));
#6669 = VECTOR('',#6670,1.);
#6670 = DIRECTION('',(0.,-1.,0.));
#6671 = ORIENTED_EDGE('',*,*,#6672,.T.);
#6672 = EDGE_CURVE('',#6665,#4177,#6673,.T.);
#6673 = LINE('',#6674,#6675);
#6674 = CARTESIAN_POINT('',(-8.833333333333E-02,-8.833333333333E-02,
    10.641666666667));
#6675 = VECTOR('',#6676,1.);
#6676 = DIRECTION('',(-0.57735026919,-0.57735026919,-0.57735026919));
#6677 = ORIENTED_EDGE('',*,*,#4176,.F.);
#6678 = ORIENTED_EDGE('',*,*,#6640,.T.);
#6679 = PLANE('',#6680);
#6680 = AXIS2_PLACEMENT_3D('',#6681,#6682,#6683);
#6681 = CARTESIAN_POINT('',(-0.195,0.32,10.535));
#6682 = DIRECTION('',(-0.707106781187,0.,0.707106781187));
#6683 = DIRECTION('',(0.,1.,0.));
#6684 = ADVANCED_FACE('',(#6685),#6696,.T.);
#6685 = FACE_BOUND('',#6686,.F.);
#6686 = EDGE_LOOP('',(#6687,#6688,#6694,#6695));
#6687 = ORIENTED_EDGE('',*,*,#6672,.F.);
#6688 = ORIENTED_EDGE('',*,*,#6689,.T.);
#6689 = EDGE_CURVE('',#6665,#6612,#6690,.T.);
#6690 = LINE('',#6691,#6692);
#6691 = CARTESIAN_POINT('',(-7.E-02,-7.E-02,10.66));
#6692 = VECTOR('',#6693,1.);
#6693 = DIRECTION('',(1.,0.,0.));
#6694 = ORIENTED_EDGE('',*,*,#6619,.T.);
#6695 = ORIENTED_EDGE('',*,*,#4200,.F.);
#6696 = PLANE('',#6697);
#6697 = AXIS2_PLACEMENT_3D('',#6698,#6699,#6700);
#6698 = CARTESIAN_POINT('',(-7.E-02,-0.195,10.535));
#6699 = DIRECTION('',(0.,-0.707106781187,0.707106781187));
#6700 = DIRECTION('',(-1.,0.,0.));
#6701 = ADVANCED_FACE('',(#6702),#6727,.F.);
#6702 = FACE_BOUND('',#6703,.T.);
#6703 = EDGE_LOOP('',(#6704,#6714,#6720,#6721));
#6704 = ORIENTED_EDGE('',*,*,#6705,.T.);
#6705 = EDGE_CURVE('',#6706,#6708,#6710,.T.);
#6706 = VERTEX_POINT('',#6707);
#6707 = CARTESIAN_POINT('',(2.61,7.E-02,10.66));
#6708 = VERTEX_POINT('',#6709);
#6709 = CARTESIAN_POINT('',(2.61,-7.E-02,10.66));
#6710 = LINE('',#6711,#6712);
#6711 = CARTESIAN_POINT('',(2.61,0.32,10.66));
#6712 = VECTOR('',#6713,1.);
#6713 = DIRECTION('',(0.,-1.,0.));
#6714 = ORIENTED_EDGE('',*,*,#6715,.T.);
#6715 = EDGE_CURVE('',#6708,#4361,#6716,.T.);
#6716 = LINE('',#6717,#6718);
#6717 = CARTESIAN_POINT('',(2.605,-6.5E-02,10.665));
#6718 = VECTOR('',#6719,1.);
#6719 = DIRECTION('',(0.57735026919,-0.57735026919,-0.57735026919));
#6720 = ORIENTED_EDGE('',*,*,#4360,.F.);
#6721 = ORIENTED_EDGE('',*,*,#6722,.T.);
#6722 = EDGE_CURVE('',#4353,#6706,#6723,.T.);
#6723 = LINE('',#6724,#6725);
#6724 = CARTESIAN_POINT('',(2.711666666667,0.171666666667,
    10.558333333333));
#6725 = VECTOR('',#6726,1.);
#6726 = DIRECTION('',(-0.57735026919,-0.57735026919,0.57735026919));
#6727 = PLANE('',#6728);
#6728 = AXIS2_PLACEMENT_3D('',#6729,#6730,#6731);
#6729 = CARTESIAN_POINT('',(2.735,0.32,10.535));
#6730 = DIRECTION('',(-0.707106781187,0.,-0.707106781187));
#6731 = DIRECTION('',(0.,1.,0.));
#6732 = ADVANCED_FACE('',(#6733),#6751,.T.);
#6733 = FACE_BOUND('',#6734,.F.);
#6734 = EDGE_LOOP('',(#6735,#6743,#6744,#6745));
#6735 = ORIENTED_EDGE('',*,*,#6736,.F.);
#6736 = EDGE_CURVE('',#4383,#6737,#6739,.T.);
#6737 = VERTEX_POINT('',#6738);
#6738 = CARTESIAN_POINT('',(2.47,7.E-02,10.66));
#6739 = LINE('',#6740,#6741);
#6740 = CARTESIAN_POINT('',(2.345,0.195,10.535));
#6741 = VECTOR('',#6742,1.);
#6742 = DIRECTION('',(0.57735026919,-0.57735026919,0.57735026919));
#6743 = ORIENTED_EDGE('',*,*,#4392,.T.);
#6744 = ORIENTED_EDGE('',*,*,#6722,.T.);
#6745 = ORIENTED_EDGE('',*,*,#6746,.F.);
#6746 = EDGE_CURVE('',#6737,#6706,#6747,.T.);
#6747 = LINE('',#6748,#6749);
#6748 = CARTESIAN_POINT('',(2.47,7.E-02,10.66));
#6749 = VECTOR('',#6750,1.);
#6750 = DIRECTION('',(1.,0.,0.));
#6751 = PLANE('',#6752);
#6752 = AXIS2_PLACEMENT_3D('',#6753,#6754,#6755);
#6753 = CARTESIAN_POINT('',(2.47,0.195,10.535));
#6754 = DIRECTION('',(0.,0.707106781187,0.707106781187));
#6755 = DIRECTION('',(-1.,0.,0.));
#6756 = ADVANCED_FACE('',(#6757),#6775,.T.);
#6757 = FACE_BOUND('',#6758,.F.);
#6758 = EDGE_LOOP('',(#6759,#6767,#6773,#6774));
#6759 = ORIENTED_EDGE('',*,*,#6760,.T.);
#6760 = EDGE_CURVE('',#6737,#6761,#6763,.T.);
#6761 = VERTEX_POINT('',#6762);
#6762 = CARTESIAN_POINT('',(2.47,-7.E-02,10.66));
#6763 = LINE('',#6764,#6765);
#6764 = CARTESIAN_POINT('',(2.47,0.32,10.66));
#6765 = VECTOR('',#6766,1.);
#6766 = DIRECTION('',(0.,-1.,0.));
#6767 = ORIENTED_EDGE('',*,*,#6768,.T.);
#6768 = EDGE_CURVE('',#6761,#4409,#6769,.T.);
#6769 = LINE('',#6770,#6771);
#6770 = CARTESIAN_POINT('',(2.451666666667,-8.833333333333E-02,
    10.641666666667));
#6771 = VECTOR('',#6772,1.);
#6772 = DIRECTION('',(-0.57735026919,-0.57735026919,-0.57735026919));
#6773 = ORIENTED_EDGE('',*,*,#4408,.F.);
#6774 = ORIENTED_EDGE('',*,*,#6736,.T.);
#6775 = PLANE('',#6776);
#6776 = AXIS2_PLACEMENT_3D('',#6777,#6778,#6779);
#6777 = CARTESIAN_POINT('',(2.345,0.32,10.535));
#6778 = DIRECTION('',(-0.707106781187,0.,0.707106781187));
#6779 = DIRECTION('',(0.,1.,0.));
#6780 = ADVANCED_FACE('',(#6781),#6792,.T.);
#6781 = FACE_BOUND('',#6782,.F.);
#6782 = EDGE_LOOP('',(#6783,#6784,#6790,#6791));
#6783 = ORIENTED_EDGE('',*,*,#6768,.F.);
#6784 = ORIENTED_EDGE('',*,*,#6785,.T.);
#6785 = EDGE_CURVE('',#6761,#6708,#6786,.T.);
#6786 = LINE('',#6787,#6788);
#6787 = CARTESIAN_POINT('',(2.47,-7.E-02,10.66));
#6788 = VECTOR('',#6789,1.);
#6789 = DIRECTION('',(1.,0.,0.));
#6790 = ORIENTED_EDGE('',*,*,#6715,.T.);
#6791 = ORIENTED_EDGE('',*,*,#4432,.F.);
#6792 = PLANE('',#6793);
#6793 = AXIS2_PLACEMENT_3D('',#6794,#6795,#6796);
#6794 = CARTESIAN_POINT('',(2.47,-0.195,10.535));
#6795 = DIRECTION('',(0.,-0.707106781187,0.707106781187));
#6796 = DIRECTION('',(-1.,0.,0.));
#6797 = ADVANCED_FACE('',(#6798),#6823,.T.);
#6798 = FACE_BOUND('',#6799,.F.);
#6799 = EDGE_LOOP('',(#6800,#6810,#6816,#6817));
#6800 = ORIENTED_EDGE('',*,*,#6801,.T.);
#6801 = EDGE_CURVE('',#6802,#6804,#6806,.T.);
#6802 = VERTEX_POINT('',#6803);
#6803 = CARTESIAN_POINT('',(5.01,7.E-02,10.66));
#6804 = VERTEX_POINT('',#6805);
#6805 = CARTESIAN_POINT('',(5.01,-7.E-02,10.66));
#6806 = LINE('',#6807,#6808);
#6807 = CARTESIAN_POINT('',(5.01,0.32,10.66));
#6808 = VECTOR('',#6809,1.);
#6809 = DIRECTION('',(0.,-1.,0.));
#6810 = ORIENTED_EDGE('',*,*,#6811,.T.);
#6811 = EDGE_CURVE('',#6804,#4457,#6812,.T.);
#6812 = LINE('',#6813,#6814);
#6813 = CARTESIAN_POINT('',(4.991666666667,-8.833333333333E-02,
    10.641666666667));
#6814 = VECTOR('',#6815,1.);
#6815 = DIRECTION('',(-0.57735026919,-0.57735026919,-0.57735026919));
#6816 = ORIENTED_EDGE('',*,*,#4456,.F.);
#6817 = ORIENTED_EDGE('',*,*,#6818,.T.);
#6818 = EDGE_CURVE('',#4449,#6802,#6819,.T.);
#6819 = LINE('',#6820,#6821);
#6820 = CARTESIAN_POINT('',(4.885,0.195,10.535));
#6821 = VECTOR('',#6822,1.);
#6822 = DIRECTION('',(0.57735026919,-0.57735026919,0.57735026919));
#6823 = PLANE('',#6824);
#6824 = AXIS2_PLACEMENT_3D('',#6825,#6826,#6827);
#6825 = CARTESIAN_POINT('',(4.885,0.32,10.535));
#6826 = DIRECTION('',(-0.707106781187,0.,0.707106781187));
#6827 = DIRECTION('',(0.,1.,0.));
#6828 = ADVANCED_FACE('',(#6829),#6847,.T.);
#6829 = FACE_BOUND('',#6830,.F.);
#6830 = EDGE_LOOP('',(#6831,#6832,#6840,#6846));
#6831 = ORIENTED_EDGE('',*,*,#6811,.F.);
#6832 = ORIENTED_EDGE('',*,*,#6833,.T.);
#6833 = EDGE_CURVE('',#6804,#6834,#6836,.T.);
#6834 = VERTEX_POINT('',#6835);
#6835 = CARTESIAN_POINT('',(5.15,-7.E-02,10.66));
#6836 = LINE('',#6837,#6838);
#6837 = CARTESIAN_POINT('',(5.01,-7.E-02,10.66));
#6838 = VECTOR('',#6839,1.);
#6839 = DIRECTION('',(1.,0.,0.));
#6840 = ORIENTED_EDGE('',*,*,#6841,.T.);
#6841 = EDGE_CURVE('',#6834,#4481,#6842,.T.);
#6842 = LINE('',#6843,#6844);
#6843 = CARTESIAN_POINT('',(5.145,-6.5E-02,10.665));
#6844 = VECTOR('',#6845,1.);
#6845 = DIRECTION('',(0.57735026919,-0.57735026919,-0.57735026919));
#6846 = ORIENTED_EDGE('',*,*,#4480,.F.);
#6847 = PLANE('',#6848);
#6848 = AXIS2_PLACEMENT_3D('',#6849,#6850,#6851);
#6849 = CARTESIAN_POINT('',(5.01,-0.195,10.535));
#6850 = DIRECTION('',(0.,-0.707106781187,0.707106781187));
#6851 = DIRECTION('',(-1.,0.,0.));
#6852 = ADVANCED_FACE('',(#6853),#6871,.F.);
#6853 = FACE_BOUND('',#6854,.T.);
#6854 = EDGE_LOOP('',(#6855,#6863,#6864,#6865));
#6855 = ORIENTED_EDGE('',*,*,#6856,.T.);
#6856 = EDGE_CURVE('',#6857,#6834,#6859,.T.);
#6857 = VERTEX_POINT('',#6858);
#6858 = CARTESIAN_POINT('',(5.15,7.E-02,10.66));
#6859 = LINE('',#6860,#6861);
#6860 = CARTESIAN_POINT('',(5.15,0.32,10.66));
#6861 = VECTOR('',#6862,1.);
#6862 = DIRECTION('',(0.,-1.,0.));
#6863 = ORIENTED_EDGE('',*,*,#6841,.T.);
#6864 = ORIENTED_EDGE('',*,*,#4511,.F.);
#6865 = ORIENTED_EDGE('',*,*,#6866,.T.);
#6866 = EDGE_CURVE('',#4504,#6857,#6867,.T.);
#6867 = LINE('',#6868,#6869);
#6868 = CARTESIAN_POINT('',(5.251666666667,0.171666666667,
    10.558333333333));
#6869 = VECTOR('',#6870,1.);
#6870 = DIRECTION('',(-0.57735026919,-0.57735026919,0.57735026919));
#6871 = PLANE('',#6872);
#6872 = AXIS2_PLACEMENT_3D('',#6873,#6874,#6875);
#6873 = CARTESIAN_POINT('',(5.275,0.32,10.535));
#6874 = DIRECTION('',(-0.707106781187,0.,-0.707106781187));
#6875 = DIRECTION('',(0.,1.,0.));
#6876 = ADVANCED_FACE('',(#6877),#6888,.T.);
#6877 = FACE_BOUND('',#6878,.F.);
#6878 = EDGE_LOOP('',(#6879,#6880,#6881,#6882));
#6879 = ORIENTED_EDGE('',*,*,#6818,.F.);
#6880 = ORIENTED_EDGE('',*,*,#4529,.T.);
#6881 = ORIENTED_EDGE('',*,*,#6866,.T.);
#6882 = ORIENTED_EDGE('',*,*,#6883,.F.);
#6883 = EDGE_CURVE('',#6802,#6857,#6884,.T.);
#6884 = LINE('',#6885,#6886);
#6885 = CARTESIAN_POINT('',(5.01,7.E-02,10.66));
#6886 = VECTOR('',#6887,1.);
#6887 = DIRECTION('',(1.,0.,0.));
#6888 = PLANE('',#6889);
#6889 = AXIS2_PLACEMENT_3D('',#6890,#6891,#6892);
#6890 = CARTESIAN_POINT('',(5.01,0.195,10.535));
#6891 = DIRECTION('',(0.,0.707106781187,0.707106781187));
#6892 = DIRECTION('',(-1.,0.,0.));
#6893 = ADVANCED_FACE('',(#6894),#6919,.T.);
#6894 = FACE_BOUND('',#6895,.F.);
#6895 = EDGE_LOOP('',(#6896,#6906,#6912,#6913));
#6896 = ORIENTED_EDGE('',*,*,#6897,.T.);
#6897 = EDGE_CURVE('',#6898,#6900,#6902,.T.);
#6898 = VERTEX_POINT('',#6899);
#6899 = CARTESIAN_POINT('',(17.71,7.E-02,10.66));
#6900 = VERTEX_POINT('',#6901);
#6901 = CARTESIAN_POINT('',(17.71,-7.E-02,10.66));
#6902 = LINE('',#6903,#6904);
#6903 = CARTESIAN_POINT('',(17.71,0.32,10.66));
#6904 = VECTOR('',#6905,1.);
#6905 = DIRECTION('',(0.,-1.,0.));
#6906 = ORIENTED_EDGE('',*,*,#6907,.T.);
#6907 = EDGE_CURVE('',#6900,#4553,#6908,.T.);
#6908 = LINE('',#6909,#6910);
#6909 = CARTESIAN_POINT('',(17.691666666667,-8.833333333333E-02,
    10.641666666667));
#6910 = VECTOR('',#6911,1.);
#6911 = DIRECTION('',(-0.57735026919,-0.57735026919,-0.57735026919));
#6912 = ORIENTED_EDGE('',*,*,#4552,.F.);
#6913 = ORIENTED_EDGE('',*,*,#6914,.T.);
#6914 = EDGE_CURVE('',#4545,#6898,#6915,.T.);
#6915 = LINE('',#6916,#6917);
#6916 = CARTESIAN_POINT('',(17.585,0.195,10.535));
#6917 = VECTOR('',#6918,1.);
#6918 = DIRECTION('',(0.57735026919,-0.57735026919,0.57735026919));
#6919 = PLANE('',#6920);
#6920 = AXIS2_PLACEMENT_3D('',#6921,#6922,#6923);
#6921 = CARTESIAN_POINT('',(17.585,0.32,10.535));
#6922 = DIRECTION('',(-0.707106781187,0.,0.707106781187));
#6923 = DIRECTION('',(0.,1.,0.));
#6924 = ADVANCED_FACE('',(#6925),#6943,.T.);
#6925 = FACE_BOUND('',#6926,.F.);
#6926 = EDGE_LOOP('',(#6927,#6928,#6936,#6942));
#6927 = ORIENTED_EDGE('',*,*,#6907,.F.);
#6928 = ORIENTED_EDGE('',*,*,#6929,.T.);
#6929 = EDGE_CURVE('',#6900,#6930,#6932,.T.);
#6930 = VERTEX_POINT('',#6931);
#6931 = CARTESIAN_POINT('',(17.85,-7.E-02,10.66));
#6932 = LINE('',#6933,#6934);
#6933 = CARTESIAN_POINT('',(17.71,-7.E-02,10.66));
#6934 = VECTOR('',#6935,1.);
#6935 = DIRECTION('',(1.,0.,0.));
#6936 = ORIENTED_EDGE('',*,*,#6937,.T.);
#6937 = EDGE_CURVE('',#6930,#4577,#6938,.T.);
#6938 = LINE('',#6939,#6940);
#6939 = CARTESIAN_POINT('',(17.845,-6.5E-02,10.665));
#6940 = VECTOR('',#6941,1.);
#6941 = DIRECTION('',(0.57735026919,-0.57735026919,-0.57735026919));
#6942 = ORIENTED_EDGE('',*,*,#4576,.F.);
#6943 = PLANE('',#6944);
#6944 = AXIS2_PLACEMENT_3D('',#6945,#6946,#6947);
#6945 = CARTESIAN_POINT('',(17.71,-0.195,10.535));
#6946 = DIRECTION('',(0.,-0.707106781187,0.707106781187));
#6947 = DIRECTION('',(-1.,0.,0.));
#6948 = ADVANCED_FACE('',(#6949),#6967,.F.);
#6949 = FACE_BOUND('',#6950,.T.);
#6950 = EDGE_LOOP('',(#6951,#6959,#6960,#6961));
#6951 = ORIENTED_EDGE('',*,*,#6952,.T.);
#6952 = EDGE_CURVE('',#6953,#6930,#6955,.T.);
#6953 = VERTEX_POINT('',#6954);
#6954 = CARTESIAN_POINT('',(17.85,7.E-02,10.66));
#6955 = LINE('',#6956,#6957);
#6956 = CARTESIAN_POINT('',(17.85,0.32,10.66));
#6957 = VECTOR('',#6958,1.);
#6958 = DIRECTION('',(0.,-1.,0.));
#6959 = ORIENTED_EDGE('',*,*,#6937,.T.);
#6960 = ORIENTED_EDGE('',*,*,#4607,.F.);
#6961 = ORIENTED_EDGE('',*,*,#6962,.T.);
#6962 = EDGE_CURVE('',#4600,#6953,#6963,.T.);
#6963 = LINE('',#6964,#6965);
#6964 = CARTESIAN_POINT('',(17.951666666667,0.171666666667,
    10.558333333333));
#6965 = VECTOR('',#6966,1.);
#6966 = DIRECTION('',(-0.57735026919,-0.57735026919,0.57735026919));
#6967 = PLANE('',#6968);
#6968 = AXIS2_PLACEMENT_3D('',#6969,#6970,#6971);
#6969 = CARTESIAN_POINT('',(17.975,0.32,10.535));
#6970 = DIRECTION('',(-0.707106781187,0.,-0.707106781187));
#6971 = DIRECTION('',(0.,1.,0.));
#6972 = ADVANCED_FACE('',(#6973),#6984,.T.);
#6973 = FACE_BOUND('',#6974,.F.);
#6974 = EDGE_LOOP('',(#6975,#6976,#6977,#6978));
#6975 = ORIENTED_EDGE('',*,*,#6914,.F.);
#6976 = ORIENTED_EDGE('',*,*,#4625,.T.);
#6977 = ORIENTED_EDGE('',*,*,#6962,.T.);
#6978 = ORIENTED_EDGE('',*,*,#6979,.F.);
#6979 = EDGE_CURVE('',#6898,#6953,#6980,.T.);
#6980 = LINE('',#6981,#6982);
#6981 = CARTESIAN_POINT('',(17.71,7.E-02,10.66));
#6982 = VECTOR('',#6983,1.);
#6983 = DIRECTION('',(1.,0.,0.));
#6984 = PLANE('',#6985);
#6985 = AXIS2_PLACEMENT_3D('',#6986,#6987,#6988);
#6986 = CARTESIAN_POINT('',(17.71,0.195,10.535));
#6987 = DIRECTION('',(0.,0.707106781187,0.707106781187));
#6988 = DIRECTION('',(-1.,0.,0.));
#6989 = ADVANCED_FACE('',(#6990),#7015,.T.);
#6990 = FACE_BOUND('',#6991,.F.);
#6991 = EDGE_LOOP('',(#6992,#7000,#7008,#7014));
#6992 = ORIENTED_EDGE('',*,*,#6993,.F.);
#6993 = EDGE_CURVE('',#6994,#4777,#6996,.T.);
#6994 = VERTEX_POINT('',#6995);
#6995 = CARTESIAN_POINT('',(15.17,-7.E-02,10.66));
#6996 = LINE('',#6997,#6998);
#6997 = CARTESIAN_POINT('',(15.151666666667,-8.833333333333E-02,
    10.641666666667));
#6998 = VECTOR('',#6999,1.);
#6999 = DIRECTION('',(-0.57735026919,-0.57735026919,-0.57735026919));
#7000 = ORIENTED_EDGE('',*,*,#7001,.T.);
#7001 = EDGE_CURVE('',#6994,#7002,#7004,.T.);
#7002 = VERTEX_POINT('',#7003);
#7003 = CARTESIAN_POINT('',(15.31,-7.E-02,10.66));
#7004 = LINE('',#7005,#7006);
#7005 = CARTESIAN_POINT('',(15.17,-7.E-02,10.66));
#7006 = VECTOR('',#7007,1.);
#7007 = DIRECTION('',(1.,0.,0.));
#7008 = ORIENTED_EDGE('',*,*,#7009,.T.);
#7009 = EDGE_CURVE('',#7002,#4785,#7010,.T.);
#7010 = LINE('',#7011,#7012);
#7011 = CARTESIAN_POINT('',(15.305,-6.5E-02,10.665));
#7012 = VECTOR('',#7013,1.);
#7013 = DIRECTION('',(0.57735026919,-0.57735026919,-0.57735026919));
#7014 = ORIENTED_EDGE('',*,*,#4784,.F.);
#7015 = PLANE('',#7016);
#7016 = AXIS2_PLACEMENT_3D('',#7017,#7018,#7019);
#7017 = CARTESIAN_POINT('',(15.17,-0.195,10.535));
#7018 = DIRECTION('',(0.,-0.707106781187,0.707106781187));
#7019 = DIRECTION('',(-1.,0.,0.));
#7020 = ADVANCED_FACE('',(#7021),#7039,.F.);
#7021 = FACE_BOUND('',#7022,.T.);
#7022 = EDGE_LOOP('',(#7023,#7031,#7032,#7033));
#7023 = ORIENTED_EDGE('',*,*,#7024,.T.);
#7024 = EDGE_CURVE('',#7025,#7002,#7027,.T.);
#7025 = VERTEX_POINT('',#7026);
#7026 = CARTESIAN_POINT('',(15.31,7.E-02,10.66));
#7027 = LINE('',#7028,#7029);
#7028 = CARTESIAN_POINT('',(15.31,0.32,10.66));
#7029 = VECTOR('',#7030,1.);
#7030 = DIRECTION('',(0.,-1.,0.));
#7031 = ORIENTED_EDGE('',*,*,#7009,.T.);
#7032 = ORIENTED_EDGE('',*,*,#4815,.F.);
#7033 = ORIENTED_EDGE('',*,*,#7034,.T.);
#7034 = EDGE_CURVE('',#4808,#7025,#7035,.T.);
#7035 = LINE('',#7036,#7037);
#7036 = CARTESIAN_POINT('',(15.411666666667,0.171666666667,
    10.558333333333));
#7037 = VECTOR('',#7038,1.);
#7038 = DIRECTION('',(-0.57735026919,-0.57735026919,0.57735026919));
#7039 = PLANE('',#7040);
#7040 = AXIS2_PLACEMENT_3D('',#7041,#7042,#7043);
#7041 = CARTESIAN_POINT('',(15.435,0.32,10.535));
#7042 = DIRECTION('',(-0.707106781187,0.,-0.707106781187));
#7043 = DIRECTION('',(0.,1.,0.));
#7044 = ADVANCED_FACE('',(#7045),#7063,.T.);
#7045 = FACE_BOUND('',#7046,.F.);
#7046 = EDGE_LOOP('',(#7047,#7055,#7056,#7057));
#7047 = ORIENTED_EDGE('',*,*,#7048,.F.);
#7048 = EDGE_CURVE('',#4831,#7049,#7051,.T.);
#7049 = VERTEX_POINT('',#7050);
#7050 = CARTESIAN_POINT('',(15.17,7.E-02,10.66));
#7051 = LINE('',#7052,#7053);
#7052 = CARTESIAN_POINT('',(15.045,0.195,10.535));
#7053 = VECTOR('',#7054,1.);
#7054 = DIRECTION('',(0.57735026919,-0.57735026919,0.57735026919));
#7055 = ORIENTED_EDGE('',*,*,#4840,.T.);
#7056 = ORIENTED_EDGE('',*,*,#7034,.T.);
#7057 = ORIENTED_EDGE('',*,*,#7058,.F.);
#7058 = EDGE_CURVE('',#7049,#7025,#7059,.T.);
#7059 = LINE('',#7060,#7061);
#7060 = CARTESIAN_POINT('',(15.17,7.E-02,10.66));
#7061 = VECTOR('',#7062,1.);
#7062 = DIRECTION('',(1.,0.,0.));
#7063 = PLANE('',#7064);
#7064 = AXIS2_PLACEMENT_3D('',#7065,#7066,#7067);
#7065 = CARTESIAN_POINT('',(15.17,0.195,10.535));
#7066 = DIRECTION('',(0.,0.707106781187,0.707106781187));
#7067 = DIRECTION('',(-1.,0.,0.));
#7068 = ADVANCED_FACE('',(#7069),#7080,.T.);
#7069 = FACE_BOUND('',#7070,.F.);
#7070 = EDGE_LOOP('',(#7071,#7077,#7078,#7079));
#7071 = ORIENTED_EDGE('',*,*,#7072,.T.);
#7072 = EDGE_CURVE('',#7049,#6994,#7073,.T.);
#7073 = LINE('',#7074,#7075);
#7074 = CARTESIAN_POINT('',(15.17,0.32,10.66));
#7075 = VECTOR('',#7076,1.);
#7076 = DIRECTION('',(0.,-1.,0.));
#7077 = ORIENTED_EDGE('',*,*,#6993,.T.);
#7078 = ORIENTED_EDGE('',*,*,#4856,.F.);
#7079 = ORIENTED_EDGE('',*,*,#7048,.T.);
#7080 = PLANE('',#7081);
#7081 = AXIS2_PLACEMENT_3D('',#7082,#7083,#7084);
#7082 = CARTESIAN_POINT('',(15.045,0.32,10.535));
#7083 = DIRECTION('',(-0.707106781187,0.,0.707106781187));
#7084 = DIRECTION('',(0.,1.,0.));
#7085 = ADVANCED_FACE('',(#7086),#7111,.F.);
#7086 = FACE_BOUND('',#7087,.T.);
#7087 = EDGE_LOOP('',(#7088,#7098,#7104,#7105));
#7088 = ORIENTED_EDGE('',*,*,#7089,.T.);
#7089 = EDGE_CURVE('',#7090,#7092,#7094,.T.);
#7090 = VERTEX_POINT('',#7091);
#7091 = CARTESIAN_POINT('',(12.77,7.E-02,10.66));
#7092 = VERTEX_POINT('',#7093);
#7093 = CARTESIAN_POINT('',(12.77,-7.E-02,10.66));
#7094 = LINE('',#7095,#7096);
#7095 = CARTESIAN_POINT('',(12.77,0.32,10.66));
#7096 = VECTOR('',#7097,1.);
#7097 = DIRECTION('',(0.,-1.,0.));
#7098 = ORIENTED_EDGE('',*,*,#7099,.T.);
#7099 = EDGE_CURVE('',#7092,#4881,#7100,.T.);
#7100 = LINE('',#7101,#7102);
#7101 = CARTESIAN_POINT('',(12.765,-6.5E-02,10.665));
#7102 = VECTOR('',#7103,1.);
#7103 = DIRECTION('',(0.57735026919,-0.57735026919,-0.57735026919));
#7104 = ORIENTED_EDGE('',*,*,#4880,.F.);
#7105 = ORIENTED_EDGE('',*,*,#7106,.T.);
#7106 = EDGE_CURVE('',#4873,#7090,#7107,.T.);
#7107 = LINE('',#7108,#7109);
#7108 = CARTESIAN_POINT('',(12.871666666667,0.171666666667,
    10.558333333333));
#7109 = VECTOR('',#7110,1.);
#7110 = DIRECTION('',(-0.57735026919,-0.57735026919,0.57735026919));
#7111 = PLANE('',#7112);
#7112 = AXIS2_PLACEMENT_3D('',#7113,#7114,#7115);
#7113 = CARTESIAN_POINT('',(12.895,0.32,10.535));
#7114 = DIRECTION('',(-0.707106781187,0.,-0.707106781187));
#7115 = DIRECTION('',(0.,1.,0.));
#7116 = ADVANCED_FACE('',(#7117),#7135,.T.);
#7117 = FACE_BOUND('',#7118,.F.);
#7118 = EDGE_LOOP('',(#7119,#7127,#7128,#7129));
#7119 = ORIENTED_EDGE('',*,*,#7120,.F.);
#7120 = EDGE_CURVE('',#4903,#7121,#7123,.T.);
#7121 = VERTEX_POINT('',#7122);
#7122 = CARTESIAN_POINT('',(12.63,7.E-02,10.66));
#7123 = LINE('',#7124,#7125);
#7124 = CARTESIAN_POINT('',(12.505,0.195,10.535));
#7125 = VECTOR('',#7126,1.);
#7126 = DIRECTION('',(0.57735026919,-0.57735026919,0.57735026919));
#7127 = ORIENTED_EDGE('',*,*,#4912,.T.);
#7128 = ORIENTED_EDGE('',*,*,#7106,.T.);
#7129 = ORIENTED_EDGE('',*,*,#7130,.F.);
#7130 = EDGE_CURVE('',#7121,#7090,#7131,.T.);
#7131 = LINE('',#7132,#7133);
#7132 = CARTESIAN_POINT('',(12.63,7.E-02,10.66));
#7133 = VECTOR('',#7134,1.);
#7134 = DIRECTION('',(1.,0.,0.));
#7135 = PLANE('',#7136);
#7136 = AXIS2_PLACEMENT_3D('',#7137,#7138,#7139);
#7137 = CARTESIAN_POINT('',(12.63,0.195,10.535));
#7138 = DIRECTION('',(0.,0.707106781187,0.707106781187));
#7139 = DIRECTION('',(-1.,0.,0.));
#7140 = ADVANCED_FACE('',(#7141),#7159,.T.);
#7141 = FACE_BOUND('',#7142,.F.);
#7142 = EDGE_LOOP('',(#7143,#7151,#7157,#7158));
#7143 = ORIENTED_EDGE('',*,*,#7144,.T.);
#7144 = EDGE_CURVE('',#7121,#7145,#7147,.T.);
#7145 = VERTEX_POINT('',#7146);
#7146 = CARTESIAN_POINT('',(12.63,-7.E-02,10.66));
#7147 = LINE('',#7148,#7149);
#7148 = CARTESIAN_POINT('',(12.63,0.32,10.66));
#7149 = VECTOR('',#7150,1.);
#7150 = DIRECTION('',(0.,-1.,0.));
#7151 = ORIENTED_EDGE('',*,*,#7152,.T.);
#7152 = EDGE_CURVE('',#7145,#4929,#7153,.T.);
#7153 = LINE('',#7154,#7155);
#7154 = CARTESIAN_POINT('',(12.611666666667,-8.833333333333E-02,
    10.641666666667));
#7155 = VECTOR('',#7156,1.);
#7156 = DIRECTION('',(-0.57735026919,-0.57735026919,-0.57735026919));
#7157 = ORIENTED_EDGE('',*,*,#4928,.F.);
#7158 = ORIENTED_EDGE('',*,*,#7120,.T.);
#7159 = PLANE('',#7160);
#7160 = AXIS2_PLACEMENT_3D('',#7161,#7162,#7163);
#7161 = CARTESIAN_POINT('',(12.505,0.32,10.535));
#7162 = DIRECTION('',(-0.707106781187,0.,0.707106781187));
#7163 = DIRECTION('',(0.,1.,0.));
#7164 = ADVANCED_FACE('',(#7165),#7176,.T.);
#7165 = FACE_BOUND('',#7166,.F.);
#7166 = EDGE_LOOP('',(#7167,#7168,#7174,#7175));
#7167 = ORIENTED_EDGE('',*,*,#7152,.F.);
#7168 = ORIENTED_EDGE('',*,*,#7169,.T.);
#7169 = EDGE_CURVE('',#7145,#7092,#7170,.T.);
#7170 = LINE('',#7171,#7172);
#7171 = CARTESIAN_POINT('',(12.63,-7.E-02,10.66));
#7172 = VECTOR('',#7173,1.);
#7173 = DIRECTION('',(1.,0.,0.));
#7174 = ORIENTED_EDGE('',*,*,#7099,.T.);
#7175 = ORIENTED_EDGE('',*,*,#4952,.F.);
#7176 = PLANE('',#7177);
#7177 = AXIS2_PLACEMENT_3D('',#7178,#7179,#7180);
#7178 = CARTESIAN_POINT('',(12.63,-0.195,10.535));
#7179 = DIRECTION('',(0.,-0.707106781187,0.707106781187));
#7180 = DIRECTION('',(-1.,0.,0.));
#7181 = ADVANCED_FACE('',(#7182),#7207,.T.);
#7182 = FACE_BOUND('',#7183,.F.);
#7183 = EDGE_LOOP('',(#7184,#7192,#7200,#7206));
#7184 = ORIENTED_EDGE('',*,*,#7185,.F.);
#7185 = EDGE_CURVE('',#7186,#5037,#7188,.T.);
#7186 = VERTEX_POINT('',#7187);
#7187 = CARTESIAN_POINT('',(20.25,-7.E-02,10.66));
#7188 = LINE('',#7189,#7190);
#7189 = CARTESIAN_POINT('',(20.231666666667,-8.833333333333E-02,
    10.641666666667));
#7190 = VECTOR('',#7191,1.);
#7191 = DIRECTION('',(-0.57735026919,-0.57735026919,-0.57735026919));
#7192 = ORIENTED_EDGE('',*,*,#7193,.T.);
#7193 = EDGE_CURVE('',#7186,#7194,#7196,.T.);
#7194 = VERTEX_POINT('',#7195);
#7195 = CARTESIAN_POINT('',(20.39,-7.E-02,10.66));
#7196 = LINE('',#7197,#7198);
#7197 = CARTESIAN_POINT('',(20.25,-7.E-02,10.66));
#7198 = VECTOR('',#7199,1.);
#7199 = DIRECTION('',(1.,0.,0.));
#7200 = ORIENTED_EDGE('',*,*,#7201,.T.);
#7201 = EDGE_CURVE('',#7194,#5045,#7202,.T.);
#7202 = LINE('',#7203,#7204);
#7203 = CARTESIAN_POINT('',(20.385,-6.5E-02,10.665));
#7204 = VECTOR('',#7205,1.);
#7205 = DIRECTION('',(0.57735026919,-0.57735026919,-0.57735026919));
#7206 = ORIENTED_EDGE('',*,*,#5044,.F.);
#7207 = PLANE('',#7208);
#7208 = AXIS2_PLACEMENT_3D('',#7209,#7210,#7211);
#7209 = CARTESIAN_POINT('',(20.25,-0.195,10.535));
#7210 = DIRECTION('',(0.,-0.707106781187,0.707106781187));
#7211 = DIRECTION('',(-1.,0.,0.));
#7212 = ADVANCED_FACE('',(#7213),#7231,.F.);
#7213 = FACE_BOUND('',#7214,.T.);
#7214 = EDGE_LOOP('',(#7215,#7223,#7224,#7225));
#7215 = ORIENTED_EDGE('',*,*,#7216,.T.);
#7216 = EDGE_CURVE('',#7217,#7194,#7219,.T.);
#7217 = VERTEX_POINT('',#7218);
#7218 = CARTESIAN_POINT('',(20.39,7.E-02,10.66));
#7219 = LINE('',#7220,#7221);
#7220 = CARTESIAN_POINT('',(20.39,0.32,10.66));
#7221 = VECTOR('',#7222,1.);
#7222 = DIRECTION('',(0.,-1.,0.));
#7223 = ORIENTED_EDGE('',*,*,#7201,.T.);
#7224 = ORIENTED_EDGE('',*,*,#5075,.F.);
#7225 = ORIENTED_EDGE('',*,*,#7226,.T.);
#7226 = EDGE_CURVE('',#5068,#7217,#7227,.T.);
#7227 = LINE('',#7228,#7229);
#7228 = CARTESIAN_POINT('',(20.491666666667,0.171666666667,
    10.558333333333));
#7229 = VECTOR('',#7230,1.);
#7230 = DIRECTION('',(-0.57735026919,-0.57735026919,0.57735026919));
#7231 = PLANE('',#7232);
#7232 = AXIS2_PLACEMENT_3D('',#7233,#7234,#7235);
#7233 = CARTESIAN_POINT('',(20.515,0.32,10.535));
#7234 = DIRECTION('',(-0.707106781187,0.,-0.707106781187));
#7235 = DIRECTION('',(0.,1.,0.));
#7236 = ADVANCED_FACE('',(#7237),#7255,.T.);
#7237 = FACE_BOUND('',#7238,.F.);
#7238 = EDGE_LOOP('',(#7239,#7247,#7248,#7249));
#7239 = ORIENTED_EDGE('',*,*,#7240,.F.);
#7240 = EDGE_CURVE('',#5091,#7241,#7243,.T.);
#7241 = VERTEX_POINT('',#7242);
#7242 = CARTESIAN_POINT('',(20.25,7.E-02,10.66));
#7243 = LINE('',#7244,#7245);
#7244 = CARTESIAN_POINT('',(20.125,0.195,10.535));
#7245 = VECTOR('',#7246,1.);
#7246 = DIRECTION('',(0.57735026919,-0.57735026919,0.57735026919));
#7247 = ORIENTED_EDGE('',*,*,#5100,.T.);
#7248 = ORIENTED_EDGE('',*,*,#7226,.T.);
#7249 = ORIENTED_EDGE('',*,*,#7250,.F.);
#7250 = EDGE_CURVE('',#7241,#7217,#7251,.T.);
#7251 = LINE('',#7252,#7253);
#7252 = CARTESIAN_POINT('',(20.25,7.E-02,10.66));
#7253 = VECTOR('',#7254,1.);
#7254 = DIRECTION('',(1.,0.,0.));
#7255 = PLANE('',#7256);
#7256 = AXIS2_PLACEMENT_3D('',#7257,#7258,#7259);
#7257 = CARTESIAN_POINT('',(20.25,0.195,10.535));
#7258 = DIRECTION('',(0.,0.707106781187,0.707106781187));
#7259 = DIRECTION('',(-1.,0.,0.));
#7260 = ADVANCED_FACE('',(#7261),#7272,.T.);
#7261 = FACE_BOUND('',#7262,.F.);
#7262 = EDGE_LOOP('',(#7263,#7269,#7270,#7271));
#7263 = ORIENTED_EDGE('',*,*,#7264,.T.);
#7264 = EDGE_CURVE('',#7241,#7186,#7265,.T.);
#7265 = LINE('',#7266,#7267);
#7266 = CARTESIAN_POINT('',(20.25,0.32,10.66));
#7267 = VECTOR('',#7268,1.);
#7268 = DIRECTION('',(0.,-1.,0.));
#7269 = ORIENTED_EDGE('',*,*,#7185,.T.);
#7270 = ORIENTED_EDGE('',*,*,#5116,.F.);
#7271 = ORIENTED_EDGE('',*,*,#7240,.T.);
#7272 = PLANE('',#7273);
#7273 = AXIS2_PLACEMENT_3D('',#7274,#7275,#7276);
#7274 = CARTESIAN_POINT('',(20.125,0.32,10.535));
#7275 = DIRECTION('',(-0.707106781187,0.,0.707106781187));
#7276 = DIRECTION('',(0.,1.,0.));
#7277 = ADVANCED_FACE('',(#7278),#7303,.T.);
#7278 = FACE_BOUND('',#7279,.F.);
#7279 = EDGE_LOOP('',(#7280,#7288,#7296,#7302));
#7280 = ORIENTED_EDGE('',*,*,#7281,.F.);
#7281 = EDGE_CURVE('',#7282,#5201,#7284,.T.);
#7282 = VERTEX_POINT('',#7283);
#7283 = CARTESIAN_POINT('',(22.79,-7.E-02,10.66));
#7284 = LINE('',#7285,#7286);
#7285 = CARTESIAN_POINT('',(22.771666666667,-8.833333333333E-02,
    10.641666666667));
#7286 = VECTOR('',#7287,1.);
#7287 = DIRECTION('',(-0.57735026919,-0.57735026919,-0.57735026919));
#7288 = ORIENTED_EDGE('',*,*,#7289,.T.);
#7289 = EDGE_CURVE('',#7282,#7290,#7292,.T.);
#7290 = VERTEX_POINT('',#7291);
#7291 = CARTESIAN_POINT('',(22.93,-7.E-02,10.66));
#7292 = LINE('',#7293,#7294);
#7293 = CARTESIAN_POINT('',(22.79,-7.E-02,10.66));
#7294 = VECTOR('',#7295,1.);
#7295 = DIRECTION('',(1.,0.,0.));
#7296 = ORIENTED_EDGE('',*,*,#7297,.T.);
#7297 = EDGE_CURVE('',#7290,#5209,#7298,.T.);
#7298 = LINE('',#7299,#7300);
#7299 = CARTESIAN_POINT('',(22.925,-6.5E-02,10.665));
#7300 = VECTOR('',#7301,1.);
#7301 = DIRECTION('',(0.57735026919,-0.57735026919,-0.57735026919));
#7302 = ORIENTED_EDGE('',*,*,#5208,.F.);
#7303 = PLANE('',#7304);
#7304 = AXIS2_PLACEMENT_3D('',#7305,#7306,#7307);
#7305 = CARTESIAN_POINT('',(22.79,-0.195,10.535));
#7306 = DIRECTION('',(0.,-0.707106781187,0.707106781187));
#7307 = DIRECTION('',(-1.,0.,0.));
#7308 = ADVANCED_FACE('',(#7309),#7327,.F.);
#7309 = FACE_BOUND('',#7310,.T.);
#7310 = EDGE_LOOP('',(#7311,#7319,#7320,#7321));
#7311 = ORIENTED_EDGE('',*,*,#7312,.T.);
#7312 = EDGE_CURVE('',#7313,#7290,#7315,.T.);
#7313 = VERTEX_POINT('',#7314);
#7314 = CARTESIAN_POINT('',(22.93,7.E-02,10.66));
#7315 = LINE('',#7316,#7317);
#7316 = CARTESIAN_POINT('',(22.93,0.32,10.66));
#7317 = VECTOR('',#7318,1.);
#7318 = DIRECTION('',(0.,-1.,0.));
#7319 = ORIENTED_EDGE('',*,*,#7297,.T.);
#7320 = ORIENTED_EDGE('',*,*,#5239,.F.);
#7321 = ORIENTED_EDGE('',*,*,#7322,.T.);
#7322 = EDGE_CURVE('',#5232,#7313,#7323,.T.);
#7323 = LINE('',#7324,#7325);
#7324 = CARTESIAN_POINT('',(23.031666666667,0.171666666667,
    10.558333333333));
#7325 = VECTOR('',#7326,1.);
#7326 = DIRECTION('',(-0.57735026919,-0.57735026919,0.57735026919));
#7327 = PLANE('',#7328);
#7328 = AXIS2_PLACEMENT_3D('',#7329,#7330,#7331);
#7329 = CARTESIAN_POINT('',(23.055,0.32,10.535));
#7330 = DIRECTION('',(-0.707106781187,0.,-0.707106781187));
#7331 = DIRECTION('',(0.,1.,0.));
#7332 = ADVANCED_FACE('',(#7333),#7351,.T.);
#7333 = FACE_BOUND('',#7334,.F.);
#7334 = EDGE_LOOP('',(#7335,#7343,#7344,#7345));
#7335 = ORIENTED_EDGE('',*,*,#7336,.F.);
#7336 = EDGE_CURVE('',#5255,#7337,#7339,.T.);
#7337 = VERTEX_POINT('',#7338);
#7338 = CARTESIAN_POINT('',(22.79,7.E-02,10.66));
#7339 = LINE('',#7340,#7341);
#7340 = CARTESIAN_POINT('',(22.665,0.195,10.535));
#7341 = VECTOR('',#7342,1.);
#7342 = DIRECTION('',(0.57735026919,-0.57735026919,0.57735026919));
#7343 = ORIENTED_EDGE('',*,*,#5264,.T.);
#7344 = ORIENTED_EDGE('',*,*,#7322,.T.);
#7345 = ORIENTED_EDGE('',*,*,#7346,.F.);
#7346 = EDGE_CURVE('',#7337,#7313,#7347,.T.);
#7347 = LINE('',#7348,#7349);
#7348 = CARTESIAN_POINT('',(22.79,7.E-02,10.66));
#7349 = VECTOR('',#7350,1.);
#7350 = DIRECTION('',(1.,0.,0.));
#7351 = PLANE('',#7352);
#7352 = AXIS2_PLACEMENT_3D('',#7353,#7354,#7355);
#7353 = CARTESIAN_POINT('',(22.79,0.195,10.535));
#7354 = DIRECTION('',(0.,0.707106781187,0.707106781187));
#7355 = DIRECTION('',(-1.,0.,0.));
#7356 = ADVANCED_FACE('',(#7357),#7368,.T.);
#7357 = FACE_BOUND('',#7358,.F.);
#7358 = EDGE_LOOP('',(#7359,#7365,#7366,#7367));
#7359 = ORIENTED_EDGE('',*,*,#7360,.T.);
#7360 = EDGE_CURVE('',#7337,#7282,#7361,.T.);
#7361 = LINE('',#7362,#7363);
#7362 = CARTESIAN_POINT('',(22.79,0.32,10.66));
#7363 = VECTOR('',#7364,1.);
#7364 = DIRECTION('',(0.,-1.,0.));
#7365 = ORIENTED_EDGE('',*,*,#7281,.T.);
#7366 = ORIENTED_EDGE('',*,*,#5280,.F.);
#7367 = ORIENTED_EDGE('',*,*,#7336,.T.);
#7368 = PLANE('',#7369);
#7369 = AXIS2_PLACEMENT_3D('',#7370,#7371,#7372);
#7370 = CARTESIAN_POINT('',(22.665,0.32,10.535));
#7371 = DIRECTION('',(-0.707106781187,0.,0.707106781187));
#7372 = DIRECTION('',(0.,1.,0.));
#7373 = ADVANCED_FACE('',(#7374),#7399,.T.);
#7374 = FACE_BOUND('',#7375,.F.);
#7375 = EDGE_LOOP('',(#7376,#7384,#7392,#7398));
#7376 = ORIENTED_EDGE('',*,*,#7377,.F.);
#7377 = EDGE_CURVE('',#7378,#5296,#7380,.T.);
#7378 = VERTEX_POINT('',#7379);
#7379 = CARTESIAN_POINT('',(22.79,7.E-02,-3.56));
#7380 = LINE('',#7381,#7382);
#7381 = CARTESIAN_POINT('',(22.771666666667,8.833333333333E-02,
    -3.541666666667));
#7382 = VECTOR('',#7383,1.);
#7383 = DIRECTION('',(-0.57735026919,0.57735026919,0.57735026919));
#7384 = ORIENTED_EDGE('',*,*,#7385,.T.);
#7385 = EDGE_CURVE('',#7378,#7386,#7388,.T.);
#7386 = VERTEX_POINT('',#7387);
#7387 = CARTESIAN_POINT('',(22.93,7.E-02,-3.56));
#7388 = LINE('',#7389,#7390);
#7389 = CARTESIAN_POINT('',(22.79,7.E-02,-3.56));
#7390 = VECTOR('',#7391,1.);
#7391 = DIRECTION('',(1.,0.,0.));
#7392 = ORIENTED_EDGE('',*,*,#7393,.T.);
#7393 = EDGE_CURVE('',#7386,#5304,#7394,.T.);
#7394 = LINE('',#7395,#7396);
#7395 = CARTESIAN_POINT('',(22.925,6.5E-02,-3.565));
#7396 = VECTOR('',#7397,1.);
#7397 = DIRECTION('',(0.57735026919,0.57735026919,0.57735026919));
#7398 = ORIENTED_EDGE('',*,*,#5303,.F.);
#7399 = PLANE('',#7400);
#7400 = AXIS2_PLACEMENT_3D('',#7401,#7402,#7403);
#7401 = CARTESIAN_POINT('',(22.79,0.195,-3.435));
#7402 = DIRECTION('',(0.,0.707106781187,-0.707106781187));
#7403 = DIRECTION('',(-1.,0.,-0.));
#7404 = ADVANCED_FACE('',(#7405),#7423,.F.);
#7405 = FACE_BOUND('',#7406,.T.);
#7406 = EDGE_LOOP('',(#7407,#7415,#7416,#7417));
#7407 = ORIENTED_EDGE('',*,*,#7408,.T.);
#7408 = EDGE_CURVE('',#7409,#7386,#7411,.T.);
#7409 = VERTEX_POINT('',#7410);
#7410 = CARTESIAN_POINT('',(22.93,-7.E-02,-3.56));
#7411 = LINE('',#7412,#7413);
#7412 = CARTESIAN_POINT('',(22.93,-0.32,-3.56));
#7413 = VECTOR('',#7414,1.);
#7414 = DIRECTION('',(0.,1.,0.));
#7415 = ORIENTED_EDGE('',*,*,#7393,.T.);
#7416 = ORIENTED_EDGE('',*,*,#5326,.F.);
#7417 = ORIENTED_EDGE('',*,*,#7418,.F.);
#7418 = EDGE_CURVE('',#7409,#5327,#7419,.T.);
#7419 = LINE('',#7420,#7421);
#7420 = CARTESIAN_POINT('',(23.031666666667,-0.171666666667,
    -3.458333333333));
#7421 = VECTOR('',#7422,1.);
#7422 = DIRECTION('',(0.57735026919,-0.57735026919,0.57735026919));
#7423 = PLANE('',#7424);
#7424 = AXIS2_PLACEMENT_3D('',#7425,#7426,#7427);
#7425 = CARTESIAN_POINT('',(23.055,-0.32,-3.435));
#7426 = DIRECTION('',(-0.707106781187,0.,0.707106781187));
#7427 = DIRECTION('',(-0.,-1.,0.));
#7428 = ADVANCED_FACE('',(#7429),#7447,.T.);
#7429 = FACE_BOUND('',#7430,.T.);
#7430 = EDGE_LOOP('',(#7431,#7439,#7445,#7446));
#7431 = ORIENTED_EDGE('',*,*,#7432,.F.);
#7432 = EDGE_CURVE('',#7433,#5351,#7435,.T.);
#7433 = VERTEX_POINT('',#7434);
#7434 = CARTESIAN_POINT('',(22.79,-7.E-02,-3.56));
#7435 = LINE('',#7436,#7437);
#7436 = CARTESIAN_POINT('',(22.665,-0.195,-3.435));
#7437 = VECTOR('',#7438,1.);
#7438 = DIRECTION('',(-0.57735026919,-0.57735026919,0.57735026919));
#7439 = ORIENTED_EDGE('',*,*,#7440,.T.);
#7440 = EDGE_CURVE('',#7433,#7409,#7441,.T.);
#7441 = LINE('',#7442,#7443);
#7442 = CARTESIAN_POINT('',(22.79,-7.E-02,-3.56));
#7443 = VECTOR('',#7444,1.);
#7444 = DIRECTION('',(1.,0.,0.));
#7445 = ORIENTED_EDGE('',*,*,#7418,.T.);
#7446 = ORIENTED_EDGE('',*,*,#5350,.F.);
#7447 = PLANE('',#7448);
#7448 = AXIS2_PLACEMENT_3D('',#7449,#7450,#7451);
#7449 = CARTESIAN_POINT('',(22.79,-0.195,-3.435));
#7450 = DIRECTION('',(0.,-0.707106781187,-0.707106781187));
#7451 = DIRECTION('',(1.,0.,0.));
#7452 = ADVANCED_FACE('',(#7453),#7464,.T.);
#7453 = FACE_BOUND('',#7454,.F.);
#7454 = EDGE_LOOP('',(#7455,#7461,#7462,#7463));
#7455 = ORIENTED_EDGE('',*,*,#7456,.T.);
#7456 = EDGE_CURVE('',#7433,#7378,#7457,.T.);
#7457 = LINE('',#7458,#7459);
#7458 = CARTESIAN_POINT('',(22.79,-0.32,-3.56));
#7459 = VECTOR('',#7460,1.);
#7460 = DIRECTION('',(0.,1.,0.));
#7461 = ORIENTED_EDGE('',*,*,#7377,.T.);
#7462 = ORIENTED_EDGE('',*,*,#5374,.F.);
#7463 = ORIENTED_EDGE('',*,*,#7432,.F.);
#7464 = PLANE('',#7465);
#7465 = AXIS2_PLACEMENT_3D('',#7466,#7467,#7468);
#7466 = CARTESIAN_POINT('',(22.665,-0.32,-3.435));
#7467 = DIRECTION('',(-0.707106781187,0.,-0.707106781187));
#7468 = DIRECTION('',(0.,-1.,-0.));
#7469 = ADVANCED_FACE('',(#7470),#7495,.T.);
#7470 = FACE_BOUND('',#7471,.F.);
#7471 = EDGE_LOOP('',(#7472,#7480,#7488,#7494));
#7472 = ORIENTED_EDGE('',*,*,#7473,.F.);
#7473 = EDGE_CURVE('',#7474,#5392,#7476,.T.);
#7474 = VERTEX_POINT('',#7475);
#7475 = CARTESIAN_POINT('',(20.25,7.E-02,-3.56));
#7476 = LINE('',#7477,#7478);
#7477 = CARTESIAN_POINT('',(20.231666666667,8.833333333333E-02,
    -3.541666666667));
#7478 = VECTOR('',#7479,1.);
#7479 = DIRECTION('',(-0.57735026919,0.57735026919,0.57735026919));
#7480 = ORIENTED_EDGE('',*,*,#7481,.T.);
#7481 = EDGE_CURVE('',#7474,#7482,#7484,.T.);
#7482 = VERTEX_POINT('',#7483);
#7483 = CARTESIAN_POINT('',(20.39,7.E-02,-3.56));
#7484 = LINE('',#7485,#7486);
#7485 = CARTESIAN_POINT('',(20.25,7.E-02,-3.56));
#7486 = VECTOR('',#7487,1.);
#7487 = DIRECTION('',(1.,0.,0.));
#7488 = ORIENTED_EDGE('',*,*,#7489,.T.);
#7489 = EDGE_CURVE('',#7482,#5400,#7490,.T.);
#7490 = LINE('',#7491,#7492);
#7491 = CARTESIAN_POINT('',(20.385,6.5E-02,-3.565));
#7492 = VECTOR('',#7493,1.);
#7493 = DIRECTION('',(0.57735026919,0.57735026919,0.57735026919));
#7494 = ORIENTED_EDGE('',*,*,#5399,.F.);
#7495 = PLANE('',#7496);
#7496 = AXIS2_PLACEMENT_3D('',#7497,#7498,#7499);
#7497 = CARTESIAN_POINT('',(20.25,0.195,-3.435));
#7498 = DIRECTION('',(0.,0.707106781187,-0.707106781187));
#7499 = DIRECTION('',(-1.,0.,-0.));
#7500 = ADVANCED_FACE('',(#7501),#7519,.F.);
#7501 = FACE_BOUND('',#7502,.T.);
#7502 = EDGE_LOOP('',(#7503,#7511,#7512,#7513));
#7503 = ORIENTED_EDGE('',*,*,#7504,.T.);
#7504 = EDGE_CURVE('',#7505,#7482,#7507,.T.);
#7505 = VERTEX_POINT('',#7506);
#7506 = CARTESIAN_POINT('',(20.39,-7.E-02,-3.56));
#7507 = LINE('',#7508,#7509);
#7508 = CARTESIAN_POINT('',(20.39,-0.32,-3.56));
#7509 = VECTOR('',#7510,1.);
#7510 = DIRECTION('',(0.,1.,0.));
#7511 = ORIENTED_EDGE('',*,*,#7489,.T.);
#7512 = ORIENTED_EDGE('',*,*,#5422,.F.);
#7513 = ORIENTED_EDGE('',*,*,#7514,.F.);
#7514 = EDGE_CURVE('',#7505,#5423,#7515,.T.);
#7515 = LINE('',#7516,#7517);
#7516 = CARTESIAN_POINT('',(20.491666666667,-0.171666666667,
    -3.458333333333));
#7517 = VECTOR('',#7518,1.);
#7518 = DIRECTION('',(0.57735026919,-0.57735026919,0.57735026919));
#7519 = PLANE('',#7520);
#7520 = AXIS2_PLACEMENT_3D('',#7521,#7522,#7523);
#7521 = CARTESIAN_POINT('',(20.515,-0.32,-3.435));
#7522 = DIRECTION('',(-0.707106781187,0.,0.707106781187));
#7523 = DIRECTION('',(-0.,-1.,0.));
#7524 = ADVANCED_FACE('',(#7525),#7543,.T.);
#7525 = FACE_BOUND('',#7526,.T.);
#7526 = EDGE_LOOP('',(#7527,#7535,#7541,#7542));
#7527 = ORIENTED_EDGE('',*,*,#7528,.F.);
#7528 = EDGE_CURVE('',#7529,#5447,#7531,.T.);
#7529 = VERTEX_POINT('',#7530);
#7530 = CARTESIAN_POINT('',(20.25,-7.E-02,-3.56));
#7531 = LINE('',#7532,#7533);
#7532 = CARTESIAN_POINT('',(20.125,-0.195,-3.435));
#7533 = VECTOR('',#7534,1.);
#7534 = DIRECTION('',(-0.57735026919,-0.57735026919,0.57735026919));
#7535 = ORIENTED_EDGE('',*,*,#7536,.T.);
#7536 = EDGE_CURVE('',#7529,#7505,#7537,.T.);
#7537 = LINE('',#7538,#7539);
#7538 = CARTESIAN_POINT('',(20.25,-7.E-02,-3.56));
#7539 = VECTOR('',#7540,1.);
#7540 = DIRECTION('',(1.,0.,0.));
#7541 = ORIENTED_EDGE('',*,*,#7514,.T.);
#7542 = ORIENTED_EDGE('',*,*,#5446,.F.);
#7543 = PLANE('',#7544);
#7544 = AXIS2_PLACEMENT_3D('',#7545,#7546,#7547);
#7545 = CARTESIAN_POINT('',(20.25,-0.195,-3.435));
#7546 = DIRECTION('',(0.,-0.707106781187,-0.707106781187));
#7547 = DIRECTION('',(1.,0.,0.));
#7548 = ADVANCED_FACE('',(#7549),#7560,.T.);
#7549 = FACE_BOUND('',#7550,.F.);
#7550 = EDGE_LOOP('',(#7551,#7557,#7558,#7559));
#7551 = ORIENTED_EDGE('',*,*,#7552,.T.);
#7552 = EDGE_CURVE('',#7529,#7474,#7553,.T.);
#7553 = LINE('',#7554,#7555);
#7554 = CARTESIAN_POINT('',(20.25,-0.32,-3.56));
#7555 = VECTOR('',#7556,1.);
#7556 = DIRECTION('',(0.,1.,0.));
#7557 = ORIENTED_EDGE('',*,*,#7473,.T.);
#7558 = ORIENTED_EDGE('',*,*,#5470,.F.);
#7559 = ORIENTED_EDGE('',*,*,#7528,.F.);
#7560 = PLANE('',#7561);
#7561 = AXIS2_PLACEMENT_3D('',#7562,#7563,#7564);
#7562 = CARTESIAN_POINT('',(20.125,-0.32,-3.435));
#7563 = DIRECTION('',(-0.707106781187,0.,-0.707106781187));
#7564 = DIRECTION('',(0.,-1.,-0.));
#7565 = ADVANCED_FACE('',(#7566),#7591,.F.);
#7566 = FACE_BOUND('',#7567,.T.);
#7567 = EDGE_LOOP('',(#7568,#7578,#7584,#7585));
#7568 = ORIENTED_EDGE('',*,*,#7569,.T.);
#7569 = EDGE_CURVE('',#7570,#7572,#7574,.T.);
#7570 = VERTEX_POINT('',#7571);
#7571 = CARTESIAN_POINT('',(17.85,-7.E-02,-3.56));
#7572 = VERTEX_POINT('',#7573);
#7573 = CARTESIAN_POINT('',(17.85,7.E-02,-3.56));
#7574 = LINE('',#7575,#7576);
#7575 = CARTESIAN_POINT('',(17.85,-0.32,-3.56));
#7576 = VECTOR('',#7577,1.);
#7577 = DIRECTION('',(0.,1.,0.));
#7578 = ORIENTED_EDGE('',*,*,#7579,.T.);
#7579 = EDGE_CURVE('',#7572,#5490,#7580,.T.);
#7580 = LINE('',#7581,#7582);
#7581 = CARTESIAN_POINT('',(17.845,6.5E-02,-3.565));
#7582 = VECTOR('',#7583,1.);
#7583 = DIRECTION('',(0.57735026919,0.57735026919,0.57735026919));
#7584 = ORIENTED_EDGE('',*,*,#5487,.F.);
#7585 = ORIENTED_EDGE('',*,*,#7586,.F.);
#7586 = EDGE_CURVE('',#7570,#5488,#7587,.T.);
#7587 = LINE('',#7588,#7589);
#7588 = CARTESIAN_POINT('',(17.951666666667,-0.171666666667,
    -3.458333333333));
#7589 = VECTOR('',#7590,1.);
#7590 = DIRECTION('',(0.57735026919,-0.57735026919,0.57735026919));
#7591 = PLANE('',#7592);
#7592 = AXIS2_PLACEMENT_3D('',#7593,#7594,#7595);
#7593 = CARTESIAN_POINT('',(17.975,-0.32,-3.435));
#7594 = DIRECTION('',(-0.707106781187,0.,0.707106781187));
#7595 = DIRECTION('',(-0.,-1.,0.));
#7596 = ADVANCED_FACE('',(#7597),#7615,.T.);
#7597 = FACE_BOUND('',#7598,.T.);
#7598 = EDGE_LOOP('',(#7599,#7607,#7613,#7614));
#7599 = ORIENTED_EDGE('',*,*,#7600,.F.);
#7600 = EDGE_CURVE('',#7601,#5519,#7603,.T.);
#7601 = VERTEX_POINT('',#7602);
#7602 = CARTESIAN_POINT('',(17.71,-7.E-02,-3.56));
#7603 = LINE('',#7604,#7605);
#7604 = CARTESIAN_POINT('',(17.585,-0.195,-3.435));
#7605 = VECTOR('',#7606,1.);
#7606 = DIRECTION('',(-0.57735026919,-0.57735026919,0.57735026919));
#7607 = ORIENTED_EDGE('',*,*,#7608,.T.);
#7608 = EDGE_CURVE('',#7601,#7570,#7609,.T.);
#7609 = LINE('',#7610,#7611);
#7610 = CARTESIAN_POINT('',(17.71,-7.E-02,-3.56));
#7611 = VECTOR('',#7612,1.);
#7612 = DIRECTION('',(1.,0.,0.));
#7613 = ORIENTED_EDGE('',*,*,#7586,.T.);
#7614 = ORIENTED_EDGE('',*,*,#5518,.F.);
#7615 = PLANE('',#7616);
#7616 = AXIS2_PLACEMENT_3D('',#7617,#7618,#7619);
#7617 = CARTESIAN_POINT('',(17.71,-0.195,-3.435));
#7618 = DIRECTION('',(0.,-0.707106781187,-0.707106781187));
#7619 = DIRECTION('',(1.,0.,0.));
#7620 = ADVANCED_FACE('',(#7621),#7639,.T.);
#7621 = FACE_BOUND('',#7622,.F.);
#7622 = EDGE_LOOP('',(#7623,#7631,#7637,#7638));
#7623 = ORIENTED_EDGE('',*,*,#7624,.T.);
#7624 = EDGE_CURVE('',#7601,#7625,#7627,.T.);
#7625 = VERTEX_POINT('',#7626);
#7626 = CARTESIAN_POINT('',(17.71,7.E-02,-3.56));
#7627 = LINE('',#7628,#7629);
#7628 = CARTESIAN_POINT('',(17.71,-0.32,-3.56));
#7629 = VECTOR('',#7630,1.);
#7630 = DIRECTION('',(0.,1.,0.));
#7631 = ORIENTED_EDGE('',*,*,#7632,.T.);
#7632 = EDGE_CURVE('',#7625,#5543,#7633,.T.);
#7633 = LINE('',#7634,#7635);
#7634 = CARTESIAN_POINT('',(17.691666666667,8.833333333333E-02,
    -3.541666666667));
#7635 = VECTOR('',#7636,1.);
#7636 = DIRECTION('',(-0.57735026919,0.57735026919,0.57735026919));
#7637 = ORIENTED_EDGE('',*,*,#5542,.F.);
#7638 = ORIENTED_EDGE('',*,*,#7600,.F.);
#7639 = PLANE('',#7640);
#7640 = AXIS2_PLACEMENT_3D('',#7641,#7642,#7643);
#7641 = CARTESIAN_POINT('',(17.585,-0.32,-3.435));
#7642 = DIRECTION('',(-0.707106781187,0.,-0.707106781187));
#7643 = DIRECTION('',(0.,-1.,-0.));
#7644 = ADVANCED_FACE('',(#7645),#7656,.T.);
#7645 = FACE_BOUND('',#7646,.F.);
#7646 = EDGE_LOOP('',(#7647,#7648,#7654,#7655));
#7647 = ORIENTED_EDGE('',*,*,#7632,.F.);
#7648 = ORIENTED_EDGE('',*,*,#7649,.T.);
#7649 = EDGE_CURVE('',#7625,#7572,#7650,.T.);
#7650 = LINE('',#7651,#7652);
#7651 = CARTESIAN_POINT('',(17.71,7.E-02,-3.56));
#7652 = VECTOR('',#7653,1.);
#7653 = DIRECTION('',(1.,0.,0.));
#7654 = ORIENTED_EDGE('',*,*,#7579,.T.);
#7655 = ORIENTED_EDGE('',*,*,#5567,.F.);
#7656 = PLANE('',#7657);
#7657 = AXIS2_PLACEMENT_3D('',#7658,#7659,#7660);
#7658 = CARTESIAN_POINT('',(17.71,0.195,-3.435));
#7659 = DIRECTION('',(0.,0.707106781187,-0.707106781187));
#7660 = DIRECTION('',(-1.,0.,-0.));
#7661 = ADVANCED_FACE('',(#7662),#7687,.T.);
#7662 = FACE_BOUND('',#7663,.F.);
#7663 = EDGE_LOOP('',(#7664,#7672,#7680,#7686));
#7664 = ORIENTED_EDGE('',*,*,#7665,.F.);
#7665 = EDGE_CURVE('',#7666,#5584,#7668,.T.);
#7666 = VERTEX_POINT('',#7667);
#7667 = CARTESIAN_POINT('',(15.17,7.E-02,-3.56));
#7668 = LINE('',#7669,#7670);
#7669 = CARTESIAN_POINT('',(15.151666666667,8.833333333333E-02,
    -3.541666666667));
#7670 = VECTOR('',#7671,1.);
#7671 = DIRECTION('',(-0.57735026919,0.57735026919,0.57735026919));
#7672 = ORIENTED_EDGE('',*,*,#7673,.T.);
#7673 = EDGE_CURVE('',#7666,#7674,#7676,.T.);
#7674 = VERTEX_POINT('',#7675);
#7675 = CARTESIAN_POINT('',(15.31,7.E-02,-3.56));
#7676 = LINE('',#7677,#7678);
#7677 = CARTESIAN_POINT('',(15.17,7.E-02,-3.56));
#7678 = VECTOR('',#7679,1.);
#7679 = DIRECTION('',(1.,0.,0.));
#7680 = ORIENTED_EDGE('',*,*,#7681,.T.);
#7681 = EDGE_CURVE('',#7674,#5592,#7682,.T.);
#7682 = LINE('',#7683,#7684);
#7683 = CARTESIAN_POINT('',(15.305,6.5E-02,-3.565));
#7684 = VECTOR('',#7685,1.);
#7685 = DIRECTION('',(0.57735026919,0.57735026919,0.57735026919));
#7686 = ORIENTED_EDGE('',*,*,#5591,.F.);
#7687 = PLANE('',#7688);
#7688 = AXIS2_PLACEMENT_3D('',#7689,#7690,#7691);
#7689 = CARTESIAN_POINT('',(15.17,0.195,-3.435));
#7690 = DIRECTION('',(0.,0.707106781187,-0.707106781187));
#7691 = DIRECTION('',(-1.,0.,-0.));
#7692 = ADVANCED_FACE('',(#7693),#7711,.F.);
#7693 = FACE_BOUND('',#7694,.T.);
#7694 = EDGE_LOOP('',(#7695,#7703,#7704,#7705));
#7695 = ORIENTED_EDGE('',*,*,#7696,.T.);
#7696 = EDGE_CURVE('',#7697,#7674,#7699,.T.);
#7697 = VERTEX_POINT('',#7698);
#7698 = CARTESIAN_POINT('',(15.31,-7.E-02,-3.56));
#7699 = LINE('',#7700,#7701);
#7700 = CARTESIAN_POINT('',(15.31,-0.32,-3.56));
#7701 = VECTOR('',#7702,1.);
#7702 = DIRECTION('',(0.,1.,0.));
#7703 = ORIENTED_EDGE('',*,*,#7681,.T.);
#7704 = ORIENTED_EDGE('',*,*,#5614,.F.);
#7705 = ORIENTED_EDGE('',*,*,#7706,.F.);
#7706 = EDGE_CURVE('',#7697,#5615,#7707,.T.);
#7707 = LINE('',#7708,#7709);
#7708 = CARTESIAN_POINT('',(15.411666666667,-0.171666666667,
    -3.458333333333));
#7709 = VECTOR('',#7710,1.);
#7710 = DIRECTION('',(0.57735026919,-0.57735026919,0.57735026919));
#7711 = PLANE('',#7712);
#7712 = AXIS2_PLACEMENT_3D('',#7713,#7714,#7715);
#7713 = CARTESIAN_POINT('',(15.435,-0.32,-3.435));
#7714 = DIRECTION('',(-0.707106781187,0.,0.707106781187));
#7715 = DIRECTION('',(-0.,-1.,0.));
#7716 = ADVANCED_FACE('',(#7717),#7735,.T.);
#7717 = FACE_BOUND('',#7718,.T.);
#7718 = EDGE_LOOP('',(#7719,#7727,#7733,#7734));
#7719 = ORIENTED_EDGE('',*,*,#7720,.F.);
#7720 = EDGE_CURVE('',#7721,#5639,#7723,.T.);
#7721 = VERTEX_POINT('',#7722);
#7722 = CARTESIAN_POINT('',(15.17,-7.E-02,-3.56));
#7723 = LINE('',#7724,#7725);
#7724 = CARTESIAN_POINT('',(15.045,-0.195,-3.435));
#7725 = VECTOR('',#7726,1.);
#7726 = DIRECTION('',(-0.57735026919,-0.57735026919,0.57735026919));
#7727 = ORIENTED_EDGE('',*,*,#7728,.T.);
#7728 = EDGE_CURVE('',#7721,#7697,#7729,.T.);
#7729 = LINE('',#7730,#7731);
#7730 = CARTESIAN_POINT('',(15.17,-7.E-02,-3.56));
#7731 = VECTOR('',#7732,1.);
#7732 = DIRECTION('',(1.,0.,0.));
#7733 = ORIENTED_EDGE('',*,*,#7706,.T.);
#7734 = ORIENTED_EDGE('',*,*,#5638,.F.);
#7735 = PLANE('',#7736);
#7736 = AXIS2_PLACEMENT_3D('',#7737,#7738,#7739);
#7737 = CARTESIAN_POINT('',(15.17,-0.195,-3.435));
#7738 = DIRECTION('',(0.,-0.707106781187,-0.707106781187));
#7739 = DIRECTION('',(1.,0.,0.));
#7740 = ADVANCED_FACE('',(#7741),#7752,.T.);
#7741 = FACE_BOUND('',#7742,.F.);
#7742 = EDGE_LOOP('',(#7743,#7749,#7750,#7751));
#7743 = ORIENTED_EDGE('',*,*,#7744,.T.);
#7744 = EDGE_CURVE('',#7721,#7666,#7745,.T.);
#7745 = LINE('',#7746,#7747);
#7746 = CARTESIAN_POINT('',(15.17,-0.32,-3.56));
#7747 = VECTOR('',#7748,1.);
#7748 = DIRECTION('',(0.,1.,0.));
#7749 = ORIENTED_EDGE('',*,*,#7665,.T.);
#7750 = ORIENTED_EDGE('',*,*,#5662,.F.);
#7751 = ORIENTED_EDGE('',*,*,#7720,.F.);
#7752 = PLANE('',#7753);
#7753 = AXIS2_PLACEMENT_3D('',#7754,#7755,#7756);
#7754 = CARTESIAN_POINT('',(15.045,-0.32,-3.435));
#7755 = DIRECTION('',(-0.707106781187,0.,-0.707106781187));
#7756 = DIRECTION('',(0.,-1.,-0.));
#7757 = ADVANCED_FACE('',(#7758),#7783,.F.);
#7758 = FACE_BOUND('',#7759,.T.);
#7759 = EDGE_LOOP('',(#7760,#7770,#7776,#7777));
#7760 = ORIENTED_EDGE('',*,*,#7761,.T.);
#7761 = EDGE_CURVE('',#7762,#7764,#7766,.T.);
#7762 = VERTEX_POINT('',#7763);
#7763 = CARTESIAN_POINT('',(12.77,-7.E-02,-3.56));
#7764 = VERTEX_POINT('',#7765);
#7765 = CARTESIAN_POINT('',(12.77,7.E-02,-3.56));
#7766 = LINE('',#7767,#7768);
#7767 = CARTESIAN_POINT('',(12.77,-0.32,-3.56));
#7768 = VECTOR('',#7769,1.);
#7769 = DIRECTION('',(0.,1.,0.));
#7770 = ORIENTED_EDGE('',*,*,#7771,.T.);
#7771 = EDGE_CURVE('',#7764,#5682,#7772,.T.);
#7772 = LINE('',#7773,#7774);
#7773 = CARTESIAN_POINT('',(12.765,6.5E-02,-3.565));
#7774 = VECTOR('',#7775,1.);
#7775 = DIRECTION('',(0.57735026919,0.57735026919,0.57735026919));
#7776 = ORIENTED_EDGE('',*,*,#5679,.F.);
#7777 = ORIENTED_EDGE('',*,*,#7778,.F.);
#7778 = EDGE_CURVE('',#7762,#5680,#7779,.T.);
#7779 = LINE('',#7780,#7781);
#7780 = CARTESIAN_POINT('',(12.871666666667,-0.171666666667,
    -3.458333333333));
#7781 = VECTOR('',#7782,1.);
#7782 = DIRECTION('',(0.57735026919,-0.57735026919,0.57735026919));
#7783 = PLANE('',#7784);
#7784 = AXIS2_PLACEMENT_3D('',#7785,#7786,#7787);
#7785 = CARTESIAN_POINT('',(12.895,-0.32,-3.435));
#7786 = DIRECTION('',(-0.707106781187,0.,0.707106781187));
#7787 = DIRECTION('',(-0.,-1.,0.));
#7788 = ADVANCED_FACE('',(#7789),#7807,.T.);
#7789 = FACE_BOUND('',#7790,.T.);
#7790 = EDGE_LOOP('',(#7791,#7799,#7805,#7806));
#7791 = ORIENTED_EDGE('',*,*,#7792,.F.);
#7792 = EDGE_CURVE('',#7793,#5711,#7795,.T.);
#7793 = VERTEX_POINT('',#7794);
#7794 = CARTESIAN_POINT('',(12.63,-7.E-02,-3.56));
#7795 = LINE('',#7796,#7797);
#7796 = CARTESIAN_POINT('',(12.505,-0.195,-3.435));
#7797 = VECTOR('',#7798,1.);
#7798 = DIRECTION('',(-0.57735026919,-0.57735026919,0.57735026919));
#7799 = ORIENTED_EDGE('',*,*,#7800,.T.);
#7800 = EDGE_CURVE('',#7793,#7762,#7801,.T.);
#7801 = LINE('',#7802,#7803);
#7802 = CARTESIAN_POINT('',(12.63,-7.E-02,-3.56));
#7803 = VECTOR('',#7804,1.);
#7804 = DIRECTION('',(1.,0.,0.));
#7805 = ORIENTED_EDGE('',*,*,#7778,.T.);
#7806 = ORIENTED_EDGE('',*,*,#5710,.F.);
#7807 = PLANE('',#7808);
#7808 = AXIS2_PLACEMENT_3D('',#7809,#7810,#7811);
#7809 = CARTESIAN_POINT('',(12.63,-0.195,-3.435));
#7810 = DIRECTION('',(0.,-0.707106781187,-0.707106781187));
#7811 = DIRECTION('',(1.,0.,0.));
#7812 = ADVANCED_FACE('',(#7813),#7831,.T.);
#7813 = FACE_BOUND('',#7814,.F.);
#7814 = EDGE_LOOP('',(#7815,#7823,#7829,#7830));
#7815 = ORIENTED_EDGE('',*,*,#7816,.T.);
#7816 = EDGE_CURVE('',#7793,#7817,#7819,.T.);
#7817 = VERTEX_POINT('',#7818);
#7818 = CARTESIAN_POINT('',(12.63,7.E-02,-3.56));
#7819 = LINE('',#7820,#7821);
#7820 = CARTESIAN_POINT('',(12.63,-0.32,-3.56));
#7821 = VECTOR('',#7822,1.);
#7822 = DIRECTION('',(0.,1.,0.));
#7823 = ORIENTED_EDGE('',*,*,#7824,.T.);
#7824 = EDGE_CURVE('',#7817,#5735,#7825,.T.);
#7825 = LINE('',#7826,#7827);
#7826 = CARTESIAN_POINT('',(12.611666666667,8.833333333333E-02,
    -3.541666666667));
#7827 = VECTOR('',#7828,1.);
#7828 = DIRECTION('',(-0.57735026919,0.57735026919,0.57735026919));
#7829 = ORIENTED_EDGE('',*,*,#5734,.F.);
#7830 = ORIENTED_EDGE('',*,*,#7792,.F.);
#7831 = PLANE('',#7832);
#7832 = AXIS2_PLACEMENT_3D('',#7833,#7834,#7835);
#7833 = CARTESIAN_POINT('',(12.505,-0.32,-3.435));
#7834 = DIRECTION('',(-0.707106781187,0.,-0.707106781187));
#7835 = DIRECTION('',(0.,-1.,-0.));
#7836 = ADVANCED_FACE('',(#7837),#7848,.T.);
#7837 = FACE_BOUND('',#7838,.F.);
#7838 = EDGE_LOOP('',(#7839,#7840,#7846,#7847));
#7839 = ORIENTED_EDGE('',*,*,#7824,.F.);
#7840 = ORIENTED_EDGE('',*,*,#7841,.T.);
#7841 = EDGE_CURVE('',#7817,#7764,#7842,.T.);
#7842 = LINE('',#7843,#7844);
#7843 = CARTESIAN_POINT('',(12.63,7.E-02,-3.56));
#7844 = VECTOR('',#7845,1.);
#7845 = DIRECTION('',(1.,0.,0.));
#7846 = ORIENTED_EDGE('',*,*,#7771,.T.);
#7847 = ORIENTED_EDGE('',*,*,#5759,.F.);
#7848 = PLANE('',#7849);
#7849 = AXIS2_PLACEMENT_3D('',#7850,#7851,#7852);
#7850 = CARTESIAN_POINT('',(12.63,0.195,-3.435));
#7851 = DIRECTION('',(0.,0.707106781187,-0.707106781187));
#7852 = DIRECTION('',(-1.,0.,-0.));
#7853 = ADVANCED_FACE('',(#7854),#7879,.T.);
#7854 = FACE_BOUND('',#7855,.F.);
#7855 = EDGE_LOOP('',(#7856,#7866,#7872,#7873));
#7856 = ORIENTED_EDGE('',*,*,#7857,.T.);
#7857 = EDGE_CURVE('',#7858,#7860,#7862,.T.);
#7858 = VERTEX_POINT('',#7859);
#7859 = CARTESIAN_POINT('',(10.09,-7.E-02,-3.56));
#7860 = VERTEX_POINT('',#7861);
#7861 = CARTESIAN_POINT('',(10.09,7.E-02,-3.56));
#7862 = LINE('',#7863,#7864);
#7863 = CARTESIAN_POINT('',(10.09,-0.32,-3.56));
#7864 = VECTOR('',#7865,1.);
#7865 = DIRECTION('',(0.,1.,0.));
#7866 = ORIENTED_EDGE('',*,*,#7867,.T.);
#7867 = EDGE_CURVE('',#7860,#5778,#7868,.T.);
#7868 = LINE('',#7869,#7870);
#7869 = CARTESIAN_POINT('',(10.071666666667,8.833333333333E-02,
    -3.541666666667));
#7870 = VECTOR('',#7871,1.);
#7871 = DIRECTION('',(-0.57735026919,0.57735026919,0.57735026919));
#7872 = ORIENTED_EDGE('',*,*,#5775,.F.);
#7873 = ORIENTED_EDGE('',*,*,#7874,.F.);
#7874 = EDGE_CURVE('',#7858,#5776,#7875,.T.);
#7875 = LINE('',#7876,#7877);
#7876 = CARTESIAN_POINT('',(9.965,-0.195,-3.435));
#7877 = VECTOR('',#7878,1.);
#7878 = DIRECTION('',(-0.57735026919,-0.57735026919,0.57735026919));
#7879 = PLANE('',#7880);
#7880 = AXIS2_PLACEMENT_3D('',#7881,#7882,#7883);
#7881 = CARTESIAN_POINT('',(9.965,-0.32,-3.435));
#7882 = DIRECTION('',(-0.707106781187,0.,-0.707106781187));
#7883 = DIRECTION('',(0.,-1.,-0.));
#7884 = ADVANCED_FACE('',(#7885),#7903,.T.);
#7885 = FACE_BOUND('',#7886,.F.);
#7886 = EDGE_LOOP('',(#7887,#7888,#7896,#7902));
#7887 = ORIENTED_EDGE('',*,*,#7867,.F.);
#7888 = ORIENTED_EDGE('',*,*,#7889,.T.);
#7889 = EDGE_CURVE('',#7860,#7890,#7892,.T.);
#7890 = VERTEX_POINT('',#7891);
#7891 = CARTESIAN_POINT('',(10.23,7.E-02,-3.56));
#7892 = LINE('',#7893,#7894);
#7893 = CARTESIAN_POINT('',(10.09,7.E-02,-3.56));
#7894 = VECTOR('',#7895,1.);
#7895 = DIRECTION('',(1.,0.,0.));
#7896 = ORIENTED_EDGE('',*,*,#7897,.T.);
#7897 = EDGE_CURVE('',#7890,#5808,#7898,.T.);
#7898 = LINE('',#7899,#7900);
#7899 = CARTESIAN_POINT('',(10.225,6.5E-02,-3.565));
#7900 = VECTOR('',#7901,1.);
#7901 = DIRECTION('',(0.57735026919,0.57735026919,0.57735026919));
#7902 = ORIENTED_EDGE('',*,*,#5807,.F.);
#7903 = PLANE('',#7904);
#7904 = AXIS2_PLACEMENT_3D('',#7905,#7906,#7907);
#7905 = CARTESIAN_POINT('',(10.09,0.195,-3.435));
#7906 = DIRECTION('',(0.,0.707106781187,-0.707106781187));
#7907 = DIRECTION('',(-1.,0.,-0.));
#7908 = ADVANCED_FACE('',(#7909),#7927,.F.);
#7909 = FACE_BOUND('',#7910,.T.);
#7910 = EDGE_LOOP('',(#7911,#7919,#7920,#7921));
#7911 = ORIENTED_EDGE('',*,*,#7912,.T.);
#7912 = EDGE_CURVE('',#7913,#7890,#7915,.T.);
#7913 = VERTEX_POINT('',#7914);
#7914 = CARTESIAN_POINT('',(10.23,-7.E-02,-3.56));
#7915 = LINE('',#7916,#7917);
#7916 = CARTESIAN_POINT('',(10.23,-0.32,-3.56));
#7917 = VECTOR('',#7918,1.);
#7918 = DIRECTION('',(0.,1.,0.));
#7919 = ORIENTED_EDGE('',*,*,#7897,.T.);
#7920 = ORIENTED_EDGE('',*,*,#5830,.F.);
#7921 = ORIENTED_EDGE('',*,*,#7922,.F.);
#7922 = EDGE_CURVE('',#7913,#5831,#7923,.T.);
#7923 = LINE('',#7924,#7925);
#7924 = CARTESIAN_POINT('',(10.331666666667,-0.171666666667,
    -3.458333333333));
#7925 = VECTOR('',#7926,1.);
#7926 = DIRECTION('',(0.57735026919,-0.57735026919,0.57735026919));
#7927 = PLANE('',#7928);
#7928 = AXIS2_PLACEMENT_3D('',#7929,#7930,#7931);
#7929 = CARTESIAN_POINT('',(10.355,-0.32,-3.435));
#7930 = DIRECTION('',(-0.707106781187,0.,0.707106781187));
#7931 = DIRECTION('',(-0.,-1.,0.));
#7932 = ADVANCED_FACE('',(#7933),#7944,.T.);
#7933 = FACE_BOUND('',#7934,.T.);
#7934 = EDGE_LOOP('',(#7935,#7936,#7942,#7943));
#7935 = ORIENTED_EDGE('',*,*,#7874,.F.);
#7936 = ORIENTED_EDGE('',*,*,#7937,.T.);
#7937 = EDGE_CURVE('',#7858,#7913,#7938,.T.);
#7938 = LINE('',#7939,#7940);
#7939 = CARTESIAN_POINT('',(10.09,-7.E-02,-3.56));
#7940 = VECTOR('',#7941,1.);
#7941 = DIRECTION('',(1.,0.,0.));
#7942 = ORIENTED_EDGE('',*,*,#7922,.T.);
#7943 = ORIENTED_EDGE('',*,*,#5854,.F.);
#7944 = PLANE('',#7945);
#7945 = AXIS2_PLACEMENT_3D('',#7946,#7947,#7948);
#7946 = CARTESIAN_POINT('',(10.09,-0.195,-3.435));
#7947 = DIRECTION('',(0.,-0.707106781187,-0.707106781187));
#7948 = DIRECTION('',(1.,0.,0.));
#7949 = ADVANCED_FACE('',(#7950),#7975,.T.);
#7950 = FACE_BOUND('',#7951,.F.);
#7951 = EDGE_LOOP('',(#7952,#7960,#7968,#7974));
#7952 = ORIENTED_EDGE('',*,*,#7953,.F.);
#7953 = EDGE_CURVE('',#7954,#5872,#7956,.T.);
#7954 = VERTEX_POINT('',#7955);
#7955 = CARTESIAN_POINT('',(7.55,7.E-02,-3.56));
#7956 = LINE('',#7957,#7958);
#7957 = CARTESIAN_POINT('',(7.531666666667,8.833333333333E-02,
    -3.541666666667));
#7958 = VECTOR('',#7959,1.);
#7959 = DIRECTION('',(-0.57735026919,0.57735026919,0.57735026919));
#7960 = ORIENTED_EDGE('',*,*,#7961,.T.);
#7961 = EDGE_CURVE('',#7954,#7962,#7964,.T.);
#7962 = VERTEX_POINT('',#7963);
#7963 = CARTESIAN_POINT('',(7.69,7.E-02,-3.56));
#7964 = LINE('',#7965,#7966);
#7965 = CARTESIAN_POINT('',(7.55,7.E-02,-3.56));
#7966 = VECTOR('',#7967,1.);
#7967 = DIRECTION('',(1.,0.,0.));
#7968 = ORIENTED_EDGE('',*,*,#7969,.T.);
#7969 = EDGE_CURVE('',#7962,#5880,#7970,.T.);
#7970 = LINE('',#7971,#7972);
#7971 = CARTESIAN_POINT('',(7.685,6.5E-02,-3.565));
#7972 = VECTOR('',#7973,1.);
#7973 = DIRECTION('',(0.57735026919,0.57735026919,0.57735026919));
#7974 = ORIENTED_EDGE('',*,*,#5879,.F.);
#7975 = PLANE('',#7976);
#7976 = AXIS2_PLACEMENT_3D('',#7977,#7978,#7979);
#7977 = CARTESIAN_POINT('',(7.55,0.195,-3.435));
#7978 = DIRECTION('',(0.,0.707106781187,-0.707106781187));
#7979 = DIRECTION('',(-1.,0.,-0.));
#7980 = ADVANCED_FACE('',(#7981),#7999,.F.);
#7981 = FACE_BOUND('',#7982,.T.);
#7982 = EDGE_LOOP('',(#7983,#7991,#7992,#7993));
#7983 = ORIENTED_EDGE('',*,*,#7984,.T.);
#7984 = EDGE_CURVE('',#7985,#7962,#7987,.T.);
#7985 = VERTEX_POINT('',#7986);
#7986 = CARTESIAN_POINT('',(7.69,-7.E-02,-3.56));
#7987 = LINE('',#7988,#7989);
#7988 = CARTESIAN_POINT('',(7.69,-0.32,-3.56));
#7989 = VECTOR('',#7990,1.);
#7990 = DIRECTION('',(0.,1.,0.));
#7991 = ORIENTED_EDGE('',*,*,#7969,.T.);
#7992 = ORIENTED_EDGE('',*,*,#5902,.F.);
#7993 = ORIENTED_EDGE('',*,*,#7994,.F.);
#7994 = EDGE_CURVE('',#7985,#5903,#7995,.T.);
#7995 = LINE('',#7996,#7997);
#7996 = CARTESIAN_POINT('',(7.791666666667,-0.171666666667,
    -3.458333333333));
#7997 = VECTOR('',#7998,1.);
#7998 = DIRECTION('',(0.57735026919,-0.57735026919,0.57735026919));
#7999 = PLANE('',#8000);
#8000 = AXIS2_PLACEMENT_3D('',#8001,#8002,#8003);
#8001 = CARTESIAN_POINT('',(7.815,-0.32,-3.435));
#8002 = DIRECTION('',(-0.707106781187,0.,0.707106781187));
#8003 = DIRECTION('',(-0.,-1.,0.));
#8004 = ADVANCED_FACE('',(#8005),#8023,.T.);
#8005 = FACE_BOUND('',#8006,.T.);
#8006 = EDGE_LOOP('',(#8007,#8015,#8021,#8022));
#8007 = ORIENTED_EDGE('',*,*,#8008,.F.);
#8008 = EDGE_CURVE('',#8009,#5927,#8011,.T.);
#8009 = VERTEX_POINT('',#8010);
#8010 = CARTESIAN_POINT('',(7.55,-7.E-02,-3.56));
#8011 = LINE('',#8012,#8013);
#8012 = CARTESIAN_POINT('',(7.425,-0.195,-3.435));
#8013 = VECTOR('',#8014,1.);
#8014 = DIRECTION('',(-0.57735026919,-0.57735026919,0.57735026919));
#8015 = ORIENTED_EDGE('',*,*,#8016,.T.);
#8016 = EDGE_CURVE('',#8009,#7985,#8017,.T.);
#8017 = LINE('',#8018,#8019);
#8018 = CARTESIAN_POINT('',(7.55,-7.E-02,-3.56));
#8019 = VECTOR('',#8020,1.);
#8020 = DIRECTION('',(1.,0.,0.));
#8021 = ORIENTED_EDGE('',*,*,#7994,.T.);
#8022 = ORIENTED_EDGE('',*,*,#5926,.F.);
#8023 = PLANE('',#8024);
#8024 = AXIS2_PLACEMENT_3D('',#8025,#8026,#8027);
#8025 = CARTESIAN_POINT('',(7.55,-0.195,-3.435));
#8026 = DIRECTION('',(0.,-0.707106781187,-0.707106781187));
#8027 = DIRECTION('',(1.,0.,0.));
#8028 = ADVANCED_FACE('',(#8029),#8040,.T.);
#8029 = FACE_BOUND('',#8030,.F.);
#8030 = EDGE_LOOP('',(#8031,#8037,#8038,#8039));
#8031 = ORIENTED_EDGE('',*,*,#8032,.T.);
#8032 = EDGE_CURVE('',#8009,#7954,#8033,.T.);
#8033 = LINE('',#8034,#8035);
#8034 = CARTESIAN_POINT('',(7.55,-0.32,-3.56));
#8035 = VECTOR('',#8036,1.);
#8036 = DIRECTION('',(0.,1.,0.));
#8037 = ORIENTED_EDGE('',*,*,#7953,.T.);
#8038 = ORIENTED_EDGE('',*,*,#5950,.F.);
#8039 = ORIENTED_EDGE('',*,*,#8008,.F.);
#8040 = PLANE('',#8041);
#8041 = AXIS2_PLACEMENT_3D('',#8042,#8043,#8044);
#8042 = CARTESIAN_POINT('',(7.425,-0.32,-3.435));
#8043 = DIRECTION('',(-0.707106781187,0.,-0.707106781187));
#8044 = DIRECTION('',(0.,-1.,-0.));
#8045 = ADVANCED_FACE('',(#8046),#8071,.F.);
#8046 = FACE_BOUND('',#8047,.T.);
#8047 = EDGE_LOOP('',(#8048,#8058,#8064,#8065));
#8048 = ORIENTED_EDGE('',*,*,#8049,.T.);
#8049 = EDGE_CURVE('',#8050,#8052,#8054,.T.);
#8050 = VERTEX_POINT('',#8051);
#8051 = CARTESIAN_POINT('',(5.15,-7.E-02,-3.56));
#8052 = VERTEX_POINT('',#8053);
#8053 = CARTESIAN_POINT('',(5.15,7.E-02,-3.56));
#8054 = LINE('',#8055,#8056);
#8055 = CARTESIAN_POINT('',(5.15,-0.32,-3.56));
#8056 = VECTOR('',#8057,1.);
#8057 = DIRECTION('',(0.,1.,0.));
#8058 = ORIENTED_EDGE('',*,*,#8059,.T.);
#8059 = EDGE_CURVE('',#8052,#5970,#8060,.T.);
#8060 = LINE('',#8061,#8062);
#8061 = CARTESIAN_POINT('',(5.145,6.5E-02,-3.565));
#8062 = VECTOR('',#8063,1.);
#8063 = DIRECTION('',(0.57735026919,0.57735026919,0.57735026919));
#8064 = ORIENTED_EDGE('',*,*,#5967,.F.);
#8065 = ORIENTED_EDGE('',*,*,#8066,.F.);
#8066 = EDGE_CURVE('',#8050,#5968,#8067,.T.);
#8067 = LINE('',#8068,#8069);
#8068 = CARTESIAN_POINT('',(5.251666666667,-0.171666666667,
    -3.458333333333));
#8069 = VECTOR('',#8070,1.);
#8070 = DIRECTION('',(0.57735026919,-0.57735026919,0.57735026919));
#8071 = PLANE('',#8072);
#8072 = AXIS2_PLACEMENT_3D('',#8073,#8074,#8075);
#8073 = CARTESIAN_POINT('',(5.275,-0.32,-3.435));
#8074 = DIRECTION('',(-0.707106781187,0.,0.707106781187));
#8075 = DIRECTION('',(-0.,-1.,0.));
#8076 = ADVANCED_FACE('',(#8077),#8095,.T.);
#8077 = FACE_BOUND('',#8078,.T.);
#8078 = EDGE_LOOP('',(#8079,#8087,#8093,#8094));
#8079 = ORIENTED_EDGE('',*,*,#8080,.F.);
#8080 = EDGE_CURVE('',#8081,#5999,#8083,.T.);
#8081 = VERTEX_POINT('',#8082);
#8082 = CARTESIAN_POINT('',(5.01,-7.E-02,-3.56));
#8083 = LINE('',#8084,#8085);
#8084 = CARTESIAN_POINT('',(4.885,-0.195,-3.435));
#8085 = VECTOR('',#8086,1.);
#8086 = DIRECTION('',(-0.57735026919,-0.57735026919,0.57735026919));
#8087 = ORIENTED_EDGE('',*,*,#8088,.T.);
#8088 = EDGE_CURVE('',#8081,#8050,#8089,.T.);
#8089 = LINE('',#8090,#8091);
#8090 = CARTESIAN_POINT('',(5.01,-7.E-02,-3.56));
#8091 = VECTOR('',#8092,1.);
#8092 = DIRECTION('',(1.,0.,0.));
#8093 = ORIENTED_EDGE('',*,*,#8066,.T.);
#8094 = ORIENTED_EDGE('',*,*,#5998,.F.);
#8095 = PLANE('',#8096);
#8096 = AXIS2_PLACEMENT_3D('',#8097,#8098,#8099);
#8097 = CARTESIAN_POINT('',(5.01,-0.195,-3.435));
#8098 = DIRECTION('',(0.,-0.707106781187,-0.707106781187));
#8099 = DIRECTION('',(1.,0.,0.));
#8100 = ADVANCED_FACE('',(#8101),#8119,.T.);
#8101 = FACE_BOUND('',#8102,.F.);
#8102 = EDGE_LOOP('',(#8103,#8111,#8117,#8118));
#8103 = ORIENTED_EDGE('',*,*,#8104,.T.);
#8104 = EDGE_CURVE('',#8081,#8105,#8107,.T.);
#8105 = VERTEX_POINT('',#8106);
#8106 = CARTESIAN_POINT('',(5.01,7.E-02,-3.56));
#8107 = LINE('',#8108,#8109);
#8108 = CARTESIAN_POINT('',(5.01,-0.32,-3.56));
#8109 = VECTOR('',#8110,1.);
#8110 = DIRECTION('',(0.,1.,0.));
#8111 = ORIENTED_EDGE('',*,*,#8112,.T.);
#8112 = EDGE_CURVE('',#8105,#6023,#8113,.T.);
#8113 = LINE('',#8114,#8115);
#8114 = CARTESIAN_POINT('',(4.991666666667,8.833333333333E-02,
    -3.541666666667));
#8115 = VECTOR('',#8116,1.);
#8116 = DIRECTION('',(-0.57735026919,0.57735026919,0.57735026919));
#8117 = ORIENTED_EDGE('',*,*,#6022,.F.);
#8118 = ORIENTED_EDGE('',*,*,#8080,.F.);
#8119 = PLANE('',#8120);
#8120 = AXIS2_PLACEMENT_3D('',#8121,#8122,#8123);
#8121 = CARTESIAN_POINT('',(4.885,-0.32,-3.435));
#8122 = DIRECTION('',(-0.707106781187,0.,-0.707106781187));
#8123 = DIRECTION('',(0.,-1.,-0.));
#8124 = ADVANCED_FACE('',(#8125),#8136,.T.);
#8125 = FACE_BOUND('',#8126,.F.);
#8126 = EDGE_LOOP('',(#8127,#8128,#8134,#8135));
#8127 = ORIENTED_EDGE('',*,*,#8112,.F.);
#8128 = ORIENTED_EDGE('',*,*,#8129,.T.);
#8129 = EDGE_CURVE('',#8105,#8052,#8130,.T.);
#8130 = LINE('',#8131,#8132);
#8131 = CARTESIAN_POINT('',(5.01,7.E-02,-3.56));
#8132 = VECTOR('',#8133,1.);
#8133 = DIRECTION('',(1.,0.,0.));
#8134 = ORIENTED_EDGE('',*,*,#8059,.T.);
#8135 = ORIENTED_EDGE('',*,*,#6047,.F.);
#8136 = PLANE('',#8137);
#8137 = AXIS2_PLACEMENT_3D('',#8138,#8139,#8140);
#8138 = CARTESIAN_POINT('',(5.01,0.195,-3.435));
#8139 = DIRECTION('',(0.,0.707106781187,-0.707106781187));
#8140 = DIRECTION('',(-1.,0.,-0.));
#8141 = ADVANCED_FACE('',(#8142),#8167,.F.);
#8142 = FACE_BOUND('',#8143,.T.);
#8143 = EDGE_LOOP('',(#8144,#8154,#8160,#8161));
#8144 = ORIENTED_EDGE('',*,*,#8145,.T.);
#8145 = EDGE_CURVE('',#8146,#8148,#8150,.T.);
#8146 = VERTEX_POINT('',#8147);
#8147 = CARTESIAN_POINT('',(2.61,-7.E-02,-3.56));
#8148 = VERTEX_POINT('',#8149);
#8149 = CARTESIAN_POINT('',(2.61,7.E-02,-3.56));
#8150 = LINE('',#8151,#8152);
#8151 = CARTESIAN_POINT('',(2.61,-0.32,-3.56));
#8152 = VECTOR('',#8153,1.);
#8153 = DIRECTION('',(0.,1.,0.));
#8154 = ORIENTED_EDGE('',*,*,#8155,.T.);
#8155 = EDGE_CURVE('',#8148,#6066,#8156,.T.);
#8156 = LINE('',#8157,#8158);
#8157 = CARTESIAN_POINT('',(2.605,6.5E-02,-3.565));
#8158 = VECTOR('',#8159,1.);
#8159 = DIRECTION('',(0.57735026919,0.57735026919,0.57735026919));
#8160 = ORIENTED_EDGE('',*,*,#6063,.F.);
#8161 = ORIENTED_EDGE('',*,*,#8162,.F.);
#8162 = EDGE_CURVE('',#8146,#6064,#8163,.T.);
#8163 = LINE('',#8164,#8165);
#8164 = CARTESIAN_POINT('',(2.711666666667,-0.171666666667,
    -3.458333333333));
#8165 = VECTOR('',#8166,1.);
#8166 = DIRECTION('',(0.57735026919,-0.57735026919,0.57735026919));
#8167 = PLANE('',#8168);
#8168 = AXIS2_PLACEMENT_3D('',#8169,#8170,#8171);
#8169 = CARTESIAN_POINT('',(2.735,-0.32,-3.435));
#8170 = DIRECTION('',(-0.707106781187,0.,0.707106781187));
#8171 = DIRECTION('',(-0.,-1.,0.));
#8172 = ADVANCED_FACE('',(#8173),#8191,.T.);
#8173 = FACE_BOUND('',#8174,.T.);
#8174 = EDGE_LOOP('',(#8175,#8183,#8189,#8190));
#8175 = ORIENTED_EDGE('',*,*,#8176,.F.);
#8176 = EDGE_CURVE('',#8177,#6095,#8179,.T.);
#8177 = VERTEX_POINT('',#8178);
#8178 = CARTESIAN_POINT('',(2.47,-7.E-02,-3.56));
#8179 = LINE('',#8180,#8181);
#8180 = CARTESIAN_POINT('',(2.345,-0.195,-3.435));
#8181 = VECTOR('',#8182,1.);
#8182 = DIRECTION('',(-0.57735026919,-0.57735026919,0.57735026919));
#8183 = ORIENTED_EDGE('',*,*,#8184,.T.);
#8184 = EDGE_CURVE('',#8177,#8146,#8185,.T.);
#8185 = LINE('',#8186,#8187);
#8186 = CARTESIAN_POINT('',(2.47,-7.E-02,-3.56));
#8187 = VECTOR('',#8188,1.);
#8188 = DIRECTION('',(1.,0.,0.));
#8189 = ORIENTED_EDGE('',*,*,#8162,.T.);
#8190 = ORIENTED_EDGE('',*,*,#6094,.F.);
#8191 = PLANE('',#8192);
#8192 = AXIS2_PLACEMENT_3D('',#8193,#8194,#8195);
#8193 = CARTESIAN_POINT('',(2.47,-0.195,-3.435));
#8194 = DIRECTION('',(0.,-0.707106781187,-0.707106781187));
#8195 = DIRECTION('',(1.,0.,0.));
#8196 = ADVANCED_FACE('',(#8197),#8215,.T.);
#8197 = FACE_BOUND('',#8198,.F.);
#8198 = EDGE_LOOP('',(#8199,#8207,#8213,#8214));
#8199 = ORIENTED_EDGE('',*,*,#8200,.T.);
#8200 = EDGE_CURVE('',#8177,#8201,#8203,.T.);
#8201 = VERTEX_POINT('',#8202);
#8202 = CARTESIAN_POINT('',(2.47,7.E-02,-3.56));
#8203 = LINE('',#8204,#8205);
#8204 = CARTESIAN_POINT('',(2.47,-0.32,-3.56));
#8205 = VECTOR('',#8206,1.);
#8206 = DIRECTION('',(0.,1.,0.));
#8207 = ORIENTED_EDGE('',*,*,#8208,.T.);
#8208 = EDGE_CURVE('',#8201,#6119,#8209,.T.);
#8209 = LINE('',#8210,#8211);
#8210 = CARTESIAN_POINT('',(2.451666666667,8.833333333333E-02,
    -3.541666666667));
#8211 = VECTOR('',#8212,1.);
#8212 = DIRECTION('',(-0.57735026919,0.57735026919,0.57735026919));
#8213 = ORIENTED_EDGE('',*,*,#6118,.F.);
#8214 = ORIENTED_EDGE('',*,*,#8176,.F.);
#8215 = PLANE('',#8216);
#8216 = AXIS2_PLACEMENT_3D('',#8217,#8218,#8219);
#8217 = CARTESIAN_POINT('',(2.345,-0.32,-3.435));
#8218 = DIRECTION('',(-0.707106781187,0.,-0.707106781187));
#8219 = DIRECTION('',(0.,-1.,-0.));
#8220 = ADVANCED_FACE('',(#8221),#8232,.T.);
#8221 = FACE_BOUND('',#8222,.F.);
#8222 = EDGE_LOOP('',(#8223,#8224,#8230,#8231));
#8223 = ORIENTED_EDGE('',*,*,#8208,.F.);
#8224 = ORIENTED_EDGE('',*,*,#8225,.T.);
#8225 = EDGE_CURVE('',#8201,#8148,#8226,.T.);
#8226 = LINE('',#8227,#8228);
#8227 = CARTESIAN_POINT('',(2.47,7.E-02,-3.56));
#8228 = VECTOR('',#8229,1.);
#8229 = DIRECTION('',(1.,0.,0.));
#8230 = ORIENTED_EDGE('',*,*,#8155,.T.);
#8231 = ORIENTED_EDGE('',*,*,#6143,.F.);
#8232 = PLANE('',#8233);
#8233 = AXIS2_PLACEMENT_3D('',#8234,#8235,#8236);
#8234 = CARTESIAN_POINT('',(2.47,0.195,-3.435));
#8235 = DIRECTION('',(0.,0.707106781187,-0.707106781187));
#8236 = DIRECTION('',(-1.,0.,-0.));
#8237 = ADVANCED_FACE('',(#8238),#8263,.F.);
#8238 = FACE_BOUND('',#8239,.T.);
#8239 = EDGE_LOOP('',(#8240,#8250,#8256,#8257));
#8240 = ORIENTED_EDGE('',*,*,#8241,.T.);
#8241 = EDGE_CURVE('',#8242,#8244,#8246,.T.);
#8242 = VERTEX_POINT('',#8243);
#8243 = CARTESIAN_POINT('',(7.E-02,-7.E-02,-3.56));
#8244 = VERTEX_POINT('',#8245);
#8245 = CARTESIAN_POINT('',(7.E-02,7.E-02,-3.56));
#8246 = LINE('',#8247,#8248);
#8247 = CARTESIAN_POINT('',(7.E-02,-0.32,-3.56));
#8248 = VECTOR('',#8249,1.);
#8249 = DIRECTION('',(0.,1.,0.));
#8250 = ORIENTED_EDGE('',*,*,#8251,.T.);
#8251 = EDGE_CURVE('',#8244,#6162,#8252,.T.);
#8252 = LINE('',#8253,#8254);
#8253 = CARTESIAN_POINT('',(6.5E-02,6.5E-02,-3.565));
#8254 = VECTOR('',#8255,1.);
#8255 = DIRECTION('',(0.57735026919,0.57735026919,0.57735026919));
#8256 = ORIENTED_EDGE('',*,*,#6159,.F.);
#8257 = ORIENTED_EDGE('',*,*,#8258,.F.);
#8258 = EDGE_CURVE('',#8242,#6160,#8259,.T.);
#8259 = LINE('',#8260,#8261);
#8260 = CARTESIAN_POINT('',(0.171666666667,-0.171666666667,
    -3.458333333333));
#8261 = VECTOR('',#8262,1.);
#8262 = DIRECTION('',(0.57735026919,-0.57735026919,0.57735026919));
#8263 = PLANE('',#8264);
#8264 = AXIS2_PLACEMENT_3D('',#8265,#8266,#8267);
#8265 = CARTESIAN_POINT('',(0.195,-0.32,-3.435));
#8266 = DIRECTION('',(-0.707106781187,0.,0.707106781187));
#8267 = DIRECTION('',(-0.,-1.,0.));
#8268 = ADVANCED_FACE('',(#8269),#8287,.T.);
#8269 = FACE_BOUND('',#8270,.T.);
#8270 = EDGE_LOOP('',(#8271,#8279,#8285,#8286));
#8271 = ORIENTED_EDGE('',*,*,#8272,.F.);
#8272 = EDGE_CURVE('',#8273,#6191,#8275,.T.);
#8273 = VERTEX_POINT('',#8274);
#8274 = CARTESIAN_POINT('',(-7.E-02,-7.E-02,-3.56));
#8275 = LINE('',#8276,#8277);
#8276 = CARTESIAN_POINT('',(-0.195,-0.195,-3.435));
#8277 = VECTOR('',#8278,1.);
#8278 = DIRECTION('',(-0.57735026919,-0.57735026919,0.57735026919));
#8279 = ORIENTED_EDGE('',*,*,#8280,.T.);
#8280 = EDGE_CURVE('',#8273,#8242,#8281,.T.);
#8281 = LINE('',#8282,#8283);
#8282 = CARTESIAN_POINT('',(-7.E-02,-7.E-02,-3.56));
#8283 = VECTOR('',#8284,1.);
#8284 = DIRECTION('',(1.,0.,0.));
#8285 = ORIENTED_EDGE('',*,*,#8258,.T.);
#8286 = ORIENTED_EDGE('',*,*,#6190,.F.);
#8287 = PLANE('',#8288);
#8288 = AXIS2_PLACEMENT_3D('',#8289,#8290,#8291);
#8289 = CARTESIAN_POINT('',(-7.E-02,-0.195,-3.435));
#8290 = DIRECTION('',(0.,-0.707106781187,-0.707106781187));
#8291 = DIRECTION('',(1.,0.,0.));
#8292 = ADVANCED_FACE('',(#8293),#8311,.T.);
#8293 = FACE_BOUND('',#8294,.F.);
#8294 = EDGE_LOOP('',(#8295,#8303,#8309,#8310));
#8295 = ORIENTED_EDGE('',*,*,#8296,.T.);
#8296 = EDGE_CURVE('',#8273,#8297,#8299,.T.);
#8297 = VERTEX_POINT('',#8298);
#8298 = CARTESIAN_POINT('',(-7.E-02,7.E-02,-3.56));
#8299 = LINE('',#8300,#8301);
#8300 = CARTESIAN_POINT('',(-7.E-02,-0.32,-3.56));
#8301 = VECTOR('',#8302,1.);
#8302 = DIRECTION('',(0.,1.,0.));
#8303 = ORIENTED_EDGE('',*,*,#8304,.T.);
#8304 = EDGE_CURVE('',#8297,#6215,#8305,.T.);
#8305 = LINE('',#8306,#8307);
#8306 = CARTESIAN_POINT('',(-8.833333333333E-02,8.833333333333E-02,
    -3.541666666667));
#8307 = VECTOR('',#8308,1.);
#8308 = DIRECTION('',(-0.57735026919,0.57735026919,0.57735026919));
#8309 = ORIENTED_EDGE('',*,*,#6214,.F.);
#8310 = ORIENTED_EDGE('',*,*,#8272,.F.);
#8311 = PLANE('',#8312);
#8312 = AXIS2_PLACEMENT_3D('',#8313,#8314,#8315);
#8313 = CARTESIAN_POINT('',(-0.195,-0.32,-3.435));
#8314 = DIRECTION('',(-0.707106781187,0.,-0.707106781187));
#8315 = DIRECTION('',(0.,-1.,-0.));
#8316 = ADVANCED_FACE('',(#8317),#8328,.T.);
#8317 = FACE_BOUND('',#8318,.F.);
#8318 = EDGE_LOOP('',(#8319,#8320,#8326,#8327));
#8319 = ORIENTED_EDGE('',*,*,#8304,.F.);
#8320 = ORIENTED_EDGE('',*,*,#8321,.T.);
#8321 = EDGE_CURVE('',#8297,#8244,#8322,.T.);
#8322 = LINE('',#8323,#8324);
#8323 = CARTESIAN_POINT('',(-7.E-02,7.E-02,-3.56));
#8324 = VECTOR('',#8325,1.);
#8325 = DIRECTION('',(1.,0.,0.));
#8326 = ORIENTED_EDGE('',*,*,#8251,.T.);
#8327 = ORIENTED_EDGE('',*,*,#6239,.F.);
#8328 = PLANE('',#8329);
#8329 = AXIS2_PLACEMENT_3D('',#8330,#8331,#8332);
#8330 = CARTESIAN_POINT('',(-7.E-02,0.195,-3.435));
#8331 = DIRECTION('',(0.,0.707106781187,-0.707106781187));
#8332 = DIRECTION('',(-1.,0.,-0.));
#8333 = ADVANCED_FACE('',(#8334),#8340,.F.);
#8334 = FACE_BOUND('',#8335,.F.);
#8335 = EDGE_LOOP('',(#8336,#8337,#8338,#8339));
#8336 = ORIENTED_EDGE('',*,*,#6472,.F.);
#8337 = ORIENTED_EDGE('',*,*,#6458,.T.);
#8338 = ORIENTED_EDGE('',*,*,#6417,.T.);
#8339 = ORIENTED_EDGE('',*,*,#6497,.F.);
#8340 = PLANE('',#8341);
#8341 = AXIS2_PLACEMENT_3D('',#8342,#8343,#8344);
#8342 = CARTESIAN_POINT('',(9.84,0.32,10.66));
#8343 = DIRECTION('',(0.,0.,-1.));
#8344 = DIRECTION('',(0.,-1.,0.));
#8345 = ADVANCED_FACE('',(#8346),#8352,.F.);
#8346 = FACE_BOUND('',#8347,.F.);
#8347 = EDGE_LOOP('',(#8348,#8349,#8350,#8351));
#8348 = ORIENTED_EDGE('',*,*,#6592,.F.);
#8349 = ORIENTED_EDGE('',*,*,#6578,.T.);
#8350 = ORIENTED_EDGE('',*,*,#6544,.T.);
#8351 = ORIENTED_EDGE('',*,*,#6521,.F.);
#8352 = PLANE('',#8353);
#8353 = AXIS2_PLACEMENT_3D('',#8354,#8355,#8356);
#8354 = CARTESIAN_POINT('',(7.3,0.32,10.66));
#8355 = DIRECTION('',(0.,0.,-1.));
#8356 = DIRECTION('',(0.,-1.,0.));
#8357 = ADVANCED_FACE('',(#8358),#8364,.F.);
#8358 = FACE_BOUND('',#8359,.F.);
#8359 = EDGE_LOOP('',(#8360,#8361,#8362,#8363));
#8360 = ORIENTED_EDGE('',*,*,#6664,.F.);
#8361 = ORIENTED_EDGE('',*,*,#6650,.T.);
#8362 = ORIENTED_EDGE('',*,*,#6609,.T.);
#8363 = ORIENTED_EDGE('',*,*,#6689,.F.);
#8364 = PLANE('',#8365);
#8365 = AXIS2_PLACEMENT_3D('',#8366,#8367,#8368);
#8366 = CARTESIAN_POINT('',(-0.32,0.32,10.66));
#8367 = DIRECTION('',(0.,0.,-1.));
#8368 = DIRECTION('',(0.,-1.,0.));
#8369 = ADVANCED_FACE('',(#8370),#8376,.F.);
#8370 = FACE_BOUND('',#8371,.F.);
#8371 = EDGE_LOOP('',(#8372,#8373,#8374,#8375));
#8372 = ORIENTED_EDGE('',*,*,#6760,.F.);
#8373 = ORIENTED_EDGE('',*,*,#6746,.T.);
#8374 = ORIENTED_EDGE('',*,*,#6705,.T.);
#8375 = ORIENTED_EDGE('',*,*,#6785,.F.);
#8376 = PLANE('',#8377);
#8377 = AXIS2_PLACEMENT_3D('',#8378,#8379,#8380);
#8378 = CARTESIAN_POINT('',(2.22,0.32,10.66));
#8379 = DIRECTION('',(0.,0.,-1.));
#8380 = DIRECTION('',(0.,-1.,0.));
#8381 = ADVANCED_FACE('',(#8382),#8388,.F.);
#8382 = FACE_BOUND('',#8383,.F.);
#8383 = EDGE_LOOP('',(#8384,#8385,#8386,#8387));
#8384 = ORIENTED_EDGE('',*,*,#6801,.F.);
#8385 = ORIENTED_EDGE('',*,*,#6883,.T.);
#8386 = ORIENTED_EDGE('',*,*,#6856,.T.);
#8387 = ORIENTED_EDGE('',*,*,#6833,.F.);
#8388 = PLANE('',#8389);
#8389 = AXIS2_PLACEMENT_3D('',#8390,#8391,#8392);
#8390 = CARTESIAN_POINT('',(4.76,0.32,10.66));
#8391 = DIRECTION('',(0.,0.,-1.));
#8392 = DIRECTION('',(0.,-1.,0.));
#8393 = ADVANCED_FACE('',(#8394),#8400,.F.);
#8394 = FACE_BOUND('',#8395,.F.);
#8395 = EDGE_LOOP('',(#8396,#8397,#8398,#8399));
#8396 = ORIENTED_EDGE('',*,*,#6897,.F.);
#8397 = ORIENTED_EDGE('',*,*,#6979,.T.);
#8398 = ORIENTED_EDGE('',*,*,#6952,.T.);
#8399 = ORIENTED_EDGE('',*,*,#6929,.F.);
#8400 = PLANE('',#8401);
#8401 = AXIS2_PLACEMENT_3D('',#8402,#8403,#8404);
#8402 = CARTESIAN_POINT('',(17.46,0.32,10.66));
#8403 = DIRECTION('',(0.,0.,-1.));
#8404 = DIRECTION('',(0.,-1.,0.));
#8405 = ADVANCED_FACE('',(#8406),#8412,.F.);
#8406 = FACE_BOUND('',#8407,.F.);
#8407 = EDGE_LOOP('',(#8408,#8409,#8410,#8411));
#8408 = ORIENTED_EDGE('',*,*,#7072,.F.);
#8409 = ORIENTED_EDGE('',*,*,#7058,.T.);
#8410 = ORIENTED_EDGE('',*,*,#7024,.T.);
#8411 = ORIENTED_EDGE('',*,*,#7001,.F.);
#8412 = PLANE('',#8413);
#8413 = AXIS2_PLACEMENT_3D('',#8414,#8415,#8416);
#8414 = CARTESIAN_POINT('',(14.92,0.32,10.66));
#8415 = DIRECTION('',(0.,0.,-1.));
#8416 = DIRECTION('',(0.,-1.,0.));
#8417 = ADVANCED_FACE('',(#8418),#8424,.F.);
#8418 = FACE_BOUND('',#8419,.F.);
#8419 = EDGE_LOOP('',(#8420,#8421,#8422,#8423));
#8420 = ORIENTED_EDGE('',*,*,#7144,.F.);
#8421 = ORIENTED_EDGE('',*,*,#7130,.T.);
#8422 = ORIENTED_EDGE('',*,*,#7089,.T.);
#8423 = ORIENTED_EDGE('',*,*,#7169,.F.);
#8424 = PLANE('',#8425);
#8425 = AXIS2_PLACEMENT_3D('',#8426,#8427,#8428);
#8426 = CARTESIAN_POINT('',(12.38,0.32,10.66));
#8427 = DIRECTION('',(0.,0.,-1.));
#8428 = DIRECTION('',(0.,-1.,0.));
#8429 = ADVANCED_FACE('',(#8430),#8436,.F.);
#8430 = FACE_BOUND('',#8431,.F.);
#8431 = EDGE_LOOP('',(#8432,#8433,#8434,#8435));
#8432 = ORIENTED_EDGE('',*,*,#7264,.F.);
#8433 = ORIENTED_EDGE('',*,*,#7250,.T.);
#8434 = ORIENTED_EDGE('',*,*,#7216,.T.);
#8435 = ORIENTED_EDGE('',*,*,#7193,.F.);
#8436 = PLANE('',#8437);
#8437 = AXIS2_PLACEMENT_3D('',#8438,#8439,#8440);
#8438 = CARTESIAN_POINT('',(20.,0.32,10.66));
#8439 = DIRECTION('',(0.,0.,-1.));
#8440 = DIRECTION('',(0.,-1.,0.));
#8441 = ADVANCED_FACE('',(#8442),#8448,.F.);
#8442 = FACE_BOUND('',#8443,.F.);
#8443 = EDGE_LOOP('',(#8444,#8445,#8446,#8447));
#8444 = ORIENTED_EDGE('',*,*,#7360,.F.);
#8445 = ORIENTED_EDGE('',*,*,#7346,.T.);
#8446 = ORIENTED_EDGE('',*,*,#7312,.T.);
#8447 = ORIENTED_EDGE('',*,*,#7289,.F.);
#8448 = PLANE('',#8449);
#8449 = AXIS2_PLACEMENT_3D('',#8450,#8451,#8452);
#8450 = CARTESIAN_POINT('',(22.54,0.32,10.66));
#8451 = DIRECTION('',(0.,0.,-1.));
#8452 = DIRECTION('',(0.,-1.,0.));
#8453 = ADVANCED_FACE('',(#8454),#8460,.F.);
#8454 = FACE_BOUND('',#8455,.F.);
#8455 = EDGE_LOOP('',(#8456,#8457,#8458,#8459));
#8456 = ORIENTED_EDGE('',*,*,#7456,.F.);
#8457 = ORIENTED_EDGE('',*,*,#7440,.T.);
#8458 = ORIENTED_EDGE('',*,*,#7408,.T.);
#8459 = ORIENTED_EDGE('',*,*,#7385,.F.);
#8460 = PLANE('',#8461);
#8461 = AXIS2_PLACEMENT_3D('',#8462,#8463,#8464);
#8462 = CARTESIAN_POINT('',(22.54,-0.32,-3.56));
#8463 = DIRECTION('',(0.,0.,1.));
#8464 = DIRECTION('',(0.,1.,0.));
#8465 = ADVANCED_FACE('',(#8466),#8472,.F.);
#8466 = FACE_BOUND('',#8467,.F.);
#8467 = EDGE_LOOP('',(#8468,#8469,#8470,#8471));
#8468 = ORIENTED_EDGE('',*,*,#7552,.F.);
#8469 = ORIENTED_EDGE('',*,*,#7536,.T.);
#8470 = ORIENTED_EDGE('',*,*,#7504,.T.);
#8471 = ORIENTED_EDGE('',*,*,#7481,.F.);
#8472 = PLANE('',#8473);
#8473 = AXIS2_PLACEMENT_3D('',#8474,#8475,#8476);
#8474 = CARTESIAN_POINT('',(20.,-0.32,-3.56));
#8475 = DIRECTION('',(0.,0.,1.));
#8476 = DIRECTION('',(0.,1.,0.));
#8477 = ADVANCED_FACE('',(#8478),#8484,.F.);
#8478 = FACE_BOUND('',#8479,.F.);
#8479 = EDGE_LOOP('',(#8480,#8481,#8482,#8483));
#8480 = ORIENTED_EDGE('',*,*,#7624,.F.);
#8481 = ORIENTED_EDGE('',*,*,#7608,.T.);
#8482 = ORIENTED_EDGE('',*,*,#7569,.T.);
#8483 = ORIENTED_EDGE('',*,*,#7649,.F.);
#8484 = PLANE('',#8485);
#8485 = AXIS2_PLACEMENT_3D('',#8486,#8487,#8488);
#8486 = CARTESIAN_POINT('',(17.46,-0.32,-3.56));
#8487 = DIRECTION('',(0.,0.,1.));
#8488 = DIRECTION('',(0.,1.,0.));
#8489 = ADVANCED_FACE('',(#8490),#8496,.F.);
#8490 = FACE_BOUND('',#8491,.F.);
#8491 = EDGE_LOOP('',(#8492,#8493,#8494,#8495));
#8492 = ORIENTED_EDGE('',*,*,#7744,.F.);
#8493 = ORIENTED_EDGE('',*,*,#7728,.T.);
#8494 = ORIENTED_EDGE('',*,*,#7696,.T.);
#8495 = ORIENTED_EDGE('',*,*,#7673,.F.);
#8496 = PLANE('',#8497);
#8497 = AXIS2_PLACEMENT_3D('',#8498,#8499,#8500);
#8498 = CARTESIAN_POINT('',(14.92,-0.32,-3.56));
#8499 = DIRECTION('',(0.,0.,1.));
#8500 = DIRECTION('',(0.,1.,0.));
#8501 = ADVANCED_FACE('',(#8502),#8508,.F.);
#8502 = FACE_BOUND('',#8503,.F.);
#8503 = EDGE_LOOP('',(#8504,#8505,#8506,#8507));
#8504 = ORIENTED_EDGE('',*,*,#7816,.F.);
#8505 = ORIENTED_EDGE('',*,*,#7800,.T.);
#8506 = ORIENTED_EDGE('',*,*,#7761,.T.);
#8507 = ORIENTED_EDGE('',*,*,#7841,.F.);
#8508 = PLANE('',#8509);
#8509 = AXIS2_PLACEMENT_3D('',#8510,#8511,#8512);
#8510 = CARTESIAN_POINT('',(12.38,-0.32,-3.56));
#8511 = DIRECTION('',(0.,0.,1.));
#8512 = DIRECTION('',(0.,1.,0.));
#8513 = ADVANCED_FACE('',(#8514),#8520,.F.);
#8514 = FACE_BOUND('',#8515,.F.);
#8515 = EDGE_LOOP('',(#8516,#8517,#8518,#8519));
#8516 = ORIENTED_EDGE('',*,*,#7857,.F.);
#8517 = ORIENTED_EDGE('',*,*,#7937,.T.);
#8518 = ORIENTED_EDGE('',*,*,#7912,.T.);
#8519 = ORIENTED_EDGE('',*,*,#7889,.F.);
#8520 = PLANE('',#8521);
#8521 = AXIS2_PLACEMENT_3D('',#8522,#8523,#8524);
#8522 = CARTESIAN_POINT('',(9.84,-0.32,-3.56));
#8523 = DIRECTION('',(0.,0.,1.));
#8524 = DIRECTION('',(0.,1.,0.));
#8525 = ADVANCED_FACE('',(#8526),#8532,.F.);
#8526 = FACE_BOUND('',#8527,.F.);
#8527 = EDGE_LOOP('',(#8528,#8529,#8530,#8531));
#8528 = ORIENTED_EDGE('',*,*,#8032,.F.);
#8529 = ORIENTED_EDGE('',*,*,#8016,.T.);
#8530 = ORIENTED_EDGE('',*,*,#7984,.T.);
#8531 = ORIENTED_EDGE('',*,*,#7961,.F.);
#8532 = PLANE('',#8533);
#8533 = AXIS2_PLACEMENT_3D('',#8534,#8535,#8536);
#8534 = CARTESIAN_POINT('',(7.3,-0.32,-3.56));
#8535 = DIRECTION('',(0.,0.,1.));
#8536 = DIRECTION('',(0.,1.,0.));
#8537 = ADVANCED_FACE('',(#8538),#8544,.F.);
#8538 = FACE_BOUND('',#8539,.F.);
#8539 = EDGE_LOOP('',(#8540,#8541,#8542,#8543));
#8540 = ORIENTED_EDGE('',*,*,#8104,.F.);
#8541 = ORIENTED_EDGE('',*,*,#8088,.T.);
#8542 = ORIENTED_EDGE('',*,*,#8049,.T.);
#8543 = ORIENTED_EDGE('',*,*,#8129,.F.);
#8544 = PLANE('',#8545);
#8545 = AXIS2_PLACEMENT_3D('',#8546,#8547,#8548);
#8546 = CARTESIAN_POINT('',(4.76,-0.32,-3.56));
#8547 = DIRECTION('',(0.,0.,1.));
#8548 = DIRECTION('',(0.,1.,0.));
#8549 = ADVANCED_FACE('',(#8550),#8556,.F.);
#8550 = FACE_BOUND('',#8551,.F.);
#8551 = EDGE_LOOP('',(#8552,#8553,#8554,#8555));
#8552 = ORIENTED_EDGE('',*,*,#8200,.F.);
#8553 = ORIENTED_EDGE('',*,*,#8184,.T.);
#8554 = ORIENTED_EDGE('',*,*,#8145,.T.);
#8555 = ORIENTED_EDGE('',*,*,#8225,.F.);
#8556 = PLANE('',#8557);
#8557 = AXIS2_PLACEMENT_3D('',#8558,#8559,#8560);
#8558 = CARTESIAN_POINT('',(2.22,-0.32,-3.56));
#8559 = DIRECTION('',(0.,0.,1.));
#8560 = DIRECTION('',(0.,1.,0.));
#8561 = ADVANCED_FACE('',(#8562),#8568,.F.);
#8562 = FACE_BOUND('',#8563,.F.);
#8563 = EDGE_LOOP('',(#8564,#8565,#8566,#8567));
#8564 = ORIENTED_EDGE('',*,*,#8296,.F.);
#8565 = ORIENTED_EDGE('',*,*,#8280,.T.);
#8566 = ORIENTED_EDGE('',*,*,#8241,.T.);
#8567 = ORIENTED_EDGE('',*,*,#8321,.F.);
#8568 = PLANE('',#8569);
#8569 = AXIS2_PLACEMENT_3D('',#8570,#8571,#8572);
#8570 = CARTESIAN_POINT('',(-0.32,-0.32,-3.56));
#8571 = DIRECTION('',(0.,0.,1.));
#8572 = DIRECTION('',(0.,1.,0.));
#8573 = ( GEOMETRIC_REPRESENTATION_CONTEXT(3) 
GLOBAL_UNCERTAINTY_ASSIGNED_CONTEXT((#8577)) 
GLOBAL_UNIT_ASSIGNED_CONTEXT((#8574,#8575,#8576)) REPRESENTATION_CONTEXT
('Context #1','3D Context with UNIT and UNCERTAINTY') );
#8574 = ( LENGTH_UNIT() NAMED_UNIT(*) SI_UNIT(.MILLI.,.METRE.) );
#8575 = ( NAMED_UNIT(*) PLANE_ANGLE_UNIT() SI_UNIT($,.RADIAN.) );
#8576 = ( NAMED_UNIT(*) SI_UNIT($,.STERADIAN.) SOLID_ANGLE_UNIT() );
#8577 = UNCERTAINTY_MEASURE_WITH_UNIT(LENGTH_MEASURE(1.E-07),#8574,
  'distance_accuracy_value','confusion accuracy');
#8578 = CONTEXT_DEPENDENT_SHAPE_REPRESENTATION(#8579,#8581);
#8579 = ( REPRESENTATION_RELATIONSHIP('','',#454,#10) 
REPRESENTATION_RELATIONSHIP_WITH_TRANSFORMATION(#8580) 
SHAPE_REPRESENTATION_RELATIONSHIP() );
#8580 = ITEM_DEFINED_TRANSFORMATION('','',#11,#19);
#8581 = PRODUCT_DEFINITION_SHAPE('Placement','Placement of an item',
  #8582);
#8582 = NEXT_ASSEMBLY_USAGE_OCCURRENCE('2','J1','',#5,#449,$);
#8583 = PRODUCT_RELATED_PRODUCT_CATEGORY('part',$,(#451));
#8584 = SHAPE_DEFINITION_REPRESENTATION(#8585,#8591);
#8585 = PRODUCT_DEFINITION_SHAPE('','',#8586);
#8586 = PRODUCT_DEFINITION('design','',#8587,#8590);
#8587 = PRODUCT_DEFINITION_FORMATION('','',#8588);
#8588 = PRODUCT('LED_D3.0mm','LED_D3.0mm','',(#8589));
#8589 = PRODUCT_CONTEXT('',#2,'mechanical');
#8590 = PRODUCT_DEFINITION_CONTEXT('part definition',#2,'design');
#8591 = ADVANCED_BREP_SHAPE_REPRESENTATION('',(#11,#8592),#9051);
#8592 = MANIFOLD_SOLID_BREP('',#8593);
#8593 = CLOSED_SHELL('',(#8594,#8621,#8664,#8706,#8738,#8757,#8835,#8866
    ,#8890,#8914,#8931,#8962,#8986,#9010,#9027,#9039));
#8594 = ADVANCED_FACE('',(#8595),#8616,.T.);
#8595 = FACE_BOUND('',#8596,.T.);
#8596 = EDGE_LOOP('',(#8597,#8608,#8609));
#8597 = ORIENTED_EDGE('',*,*,#8598,.T.);
#8598 = EDGE_CURVE('',#8599,#8601,#8603,.T.);
#8599 = VERTEX_POINT('',#8600);
#8600 = CARTESIAN_POINT('',(2.77,-1.50990331349E-15,6.8));
#8601 = VERTEX_POINT('',#8602);
#8602 = CARTESIAN_POINT('',(1.27,-1.842970220878E-15,8.3));
#8603 = CIRCLE('',#8604,1.5);
#8604 = AXIS2_PLACEMENT_3D('',#8605,#8606,#8607);
#8605 = CARTESIAN_POINT('',(1.27,-1.50990331349E-15,6.8));
#8606 = DIRECTION('',(0.,-1.,-2.22044604925E-16));
#8607 = DIRECTION('',(1.,0.,0.));
#8608 = ORIENTED_EDGE('',*,*,#8598,.F.);
#8609 = ORIENTED_EDGE('',*,*,#8610,.F.);
#8610 = EDGE_CURVE('',#8599,#8599,#8611,.T.);
#8611 = CIRCLE('',#8612,1.5);
#8612 = AXIS2_PLACEMENT_3D('',#8613,#8614,#8615);
#8613 = CARTESIAN_POINT('',(1.27,-1.50990331349E-15,6.8));
#8614 = DIRECTION('',(0.,2.22044604925E-16,-1.));
#8615 = DIRECTION('',(1.,0.,0.));
#8616 = SPHERICAL_SURFACE('',#8617,1.5);
#8617 = AXIS2_PLACEMENT_3D('',#8618,#8619,#8620);
#8618 = CARTESIAN_POINT('',(1.27,-1.50990331349E-15,6.8));
#8619 = DIRECTION('',(0.,-2.22044604925E-16,1.));
#8620 = DIRECTION('',(1.,0.,0.));
#8621 = ADVANCED_FACE('',(#8622),#8659,.T.);
#8622 = FACE_BOUND('',#8623,.T.);
#8623 = EDGE_LOOP('',(#8624,#8632,#8633,#8634,#8643,#8652));
#8624 = ORIENTED_EDGE('',*,*,#8625,.F.);
#8625 = EDGE_CURVE('',#8599,#8626,#8628,.T.);
#8626 = VERTEX_POINT('',#8627);
#8627 = CARTESIAN_POINT('',(2.77,-8.881784197001E-16,4.));
#8628 = LINE('',#8629,#8630);
#8629 = CARTESIAN_POINT('',(2.77,-1.50990331349E-15,6.8));
#8630 = VECTOR('',#8631,1.);
#8631 = DIRECTION('',(0.,2.22044604925E-16,-1.));
#8632 = ORIENTED_EDGE('',*,*,#8610,.T.);
#8633 = ORIENTED_EDGE('',*,*,#8625,.T.);
#8634 = ORIENTED_EDGE('',*,*,#8635,.F.);
#8635 = EDGE_CURVE('',#8636,#8626,#8638,.T.);
#8636 = VERTEX_POINT('',#8637);
#8637 = CARTESIAN_POINT('',(-0.23,-1.091049232099E-15,4.));
#8638 = CIRCLE('',#8639,1.5);
#8639 = AXIS2_PLACEMENT_3D('',#8640,#8641,#8642);
#8640 = CARTESIAN_POINT('',(1.27,-8.881784197001E-16,4.));
#8641 = DIRECTION('',(0.,2.22044604925E-16,-1.));
#8642 = DIRECTION('',(1.,0.,0.));
#8643 = ORIENTED_EDGE('',*,*,#8644,.F.);
#8644 = EDGE_CURVE('',#8645,#8636,#8647,.T.);
#8645 = VERTEX_POINT('',#8646);
#8646 = CARTESIAN_POINT('',(-0.23,-7.823615514024E-09,4.));
#8647 = CIRCLE('',#8648,1.5);
#8648 = AXIS2_PLACEMENT_3D('',#8649,#8650,#8651);
#8649 = CARTESIAN_POINT('',(1.27,-8.881784197001E-16,4.));
#8650 = DIRECTION('',(0.,2.22044604925E-16,-1.));
#8651 = DIRECTION('',(1.,0.,0.));
#8652 = ORIENTED_EDGE('',*,*,#8653,.F.);
#8653 = EDGE_CURVE('',#8626,#8645,#8654,.T.);
#8654 = CIRCLE('',#8655,1.5);
#8655 = AXIS2_PLACEMENT_3D('',#8656,#8657,#8658);
#8656 = CARTESIAN_POINT('',(1.27,-8.881784197001E-16,4.));
#8657 = DIRECTION('',(0.,2.22044604925E-16,-1.));
#8658 = DIRECTION('',(1.,0.,0.));
#8659 = CYLINDRICAL_SURFACE('',#8660,1.5);
#8660 = AXIS2_PLACEMENT_3D('',#8661,#8662,#8663);
#8661 = CARTESIAN_POINT('',(1.27,-1.50990331349E-15,6.8));
#8662 = DIRECTION('',(0.,2.22044604925E-16,-1.));
#8663 = DIRECTION('',(1.,0.,0.));
#8664 = ADVANCED_FACE('',(#8665,#8696),#8701,.F.);
#8665 = FACE_BOUND('',#8666,.F.);
#8666 = EDGE_LOOP('',(#8667,#8678,#8684,#8690));
#8667 = ORIENTED_EDGE('',*,*,#8668,.F.);
#8668 = EDGE_CURVE('',#8669,#8671,#8673,.T.);
#8669 = VERTEX_POINT('',#8670);
#8670 = CARTESIAN_POINT('',(-0.23,-1.16619037897,4.));
#8671 = VERTEX_POINT('',#8672);
#8672 = CARTESIAN_POINT('',(-0.23,1.16619037897,4.));
#8673 = CIRCLE('',#8674,1.9);
#8674 = AXIS2_PLACEMENT_3D('',#8675,#8676,#8677);
#8675 = CARTESIAN_POINT('',(1.27,0.,4.));
#8676 = DIRECTION('',(0.,0.,1.));
#8677 = DIRECTION('',(1.,0.,-0.));
#8678 = ORIENTED_EDGE('',*,*,#8679,.T.);
#8679 = EDGE_CURVE('',#8669,#8645,#8680,.T.);
#8680 = LINE('',#8681,#8682);
#8681 = CARTESIAN_POINT('',(-0.23,-1.16619037897,4.));
#8682 = VECTOR('',#8683,1.);
#8683 = DIRECTION('',(0.,1.,0.));
#8684 = ORIENTED_EDGE('',*,*,#8685,.T.);
#8685 = EDGE_CURVE('',#8645,#8636,#8686,.T.);
#8686 = LINE('',#8687,#8688);
#8687 = CARTESIAN_POINT('',(-0.23,-1.16619037897,4.));
#8688 = VECTOR('',#8689,1.);
#8689 = DIRECTION('',(0.,1.,0.));
#8690 = ORIENTED_EDGE('',*,*,#8691,.T.);
#8691 = EDGE_CURVE('',#8636,#8671,#8692,.T.);
#8692 = LINE('',#8693,#8694);
#8693 = CARTESIAN_POINT('',(-0.23,-1.16619037897,4.));
#8694 = VECTOR('',#8695,1.);
#8695 = DIRECTION('',(0.,1.,0.));
#8696 = FACE_BOUND('',#8697,.F.);
#8697 = EDGE_LOOP('',(#8698,#8699,#8700));
#8698 = ORIENTED_EDGE('',*,*,#8635,.F.);
#8699 = ORIENTED_EDGE('',*,*,#8644,.F.);
#8700 = ORIENTED_EDGE('',*,*,#8653,.F.);
#8701 = PLANE('',#8702);
#8702 = AXIS2_PLACEMENT_3D('',#8703,#8704,#8705);
#8703 = CARTESIAN_POINT('',(-0.23,-1.166190378969,4.));
#8704 = DIRECTION('',(0.,0.,-1.));
#8705 = DIRECTION('',(-1.,0.,0.));
#8706 = ADVANCED_FACE('',(#8707),#8733,.T.);
#8707 = FACE_BOUND('',#8708,.T.);
#8708 = EDGE_LOOP('',(#8709,#8720,#8726,#8727));
#8709 = ORIENTED_EDGE('',*,*,#8710,.T.);
#8710 = EDGE_CURVE('',#8711,#8713,#8715,.T.);
#8711 = VERTEX_POINT('',#8712);
#8712 = CARTESIAN_POINT('',(-0.23,-1.16619037897,3.));
#8713 = VERTEX_POINT('',#8714);
#8714 = CARTESIAN_POINT('',(-0.23,1.16619037897,3.));
#8715 = CIRCLE('',#8716,1.9);
#8716 = AXIS2_PLACEMENT_3D('',#8717,#8718,#8719);
#8717 = CARTESIAN_POINT('',(1.27,0.,3.));
#8718 = DIRECTION('',(0.,0.,1.));
#8719 = DIRECTION('',(1.,0.,-0.));
#8720 = ORIENTED_EDGE('',*,*,#8721,.T.);
#8721 = EDGE_CURVE('',#8713,#8671,#8722,.T.);
#8722 = LINE('',#8723,#8724);
#8723 = CARTESIAN_POINT('',(-0.23,1.16619037897,3.));
#8724 = VECTOR('',#8725,1.);
#8725 = DIRECTION('',(0.,0.,1.));
#8726 = ORIENTED_EDGE('',*,*,#8668,.F.);
#8727 = ORIENTED_EDGE('',*,*,#8728,.F.);
#8728 = EDGE_CURVE('',#8711,#8669,#8729,.T.);
#8729 = LINE('',#8730,#8731);
#8730 = CARTESIAN_POINT('',(-0.23,-1.16619037897,3.));
#8731 = VECTOR('',#8732,1.);
#8732 = DIRECTION('',(0.,0.,1.));
#8733 = CYLINDRICAL_SURFACE('',#8734,1.9);
#8734 = AXIS2_PLACEMENT_3D('',#8735,#8736,#8737);
#8735 = CARTESIAN_POINT('',(1.27,0.,3.));
#8736 = DIRECTION('',(-0.,-0.,-1.));
#8737 = DIRECTION('',(1.,0.,0.));
#8738 = ADVANCED_FACE('',(#8739),#8752,.T.);
#8739 = FACE_BOUND('',#8740,.T.);
#8740 = EDGE_LOOP('',(#8741,#8742,#8743,#8744,#8745,#8746));
#8741 = ORIENTED_EDGE('',*,*,#8728,.T.);
#8742 = ORIENTED_EDGE('',*,*,#8679,.T.);
#8743 = ORIENTED_EDGE('',*,*,#8685,.T.);
#8744 = ORIENTED_EDGE('',*,*,#8691,.T.);
#8745 = ORIENTED_EDGE('',*,*,#8721,.F.);
#8746 = ORIENTED_EDGE('',*,*,#8747,.F.);
#8747 = EDGE_CURVE('',#8711,#8713,#8748,.T.);
#8748 = LINE('',#8749,#8750);
#8749 = CARTESIAN_POINT('',(-0.23,-1.16619037897,3.));
#8750 = VECTOR('',#8751,1.);
#8751 = DIRECTION('',(0.,1.,0.));
#8752 = PLANE('',#8753);
#8753 = AXIS2_PLACEMENT_3D('',#8754,#8755,#8756);
#8754 = CARTESIAN_POINT('',(-0.23,-1.16619037897,3.));
#8755 = DIRECTION('',(-1.,0.,0.));
#8756 = DIRECTION('',(0.,1.,0.));
#8757 = ADVANCED_FACE('',(#8758,#8762,#8796),#8830,.T.);
#8758 = FACE_BOUND('',#8759,.T.);
#8759 = EDGE_LOOP('',(#8760,#8761));
#8760 = ORIENTED_EDGE('',*,*,#8710,.F.);
#8761 = ORIENTED_EDGE('',*,*,#8747,.T.);
#8762 = FACE_BOUND('',#8763,.T.);
#8763 = EDGE_LOOP('',(#8764,#8774,#8782,#8790));
#8764 = ORIENTED_EDGE('',*,*,#8765,.T.);
#8765 = EDGE_CURVE('',#8766,#8768,#8770,.T.);
#8766 = VERTEX_POINT('',#8767);
#8767 = CARTESIAN_POINT('',(0.2,-0.2,3.));
#8768 = VERTEX_POINT('',#8769);
#8769 = CARTESIAN_POINT('',(0.2,0.2,3.));
#8770 = LINE('',#8771,#8772);
#8771 = CARTESIAN_POINT('',(0.2,-0.483095189485,3.));
#8772 = VECTOR('',#8773,1.);
#8773 = DIRECTION('',(0.,1.,0.));
#8774 = ORIENTED_EDGE('',*,*,#8775,.T.);
#8775 = EDGE_CURVE('',#8768,#8776,#8778,.T.);
#8776 = VERTEX_POINT('',#8777);
#8777 = CARTESIAN_POINT('',(-0.2,0.2,3.));
#8778 = LINE('',#8779,#8780);
#8779 = CARTESIAN_POINT('',(-0.215,0.2,3.));
#8780 = VECTOR('',#8781,1.);
#8781 = DIRECTION('',(-1.,-0.,-0.));
#8782 = ORIENTED_EDGE('',*,*,#8783,.T.);
#8783 = EDGE_CURVE('',#8776,#8784,#8786,.T.);
#8784 = VERTEX_POINT('',#8785);
#8785 = CARTESIAN_POINT('',(-0.2,-0.2,3.));
#8786 = LINE('',#8787,#8788);
#8787 = CARTESIAN_POINT('',(-0.2,-0.683095189485,3.));
#8788 = VECTOR('',#8789,1.);
#8789 = DIRECTION('',(0.,-1.,0.));
#8790 = ORIENTED_EDGE('',*,*,#8791,.T.);
#8791 = EDGE_CURVE('',#8784,#8766,#8792,.T.);
#8792 = LINE('',#8793,#8794);
#8793 = CARTESIAN_POINT('',(-1.499999999986E-02,-0.2,3.));
#8794 = VECTOR('',#8795,1.);
#8795 = DIRECTION('',(1.,0.,0.));
#8796 = FACE_BOUND('',#8797,.T.);
#8797 = EDGE_LOOP('',(#8798,#8808,#8816,#8824));
#8798 = ORIENTED_EDGE('',*,*,#8799,.T.);
#8799 = EDGE_CURVE('',#8800,#8802,#8804,.T.);
#8800 = VERTEX_POINT('',#8801);
#8801 = CARTESIAN_POINT('',(2.74,0.2,3.));
#8802 = VERTEX_POINT('',#8803);
#8803 = CARTESIAN_POINT('',(2.34,0.2,3.));
#8804 = LINE('',#8805,#8806);
#8805 = CARTESIAN_POINT('',(1.055,0.2,3.));
#8806 = VECTOR('',#8807,1.);
#8807 = DIRECTION('',(-1.,-0.,-0.));
#8808 = ORIENTED_EDGE('',*,*,#8809,.T.);
#8809 = EDGE_CURVE('',#8802,#8810,#8812,.T.);
#8810 = VERTEX_POINT('',#8811);
#8811 = CARTESIAN_POINT('',(2.34,-0.2,3.));
#8812 = LINE('',#8813,#8814);
#8813 = CARTESIAN_POINT('',(2.34,-0.683095189485,3.));
#8814 = VECTOR('',#8815,1.);
#8815 = DIRECTION('',(0.,-1.,0.));
#8816 = ORIENTED_EDGE('',*,*,#8817,.T.);
#8817 = EDGE_CURVE('',#8810,#8818,#8820,.T.);
#8818 = VERTEX_POINT('',#8819);
#8819 = CARTESIAN_POINT('',(2.74,-0.2,3.));
#8820 = LINE('',#8821,#8822);
#8821 = CARTESIAN_POINT('',(1.255,-0.2,3.));
#8822 = VECTOR('',#8823,1.);
#8823 = DIRECTION('',(1.,0.,0.));
#8824 = ORIENTED_EDGE('',*,*,#8825,.T.);
#8825 = EDGE_CURVE('',#8818,#8800,#8826,.T.);
#8826 = LINE('',#8827,#8828);
#8827 = CARTESIAN_POINT('',(2.74,-0.483095189485,3.));
#8828 = VECTOR('',#8829,1.);
#8829 = DIRECTION('',(0.,1.,0.));
#8830 = PLANE('',#8831);
#8831 = AXIS2_PLACEMENT_3D('',#8832,#8833,#8834);
#8832 = CARTESIAN_POINT('',(-0.23,-1.166190378969,3.));
#8833 = DIRECTION('',(0.,0.,-1.));
#8834 = DIRECTION('',(-1.,0.,0.));
#8835 = ADVANCED_FACE('',(#8836),#8861,.F.);
#8836 = FACE_BOUND('',#8837,.F.);
#8837 = EDGE_LOOP('',(#8838,#8839,#8847,#8855));
#8838 = ORIENTED_EDGE('',*,*,#8765,.T.);
#8839 = ORIENTED_EDGE('',*,*,#8840,.T.);
#8840 = EDGE_CURVE('',#8768,#8841,#8843,.T.);
#8841 = VERTEX_POINT('',#8842);
#8842 = CARTESIAN_POINT('',(0.2,0.2,-2.5));
#8843 = LINE('',#8844,#8845);
#8844 = CARTESIAN_POINT('',(0.2,0.2,3.5));
#8845 = VECTOR('',#8846,1.);
#8846 = DIRECTION('',(-0.,-0.,-1.));
#8847 = ORIENTED_EDGE('',*,*,#8848,.T.);
#8848 = EDGE_CURVE('',#8841,#8849,#8851,.T.);
#8849 = VERTEX_POINT('',#8850);
#8850 = CARTESIAN_POINT('',(0.2,-0.2,-2.5));
#8851 = LINE('',#8852,#8853);
#8852 = CARTESIAN_POINT('',(0.2,0.2,-2.5));
#8853 = VECTOR('',#8854,1.);
#8854 = DIRECTION('',(0.,-1.,0.));
#8855 = ORIENTED_EDGE('',*,*,#8856,.F.);
#8856 = EDGE_CURVE('',#8766,#8849,#8857,.T.);
#8857 = LINE('',#8858,#8859);
#8858 = CARTESIAN_POINT('',(0.2,-0.2,3.5));
#8859 = VECTOR('',#8860,1.);
#8860 = DIRECTION('',(-0.,-0.,-1.));
#8861 = PLANE('',#8862);
#8862 = AXIS2_PLACEMENT_3D('',#8863,#8864,#8865);
#8863 = CARTESIAN_POINT('',(0.2,0.2,3.5));
#8864 = DIRECTION('',(-1.,0.,0.));
#8865 = DIRECTION('',(0.,-1.,0.));
#8866 = ADVANCED_FACE('',(#8867),#8885,.F.);
#8867 = FACE_BOUND('',#8868,.F.);
#8868 = EDGE_LOOP('',(#8869,#8870,#8871,#8879));
#8869 = ORIENTED_EDGE('',*,*,#8791,.T.);
#8870 = ORIENTED_EDGE('',*,*,#8856,.T.);
#8871 = ORIENTED_EDGE('',*,*,#8872,.T.);
#8872 = EDGE_CURVE('',#8849,#8873,#8875,.T.);
#8873 = VERTEX_POINT('',#8874);
#8874 = CARTESIAN_POINT('',(-0.2,-0.2,-2.5));
#8875 = LINE('',#8876,#8877);
#8876 = CARTESIAN_POINT('',(0.2,-0.2,-2.5));
#8877 = VECTOR('',#8878,1.);
#8878 = DIRECTION('',(-1.,0.,0.));
#8879 = ORIENTED_EDGE('',*,*,#8880,.F.);
#8880 = EDGE_CURVE('',#8784,#8873,#8881,.T.);
#8881 = LINE('',#8882,#8883);
#8882 = CARTESIAN_POINT('',(-0.2,-0.2,3.5));
#8883 = VECTOR('',#8884,1.);
#8884 = DIRECTION('',(-0.,-0.,-1.));
#8885 = PLANE('',#8886);
#8886 = AXIS2_PLACEMENT_3D('',#8887,#8888,#8889);
#8887 = CARTESIAN_POINT('',(0.2,-0.2,3.5));
#8888 = DIRECTION('',(0.,1.,0.));
#8889 = DIRECTION('',(-1.,0.,0.));
#8890 = ADVANCED_FACE('',(#8891),#8909,.F.);
#8891 = FACE_BOUND('',#8892,.F.);
#8892 = EDGE_LOOP('',(#8893,#8894,#8895,#8903));
#8893 = ORIENTED_EDGE('',*,*,#8783,.T.);
#8894 = ORIENTED_EDGE('',*,*,#8880,.T.);
#8895 = ORIENTED_EDGE('',*,*,#8896,.T.);
#8896 = EDGE_CURVE('',#8873,#8897,#8899,.T.);
#8897 = VERTEX_POINT('',#8898);
#8898 = CARTESIAN_POINT('',(-0.2,0.2,-2.5));
#8899 = LINE('',#8900,#8901);
#8900 = CARTESIAN_POINT('',(-0.2,-0.2,-2.5));
#8901 = VECTOR('',#8902,1.);
#8902 = DIRECTION('',(0.,1.,0.));
#8903 = ORIENTED_EDGE('',*,*,#8904,.F.);
#8904 = EDGE_CURVE('',#8776,#8897,#8905,.T.);
#8905 = LINE('',#8906,#8907);
#8906 = CARTESIAN_POINT('',(-0.2,0.2,3.5));
#8907 = VECTOR('',#8908,1.);
#8908 = DIRECTION('',(-0.,-0.,-1.));
#8909 = PLANE('',#8910);
#8910 = AXIS2_PLACEMENT_3D('',#8911,#8912,#8913);
#8911 = CARTESIAN_POINT('',(-0.2,-0.2,3.5));
#8912 = DIRECTION('',(1.,0.,0.));
#8913 = DIRECTION('',(-0.,1.,0.));
#8914 = ADVANCED_FACE('',(#8915),#8926,.F.);
#8915 = FACE_BOUND('',#8916,.F.);
#8916 = EDGE_LOOP('',(#8917,#8918,#8919,#8925));
#8917 = ORIENTED_EDGE('',*,*,#8775,.T.);
#8918 = ORIENTED_EDGE('',*,*,#8904,.T.);
#8919 = ORIENTED_EDGE('',*,*,#8920,.T.);
#8920 = EDGE_CURVE('',#8897,#8841,#8921,.T.);
#8921 = LINE('',#8922,#8923);
#8922 = CARTESIAN_POINT('',(-0.2,0.2,-2.5));
#8923 = VECTOR('',#8924,1.);
#8924 = DIRECTION('',(1.,0.,0.));
#8925 = ORIENTED_EDGE('',*,*,#8840,.F.);
#8926 = PLANE('',#8927);
#8927 = AXIS2_PLACEMENT_3D('',#8928,#8929,#8930);
#8928 = CARTESIAN_POINT('',(-0.2,0.2,3.5));
#8929 = DIRECTION('',(0.,-1.,0.));
#8930 = DIRECTION('',(1.,0.,0.));
#8931 = ADVANCED_FACE('',(#8932),#8957,.F.);
#8932 = FACE_BOUND('',#8933,.F.);
#8933 = EDGE_LOOP('',(#8934,#8935,#8943,#8951));
#8934 = ORIENTED_EDGE('',*,*,#8799,.T.);
#8935 = ORIENTED_EDGE('',*,*,#8936,.T.);
#8936 = EDGE_CURVE('',#8802,#8937,#8939,.T.);
#8937 = VERTEX_POINT('',#8938);
#8938 = CARTESIAN_POINT('',(2.34,0.2,-2.5));
#8939 = LINE('',#8940,#8941);
#8940 = CARTESIAN_POINT('',(2.34,0.2,3.5));
#8941 = VECTOR('',#8942,1.);
#8942 = DIRECTION('',(-0.,-0.,-1.));
#8943 = ORIENTED_EDGE('',*,*,#8944,.T.);
#8944 = EDGE_CURVE('',#8937,#8945,#8947,.T.);
#8945 = VERTEX_POINT('',#8946);
#8946 = CARTESIAN_POINT('',(2.74,0.2,-2.5));
#8947 = LINE('',#8948,#8949);
#8948 = CARTESIAN_POINT('',(2.34,0.2,-2.5));
#8949 = VECTOR('',#8950,1.);
#8950 = DIRECTION('',(1.,0.,0.));
#8951 = ORIENTED_EDGE('',*,*,#8952,.F.);
#8952 = EDGE_CURVE('',#8800,#8945,#8953,.T.);
#8953 = LINE('',#8954,#8955);
#8954 = CARTESIAN_POINT('',(2.74,0.2,3.5));
#8955 = VECTOR('',#8956,1.);
#8956 = DIRECTION('',(-0.,-0.,-1.));
#8957 = PLANE('',#8958);
#8958 = AXIS2_PLACEMENT_3D('',#8959,#8960,#8961);
#8959 = CARTESIAN_POINT('',(2.34,0.2,3.5));
#8960 = DIRECTION('',(0.,-1.,0.));
#8961 = DIRECTION('',(1.,0.,0.));
#8962 = ADVANCED_FACE('',(#8963),#8981,.F.);
#8963 = FACE_BOUND('',#8964,.F.);
#8964 = EDGE_LOOP('',(#8965,#8966,#8967,#8975));
#8965 = ORIENTED_EDGE('',*,*,#8825,.T.);
#8966 = ORIENTED_EDGE('',*,*,#8952,.T.);
#8967 = ORIENTED_EDGE('',*,*,#8968,.T.);
#8968 = EDGE_CURVE('',#8945,#8969,#8971,.T.);
#8969 = VERTEX_POINT('',#8970);
#8970 = CARTESIAN_POINT('',(2.74,-0.2,-2.5));
#8971 = LINE('',#8972,#8973);
#8972 = CARTESIAN_POINT('',(2.74,0.2,-2.5));
#8973 = VECTOR('',#8974,1.);
#8974 = DIRECTION('',(0.,-1.,0.));
#8975 = ORIENTED_EDGE('',*,*,#8976,.F.);
#8976 = EDGE_CURVE('',#8818,#8969,#8977,.T.);
#8977 = LINE('',#8978,#8979);
#8978 = CARTESIAN_POINT('',(2.74,-0.2,3.5));
#8979 = VECTOR('',#8980,1.);
#8980 = DIRECTION('',(-0.,-0.,-1.));
#8981 = PLANE('',#8982);
#8982 = AXIS2_PLACEMENT_3D('',#8983,#8984,#8985);
#8983 = CARTESIAN_POINT('',(2.74,0.2,3.5));
#8984 = DIRECTION('',(-1.,0.,0.));
#8985 = DIRECTION('',(0.,-1.,0.));
#8986 = ADVANCED_FACE('',(#8987),#9005,.F.);
#8987 = FACE_BOUND('',#8988,.F.);
#8988 = EDGE_LOOP('',(#8989,#8990,#8991,#8999));
#8989 = ORIENTED_EDGE('',*,*,#8817,.T.);
#8990 = ORIENTED_EDGE('',*,*,#8976,.T.);
#8991 = ORIENTED_EDGE('',*,*,#8992,.T.);
#8992 = EDGE_CURVE('',#8969,#8993,#8995,.T.);
#8993 = VERTEX_POINT('',#8994);
#8994 = CARTESIAN_POINT('',(2.34,-0.2,-2.5));
#8995 = LINE('',#8996,#8997);
#8996 = CARTESIAN_POINT('',(2.74,-0.2,-2.5));
#8997 = VECTOR('',#8998,1.);
#8998 = DIRECTION('',(-1.,0.,0.));
#8999 = ORIENTED_EDGE('',*,*,#9000,.F.);
#9000 = EDGE_CURVE('',#8810,#8993,#9001,.T.);
#9001 = LINE('',#9002,#9003);
#9002 = CARTESIAN_POINT('',(2.34,-0.2,3.5));
#9003 = VECTOR('',#9004,1.);
#9004 = DIRECTION('',(-0.,-0.,-1.));
#9005 = PLANE('',#9006);
#9006 = AXIS2_PLACEMENT_3D('',#9007,#9008,#9009);
#9007 = CARTESIAN_POINT('',(2.74,-0.2,3.5));
#9008 = DIRECTION('',(0.,1.,0.));
#9009 = DIRECTION('',(-1.,0.,0.));
#9010 = ADVANCED_FACE('',(#9011),#9022,.F.);
#9011 = FACE_BOUND('',#9012,.F.);
#9012 = EDGE_LOOP('',(#9013,#9014,#9015,#9021));
#9013 = ORIENTED_EDGE('',*,*,#8809,.T.);
#9014 = ORIENTED_EDGE('',*,*,#9000,.T.);
#9015 = ORIENTED_EDGE('',*,*,#9016,.T.);
#9016 = EDGE_CURVE('',#8993,#8937,#9017,.T.);
#9017 = LINE('',#9018,#9019);
#9018 = CARTESIAN_POINT('',(2.34,-0.2,-2.5));
#9019 = VECTOR('',#9020,1.);
#9020 = DIRECTION('',(0.,1.,0.));
#9021 = ORIENTED_EDGE('',*,*,#8936,.F.);
#9022 = PLANE('',#9023);
#9023 = AXIS2_PLACEMENT_3D('',#9024,#9025,#9026);
#9024 = CARTESIAN_POINT('',(2.34,-0.2,3.5));
#9025 = DIRECTION('',(1.,0.,0.));
#9026 = DIRECTION('',(-0.,1.,0.));
#9027 = ADVANCED_FACE('',(#9028),#9034,.F.);
#9028 = FACE_BOUND('',#9029,.T.);
#9029 = EDGE_LOOP('',(#9030,#9031,#9032,#9033));
#9030 = ORIENTED_EDGE('',*,*,#8920,.T.);
#9031 = ORIENTED_EDGE('',*,*,#8848,.T.);
#9032 = ORIENTED_EDGE('',*,*,#8872,.T.);
#9033 = ORIENTED_EDGE('',*,*,#8896,.T.);
#9034 = PLANE('',#9035);
#9035 = AXIS2_PLACEMENT_3D('',#9036,#9037,#9038);
#9036 = CARTESIAN_POINT('',(-0.2,0.2,-2.5));
#9037 = DIRECTION('',(0.,0.,1.));
#9038 = DIRECTION('',(1.,0.,-0.));
#9039 = ADVANCED_FACE('',(#9040),#9046,.F.);
#9040 = FACE_BOUND('',#9041,.T.);
#9041 = EDGE_LOOP('',(#9042,#9043,#9044,#9045));
#9042 = ORIENTED_EDGE('',*,*,#8944,.T.);
#9043 = ORIENTED_EDGE('',*,*,#8968,.T.);
#9044 = ORIENTED_EDGE('',*,*,#8992,.T.);
#9045 = ORIENTED_EDGE('',*,*,#9016,.T.);
#9046 = PLANE('',#9047);
#9047 = AXIS2_PLACEMENT_3D('',#9048,#9049,#9050);
#9048 = CARTESIAN_POINT('',(2.34,0.2,-2.5));
#9049 = DIRECTION('',(0.,0.,1.));
#9050 = DIRECTION('',(1.,0.,-0.));
#9051 = ( GEOMETRIC_REPRESENTATION_CONTEXT(3) 
GLOBAL_UNCERTAINTY_ASSIGNED_CONTEXT((#9055)) 
GLOBAL_UNIT_ASSIGNED_CONTEXT((#9052,#9053,#9054)) REPRESENTATION_CONTEXT
('Context #1','3D Context with UNIT and UNCERTAINTY') );
#9052 = ( LENGTH_UNIT() NAMED_UNIT(*) SI_UNIT(.MILLI.,.METRE.) );
#9053 = ( NAMED_UNIT(*) PLANE_ANGLE_UNIT() SI_UNIT($,.RADIAN.) );
#9054 = ( NAMED_UNIT(*) SI_UNIT($,.STERADIAN.) SOLID_ANGLE_UNIT() );
#9055 = UNCERTAINTY_MEASURE_WITH_UNIT(LENGTH_MEASURE(1.E-07),#9052,
  'distance_accuracy_value','confusion accuracy');
#9056 = CONTEXT_DEPENDENT_SHAPE_REPRESENTATION(#9057,#9059);
#9057 = ( REPRESENTATION_RELATIONSHIP('','',#8591,#10) 
REPRESENTATION_RELATIONSHIP_WITH_TRANSFORMATION(#9058) 
SHAPE_REPRESENTATION_RELATIONSHIP() );
#9058 = ITEM_DEFINED_TRANSFORMATION('','',#11,#23);
#9059 = PRODUCT_DEFINITION_SHAPE('Placement','Placement of an item',
  #9060);
#9060 = NEXT_ASSEMBLY_USAGE_OCCURRENCE('3','D2','',#5,#8586,$);
#9061 = PRODUCT_RELATED_PRODUCT_CATEGORY('part',$,(#8588));
#9062 = CONTEXT_DEPENDENT_SHAPE_REPRESENTATION(#9063,#9065);
#9063 = ( REPRESENTATION_RELATIONSHIP('','',#8591,#10) 
REPRESENTATION_RELATIONSHIP_WITH_TRANSFORMATION(#9064) 
SHAPE_REPRESENTATION_RELATIONSHIP() );
#9064 = ITEM_DEFINED_TRANSFORMATION('','',#11,#27);
#9065 = PRODUCT_DEFINITION_SHAPE('Placement','Placement of an item',
  #9066);
#9066 = NEXT_ASSEMBLY_USAGE_OCCURRENCE('4','D1','',#5,#8586,$);
#9067 = SHAPE_DEFINITION_REPRESENTATION(#9068,#9074);
#9068 = PRODUCT_DEFINITION_SHAPE('','',#9069);
#9069 = PRODUCT_DEFINITION('design','',#9070,#9073);
#9070 = PRODUCT_DEFINITION_FORMATION('','',#9071);
#9071 = PRODUCT('Simkits Small Dual Gauge_PCB',
  'Simkits Small Dual Gauge_PCB','',(#9072));
#9072 = PRODUCT_CONTEXT('',#2,'mechanical');
#9073 = PRODUCT_DEFINITION_CONTEXT('part definition',#2,'design');
#9074 = ADVANCED_BREP_SHAPE_REPRESENTATION('',(#11,#9075),#10839);
#9075 = MANIFOLD_SOLID_BREP('',#9076);
#9076 = CLOSED_SHELL('',(#9077,#9117,#9148,#9179,#9646,#10113,#10130,
    #10147,#10164,#10181,#10193,#10210,#10227,#10244,#10261,#10278,
    #10295,#10312,#10329,#10346,#10363,#10380,#10397,#10414,#10431,
    #10448,#10465,#10482,#10499,#10516,#10533,#10550,#10567,#10584,
    #10601,#10618,#10635,#10652,#10669,#10686,#10703,#10720,#10737,
    #10754,#10771,#10788,#10805,#10822));
#9077 = ADVANCED_FACE('',(#9078),#9112,.T.);
#9078 = FACE_BOUND('',#9079,.T.);
#9079 = EDGE_LOOP('',(#9080,#9090,#9098,#9106));
#9080 = ORIENTED_EDGE('',*,*,#9081,.T.);
#9081 = EDGE_CURVE('',#9082,#9084,#9086,.T.);
#9082 = VERTEX_POINT('',#9083);
#9083 = CARTESIAN_POINT('',(210.025515,-81.364574,0.));
#9084 = VERTEX_POINT('',#9085);
#9085 = CARTESIAN_POINT('',(210.025515,-81.364574,1.51));
#9086 = LINE('',#9087,#9088);
#9087 = CARTESIAN_POINT('',(210.025515,-81.364574,0.));
#9088 = VECTOR('',#9089,1.);
#9089 = DIRECTION('',(0.,0.,1.));
#9090 = ORIENTED_EDGE('',*,*,#9091,.T.);
#9091 = EDGE_CURVE('',#9084,#9092,#9094,.T.);
#9092 = VERTEX_POINT('',#9093);
#9093 = CARTESIAN_POINT('',(210.035515,-120.864574,1.51));
#9094 = LINE('',#9095,#9096);
#9095 = CARTESIAN_POINT('',(210.025515,-81.364574,1.51));
#9096 = VECTOR('',#9097,1.);
#9097 = DIRECTION('',(2.531645488488E-04,-0.999999967954,0.));
#9098 = ORIENTED_EDGE('',*,*,#9099,.F.);
#9099 = EDGE_CURVE('',#9100,#9092,#9102,.T.);
#9100 = VERTEX_POINT('',#9101);
#9101 = CARTESIAN_POINT('',(210.035515,-120.864574,0.));
#9102 = LINE('',#9103,#9104);
#9103 = CARTESIAN_POINT('',(210.035515,-120.864574,0.));
#9104 = VECTOR('',#9105,1.);
#9105 = DIRECTION('',(0.,0.,1.));
#9106 = ORIENTED_EDGE('',*,*,#9107,.F.);
#9107 = EDGE_CURVE('',#9082,#9100,#9108,.T.);
#9108 = LINE('',#9109,#9110);
#9109 = CARTESIAN_POINT('',(210.025515,-81.364574,0.));
#9110 = VECTOR('',#9111,1.);
#9111 = DIRECTION('',(2.531645488488E-04,-0.999999967954,0.));
#9112 = PLANE('',#9113);
#9113 = AXIS2_PLACEMENT_3D('',#9114,#9115,#9116);
#9114 = CARTESIAN_POINT('',(210.025515,-81.364574,0.));
#9115 = DIRECTION('',(0.999999967954,2.531645488488E-04,-0.));
#9116 = DIRECTION('',(2.531645488488E-04,-0.999999967954,0.));
#9117 = ADVANCED_FACE('',(#9118),#9143,.T.);
#9118 = FACE_BOUND('',#9119,.T.);
#9119 = EDGE_LOOP('',(#9120,#9130,#9136,#9137));
#9120 = ORIENTED_EDGE('',*,*,#9121,.T.);
#9121 = EDGE_CURVE('',#9122,#9124,#9126,.T.);
#9122 = VERTEX_POINT('',#9123);
#9123 = CARTESIAN_POINT('',(200.045515,-70.954574,0.));
#9124 = VERTEX_POINT('',#9125);
#9125 = CARTESIAN_POINT('',(200.045515,-70.954574,1.51));
#9126 = LINE('',#9127,#9128);
#9127 = CARTESIAN_POINT('',(200.045515,-70.954574,0.));
#9128 = VECTOR('',#9129,1.);
#9129 = DIRECTION('',(0.,0.,1.));
#9130 = ORIENTED_EDGE('',*,*,#9131,.T.);
#9131 = EDGE_CURVE('',#9124,#9084,#9132,.T.);
#9132 = LINE('',#9133,#9134);
#9133 = CARTESIAN_POINT('',(200.045515,-70.954574,1.51));
#9134 = VECTOR('',#9135,1.);
#9135 = DIRECTION('',(0.69204089891,-0.721858292351,0.));
#9136 = ORIENTED_EDGE('',*,*,#9081,.F.);
#9137 = ORIENTED_EDGE('',*,*,#9138,.F.);
#9138 = EDGE_CURVE('',#9122,#9082,#9139,.T.);
#9139 = LINE('',#9140,#9141);
#9140 = CARTESIAN_POINT('',(200.045515,-70.954574,0.));
#9141 = VECTOR('',#9142,1.);
#9142 = DIRECTION('',(0.69204089891,-0.721858292351,0.));
#9143 = PLANE('',#9144);
#9144 = AXIS2_PLACEMENT_3D('',#9145,#9146,#9147);
#9145 = CARTESIAN_POINT('',(200.045515,-70.954574,0.));
#9146 = DIRECTION('',(0.721858292351,0.69204089891,-0.));
#9147 = DIRECTION('',(0.69204089891,-0.721858292351,0.));
#9148 = ADVANCED_FACE('',(#9149),#9174,.T.);
#9149 = FACE_BOUND('',#9150,.T.);
#9150 = EDGE_LOOP('',(#9151,#9152,#9160,#9168));
#9151 = ORIENTED_EDGE('',*,*,#9099,.T.);
#9152 = ORIENTED_EDGE('',*,*,#9153,.T.);
#9153 = EDGE_CURVE('',#9092,#9154,#9156,.T.);
#9154 = VERTEX_POINT('',#9155);
#9155 = CARTESIAN_POINT('',(199.915515,-131.044574,1.51));
#9156 = LINE('',#9157,#9158);
#9157 = CARTESIAN_POINT('',(210.035515,-120.864574,1.51));
#9158 = VECTOR('',#9159,1.);
#9159 = DIRECTION('',(-0.705013730927,-0.709193654233,0.));
#9160 = ORIENTED_EDGE('',*,*,#9161,.F.);
#9161 = EDGE_CURVE('',#9162,#9154,#9164,.T.);
#9162 = VERTEX_POINT('',#9163);
#9163 = CARTESIAN_POINT('',(199.915515,-131.044574,0.));
#9164 = LINE('',#9165,#9166);
#9165 = CARTESIAN_POINT('',(199.915515,-131.044574,0.));
#9166 = VECTOR('',#9167,1.);
#9167 = DIRECTION('',(0.,0.,1.));
#9168 = ORIENTED_EDGE('',*,*,#9169,.F.);
#9169 = EDGE_CURVE('',#9100,#9162,#9170,.T.);
#9170 = LINE('',#9171,#9172);
#9171 = CARTESIAN_POINT('',(210.035515,-120.864574,0.));
#9172 = VECTOR('',#9173,1.);
#9173 = DIRECTION('',(-0.705013730927,-0.709193654233,0.));
#9174 = PLANE('',#9175);
#9175 = AXIS2_PLACEMENT_3D('',#9176,#9177,#9178);
#9176 = CARTESIAN_POINT('',(210.035515,-120.864574,0.));
#9177 = DIRECTION('',(0.709193654233,-0.705013730927,0.));
#9178 = DIRECTION('',(-0.705013730927,-0.709193654233,0.));
#9179 = ADVANCED_FACE('',(#9180,#9223,#9234,#9245,#9256,#9267,#9278,
    #9289,#9300,#9311,#9322,#9333,#9344,#9355,#9366,#9377,#9388,#9399,
    #9410,#9421,#9432,#9443,#9454,#9465,#9476,#9487,#9498,#9509,#9520,
    #9531,#9542,#9553,#9564,#9575,#9586,#9597,#9608,#9619,#9630),#9641,
  .F.);
#9180 = FACE_BOUND('',#9181,.F.);
#9181 = EDGE_LOOP('',(#9182,#9183,#9184,#9192,#9200,#9208,#9216,#9222));
#9182 = ORIENTED_EDGE('',*,*,#9107,.F.);
#9183 = ORIENTED_EDGE('',*,*,#9138,.F.);
#9184 = ORIENTED_EDGE('',*,*,#9185,.F.);
#9185 = EDGE_CURVE('',#9186,#9122,#9188,.T.);
#9186 = VERTEX_POINT('',#9187);
#9187 = CARTESIAN_POINT('',(160.025515,-70.984574,0.));
#9188 = LINE('',#9189,#9190);
#9189 = CARTESIAN_POINT('',(160.025515,-70.984574,0.));
#9190 = VECTOR('',#9191,1.);
#9191 = DIRECTION('',(0.999999719031,7.49624976785E-04,0.));
#9192 = ORIENTED_EDGE('',*,*,#9193,.F.);
#9193 = EDGE_CURVE('',#9194,#9186,#9196,.T.);
#9194 = VERTEX_POINT('',#9195);
#9195 = CARTESIAN_POINT('',(150.055515,-81.114574,0.));
#9196 = LINE('',#9197,#9198);
#9197 = CARTESIAN_POINT('',(150.055515,-81.114574,0.));
#9198 = VECTOR('',#9199,1.);
#9199 = DIRECTION('',(0.701455847049,0.712712911796,0.));
#9200 = ORIENTED_EDGE('',*,*,#9201,.F.);
#9201 = EDGE_CURVE('',#9202,#9194,#9204,.T.);
#9202 = VERTEX_POINT('',#9203);
#9203 = CARTESIAN_POINT('',(150.095515,-119.994574,0.));
#9204 = LINE('',#9205,#9206);
#9205 = CARTESIAN_POINT('',(150.095515,-119.994574,0.));
#9206 = VECTOR('',#9207,1.);
#9207 = DIRECTION('',(-1.028806039896E-03,0.999999470779,0.));
#9208 = ORIENTED_EDGE('',*,*,#9209,.F.);
#9209 = EDGE_CURVE('',#9210,#9202,#9212,.T.);
#9210 = VERTEX_POINT('',#9211);
#9211 = CARTESIAN_POINT('',(160.075515,-131.034574,0.));
#9212 = LINE('',#9213,#9214);
#9213 = CARTESIAN_POINT('',(160.075515,-131.034574,0.));
#9214 = VECTOR('',#9215,1.);
#9215 = DIRECTION('',(-0.670596562671,0.741822249689,0.));
#9216 = ORIENTED_EDGE('',*,*,#9217,.F.);
#9217 = EDGE_CURVE('',#9162,#9210,#9218,.T.);
#9218 = LINE('',#9219,#9220);
#9219 = CARTESIAN_POINT('',(199.915515,-131.044574,0.));
#9220 = VECTOR('',#9221,1.);
#9221 = DIRECTION('',(-0.999999968498,2.510040081577E-04,0.));
#9222 = ORIENTED_EDGE('',*,*,#9169,.F.);
#9223 = FACE_BOUND('',#9224,.F.);
#9224 = EDGE_LOOP('',(#9225));
#9225 = ORIENTED_EDGE('',*,*,#9226,.F.);
#9226 = EDGE_CURVE('',#9227,#9227,#9229,.T.);
#9227 = VERTEX_POINT('',#9228);
#9228 = CARTESIAN_POINT('',(164.085515,-127.704574,0.));
#9229 = CIRCLE('',#9230,1.85);
#9230 = AXIS2_PLACEMENT_3D('',#9231,#9232,#9233);
#9231 = CARTESIAN_POINT('',(162.235515,-127.704574,0.));
#9232 = DIRECTION('',(0.,0.,1.));
#9233 = DIRECTION('',(1.,0.,-0.));
#9234 = FACE_BOUND('',#9235,.F.);
#9235 = EDGE_LOOP('',(#9236));
#9236 = ORIENTED_EDGE('',*,*,#9237,.F.);
#9237 = EDGE_CURVE('',#9238,#9238,#9240,.T.);
#9238 = VERTEX_POINT('',#9239);
#9239 = CARTESIAN_POINT('',(154.765515,-119.144574,0.));
#9240 = CIRCLE('',#9241,1.85);
#9241 = AXIS2_PLACEMENT_3D('',#9242,#9243,#9244);
#9242 = CARTESIAN_POINT('',(152.915515,-119.144574,0.));
#9243 = DIRECTION('',(0.,0.,1.));
#9244 = DIRECTION('',(1.,0.,-0.));
#9245 = FACE_BOUND('',#9246,.F.);
#9246 = EDGE_LOOP('',(#9247));
#9247 = ORIENTED_EDGE('',*,*,#9248,.T.);
#9248 = EDGE_CURVE('',#9249,#9249,#9251,.T.);
#9249 = VERTEX_POINT('',#9250);
#9250 = CARTESIAN_POINT('',(167.67,-114.595,0.));
#9251 = CIRCLE('',#9252,0.595);
#9252 = AXIS2_PLACEMENT_3D('',#9253,#9254,#9255);
#9253 = CARTESIAN_POINT('',(167.67,-114.,0.));
#9254 = DIRECTION('',(-0.,0.,-1.));
#9255 = DIRECTION('',(-0.,-1.,0.));
#9256 = FACE_BOUND('',#9257,.F.);
#9257 = EDGE_LOOP('',(#9258));
#9258 = ORIENTED_EDGE('',*,*,#9259,.T.);
#9259 = EDGE_CURVE('',#9260,#9260,#9262,.T.);
#9260 = VERTEX_POINT('',#9261);
#9261 = CARTESIAN_POINT('',(170.21,-114.595,0.));
#9262 = CIRCLE('',#9263,0.595);
#9263 = AXIS2_PLACEMENT_3D('',#9264,#9265,#9266);
#9264 = CARTESIAN_POINT('',(170.21,-114.,0.));
#9265 = DIRECTION('',(-0.,0.,-1.));
#9266 = DIRECTION('',(-0.,-1.,0.));
#9267 = FACE_BOUND('',#9268,.F.);
#9268 = EDGE_LOOP('',(#9269));
#9269 = ORIENTED_EDGE('',*,*,#9270,.T.);
#9270 = EDGE_CURVE('',#9271,#9271,#9273,.T.);
#9271 = VERTEX_POINT('',#9272);
#9272 = CARTESIAN_POINT('',(172.75,-114.595,0.));
#9273 = CIRCLE('',#9274,0.595);
#9274 = AXIS2_PLACEMENT_3D('',#9275,#9276,#9277);
#9275 = CARTESIAN_POINT('',(172.75,-114.,0.));
#9276 = DIRECTION('',(-0.,0.,-1.));
#9277 = DIRECTION('',(-0.,-1.,0.));
#9278 = FACE_BOUND('',#9279,.F.);
#9279 = EDGE_LOOP('',(#9280));
#9280 = ORIENTED_EDGE('',*,*,#9281,.T.);
#9281 = EDGE_CURVE('',#9282,#9282,#9284,.T.);
#9282 = VERTEX_POINT('',#9283);
#9283 = CARTESIAN_POINT('',(175.29,-114.595,0.));
#9284 = CIRCLE('',#9285,0.595);
#9285 = AXIS2_PLACEMENT_3D('',#9286,#9287,#9288);
#9286 = CARTESIAN_POINT('',(175.29,-114.,0.));
#9287 = DIRECTION('',(-0.,0.,-1.));
#9288 = DIRECTION('',(-0.,-1.,0.));
#9289 = FACE_BOUND('',#9290,.F.);
#9290 = EDGE_LOOP('',(#9291));
#9291 = ORIENTED_EDGE('',*,*,#9292,.T.);
#9292 = EDGE_CURVE('',#9293,#9293,#9295,.T.);
#9293 = VERTEX_POINT('',#9294);
#9294 = CARTESIAN_POINT('',(177.83,-114.595,0.));
#9295 = CIRCLE('',#9296,0.595);
#9296 = AXIS2_PLACEMENT_3D('',#9297,#9298,#9299);
#9297 = CARTESIAN_POINT('',(177.83,-114.,0.));
#9298 = DIRECTION('',(-0.,0.,-1.));
#9299 = DIRECTION('',(-0.,-1.,0.));
#9300 = FACE_BOUND('',#9301,.F.);
#9301 = EDGE_LOOP('',(#9302));
#9302 = ORIENTED_EDGE('',*,*,#9303,.T.);
#9303 = EDGE_CURVE('',#9304,#9304,#9306,.T.);
#9304 = VERTEX_POINT('',#9305);
#9305 = CARTESIAN_POINT('',(171.5228,-103.9535,0.));
#9306 = CIRCLE('',#9307,1.5);
#9307 = AXIS2_PLACEMENT_3D('',#9308,#9309,#9310);
#9308 = CARTESIAN_POINT('',(171.5228,-102.4535,0.));
#9309 = DIRECTION('',(-0.,0.,-1.));
#9310 = DIRECTION('',(-0.,-1.,0.));
#9311 = FACE_BOUND('',#9312,.F.);
#9312 = EDGE_LOOP('',(#9313));
#9313 = ORIENTED_EDGE('',*,*,#9314,.F.);
#9314 = EDGE_CURVE('',#9315,#9315,#9317,.T.);
#9315 = VERTEX_POINT('',#9316);
#9316 = CARTESIAN_POINT('',(200.515515,-127.754574,0.));
#9317 = CIRCLE('',#9318,1.85);
#9318 = AXIS2_PLACEMENT_3D('',#9319,#9320,#9321);
#9319 = CARTESIAN_POINT('',(198.665515,-127.754574,0.));
#9320 = DIRECTION('',(0.,0.,1.));
#9321 = DIRECTION('',(1.,0.,-0.));
#9322 = FACE_BOUND('',#9323,.F.);
#9323 = EDGE_LOOP('',(#9324));
#9324 = ORIENTED_EDGE('',*,*,#9325,.F.);
#9325 = EDGE_CURVE('',#9326,#9326,#9328,.T.);
#9326 = VERTEX_POINT('',#9327);
#9327 = CARTESIAN_POINT('',(208.615515,-119.644574,0.));
#9328 = CIRCLE('',#9329,1.85);
#9329 = AXIS2_PLACEMENT_3D('',#9330,#9331,#9332);
#9330 = CARTESIAN_POINT('',(206.765515,-119.644574,0.));
#9331 = DIRECTION('',(0.,0.,1.));
#9332 = DIRECTION('',(1.,0.,-0.));
#9333 = FACE_BOUND('',#9334,.F.);
#9334 = EDGE_LOOP('',(#9335));
#9335 = ORIENTED_EDGE('',*,*,#9336,.T.);
#9336 = EDGE_CURVE('',#9337,#9337,#9339,.T.);
#9337 = VERTEX_POINT('',#9338);
#9338 = CARTESIAN_POINT('',(180.37,-114.595,0.));
#9339 = CIRCLE('',#9340,0.595);
#9340 = AXIS2_PLACEMENT_3D('',#9341,#9342,#9343);
#9341 = CARTESIAN_POINT('',(180.37,-114.,0.));
#9342 = DIRECTION('',(-0.,0.,-1.));
#9343 = DIRECTION('',(-0.,-1.,0.));
#9344 = FACE_BOUND('',#9345,.F.);
#9345 = EDGE_LOOP('',(#9346));
#9346 = ORIENTED_EDGE('',*,*,#9347,.T.);
#9347 = EDGE_CURVE('',#9348,#9348,#9350,.T.);
#9348 = VERTEX_POINT('',#9349);
#9349 = CARTESIAN_POINT('',(182.91,-114.595,0.));
#9350 = CIRCLE('',#9351,0.595);
#9351 = AXIS2_PLACEMENT_3D('',#9352,#9353,#9354);
#9352 = CARTESIAN_POINT('',(182.91,-114.,0.));
#9353 = DIRECTION('',(-0.,0.,-1.));
#9354 = DIRECTION('',(-0.,-1.,0.));
#9355 = FACE_BOUND('',#9356,.F.);
#9356 = EDGE_LOOP('',(#9357));
#9357 = ORIENTED_EDGE('',*,*,#9358,.T.);
#9358 = EDGE_CURVE('',#9359,#9359,#9361,.T.);
#9359 = VERTEX_POINT('',#9360);
#9360 = CARTESIAN_POINT('',(185.45,-114.595,0.));
#9361 = CIRCLE('',#9362,0.595);
#9362 = AXIS2_PLACEMENT_3D('',#9363,#9364,#9365);
#9363 = CARTESIAN_POINT('',(185.45,-114.,0.));
#9364 = DIRECTION('',(-0.,0.,-1.));
#9365 = DIRECTION('',(-0.,-1.,0.));
#9366 = FACE_BOUND('',#9367,.F.);
#9367 = EDGE_LOOP('',(#9368));
#9368 = ORIENTED_EDGE('',*,*,#9369,.T.);
#9369 = EDGE_CURVE('',#9370,#9370,#9372,.T.);
#9370 = VERTEX_POINT('',#9371);
#9371 = CARTESIAN_POINT('',(187.99,-114.595,0.));
#9372 = CIRCLE('',#9373,0.595);
#9373 = AXIS2_PLACEMENT_3D('',#9374,#9375,#9376);
#9374 = CARTESIAN_POINT('',(187.99,-114.,0.));
#9375 = DIRECTION('',(-0.,0.,-1.));
#9376 = DIRECTION('',(-0.,-1.,0.));
#9377 = FACE_BOUND('',#9378,.F.);
#9378 = EDGE_LOOP('',(#9379));
#9379 = ORIENTED_EDGE('',*,*,#9380,.T.);
#9380 = EDGE_CURVE('',#9381,#9381,#9383,.T.);
#9381 = VERTEX_POINT('',#9382);
#9382 = CARTESIAN_POINT('',(190.53,-114.595,0.));
#9383 = CIRCLE('',#9384,0.595);
#9384 = AXIS2_PLACEMENT_3D('',#9385,#9386,#9387);
#9385 = CARTESIAN_POINT('',(190.53,-114.,0.));
#9386 = DIRECTION('',(-0.,0.,-1.));
#9387 = DIRECTION('',(-0.,-1.,0.));
#9388 = FACE_BOUND('',#9389,.F.);
#9389 = EDGE_LOOP('',(#9390));
#9390 = ORIENTED_EDGE('',*,*,#9391,.T.);
#9391 = EDGE_CURVE('',#9392,#9392,#9394,.T.);
#9392 = VERTEX_POINT('',#9393);
#9393 = CARTESIAN_POINT('',(193.75,-115.1,0.));
#9394 = CIRCLE('',#9395,0.35);
#9395 = AXIS2_PLACEMENT_3D('',#9396,#9397,#9398);
#9396 = CARTESIAN_POINT('',(193.75,-114.75,0.));
#9397 = DIRECTION('',(-0.,0.,-1.));
#9398 = DIRECTION('',(-0.,-1.,0.));
#9399 = FACE_BOUND('',#9400,.F.);
#9400 = EDGE_LOOP('',(#9401));
#9401 = ORIENTED_EDGE('',*,*,#9402,.T.);
#9402 = EDGE_CURVE('',#9403,#9403,#9405,.T.);
#9403 = VERTEX_POINT('',#9404);
#9404 = CARTESIAN_POINT('',(193.75,-113.2,0.));
#9405 = CIRCLE('',#9406,0.35);
#9406 = AXIS2_PLACEMENT_3D('',#9407,#9408,#9409);
#9407 = CARTESIAN_POINT('',(193.75,-112.85,0.));
#9408 = DIRECTION('',(-0.,0.,-1.));
#9409 = DIRECTION('',(-0.,-1.,0.));
#9410 = FACE_BOUND('',#9411,.F.);
#9411 = EDGE_LOOP('',(#9412));
#9412 = ORIENTED_EDGE('',*,*,#9413,.T.);
#9413 = EDGE_CURVE('',#9414,#9414,#9416,.T.);
#9414 = VERTEX_POINT('',#9415);
#9415 = CARTESIAN_POINT('',(188.5028,-103.9535,0.));
#9416 = CIRCLE('',#9417,1.5);
#9417 = AXIS2_PLACEMENT_3D('',#9418,#9419,#9420);
#9418 = CARTESIAN_POINT('',(188.5028,-102.4535,0.));
#9419 = DIRECTION('',(-0.,0.,-1.));
#9420 = DIRECTION('',(-0.,-1.,0.));
#9421 = FACE_BOUND('',#9422,.F.);
#9422 = EDGE_LOOP('',(#9423));
#9423 = ORIENTED_EDGE('',*,*,#9424,.T.);
#9424 = EDGE_CURVE('',#9425,#9425,#9427,.T.);
#9425 = VERTEX_POINT('',#9426);
#9426 = CARTESIAN_POINT('',(166.034224,-100.717083,0.));
#9427 = CIRCLE('',#9428,0.4);
#9428 = AXIS2_PLACEMENT_3D('',#9429,#9430,#9431);
#9429 = CARTESIAN_POINT('',(166.034224,-100.317083,0.));
#9430 = DIRECTION('',(-0.,0.,-1.));
#9431 = DIRECTION('',(-0.,-1.,0.));
#9432 = FACE_BOUND('',#9433,.F.);
#9433 = EDGE_LOOP('',(#9434));
#9434 = ORIENTED_EDGE('',*,*,#9435,.T.);
#9435 = EDGE_CURVE('',#9436,#9436,#9438,.T.);
#9436 = VERTEX_POINT('',#9437);
#9437 = CARTESIAN_POINT('',(168.574224,-98.177083,0.));
#9438 = CIRCLE('',#9439,0.4);
#9439 = AXIS2_PLACEMENT_3D('',#9440,#9441,#9442);
#9440 = CARTESIAN_POINT('',(168.574224,-97.777083,0.));
#9441 = DIRECTION('',(-0.,0.,-1.));
#9442 = DIRECTION('',(-7.105427357601E-14,-1.,0.));
#9443 = FACE_BOUND('',#9444,.F.);
#9444 = EDGE_LOOP('',(#9445));
#9445 = ORIENTED_EDGE('',*,*,#9446,.T.);
#9446 = EDGE_CURVE('',#9447,#9447,#9449,.T.);
#9447 = VERTEX_POINT('',#9448);
#9448 = CARTESIAN_POINT('',(166.5128,-94.8635,0.));
#9449 = CIRCLE('',#9450,0.9);
#9450 = AXIS2_PLACEMENT_3D('',#9451,#9452,#9453);
#9451 = CARTESIAN_POINT('',(166.5128,-93.9635,0.));
#9452 = DIRECTION('',(-0.,0.,-1.));
#9453 = DIRECTION('',(-0.,-1.,0.));
#9454 = FACE_BOUND('',#9455,.F.);
#9455 = EDGE_LOOP('',(#9456));
#9456 = ORIENTED_EDGE('',*,*,#9457,.T.);
#9457 = EDGE_CURVE('',#9458,#9458,#9460,.T.);
#9458 = VERTEX_POINT('',#9459);
#9459 = CARTESIAN_POINT('',(168.574224,-90.557083,0.));
#9460 = CIRCLE('',#9461,0.4);
#9461 = AXIS2_PLACEMENT_3D('',#9462,#9463,#9464);
#9462 = CARTESIAN_POINT('',(168.574224,-90.157083,0.));
#9463 = DIRECTION('',(-0.,0.,-1.));
#9464 = DIRECTION('',(-7.105427357601E-14,-1.,0.));
#9465 = FACE_BOUND('',#9466,.F.);
#9466 = EDGE_LOOP('',(#9467));
#9467 = ORIENTED_EDGE('',*,*,#9468,.T.);
#9468 = EDGE_CURVE('',#9469,#9469,#9471,.T.);
#9469 = VERTEX_POINT('',#9470);
#9470 = CARTESIAN_POINT('',(166.034224,-88.017083,0.));
#9471 = CIRCLE('',#9472,0.4);
#9472 = AXIS2_PLACEMENT_3D('',#9473,#9474,#9475);
#9473 = CARTESIAN_POINT('',(166.034224,-87.617083,0.));
#9474 = DIRECTION('',(-0.,0.,-1.));
#9475 = DIRECTION('',(-0.,-1.,0.));
#9476 = FACE_BOUND('',#9477,.F.);
#9477 = EDGE_LOOP('',(#9478));
#9478 = ORIENTED_EDGE('',*,*,#9479,.F.);
#9479 = EDGE_CURVE('',#9480,#9480,#9482,.T.);
#9480 = VERTEX_POINT('',#9481);
#9481 = CARTESIAN_POINT('',(155.175515,-82.374574,0.));
#9482 = CIRCLE('',#9483,1.85);
#9483 = AXIS2_PLACEMENT_3D('',#9484,#9485,#9486);
#9484 = CARTESIAN_POINT('',(153.325515,-82.374574,0.));
#9485 = DIRECTION('',(0.,0.,1.));
#9486 = DIRECTION('',(1.,0.,-0.));
#9487 = FACE_BOUND('',#9488,.F.);
#9488 = EDGE_LOOP('',(#9489));
#9489 = ORIENTED_EDGE('',*,*,#9490,.T.);
#9490 = EDGE_CURVE('',#9491,#9491,#9493,.T.);
#9491 = VERTEX_POINT('',#9492);
#9492 = CARTESIAN_POINT('',(158.4705,-81.0646,0.));
#9493 = CIRCLE('',#9494,0.45);
#9494 = AXIS2_PLACEMENT_3D('',#9495,#9496,#9497);
#9495 = CARTESIAN_POINT('',(158.4705,-80.6146,0.));
#9496 = DIRECTION('',(-0.,0.,-1.));
#9497 = DIRECTION('',(-6.315935428979E-14,-1.,0.));
#9498 = FACE_BOUND('',#9499,.F.);
#9499 = EDGE_LOOP('',(#9500));
#9500 = ORIENTED_EDGE('',*,*,#9501,.T.);
#9501 = EDGE_CURVE('',#9502,#9502,#9504,.T.);
#9502 = VERTEX_POINT('',#9503);
#9503 = CARTESIAN_POINT('',(161.0105,-81.0646,0.));
#9504 = CIRCLE('',#9505,0.45);
#9505 = AXIS2_PLACEMENT_3D('',#9506,#9507,#9508);
#9506 = CARTESIAN_POINT('',(161.0105,-80.6146,0.));
#9507 = DIRECTION('',(-0.,0.,-1.));
#9508 = DIRECTION('',(6.315935428978E-14,-1.,-0.));
#9509 = FACE_BOUND('',#9510,.F.);
#9510 = EDGE_LOOP('',(#9511));
#9511 = ORIENTED_EDGE('',*,*,#9512,.F.);
#9512 = EDGE_CURVE('',#9513,#9513,#9515,.T.);
#9513 = VERTEX_POINT('',#9514);
#9514 = CARTESIAN_POINT('',(162.925515,-74.434574,0.));
#9515 = CIRCLE('',#9516,1.85);
#9516 = AXIS2_PLACEMENT_3D('',#9517,#9518,#9519);
#9517 = CARTESIAN_POINT('',(161.075515,-74.434574,0.));
#9518 = DIRECTION('',(0.,0.,1.));
#9519 = DIRECTION('',(1.,0.,-0.));
#9520 = FACE_BOUND('',#9521,.F.);
#9521 = EDGE_LOOP('',(#9522));
#9522 = ORIENTED_EDGE('',*,*,#9523,.T.);
#9523 = EDGE_CURVE('',#9524,#9524,#9526,.T.);
#9524 = VERTEX_POINT('',#9525);
#9525 = CARTESIAN_POINT('',(180.0128,-102.2635,0.));
#9526 = CIRCLE('',#9527,2.3);
#9527 = AXIS2_PLACEMENT_3D('',#9528,#9529,#9530);
#9528 = CARTESIAN_POINT('',(180.0128,-99.9635,0.));
#9529 = DIRECTION('',(-0.,0.,-1.));
#9530 = DIRECTION('',(-0.,-1.,0.));
#9531 = FACE_BOUND('',#9532,.F.);
#9532 = EDGE_LOOP('',(#9533));
#9533 = ORIENTED_EDGE('',*,*,#9534,.T.);
#9534 = EDGE_CURVE('',#9535,#9535,#9537,.T.);
#9535 = VERTEX_POINT('',#9536);
#9536 = CARTESIAN_POINT('',(193.9828,-100.7235,0.));
#9537 = CIRCLE('',#9538,0.4);
#9538 = AXIS2_PLACEMENT_3D('',#9539,#9540,#9541);
#9539 = CARTESIAN_POINT('',(193.9828,-100.3235,0.));
#9540 = DIRECTION('',(-0.,0.,-1.));
#9541 = DIRECTION('',(-0.,-1.,0.));
#9542 = FACE_BOUND('',#9543,.F.);
#9543 = EDGE_LOOP('',(#9544));
#9544 = ORIENTED_EDGE('',*,*,#9545,.T.);
#9545 = EDGE_CURVE('',#9546,#9546,#9548,.T.);
#9546 = VERTEX_POINT('',#9547);
#9547 = CARTESIAN_POINT('',(191.434224,-98.177083,0.));
#9548 = CIRCLE('',#9549,0.4);
#9549 = AXIS2_PLACEMENT_3D('',#9550,#9551,#9552);
#9550 = CARTESIAN_POINT('',(191.434224,-97.777083,0.));
#9551 = DIRECTION('',(-0.,0.,-1.));
#9552 = DIRECTION('',(-0.,-1.,0.));
#9553 = FACE_BOUND('',#9554,.F.);
#9554 = EDGE_LOOP('',(#9555));
#9555 = ORIENTED_EDGE('',*,*,#9556,.T.);
#9556 = EDGE_CURVE('',#9557,#9557,#9559,.T.);
#9557 = VERTEX_POINT('',#9558);
#9558 = CARTESIAN_POINT('',(193.5128,-94.8635,0.));
#9559 = CIRCLE('',#9560,0.9);
#9560 = AXIS2_PLACEMENT_3D('',#9561,#9562,#9563);
#9561 = CARTESIAN_POINT('',(193.5128,-93.9635,0.));
#9562 = DIRECTION('',(-0.,0.,-1.));
#9563 = DIRECTION('',(-0.,-1.,0.));
#9564 = FACE_BOUND('',#9565,.F.);
#9565 = EDGE_LOOP('',(#9566));
#9566 = ORIENTED_EDGE('',*,*,#9567,.T.);
#9567 = EDGE_CURVE('',#9568,#9568,#9570,.T.);
#9568 = VERTEX_POINT('',#9569);
#9569 = CARTESIAN_POINT('',(191.434224,-90.557083,0.));
#9570 = CIRCLE('',#9571,0.4);
#9571 = AXIS2_PLACEMENT_3D('',#9572,#9573,#9574);
#9572 = CARTESIAN_POINT('',(191.434224,-90.157083,0.));
#9573 = DIRECTION('',(-0.,0.,-1.));
#9574 = DIRECTION('',(-0.,-1.,0.));
#9575 = FACE_BOUND('',#9576,.F.);
#9576 = EDGE_LOOP('',(#9577));
#9577 = ORIENTED_EDGE('',*,*,#9578,.T.);
#9578 = EDGE_CURVE('',#9579,#9579,#9581,.T.);
#9579 = VERTEX_POINT('',#9580);
#9580 = CARTESIAN_POINT('',(193.974224,-88.017083,0.));
#9581 = CIRCLE('',#9582,0.4);
#9582 = AXIS2_PLACEMENT_3D('',#9583,#9584,#9585);
#9583 = CARTESIAN_POINT('',(193.974224,-87.617083,0.));
#9584 = DIRECTION('',(-0.,0.,-1.));
#9585 = DIRECTION('',(-0.,-1.,0.));
#9586 = FACE_BOUND('',#9587,.F.);
#9587 = EDGE_LOOP('',(#9588));
#9588 = ORIENTED_EDGE('',*,*,#9589,.T.);
#9589 = EDGE_CURVE('',#9590,#9590,#9592,.T.);
#9590 = VERTEX_POINT('',#9591);
#9591 = CARTESIAN_POINT('',(180.0128,-84.7135,0.));
#9592 = CIRCLE('',#9593,1.5);
#9593 = AXIS2_PLACEMENT_3D('',#9594,#9595,#9596);
#9594 = CARTESIAN_POINT('',(180.0128,-83.2135,0.));
#9595 = DIRECTION('',(-0.,0.,-1.));
#9596 = DIRECTION('',(-0.,-1.,0.));
#9597 = FACE_BOUND('',#9598,.F.);
#9598 = EDGE_LOOP('',(#9599));
#9599 = ORIENTED_EDGE('',*,*,#9600,.T.);
#9600 = EDGE_CURVE('',#9601,#9601,#9603,.T.);
#9601 = VERTEX_POINT('',#9602);
#9602 = CARTESIAN_POINT('',(199.1255,-81.1346,0.));
#9603 = CIRCLE('',#9604,0.45);
#9604 = AXIS2_PLACEMENT_3D('',#9605,#9606,#9607);
#9605 = CARTESIAN_POINT('',(199.1255,-80.6846,0.));
#9606 = DIRECTION('',(-0.,0.,-1.));
#9607 = DIRECTION('',(-0.,-1.,0.));
#9608 = FACE_BOUND('',#9609,.F.);
#9609 = EDGE_LOOP('',(#9610));
#9610 = ORIENTED_EDGE('',*,*,#9611,.T.);
#9611 = EDGE_CURVE('',#9612,#9612,#9614,.T.);
#9612 = VERTEX_POINT('',#9613);
#9613 = CARTESIAN_POINT('',(201.6655,-81.1346,0.));
#9614 = CIRCLE('',#9615,0.45);
#9615 = AXIS2_PLACEMENT_3D('',#9616,#9617,#9618);
#9616 = CARTESIAN_POINT('',(201.6655,-80.6846,0.));
#9617 = DIRECTION('',(-0.,0.,-1.));
#9618 = DIRECTION('',(-0.,-1.,0.));
#9619 = FACE_BOUND('',#9620,.F.);
#9620 = EDGE_LOOP('',(#9621));
#9621 = ORIENTED_EDGE('',*,*,#9622,.F.);
#9622 = EDGE_CURVE('',#9623,#9623,#9625,.T.);
#9623 = VERTEX_POINT('',#9624);
#9624 = CARTESIAN_POINT('',(208.745515,-82.494574,0.));
#9625 = CIRCLE('',#9626,1.85);
#9626 = AXIS2_PLACEMENT_3D('',#9627,#9628,#9629);
#9627 = CARTESIAN_POINT('',(206.895515,-82.494574,0.));
#9628 = DIRECTION('',(0.,0.,1.));
#9629 = DIRECTION('',(1.,0.,-0.));
#9630 = FACE_BOUND('',#9631,.F.);
#9631 = EDGE_LOOP('',(#9632));
#9632 = ORIENTED_EDGE('',*,*,#9633,.F.);
#9633 = EDGE_CURVE('',#9634,#9634,#9636,.T.);
#9634 = VERTEX_POINT('',#9635);
#9635 = CARTESIAN_POINT('',(200.615515,-74.454574,0.));
#9636 = CIRCLE('',#9637,1.85);
#9637 = AXIS2_PLACEMENT_3D('',#9638,#9639,#9640);
#9638 = CARTESIAN_POINT('',(198.765515,-74.454574,0.));
#9639 = DIRECTION('',(0.,0.,1.));
#9640 = DIRECTION('',(1.,0.,-0.));
#9641 = PLANE('',#9642);
#9642 = AXIS2_PLACEMENT_3D('',#9643,#9644,#9645);
#9643 = CARTESIAN_POINT('',(0.,0.,0.));
#9644 = DIRECTION('',(0.,0.,1.));
#9645 = DIRECTION('',(1.,0.,-0.));
#9646 = ADVANCED_FACE('',(#9647,#9690,#9701,#9712,#9723,#9734,#9745,
    #9756,#9767,#9778,#9789,#9800,#9811,#9822,#9833,#9844,#9855,#9866,
    #9877,#9888,#9899,#9910,#9921,#9932,#9943,#9954,#9965,#9976,#9987,
    #9998,#10009,#10020,#10031,#10042,#10053,#10064,#10075,#10086,#10097
    ),#10108,.T.);
#9647 = FACE_BOUND('',#9648,.T.);
#9648 = EDGE_LOOP('',(#9649,#9650,#9651,#9659,#9667,#9675,#9683,#9689));
#9649 = ORIENTED_EDGE('',*,*,#9091,.F.);
#9650 = ORIENTED_EDGE('',*,*,#9131,.F.);
#9651 = ORIENTED_EDGE('',*,*,#9652,.F.);
#9652 = EDGE_CURVE('',#9653,#9124,#9655,.T.);
#9653 = VERTEX_POINT('',#9654);
#9654 = CARTESIAN_POINT('',(160.025515,-70.984574,1.51));
#9655 = LINE('',#9656,#9657);
#9656 = CARTESIAN_POINT('',(160.025515,-70.984574,1.51));
#9657 = VECTOR('',#9658,1.);
#9658 = DIRECTION('',(0.999999719031,7.49624976785E-04,0.));
#9659 = ORIENTED_EDGE('',*,*,#9660,.F.);
#9660 = EDGE_CURVE('',#9661,#9653,#9663,.T.);
#9661 = VERTEX_POINT('',#9662);
#9662 = CARTESIAN_POINT('',(150.055515,-81.114574,1.51));
#9663 = LINE('',#9664,#9665);
#9664 = CARTESIAN_POINT('',(150.055515,-81.114574,1.51));
#9665 = VECTOR('',#9666,1.);
#9666 = DIRECTION('',(0.701455847049,0.712712911796,0.));
#9667 = ORIENTED_EDGE('',*,*,#9668,.F.);
#9668 = EDGE_CURVE('',#9669,#9661,#9671,.T.);
#9669 = VERTEX_POINT('',#9670);
#9670 = CARTESIAN_POINT('',(150.095515,-119.994574,1.51));
#9671 = LINE('',#9672,#9673);
#9672 = CARTESIAN_POINT('',(150.095515,-119.994574,1.51));
#9673 = VECTOR('',#9674,1.);
#9674 = DIRECTION('',(-1.028806039896E-03,0.999999470779,0.));
#9675 = ORIENTED_EDGE('',*,*,#9676,.F.);
#9676 = EDGE_CURVE('',#9677,#9669,#9679,.T.);
#9677 = VERTEX_POINT('',#9678);
#9678 = CARTESIAN_POINT('',(160.075515,-131.034574,1.51));
#9679 = LINE('',#9680,#9681);
#9680 = CARTESIAN_POINT('',(160.075515,-131.034574,1.51));
#9681 = VECTOR('',#9682,1.);
#9682 = DIRECTION('',(-0.670596562671,0.741822249689,0.));
#9683 = ORIENTED_EDGE('',*,*,#9684,.F.);
#9684 = EDGE_CURVE('',#9154,#9677,#9685,.T.);
#9685 = LINE('',#9686,#9687);
#9686 = CARTESIAN_POINT('',(199.915515,-131.044574,1.51));
#9687 = VECTOR('',#9688,1.);
#9688 = DIRECTION('',(-0.999999968498,2.510040081577E-04,0.));
#9689 = ORIENTED_EDGE('',*,*,#9153,.F.);
#9690 = FACE_BOUND('',#9691,.T.);
#9691 = EDGE_LOOP('',(#9692));
#9692 = ORIENTED_EDGE('',*,*,#9693,.F.);
#9693 = EDGE_CURVE('',#9694,#9694,#9696,.T.);
#9694 = VERTEX_POINT('',#9695);
#9695 = CARTESIAN_POINT('',(164.085515,-127.704574,1.51));
#9696 = CIRCLE('',#9697,1.85);
#9697 = AXIS2_PLACEMENT_3D('',#9698,#9699,#9700);
#9698 = CARTESIAN_POINT('',(162.235515,-127.704574,1.51));
#9699 = DIRECTION('',(0.,0.,1.));
#9700 = DIRECTION('',(1.,0.,-0.));
#9701 = FACE_BOUND('',#9702,.T.);
#9702 = EDGE_LOOP('',(#9703));
#9703 = ORIENTED_EDGE('',*,*,#9704,.F.);
#9704 = EDGE_CURVE('',#9705,#9705,#9707,.T.);
#9705 = VERTEX_POINT('',#9706);
#9706 = CARTESIAN_POINT('',(154.765515,-119.144574,1.51));
#9707 = CIRCLE('',#9708,1.85);
#9708 = AXIS2_PLACEMENT_3D('',#9709,#9710,#9711);
#9709 = CARTESIAN_POINT('',(152.915515,-119.144574,1.51));
#9710 = DIRECTION('',(0.,0.,1.));
#9711 = DIRECTION('',(1.,0.,-0.));
#9712 = FACE_BOUND('',#9713,.T.);
#9713 = EDGE_LOOP('',(#9714));
#9714 = ORIENTED_EDGE('',*,*,#9715,.T.);
#9715 = EDGE_CURVE('',#9716,#9716,#9718,.T.);
#9716 = VERTEX_POINT('',#9717);
#9717 = CARTESIAN_POINT('',(167.67,-114.595,1.51));
#9718 = CIRCLE('',#9719,0.595);
#9719 = AXIS2_PLACEMENT_3D('',#9720,#9721,#9722);
#9720 = CARTESIAN_POINT('',(167.67,-114.,1.51));
#9721 = DIRECTION('',(-0.,0.,-1.));
#9722 = DIRECTION('',(-0.,-1.,0.));
#9723 = FACE_BOUND('',#9724,.T.);
#9724 = EDGE_LOOP('',(#9725));
#9725 = ORIENTED_EDGE('',*,*,#9726,.T.);
#9726 = EDGE_CURVE('',#9727,#9727,#9729,.T.);
#9727 = VERTEX_POINT('',#9728);
#9728 = CARTESIAN_POINT('',(170.21,-114.595,1.51));
#9729 = CIRCLE('',#9730,0.595);
#9730 = AXIS2_PLACEMENT_3D('',#9731,#9732,#9733);
#9731 = CARTESIAN_POINT('',(170.21,-114.,1.51));
#9732 = DIRECTION('',(-0.,0.,-1.));
#9733 = DIRECTION('',(-0.,-1.,0.));
#9734 = FACE_BOUND('',#9735,.T.);
#9735 = EDGE_LOOP('',(#9736));
#9736 = ORIENTED_EDGE('',*,*,#9737,.T.);
#9737 = EDGE_CURVE('',#9738,#9738,#9740,.T.);
#9738 = VERTEX_POINT('',#9739);
#9739 = CARTESIAN_POINT('',(172.75,-114.595,1.51));
#9740 = CIRCLE('',#9741,0.595);
#9741 = AXIS2_PLACEMENT_3D('',#9742,#9743,#9744);
#9742 = CARTESIAN_POINT('',(172.75,-114.,1.51));
#9743 = DIRECTION('',(-0.,0.,-1.));
#9744 = DIRECTION('',(-0.,-1.,0.));
#9745 = FACE_BOUND('',#9746,.T.);
#9746 = EDGE_LOOP('',(#9747));
#9747 = ORIENTED_EDGE('',*,*,#9748,.T.);
#9748 = EDGE_CURVE('',#9749,#9749,#9751,.T.);
#9749 = VERTEX_POINT('',#9750);
#9750 = CARTESIAN_POINT('',(175.29,-114.595,1.51));
#9751 = CIRCLE('',#9752,0.595);
#9752 = AXIS2_PLACEMENT_3D('',#9753,#9754,#9755);
#9753 = CARTESIAN_POINT('',(175.29,-114.,1.51));
#9754 = DIRECTION('',(-0.,0.,-1.));
#9755 = DIRECTION('',(-0.,-1.,0.));
#9756 = FACE_BOUND('',#9757,.T.);
#9757 = EDGE_LOOP('',(#9758));
#9758 = ORIENTED_EDGE('',*,*,#9759,.T.);
#9759 = EDGE_CURVE('',#9760,#9760,#9762,.T.);
#9760 = VERTEX_POINT('',#9761);
#9761 = CARTESIAN_POINT('',(177.83,-114.595,1.51));
#9762 = CIRCLE('',#9763,0.595);
#9763 = AXIS2_PLACEMENT_3D('',#9764,#9765,#9766);
#9764 = CARTESIAN_POINT('',(177.83,-114.,1.51));
#9765 = DIRECTION('',(-0.,0.,-1.));
#9766 = DIRECTION('',(-0.,-1.,0.));
#9767 = FACE_BOUND('',#9768,.T.);
#9768 = EDGE_LOOP('',(#9769));
#9769 = ORIENTED_EDGE('',*,*,#9770,.T.);
#9770 = EDGE_CURVE('',#9771,#9771,#9773,.T.);
#9771 = VERTEX_POINT('',#9772);
#9772 = CARTESIAN_POINT('',(171.5228,-103.9535,1.51));
#9773 = CIRCLE('',#9774,1.5);
#9774 = AXIS2_PLACEMENT_3D('',#9775,#9776,#9777);
#9775 = CARTESIAN_POINT('',(171.5228,-102.4535,1.51));
#9776 = DIRECTION('',(-0.,0.,-1.));
#9777 = DIRECTION('',(-0.,-1.,0.));
#9778 = FACE_BOUND('',#9779,.T.);
#9779 = EDGE_LOOP('',(#9780));
#9780 = ORIENTED_EDGE('',*,*,#9781,.F.);
#9781 = EDGE_CURVE('',#9782,#9782,#9784,.T.);
#9782 = VERTEX_POINT('',#9783);
#9783 = CARTESIAN_POINT('',(200.515515,-127.754574,1.51));
#9784 = CIRCLE('',#9785,1.85);
#9785 = AXIS2_PLACEMENT_3D('',#9786,#9787,#9788);
#9786 = CARTESIAN_POINT('',(198.665515,-127.754574,1.51));
#9787 = DIRECTION('',(0.,0.,1.));
#9788 = DIRECTION('',(1.,0.,-0.));
#9789 = FACE_BOUND('',#9790,.T.);
#9790 = EDGE_LOOP('',(#9791));
#9791 = ORIENTED_EDGE('',*,*,#9792,.F.);
#9792 = EDGE_CURVE('',#9793,#9793,#9795,.T.);
#9793 = VERTEX_POINT('',#9794);
#9794 = CARTESIAN_POINT('',(208.615515,-119.644574,1.51));
#9795 = CIRCLE('',#9796,1.85);
#9796 = AXIS2_PLACEMENT_3D('',#9797,#9798,#9799);
#9797 = CARTESIAN_POINT('',(206.765515,-119.644574,1.51));
#9798 = DIRECTION('',(0.,0.,1.));
#9799 = DIRECTION('',(1.,0.,-0.));
#9800 = FACE_BOUND('',#9801,.T.);
#9801 = EDGE_LOOP('',(#9802));
#9802 = ORIENTED_EDGE('',*,*,#9803,.T.);
#9803 = EDGE_CURVE('',#9804,#9804,#9806,.T.);
#9804 = VERTEX_POINT('',#9805);
#9805 = CARTESIAN_POINT('',(180.37,-114.595,1.51));
#9806 = CIRCLE('',#9807,0.595);
#9807 = AXIS2_PLACEMENT_3D('',#9808,#9809,#9810);
#9808 = CARTESIAN_POINT('',(180.37,-114.,1.51));
#9809 = DIRECTION('',(-0.,0.,-1.));
#9810 = DIRECTION('',(-0.,-1.,0.));
#9811 = FACE_BOUND('',#9812,.T.);
#9812 = EDGE_LOOP('',(#9813));
#9813 = ORIENTED_EDGE('',*,*,#9814,.T.);
#9814 = EDGE_CURVE('',#9815,#9815,#9817,.T.);
#9815 = VERTEX_POINT('',#9816);
#9816 = CARTESIAN_POINT('',(182.91,-114.595,1.51));
#9817 = CIRCLE('',#9818,0.595);
#9818 = AXIS2_PLACEMENT_3D('',#9819,#9820,#9821);
#9819 = CARTESIAN_POINT('',(182.91,-114.,1.51));
#9820 = DIRECTION('',(-0.,0.,-1.));
#9821 = DIRECTION('',(-0.,-1.,0.));
#9822 = FACE_BOUND('',#9823,.T.);
#9823 = EDGE_LOOP('',(#9824));
#9824 = ORIENTED_EDGE('',*,*,#9825,.T.);
#9825 = EDGE_CURVE('',#9826,#9826,#9828,.T.);
#9826 = VERTEX_POINT('',#9827);
#9827 = CARTESIAN_POINT('',(185.45,-114.595,1.51));
#9828 = CIRCLE('',#9829,0.595);
#9829 = AXIS2_PLACEMENT_3D('',#9830,#9831,#9832);
#9830 = CARTESIAN_POINT('',(185.45,-114.,1.51));
#9831 = DIRECTION('',(-0.,0.,-1.));
#9832 = DIRECTION('',(-0.,-1.,0.));
#9833 = FACE_BOUND('',#9834,.T.);
#9834 = EDGE_LOOP('',(#9835));
#9835 = ORIENTED_EDGE('',*,*,#9836,.T.);
#9836 = EDGE_CURVE('',#9837,#9837,#9839,.T.);
#9837 = VERTEX_POINT('',#9838);
#9838 = CARTESIAN_POINT('',(187.99,-114.595,1.51));
#9839 = CIRCLE('',#9840,0.595);
#9840 = AXIS2_PLACEMENT_3D('',#9841,#9842,#9843);
#9841 = CARTESIAN_POINT('',(187.99,-114.,1.51));
#9842 = DIRECTION('',(-0.,0.,-1.));
#9843 = DIRECTION('',(-0.,-1.,0.));
#9844 = FACE_BOUND('',#9845,.T.);
#9845 = EDGE_LOOP('',(#9846));
#9846 = ORIENTED_EDGE('',*,*,#9847,.T.);
#9847 = EDGE_CURVE('',#9848,#9848,#9850,.T.);
#9848 = VERTEX_POINT('',#9849);
#9849 = CARTESIAN_POINT('',(190.53,-114.595,1.51));
#9850 = CIRCLE('',#9851,0.595);
#9851 = AXIS2_PLACEMENT_3D('',#9852,#9853,#9854);
#9852 = CARTESIAN_POINT('',(190.53,-114.,1.51));
#9853 = DIRECTION('',(-0.,0.,-1.));
#9854 = DIRECTION('',(-0.,-1.,0.));
#9855 = FACE_BOUND('',#9856,.T.);
#9856 = EDGE_LOOP('',(#9857));
#9857 = ORIENTED_EDGE('',*,*,#9858,.T.);
#9858 = EDGE_CURVE('',#9859,#9859,#9861,.T.);
#9859 = VERTEX_POINT('',#9860);
#9860 = CARTESIAN_POINT('',(193.75,-115.1,1.51));
#9861 = CIRCLE('',#9862,0.35);
#9862 = AXIS2_PLACEMENT_3D('',#9863,#9864,#9865);
#9863 = CARTESIAN_POINT('',(193.75,-114.75,1.51));
#9864 = DIRECTION('',(-0.,0.,-1.));
#9865 = DIRECTION('',(-0.,-1.,0.));
#9866 = FACE_BOUND('',#9867,.T.);
#9867 = EDGE_LOOP('',(#9868));
#9868 = ORIENTED_EDGE('',*,*,#9869,.T.);
#9869 = EDGE_CURVE('',#9870,#9870,#9872,.T.);
#9870 = VERTEX_POINT('',#9871);
#9871 = CARTESIAN_POINT('',(193.75,-113.2,1.51));
#9872 = CIRCLE('',#9873,0.35);
#9873 = AXIS2_PLACEMENT_3D('',#9874,#9875,#9876);
#9874 = CARTESIAN_POINT('',(193.75,-112.85,1.51));
#9875 = DIRECTION('',(-0.,0.,-1.));
#9876 = DIRECTION('',(-0.,-1.,0.));
#9877 = FACE_BOUND('',#9878,.T.);
#9878 = EDGE_LOOP('',(#9879));
#9879 = ORIENTED_EDGE('',*,*,#9880,.T.);
#9880 = EDGE_CURVE('',#9881,#9881,#9883,.T.);
#9881 = VERTEX_POINT('',#9882);
#9882 = CARTESIAN_POINT('',(188.5028,-103.9535,1.51));
#9883 = CIRCLE('',#9884,1.5);
#9884 = AXIS2_PLACEMENT_3D('',#9885,#9886,#9887);
#9885 = CARTESIAN_POINT('',(188.5028,-102.4535,1.51));
#9886 = DIRECTION('',(-0.,0.,-1.));
#9887 = DIRECTION('',(-0.,-1.,0.));
#9888 = FACE_BOUND('',#9889,.T.);
#9889 = EDGE_LOOP('',(#9890));
#9890 = ORIENTED_EDGE('',*,*,#9891,.T.);
#9891 = EDGE_CURVE('',#9892,#9892,#9894,.T.);
#9892 = VERTEX_POINT('',#9893);
#9893 = CARTESIAN_POINT('',(166.034224,-100.717083,1.51));
#9894 = CIRCLE('',#9895,0.4);
#9895 = AXIS2_PLACEMENT_3D('',#9896,#9897,#9898);
#9896 = CARTESIAN_POINT('',(166.034224,-100.317083,1.51));
#9897 = DIRECTION('',(-0.,0.,-1.));
#9898 = DIRECTION('',(-0.,-1.,0.));
#9899 = FACE_BOUND('',#9900,.T.);
#9900 = EDGE_LOOP('',(#9901));
#9901 = ORIENTED_EDGE('',*,*,#9902,.T.);
#9902 = EDGE_CURVE('',#9903,#9903,#9905,.T.);
#9903 = VERTEX_POINT('',#9904);
#9904 = CARTESIAN_POINT('',(168.574224,-98.177083,1.51));
#9905 = CIRCLE('',#9906,0.4);
#9906 = AXIS2_PLACEMENT_3D('',#9907,#9908,#9909);
#9907 = CARTESIAN_POINT('',(168.574224,-97.777083,1.51));
#9908 = DIRECTION('',(-0.,0.,-1.));
#9909 = DIRECTION('',(-7.105427357601E-14,-1.,0.));
#9910 = FACE_BOUND('',#9911,.T.);
#9911 = EDGE_LOOP('',(#9912));
#9912 = ORIENTED_EDGE('',*,*,#9913,.T.);
#9913 = EDGE_CURVE('',#9914,#9914,#9916,.T.);
#9914 = VERTEX_POINT('',#9915);
#9915 = CARTESIAN_POINT('',(166.5128,-94.8635,1.51));
#9916 = CIRCLE('',#9917,0.9);
#9917 = AXIS2_PLACEMENT_3D('',#9918,#9919,#9920);
#9918 = CARTESIAN_POINT('',(166.5128,-93.9635,1.51));
#9919 = DIRECTION('',(-0.,0.,-1.));
#9920 = DIRECTION('',(-0.,-1.,0.));
#9921 = FACE_BOUND('',#9922,.T.);
#9922 = EDGE_LOOP('',(#9923));
#9923 = ORIENTED_EDGE('',*,*,#9924,.T.);
#9924 = EDGE_CURVE('',#9925,#9925,#9927,.T.);
#9925 = VERTEX_POINT('',#9926);
#9926 = CARTESIAN_POINT('',(168.574224,-90.557083,1.51));
#9927 = CIRCLE('',#9928,0.4);
#9928 = AXIS2_PLACEMENT_3D('',#9929,#9930,#9931);
#9929 = CARTESIAN_POINT('',(168.574224,-90.157083,1.51));
#9930 = DIRECTION('',(-0.,0.,-1.));
#9931 = DIRECTION('',(-7.105427357601E-14,-1.,0.));
#9932 = FACE_BOUND('',#9933,.T.);
#9933 = EDGE_LOOP('',(#9934));
#9934 = ORIENTED_EDGE('',*,*,#9935,.T.);
#9935 = EDGE_CURVE('',#9936,#9936,#9938,.T.);
#9936 = VERTEX_POINT('',#9937);
#9937 = CARTESIAN_POINT('',(166.034224,-88.017083,1.51));
#9938 = CIRCLE('',#9939,0.4);
#9939 = AXIS2_PLACEMENT_3D('',#9940,#9941,#9942);
#9940 = CARTESIAN_POINT('',(166.034224,-87.617083,1.51));
#9941 = DIRECTION('',(-0.,0.,-1.));
#9942 = DIRECTION('',(-0.,-1.,0.));
#9943 = FACE_BOUND('',#9944,.T.);
#9944 = EDGE_LOOP('',(#9945));
#9945 = ORIENTED_EDGE('',*,*,#9946,.F.);
#9946 = EDGE_CURVE('',#9947,#9947,#9949,.T.);
#9947 = VERTEX_POINT('',#9948);
#9948 = CARTESIAN_POINT('',(155.175515,-82.374574,1.51));
#9949 = CIRCLE('',#9950,1.85);
#9950 = AXIS2_PLACEMENT_3D('',#9951,#9952,#9953);
#9951 = CARTESIAN_POINT('',(153.325515,-82.374574,1.51));
#9952 = DIRECTION('',(0.,0.,1.));
#9953 = DIRECTION('',(1.,0.,-0.));
#9954 = FACE_BOUND('',#9955,.T.);
#9955 = EDGE_LOOP('',(#9956));
#9956 = ORIENTED_EDGE('',*,*,#9957,.T.);
#9957 = EDGE_CURVE('',#9958,#9958,#9960,.T.);
#9958 = VERTEX_POINT('',#9959);
#9959 = CARTESIAN_POINT('',(158.4705,-81.0646,1.51));
#9960 = CIRCLE('',#9961,0.45);
#9961 = AXIS2_PLACEMENT_3D('',#9962,#9963,#9964);
#9962 = CARTESIAN_POINT('',(158.4705,-80.6146,1.51));
#9963 = DIRECTION('',(-0.,0.,-1.));
#9964 = DIRECTION('',(-6.315935428979E-14,-1.,0.));
#9965 = FACE_BOUND('',#9966,.T.);
#9966 = EDGE_LOOP('',(#9967));
#9967 = ORIENTED_EDGE('',*,*,#9968,.T.);
#9968 = EDGE_CURVE('',#9969,#9969,#9971,.T.);
#9969 = VERTEX_POINT('',#9970);
#9970 = CARTESIAN_POINT('',(161.0105,-81.0646,1.51));
#9971 = CIRCLE('',#9972,0.45);
#9972 = AXIS2_PLACEMENT_3D('',#9973,#9974,#9975);
#9973 = CARTESIAN_POINT('',(161.0105,-80.6146,1.51));
#9974 = DIRECTION('',(-0.,0.,-1.));
#9975 = DIRECTION('',(6.315935428978E-14,-1.,-0.));
#9976 = FACE_BOUND('',#9977,.T.);
#9977 = EDGE_LOOP('',(#9978));
#9978 = ORIENTED_EDGE('',*,*,#9979,.F.);
#9979 = EDGE_CURVE('',#9980,#9980,#9982,.T.);
#9980 = VERTEX_POINT('',#9981);
#9981 = CARTESIAN_POINT('',(162.925515,-74.434574,1.51));
#9982 = CIRCLE('',#9983,1.85);
#9983 = AXIS2_PLACEMENT_3D('',#9984,#9985,#9986);
#9984 = CARTESIAN_POINT('',(161.075515,-74.434574,1.51));
#9985 = DIRECTION('',(0.,0.,1.));
#9986 = DIRECTION('',(1.,0.,-0.));
#9987 = FACE_BOUND('',#9988,.T.);
#9988 = EDGE_LOOP('',(#9989));
#9989 = ORIENTED_EDGE('',*,*,#9990,.T.);
#9990 = EDGE_CURVE('',#9991,#9991,#9993,.T.);
#9991 = VERTEX_POINT('',#9992);
#9992 = CARTESIAN_POINT('',(180.0128,-102.2635,1.51));
#9993 = CIRCLE('',#9994,2.3);
#9994 = AXIS2_PLACEMENT_3D('',#9995,#9996,#9997);
#9995 = CARTESIAN_POINT('',(180.0128,-99.9635,1.51));
#9996 = DIRECTION('',(-0.,0.,-1.));
#9997 = DIRECTION('',(-0.,-1.,0.));
#9998 = FACE_BOUND('',#9999,.T.);
#9999 = EDGE_LOOP('',(#10000));
#10000 = ORIENTED_EDGE('',*,*,#10001,.T.);
#10001 = EDGE_CURVE('',#10002,#10002,#10004,.T.);
#10002 = VERTEX_POINT('',#10003);
#10003 = CARTESIAN_POINT('',(193.9828,-100.7235,1.51));
#10004 = CIRCLE('',#10005,0.4);
#10005 = AXIS2_PLACEMENT_3D('',#10006,#10007,#10008);
#10006 = CARTESIAN_POINT('',(193.9828,-100.3235,1.51));
#10007 = DIRECTION('',(-0.,0.,-1.));
#10008 = DIRECTION('',(-0.,-1.,0.));
#10009 = FACE_BOUND('',#10010,.T.);
#10010 = EDGE_LOOP('',(#10011));
#10011 = ORIENTED_EDGE('',*,*,#10012,.T.);
#10012 = EDGE_CURVE('',#10013,#10013,#10015,.T.);
#10013 = VERTEX_POINT('',#10014);
#10014 = CARTESIAN_POINT('',(191.434224,-98.177083,1.51));
#10015 = CIRCLE('',#10016,0.4);
#10016 = AXIS2_PLACEMENT_3D('',#10017,#10018,#10019);
#10017 = CARTESIAN_POINT('',(191.434224,-97.777083,1.51));
#10018 = DIRECTION('',(-0.,0.,-1.));
#10019 = DIRECTION('',(-0.,-1.,0.));
#10020 = FACE_BOUND('',#10021,.T.);
#10021 = EDGE_LOOP('',(#10022));
#10022 = ORIENTED_EDGE('',*,*,#10023,.T.);
#10023 = EDGE_CURVE('',#10024,#10024,#10026,.T.);
#10024 = VERTEX_POINT('',#10025);
#10025 = CARTESIAN_POINT('',(193.5128,-94.8635,1.51));
#10026 = CIRCLE('',#10027,0.9);
#10027 = AXIS2_PLACEMENT_3D('',#10028,#10029,#10030);
#10028 = CARTESIAN_POINT('',(193.5128,-93.9635,1.51));
#10029 = DIRECTION('',(-0.,0.,-1.));
#10030 = DIRECTION('',(-0.,-1.,0.));
#10031 = FACE_BOUND('',#10032,.T.);
#10032 = EDGE_LOOP('',(#10033));
#10033 = ORIENTED_EDGE('',*,*,#10034,.T.);
#10034 = EDGE_CURVE('',#10035,#10035,#10037,.T.);
#10035 = VERTEX_POINT('',#10036);
#10036 = CARTESIAN_POINT('',(191.434224,-90.557083,1.51));
#10037 = CIRCLE('',#10038,0.4);
#10038 = AXIS2_PLACEMENT_3D('',#10039,#10040,#10041);
#10039 = CARTESIAN_POINT('',(191.434224,-90.157083,1.51));
#10040 = DIRECTION('',(-0.,0.,-1.));
#10041 = DIRECTION('',(-0.,-1.,0.));
#10042 = FACE_BOUND('',#10043,.T.);
#10043 = EDGE_LOOP('',(#10044));
#10044 = ORIENTED_EDGE('',*,*,#10045,.T.);
#10045 = EDGE_CURVE('',#10046,#10046,#10048,.T.);
#10046 = VERTEX_POINT('',#10047);
#10047 = CARTESIAN_POINT('',(193.974224,-88.017083,1.51));
#10048 = CIRCLE('',#10049,0.4);
#10049 = AXIS2_PLACEMENT_3D('',#10050,#10051,#10052);
#10050 = CARTESIAN_POINT('',(193.974224,-87.617083,1.51));
#10051 = DIRECTION('',(-0.,0.,-1.));
#10052 = DIRECTION('',(-0.,-1.,0.));
#10053 = FACE_BOUND('',#10054,.T.);
#10054 = EDGE_LOOP('',(#10055));
#10055 = ORIENTED_EDGE('',*,*,#10056,.T.);
#10056 = EDGE_CURVE('',#10057,#10057,#10059,.T.);
#10057 = VERTEX_POINT('',#10058);
#10058 = CARTESIAN_POINT('',(180.0128,-84.7135,1.51));
#10059 = CIRCLE('',#10060,1.5);
#10060 = AXIS2_PLACEMENT_3D('',#10061,#10062,#10063);
#10061 = CARTESIAN_POINT('',(180.0128,-83.2135,1.51));
#10062 = DIRECTION('',(-0.,0.,-1.));
#10063 = DIRECTION('',(-0.,-1.,0.));
#10064 = FACE_BOUND('',#10065,.T.);
#10065 = EDGE_LOOP('',(#10066));
#10066 = ORIENTED_EDGE('',*,*,#10067,.T.);
#10067 = EDGE_CURVE('',#10068,#10068,#10070,.T.);
#10068 = VERTEX_POINT('',#10069);
#10069 = CARTESIAN_POINT('',(199.1255,-81.1346,1.51));
#10070 = CIRCLE('',#10071,0.45);
#10071 = AXIS2_PLACEMENT_3D('',#10072,#10073,#10074);
#10072 = CARTESIAN_POINT('',(199.1255,-80.6846,1.51));
#10073 = DIRECTION('',(-0.,0.,-1.));
#10074 = DIRECTION('',(-0.,-1.,0.));
#10075 = FACE_BOUND('',#10076,.T.);
#10076 = EDGE_LOOP('',(#10077));
#10077 = ORIENTED_EDGE('',*,*,#10078,.T.);
#10078 = EDGE_CURVE('',#10079,#10079,#10081,.T.);
#10079 = VERTEX_POINT('',#10080);
#10080 = CARTESIAN_POINT('',(201.6655,-81.1346,1.51));
#10081 = CIRCLE('',#10082,0.45);
#10082 = AXIS2_PLACEMENT_3D('',#10083,#10084,#10085);
#10083 = CARTESIAN_POINT('',(201.6655,-80.6846,1.51));
#10084 = DIRECTION('',(-0.,0.,-1.));
#10085 = DIRECTION('',(-0.,-1.,0.));
#10086 = FACE_BOUND('',#10087,.T.);
#10087 = EDGE_LOOP('',(#10088));
#10088 = ORIENTED_EDGE('',*,*,#10089,.F.);
#10089 = EDGE_CURVE('',#10090,#10090,#10092,.T.);
#10090 = VERTEX_POINT('',#10091);
#10091 = CARTESIAN_POINT('',(208.745515,-82.494574,1.51));
#10092 = CIRCLE('',#10093,1.85);
#10093 = AXIS2_PLACEMENT_3D('',#10094,#10095,#10096);
#10094 = CARTESIAN_POINT('',(206.895515,-82.494574,1.51));
#10095 = DIRECTION('',(0.,0.,1.));
#10096 = DIRECTION('',(1.,0.,-0.));
#10097 = FACE_BOUND('',#10098,.T.);
#10098 = EDGE_LOOP('',(#10099));
#10099 = ORIENTED_EDGE('',*,*,#10100,.F.);
#10100 = EDGE_CURVE('',#10101,#10101,#10103,.T.);
#10101 = VERTEX_POINT('',#10102);
#10102 = CARTESIAN_POINT('',(200.615515,-74.454574,1.51));
#10103 = CIRCLE('',#10104,1.85);
#10104 = AXIS2_PLACEMENT_3D('',#10105,#10106,#10107);
#10105 = CARTESIAN_POINT('',(198.765515,-74.454574,1.51));
#10106 = DIRECTION('',(0.,0.,1.));
#10107 = DIRECTION('',(1.,0.,-0.));
#10108 = PLANE('',#10109);
#10109 = AXIS2_PLACEMENT_3D('',#10110,#10111,#10112);
#10110 = CARTESIAN_POINT('',(0.,0.,1.51));
#10111 = DIRECTION('',(0.,0.,1.));
#10112 = DIRECTION('',(1.,0.,-0.));
#10113 = ADVANCED_FACE('',(#10114),#10125,.T.);
#10114 = FACE_BOUND('',#10115,.T.);
#10115 = EDGE_LOOP('',(#10116,#10122,#10123,#10124));
#10116 = ORIENTED_EDGE('',*,*,#10117,.T.);
#10117 = EDGE_CURVE('',#9186,#9653,#10118,.T.);
#10118 = LINE('',#10119,#10120);
#10119 = CARTESIAN_POINT('',(160.025515,-70.984574,0.));
#10120 = VECTOR('',#10121,1.);
#10121 = DIRECTION('',(0.,0.,1.));
#10122 = ORIENTED_EDGE('',*,*,#9652,.T.);
#10123 = ORIENTED_EDGE('',*,*,#9121,.F.);
#10124 = ORIENTED_EDGE('',*,*,#9185,.F.);
#10125 = PLANE('',#10126);
#10126 = AXIS2_PLACEMENT_3D('',#10127,#10128,#10129);
#10127 = CARTESIAN_POINT('',(160.025515,-70.984574,0.));
#10128 = DIRECTION('',(-7.49624976785E-04,0.999999719031,0.));
#10129 = DIRECTION('',(0.999999719031,7.49624976785E-04,0.));
#10130 = ADVANCED_FACE('',(#10131),#10142,.T.);
#10131 = FACE_BOUND('',#10132,.T.);
#10132 = EDGE_LOOP('',(#10133,#10134,#10135,#10141));
#10133 = ORIENTED_EDGE('',*,*,#9161,.T.);
#10134 = ORIENTED_EDGE('',*,*,#9684,.T.);
#10135 = ORIENTED_EDGE('',*,*,#10136,.F.);
#10136 = EDGE_CURVE('',#9210,#9677,#10137,.T.);
#10137 = LINE('',#10138,#10139);
#10138 = CARTESIAN_POINT('',(160.075515,-131.034574,0.));
#10139 = VECTOR('',#10140,1.);
#10140 = DIRECTION('',(0.,0.,1.));
#10141 = ORIENTED_EDGE('',*,*,#9217,.F.);
#10142 = PLANE('',#10143);
#10143 = AXIS2_PLACEMENT_3D('',#10144,#10145,#10146);
#10144 = CARTESIAN_POINT('',(199.915515,-131.044574,0.));
#10145 = DIRECTION('',(-2.510040081577E-04,-0.999999968498,0.));
#10146 = DIRECTION('',(-0.999999968498,2.510040081577E-04,0.));
#10147 = ADVANCED_FACE('',(#10148),#10159,.T.);
#10148 = FACE_BOUND('',#10149,.T.);
#10149 = EDGE_LOOP('',(#10150,#10156,#10157,#10158));
#10150 = ORIENTED_EDGE('',*,*,#10151,.T.);
#10151 = EDGE_CURVE('',#9194,#9661,#10152,.T.);
#10152 = LINE('',#10153,#10154);
#10153 = CARTESIAN_POINT('',(150.055515,-81.114574,0.));
#10154 = VECTOR('',#10155,1.);
#10155 = DIRECTION('',(0.,0.,1.));
#10156 = ORIENTED_EDGE('',*,*,#9660,.T.);
#10157 = ORIENTED_EDGE('',*,*,#10117,.F.);
#10158 = ORIENTED_EDGE('',*,*,#9193,.F.);
#10159 = PLANE('',#10160);
#10160 = AXIS2_PLACEMENT_3D('',#10161,#10162,#10163);
#10161 = CARTESIAN_POINT('',(150.055515,-81.114574,0.));
#10162 = DIRECTION('',(-0.712712911796,0.701455847049,0.));
#10163 = DIRECTION('',(0.701455847049,0.712712911796,0.));
#10164 = ADVANCED_FACE('',(#10165),#10176,.T.);
#10165 = FACE_BOUND('',#10166,.T.);
#10166 = EDGE_LOOP('',(#10167,#10168,#10169,#10175));
#10167 = ORIENTED_EDGE('',*,*,#10136,.T.);
#10168 = ORIENTED_EDGE('',*,*,#9676,.T.);
#10169 = ORIENTED_EDGE('',*,*,#10170,.F.);
#10170 = EDGE_CURVE('',#9202,#9669,#10171,.T.);
#10171 = LINE('',#10172,#10173);
#10172 = CARTESIAN_POINT('',(150.095515,-119.994574,0.));
#10173 = VECTOR('',#10174,1.);
#10174 = DIRECTION('',(0.,0.,1.));
#10175 = ORIENTED_EDGE('',*,*,#9209,.F.);
#10176 = PLANE('',#10177);
#10177 = AXIS2_PLACEMENT_3D('',#10178,#10179,#10180);
#10178 = CARTESIAN_POINT('',(160.075515,-131.034574,0.));
#10179 = DIRECTION('',(-0.741822249689,-0.670596562671,0.));
#10180 = DIRECTION('',(-0.670596562671,0.741822249689,0.));
#10181 = ADVANCED_FACE('',(#10182),#10188,.T.);
#10182 = FACE_BOUND('',#10183,.T.);
#10183 = EDGE_LOOP('',(#10184,#10185,#10186,#10187));
#10184 = ORIENTED_EDGE('',*,*,#10170,.T.);
#10185 = ORIENTED_EDGE('',*,*,#9668,.T.);
#10186 = ORIENTED_EDGE('',*,*,#10151,.F.);
#10187 = ORIENTED_EDGE('',*,*,#9201,.F.);
#10188 = PLANE('',#10189);
#10189 = AXIS2_PLACEMENT_3D('',#10190,#10191,#10192);
#10190 = CARTESIAN_POINT('',(150.095515,-119.994574,0.));
#10191 = DIRECTION('',(-0.999999470779,-1.028806039896E-03,0.));
#10192 = DIRECTION('',(-1.028806039896E-03,0.999999470779,0.));
#10193 = ADVANCED_FACE('',(#10194),#10205,.F.);
#10194 = FACE_BOUND('',#10195,.T.);
#10195 = EDGE_LOOP('',(#10196,#10202,#10203,#10204));
#10196 = ORIENTED_EDGE('',*,*,#10197,.T.);
#10197 = EDGE_CURVE('',#9227,#9694,#10198,.T.);
#10198 = LINE('',#10199,#10200);
#10199 = CARTESIAN_POINT('',(164.085515,-127.704574,0.));
#10200 = VECTOR('',#10201,1.);
#10201 = DIRECTION('',(0.,0.,1.));
#10202 = ORIENTED_EDGE('',*,*,#9693,.T.);
#10203 = ORIENTED_EDGE('',*,*,#10197,.F.);
#10204 = ORIENTED_EDGE('',*,*,#9226,.F.);
#10205 = CYLINDRICAL_SURFACE('',#10206,1.85);
#10206 = AXIS2_PLACEMENT_3D('',#10207,#10208,#10209);
#10207 = CARTESIAN_POINT('',(162.235515,-127.704574,0.));
#10208 = DIRECTION('',(-0.,-0.,-1.));
#10209 = DIRECTION('',(1.,0.,-0.));
#10210 = ADVANCED_FACE('',(#10211),#10222,.F.);
#10211 = FACE_BOUND('',#10212,.T.);
#10212 = EDGE_LOOP('',(#10213,#10219,#10220,#10221));
#10213 = ORIENTED_EDGE('',*,*,#10214,.T.);
#10214 = EDGE_CURVE('',#9238,#9705,#10215,.T.);
#10215 = LINE('',#10216,#10217);
#10216 = CARTESIAN_POINT('',(154.765515,-119.144574,0.));
#10217 = VECTOR('',#10218,1.);
#10218 = DIRECTION('',(0.,0.,1.));
#10219 = ORIENTED_EDGE('',*,*,#9704,.T.);
#10220 = ORIENTED_EDGE('',*,*,#10214,.F.);
#10221 = ORIENTED_EDGE('',*,*,#9237,.F.);
#10222 = CYLINDRICAL_SURFACE('',#10223,1.85);
#10223 = AXIS2_PLACEMENT_3D('',#10224,#10225,#10226);
#10224 = CARTESIAN_POINT('',(152.915515,-119.144574,0.));
#10225 = DIRECTION('',(-0.,-0.,-1.));
#10226 = DIRECTION('',(1.,0.,-0.));
#10227 = ADVANCED_FACE('',(#10228),#10239,.F.);
#10228 = FACE_BOUND('',#10229,.T.);
#10229 = EDGE_LOOP('',(#10230,#10231,#10237,#10238));
#10230 = ORIENTED_EDGE('',*,*,#9248,.T.);
#10231 = ORIENTED_EDGE('',*,*,#10232,.T.);
#10232 = EDGE_CURVE('',#9249,#9716,#10233,.T.);
#10233 = LINE('',#10234,#10235);
#10234 = CARTESIAN_POINT('',(167.67,-114.595,-4.6E-02));
#10235 = VECTOR('',#10236,1.);
#10236 = DIRECTION('',(0.,0.,1.));
#10237 = ORIENTED_EDGE('',*,*,#9715,.F.);
#10238 = ORIENTED_EDGE('',*,*,#10232,.F.);
#10239 = CYLINDRICAL_SURFACE('',#10240,0.595);
#10240 = AXIS2_PLACEMENT_3D('',#10241,#10242,#10243);
#10241 = CARTESIAN_POINT('',(167.67,-114.,-4.6E-02));
#10242 = DIRECTION('',(-0.,-0.,-1.));
#10243 = DIRECTION('',(-0.,-1.,0.));
#10244 = ADVANCED_FACE('',(#10245),#10256,.F.);
#10245 = FACE_BOUND('',#10246,.T.);
#10246 = EDGE_LOOP('',(#10247,#10248,#10254,#10255));
#10247 = ORIENTED_EDGE('',*,*,#9259,.T.);
#10248 = ORIENTED_EDGE('',*,*,#10249,.T.);
#10249 = EDGE_CURVE('',#9260,#9727,#10250,.T.);
#10250 = LINE('',#10251,#10252);
#10251 = CARTESIAN_POINT('',(170.21,-114.595,-4.6E-02));
#10252 = VECTOR('',#10253,1.);
#10253 = DIRECTION('',(0.,0.,1.));
#10254 = ORIENTED_EDGE('',*,*,#9726,.F.);
#10255 = ORIENTED_EDGE('',*,*,#10249,.F.);
#10256 = CYLINDRICAL_SURFACE('',#10257,0.595);
#10257 = AXIS2_PLACEMENT_3D('',#10258,#10259,#10260);
#10258 = CARTESIAN_POINT('',(170.21,-114.,-4.6E-02));
#10259 = DIRECTION('',(-0.,-0.,-1.));
#10260 = DIRECTION('',(-0.,-1.,0.));
#10261 = ADVANCED_FACE('',(#10262),#10273,.F.);
#10262 = FACE_BOUND('',#10263,.T.);
#10263 = EDGE_LOOP('',(#10264,#10265,#10271,#10272));
#10264 = ORIENTED_EDGE('',*,*,#9270,.T.);
#10265 = ORIENTED_EDGE('',*,*,#10266,.T.);
#10266 = EDGE_CURVE('',#9271,#9738,#10267,.T.);
#10267 = LINE('',#10268,#10269);
#10268 = CARTESIAN_POINT('',(172.75,-114.595,-4.6E-02));
#10269 = VECTOR('',#10270,1.);
#10270 = DIRECTION('',(0.,0.,1.));
#10271 = ORIENTED_EDGE('',*,*,#9737,.F.);
#10272 = ORIENTED_EDGE('',*,*,#10266,.F.);
#10273 = CYLINDRICAL_SURFACE('',#10274,0.595);
#10274 = AXIS2_PLACEMENT_3D('',#10275,#10276,#10277);
#10275 = CARTESIAN_POINT('',(172.75,-114.,-4.6E-02));
#10276 = DIRECTION('',(-0.,-0.,-1.));
#10277 = DIRECTION('',(-0.,-1.,0.));
#10278 = ADVANCED_FACE('',(#10279),#10290,.F.);
#10279 = FACE_BOUND('',#10280,.T.);
#10280 = EDGE_LOOP('',(#10281,#10282,#10288,#10289));
#10281 = ORIENTED_EDGE('',*,*,#9281,.T.);
#10282 = ORIENTED_EDGE('',*,*,#10283,.T.);
#10283 = EDGE_CURVE('',#9282,#9749,#10284,.T.);
#10284 = LINE('',#10285,#10286);
#10285 = CARTESIAN_POINT('',(175.29,-114.595,-4.6E-02));
#10286 = VECTOR('',#10287,1.);
#10287 = DIRECTION('',(0.,0.,1.));
#10288 = ORIENTED_EDGE('',*,*,#9748,.F.);
#10289 = ORIENTED_EDGE('',*,*,#10283,.F.);
#10290 = CYLINDRICAL_SURFACE('',#10291,0.595);
#10291 = AXIS2_PLACEMENT_3D('',#10292,#10293,#10294);
#10292 = CARTESIAN_POINT('',(175.29,-114.,-4.6E-02));
#10293 = DIRECTION('',(-0.,-0.,-1.));
#10294 = DIRECTION('',(-0.,-1.,0.));
#10295 = ADVANCED_FACE('',(#10296),#10307,.F.);
#10296 = FACE_BOUND('',#10297,.T.);
#10297 = EDGE_LOOP('',(#10298,#10299,#10305,#10306));
#10298 = ORIENTED_EDGE('',*,*,#9292,.T.);
#10299 = ORIENTED_EDGE('',*,*,#10300,.T.);
#10300 = EDGE_CURVE('',#9293,#9760,#10301,.T.);
#10301 = LINE('',#10302,#10303);
#10302 = CARTESIAN_POINT('',(177.83,-114.595,-4.6E-02));
#10303 = VECTOR('',#10304,1.);
#10304 = DIRECTION('',(0.,0.,1.));
#10305 = ORIENTED_EDGE('',*,*,#9759,.F.);
#10306 = ORIENTED_EDGE('',*,*,#10300,.F.);
#10307 = CYLINDRICAL_SURFACE('',#10308,0.595);
#10308 = AXIS2_PLACEMENT_3D('',#10309,#10310,#10311);
#10309 = CARTESIAN_POINT('',(177.83,-114.,-4.6E-02));
#10310 = DIRECTION('',(-0.,-0.,-1.));
#10311 = DIRECTION('',(-0.,-1.,0.));
#10312 = ADVANCED_FACE('',(#10313),#10324,.F.);
#10313 = FACE_BOUND('',#10314,.T.);
#10314 = EDGE_LOOP('',(#10315,#10316,#10322,#10323));
#10315 = ORIENTED_EDGE('',*,*,#9303,.T.);
#10316 = ORIENTED_EDGE('',*,*,#10317,.T.);
#10317 = EDGE_CURVE('',#9304,#9771,#10318,.T.);
#10318 = LINE('',#10319,#10320);
#10319 = CARTESIAN_POINT('',(171.5228,-103.9535,-4.6E-02));
#10320 = VECTOR('',#10321,1.);
#10321 = DIRECTION('',(0.,0.,1.));
#10322 = ORIENTED_EDGE('',*,*,#9770,.F.);
#10323 = ORIENTED_EDGE('',*,*,#10317,.F.);
#10324 = CYLINDRICAL_SURFACE('',#10325,1.5);
#10325 = AXIS2_PLACEMENT_3D('',#10326,#10327,#10328);
#10326 = CARTESIAN_POINT('',(171.5228,-102.4535,-4.6E-02));
#10327 = DIRECTION('',(-0.,-0.,-1.));
#10328 = DIRECTION('',(-0.,-1.,0.));
#10329 = ADVANCED_FACE('',(#10330),#10341,.F.);
#10330 = FACE_BOUND('',#10331,.T.);
#10331 = EDGE_LOOP('',(#10332,#10338,#10339,#10340));
#10332 = ORIENTED_EDGE('',*,*,#10333,.T.);
#10333 = EDGE_CURVE('',#9315,#9782,#10334,.T.);
#10334 = LINE('',#10335,#10336);
#10335 = CARTESIAN_POINT('',(200.515515,-127.754574,0.));
#10336 = VECTOR('',#10337,1.);
#10337 = DIRECTION('',(0.,0.,1.));
#10338 = ORIENTED_EDGE('',*,*,#9781,.T.);
#10339 = ORIENTED_EDGE('',*,*,#10333,.F.);
#10340 = ORIENTED_EDGE('',*,*,#9314,.F.);
#10341 = CYLINDRICAL_SURFACE('',#10342,1.85);
#10342 = AXIS2_PLACEMENT_3D('',#10343,#10344,#10345);
#10343 = CARTESIAN_POINT('',(198.665515,-127.754574,0.));
#10344 = DIRECTION('',(-0.,-0.,-1.));
#10345 = DIRECTION('',(1.,0.,-0.));
#10346 = ADVANCED_FACE('',(#10347),#10358,.F.);
#10347 = FACE_BOUND('',#10348,.T.);
#10348 = EDGE_LOOP('',(#10349,#10355,#10356,#10357));
#10349 = ORIENTED_EDGE('',*,*,#10350,.T.);
#10350 = EDGE_CURVE('',#9326,#9793,#10351,.T.);
#10351 = LINE('',#10352,#10353);
#10352 = CARTESIAN_POINT('',(208.615515,-119.644574,0.));
#10353 = VECTOR('',#10354,1.);
#10354 = DIRECTION('',(0.,0.,1.));
#10355 = ORIENTED_EDGE('',*,*,#9792,.T.);
#10356 = ORIENTED_EDGE('',*,*,#10350,.F.);
#10357 = ORIENTED_EDGE('',*,*,#9325,.F.);
#10358 = CYLINDRICAL_SURFACE('',#10359,1.85);
#10359 = AXIS2_PLACEMENT_3D('',#10360,#10361,#10362);
#10360 = CARTESIAN_POINT('',(206.765515,-119.644574,0.));
#10361 = DIRECTION('',(-0.,-0.,-1.));
#10362 = DIRECTION('',(1.,0.,-0.));
#10363 = ADVANCED_FACE('',(#10364),#10375,.F.);
#10364 = FACE_BOUND('',#10365,.T.);
#10365 = EDGE_LOOP('',(#10366,#10367,#10373,#10374));
#10366 = ORIENTED_EDGE('',*,*,#9336,.T.);
#10367 = ORIENTED_EDGE('',*,*,#10368,.T.);
#10368 = EDGE_CURVE('',#9337,#9804,#10369,.T.);
#10369 = LINE('',#10370,#10371);
#10370 = CARTESIAN_POINT('',(180.37,-114.595,-4.6E-02));
#10371 = VECTOR('',#10372,1.);
#10372 = DIRECTION('',(0.,0.,1.));
#10373 = ORIENTED_EDGE('',*,*,#9803,.F.);
#10374 = ORIENTED_EDGE('',*,*,#10368,.F.);
#10375 = CYLINDRICAL_SURFACE('',#10376,0.595);
#10376 = AXIS2_PLACEMENT_3D('',#10377,#10378,#10379);
#10377 = CARTESIAN_POINT('',(180.37,-114.,-4.6E-02));
#10378 = DIRECTION('',(-0.,-0.,-1.));
#10379 = DIRECTION('',(-0.,-1.,0.));
#10380 = ADVANCED_FACE('',(#10381),#10392,.F.);
#10381 = FACE_BOUND('',#10382,.T.);
#10382 = EDGE_LOOP('',(#10383,#10384,#10390,#10391));
#10383 = ORIENTED_EDGE('',*,*,#9347,.T.);
#10384 = ORIENTED_EDGE('',*,*,#10385,.T.);
#10385 = EDGE_CURVE('',#9348,#9815,#10386,.T.);
#10386 = LINE('',#10387,#10388);
#10387 = CARTESIAN_POINT('',(182.91,-114.595,-4.6E-02));
#10388 = VECTOR('',#10389,1.);
#10389 = DIRECTION('',(0.,0.,1.));
#10390 = ORIENTED_EDGE('',*,*,#9814,.F.);
#10391 = ORIENTED_EDGE('',*,*,#10385,.F.);
#10392 = CYLINDRICAL_SURFACE('',#10393,0.595);
#10393 = AXIS2_PLACEMENT_3D('',#10394,#10395,#10396);
#10394 = CARTESIAN_POINT('',(182.91,-114.,-4.6E-02));
#10395 = DIRECTION('',(-0.,-0.,-1.));
#10396 = DIRECTION('',(-0.,-1.,0.));
#10397 = ADVANCED_FACE('',(#10398),#10409,.F.);
#10398 = FACE_BOUND('',#10399,.T.);
#10399 = EDGE_LOOP('',(#10400,#10401,#10407,#10408));
#10400 = ORIENTED_EDGE('',*,*,#9358,.T.);
#10401 = ORIENTED_EDGE('',*,*,#10402,.T.);
#10402 = EDGE_CURVE('',#9359,#9826,#10403,.T.);
#10403 = LINE('',#10404,#10405);
#10404 = CARTESIAN_POINT('',(185.45,-114.595,-4.6E-02));
#10405 = VECTOR('',#10406,1.);
#10406 = DIRECTION('',(0.,0.,1.));
#10407 = ORIENTED_EDGE('',*,*,#9825,.F.);
#10408 = ORIENTED_EDGE('',*,*,#10402,.F.);
#10409 = CYLINDRICAL_SURFACE('',#10410,0.595);
#10410 = AXIS2_PLACEMENT_3D('',#10411,#10412,#10413);
#10411 = CARTESIAN_POINT('',(185.45,-114.,-4.6E-02));
#10412 = DIRECTION('',(-0.,-0.,-1.));
#10413 = DIRECTION('',(-0.,-1.,0.));
#10414 = ADVANCED_FACE('',(#10415),#10426,.F.);
#10415 = FACE_BOUND('',#10416,.T.);
#10416 = EDGE_LOOP('',(#10417,#10418,#10424,#10425));
#10417 = ORIENTED_EDGE('',*,*,#9369,.T.);
#10418 = ORIENTED_EDGE('',*,*,#10419,.T.);
#10419 = EDGE_CURVE('',#9370,#9837,#10420,.T.);
#10420 = LINE('',#10421,#10422);
#10421 = CARTESIAN_POINT('',(187.99,-114.595,-4.6E-02));
#10422 = VECTOR('',#10423,1.);
#10423 = DIRECTION('',(0.,0.,1.));
#10424 = ORIENTED_EDGE('',*,*,#9836,.F.);
#10425 = ORIENTED_EDGE('',*,*,#10419,.F.);
#10426 = CYLINDRICAL_SURFACE('',#10427,0.595);
#10427 = AXIS2_PLACEMENT_3D('',#10428,#10429,#10430);
#10428 = CARTESIAN_POINT('',(187.99,-114.,-4.6E-02));
#10429 = DIRECTION('',(-0.,-0.,-1.));
#10430 = DIRECTION('',(-0.,-1.,0.));
#10431 = ADVANCED_FACE('',(#10432),#10443,.F.);
#10432 = FACE_BOUND('',#10433,.T.);
#10433 = EDGE_LOOP('',(#10434,#10435,#10441,#10442));
#10434 = ORIENTED_EDGE('',*,*,#9380,.T.);
#10435 = ORIENTED_EDGE('',*,*,#10436,.T.);
#10436 = EDGE_CURVE('',#9381,#9848,#10437,.T.);
#10437 = LINE('',#10438,#10439);
#10438 = CARTESIAN_POINT('',(190.53,-114.595,-4.6E-02));
#10439 = VECTOR('',#10440,1.);
#10440 = DIRECTION('',(0.,0.,1.));
#10441 = ORIENTED_EDGE('',*,*,#9847,.F.);
#10442 = ORIENTED_EDGE('',*,*,#10436,.F.);
#10443 = CYLINDRICAL_SURFACE('',#10444,0.595);
#10444 = AXIS2_PLACEMENT_3D('',#10445,#10446,#10447);
#10445 = CARTESIAN_POINT('',(190.53,-114.,-4.6E-02));
#10446 = DIRECTION('',(-0.,-0.,-1.));
#10447 = DIRECTION('',(-0.,-1.,0.));
#10448 = ADVANCED_FACE('',(#10449),#10460,.F.);
#10449 = FACE_BOUND('',#10450,.T.);
#10450 = EDGE_LOOP('',(#10451,#10452,#10458,#10459));
#10451 = ORIENTED_EDGE('',*,*,#9391,.T.);
#10452 = ORIENTED_EDGE('',*,*,#10453,.T.);
#10453 = EDGE_CURVE('',#9392,#9859,#10454,.T.);
#10454 = LINE('',#10455,#10456);
#10455 = CARTESIAN_POINT('',(193.75,-115.1,-4.6E-02));
#10456 = VECTOR('',#10457,1.);
#10457 = DIRECTION('',(0.,0.,1.));
#10458 = ORIENTED_EDGE('',*,*,#9858,.F.);
#10459 = ORIENTED_EDGE('',*,*,#10453,.F.);
#10460 = CYLINDRICAL_SURFACE('',#10461,0.35);
#10461 = AXIS2_PLACEMENT_3D('',#10462,#10463,#10464);
#10462 = CARTESIAN_POINT('',(193.75,-114.75,-4.6E-02));
#10463 = DIRECTION('',(-0.,-0.,-1.));
#10464 = DIRECTION('',(-0.,-1.,0.));
#10465 = ADVANCED_FACE('',(#10466),#10477,.F.);
#10466 = FACE_BOUND('',#10467,.T.);
#10467 = EDGE_LOOP('',(#10468,#10469,#10475,#10476));
#10468 = ORIENTED_EDGE('',*,*,#9402,.T.);
#10469 = ORIENTED_EDGE('',*,*,#10470,.T.);
#10470 = EDGE_CURVE('',#9403,#9870,#10471,.T.);
#10471 = LINE('',#10472,#10473);
#10472 = CARTESIAN_POINT('',(193.75,-113.2,-4.6E-02));
#10473 = VECTOR('',#10474,1.);
#10474 = DIRECTION('',(0.,0.,1.));
#10475 = ORIENTED_EDGE('',*,*,#9869,.F.);
#10476 = ORIENTED_EDGE('',*,*,#10470,.F.);
#10477 = CYLINDRICAL_SURFACE('',#10478,0.35);
#10478 = AXIS2_PLACEMENT_3D('',#10479,#10480,#10481);
#10479 = CARTESIAN_POINT('',(193.75,-112.85,-4.6E-02));
#10480 = DIRECTION('',(-0.,-0.,-1.));
#10481 = DIRECTION('',(-0.,-1.,0.));
#10482 = ADVANCED_FACE('',(#10483),#10494,.F.);
#10483 = FACE_BOUND('',#10484,.T.);
#10484 = EDGE_LOOP('',(#10485,#10486,#10492,#10493));
#10485 = ORIENTED_EDGE('',*,*,#9413,.T.);
#10486 = ORIENTED_EDGE('',*,*,#10487,.T.);
#10487 = EDGE_CURVE('',#9414,#9881,#10488,.T.);
#10488 = LINE('',#10489,#10490);
#10489 = CARTESIAN_POINT('',(188.5028,-103.9535,-4.6E-02));
#10490 = VECTOR('',#10491,1.);
#10491 = DIRECTION('',(0.,0.,1.));
#10492 = ORIENTED_EDGE('',*,*,#9880,.F.);
#10493 = ORIENTED_EDGE('',*,*,#10487,.F.);
#10494 = CYLINDRICAL_SURFACE('',#10495,1.5);
#10495 = AXIS2_PLACEMENT_3D('',#10496,#10497,#10498);
#10496 = CARTESIAN_POINT('',(188.5028,-102.4535,-4.6E-02));
#10497 = DIRECTION('',(-0.,-0.,-1.));
#10498 = DIRECTION('',(-0.,-1.,0.));
#10499 = ADVANCED_FACE('',(#10500),#10511,.F.);
#10500 = FACE_BOUND('',#10501,.T.);
#10501 = EDGE_LOOP('',(#10502,#10503,#10509,#10510));
#10502 = ORIENTED_EDGE('',*,*,#9424,.T.);
#10503 = ORIENTED_EDGE('',*,*,#10504,.T.);
#10504 = EDGE_CURVE('',#9425,#9892,#10505,.T.);
#10505 = LINE('',#10506,#10507);
#10506 = CARTESIAN_POINT('',(166.034224,-100.717083,-4.6E-02));
#10507 = VECTOR('',#10508,1.);
#10508 = DIRECTION('',(0.,0.,1.));
#10509 = ORIENTED_EDGE('',*,*,#9891,.F.);
#10510 = ORIENTED_EDGE('',*,*,#10504,.F.);
#10511 = CYLINDRICAL_SURFACE('',#10512,0.4);
#10512 = AXIS2_PLACEMENT_3D('',#10513,#10514,#10515);
#10513 = CARTESIAN_POINT('',(166.034224,-100.317083,-4.6E-02));
#10514 = DIRECTION('',(-0.,-0.,-1.));
#10515 = DIRECTION('',(-0.,-1.,0.));
#10516 = ADVANCED_FACE('',(#10517),#10528,.F.);
#10517 = FACE_BOUND('',#10518,.T.);
#10518 = EDGE_LOOP('',(#10519,#10520,#10526,#10527));
#10519 = ORIENTED_EDGE('',*,*,#9435,.T.);
#10520 = ORIENTED_EDGE('',*,*,#10521,.T.);
#10521 = EDGE_CURVE('',#9436,#9903,#10522,.T.);
#10522 = LINE('',#10523,#10524);
#10523 = CARTESIAN_POINT('',(168.574224,-98.177083,-4.6E-02));
#10524 = VECTOR('',#10525,1.);
#10525 = DIRECTION('',(0.,0.,1.));
#10526 = ORIENTED_EDGE('',*,*,#9902,.F.);
#10527 = ORIENTED_EDGE('',*,*,#10521,.F.);
#10528 = CYLINDRICAL_SURFACE('',#10529,0.4);
#10529 = AXIS2_PLACEMENT_3D('',#10530,#10531,#10532);
#10530 = CARTESIAN_POINT('',(168.574224,-97.777083,-4.6E-02));
#10531 = DIRECTION('',(-0.,-0.,-1.));
#10532 = DIRECTION('',(-7.105427357601E-14,-1.,0.));
#10533 = ADVANCED_FACE('',(#10534),#10545,.F.);
#10534 = FACE_BOUND('',#10535,.T.);
#10535 = EDGE_LOOP('',(#10536,#10537,#10543,#10544));
#10536 = ORIENTED_EDGE('',*,*,#9446,.T.);
#10537 = ORIENTED_EDGE('',*,*,#10538,.T.);
#10538 = EDGE_CURVE('',#9447,#9914,#10539,.T.);
#10539 = LINE('',#10540,#10541);
#10540 = CARTESIAN_POINT('',(166.5128,-94.8635,-4.6E-02));
#10541 = VECTOR('',#10542,1.);
#10542 = DIRECTION('',(0.,0.,1.));
#10543 = ORIENTED_EDGE('',*,*,#9913,.F.);
#10544 = ORIENTED_EDGE('',*,*,#10538,.F.);
#10545 = CYLINDRICAL_SURFACE('',#10546,0.9);
#10546 = AXIS2_PLACEMENT_3D('',#10547,#10548,#10549);
#10547 = CARTESIAN_POINT('',(166.5128,-93.9635,-4.6E-02));
#10548 = DIRECTION('',(-0.,-0.,-1.));
#10549 = DIRECTION('',(-0.,-1.,0.));
#10550 = ADVANCED_FACE('',(#10551),#10562,.F.);
#10551 = FACE_BOUND('',#10552,.T.);
#10552 = EDGE_LOOP('',(#10553,#10554,#10560,#10561));
#10553 = ORIENTED_EDGE('',*,*,#9457,.T.);
#10554 = ORIENTED_EDGE('',*,*,#10555,.T.);
#10555 = EDGE_CURVE('',#9458,#9925,#10556,.T.);
#10556 = LINE('',#10557,#10558);
#10557 = CARTESIAN_POINT('',(168.574224,-90.557083,-4.6E-02));
#10558 = VECTOR('',#10559,1.);
#10559 = DIRECTION('',(0.,0.,1.));
#10560 = ORIENTED_EDGE('',*,*,#9924,.F.);
#10561 = ORIENTED_EDGE('',*,*,#10555,.F.);
#10562 = CYLINDRICAL_SURFACE('',#10563,0.4);
#10563 = AXIS2_PLACEMENT_3D('',#10564,#10565,#10566);
#10564 = CARTESIAN_POINT('',(168.574224,-90.157083,-4.6E-02));
#10565 = DIRECTION('',(-0.,-0.,-1.));
#10566 = DIRECTION('',(-7.105427357601E-14,-1.,0.));
#10567 = ADVANCED_FACE('',(#10568),#10579,.F.);
#10568 = FACE_BOUND('',#10569,.T.);
#10569 = EDGE_LOOP('',(#10570,#10571,#10577,#10578));
#10570 = ORIENTED_EDGE('',*,*,#9468,.T.);
#10571 = ORIENTED_EDGE('',*,*,#10572,.T.);
#10572 = EDGE_CURVE('',#9469,#9936,#10573,.T.);
#10573 = LINE('',#10574,#10575);
#10574 = CARTESIAN_POINT('',(166.034224,-88.017083,-4.6E-02));
#10575 = VECTOR('',#10576,1.);
#10576 = DIRECTION('',(0.,0.,1.));
#10577 = ORIENTED_EDGE('',*,*,#9935,.F.);
#10578 = ORIENTED_EDGE('',*,*,#10572,.F.);
#10579 = CYLINDRICAL_SURFACE('',#10580,0.4);
#10580 = AXIS2_PLACEMENT_3D('',#10581,#10582,#10583);
#10581 = CARTESIAN_POINT('',(166.034224,-87.617083,-4.6E-02));
#10582 = DIRECTION('',(-0.,-0.,-1.));
#10583 = DIRECTION('',(-0.,-1.,0.));
#10584 = ADVANCED_FACE('',(#10585),#10596,.F.);
#10585 = FACE_BOUND('',#10586,.T.);
#10586 = EDGE_LOOP('',(#10587,#10593,#10594,#10595));
#10587 = ORIENTED_EDGE('',*,*,#10588,.T.);
#10588 = EDGE_CURVE('',#9480,#9947,#10589,.T.);
#10589 = LINE('',#10590,#10591);
#10590 = CARTESIAN_POINT('',(155.175515,-82.374574,0.));
#10591 = VECTOR('',#10592,1.);
#10592 = DIRECTION('',(0.,0.,1.));
#10593 = ORIENTED_EDGE('',*,*,#9946,.T.);
#10594 = ORIENTED_EDGE('',*,*,#10588,.F.);
#10595 = ORIENTED_EDGE('',*,*,#9479,.F.);
#10596 = CYLINDRICAL_SURFACE('',#10597,1.85);
#10597 = AXIS2_PLACEMENT_3D('',#10598,#10599,#10600);
#10598 = CARTESIAN_POINT('',(153.325515,-82.374574,0.));
#10599 = DIRECTION('',(-0.,-0.,-1.));
#10600 = DIRECTION('',(1.,0.,-0.));
#10601 = ADVANCED_FACE('',(#10602),#10613,.F.);
#10602 = FACE_BOUND('',#10603,.T.);
#10603 = EDGE_LOOP('',(#10604,#10605,#10611,#10612));
#10604 = ORIENTED_EDGE('',*,*,#9490,.T.);
#10605 = ORIENTED_EDGE('',*,*,#10606,.T.);
#10606 = EDGE_CURVE('',#9491,#9958,#10607,.T.);
#10607 = LINE('',#10608,#10609);
#10608 = CARTESIAN_POINT('',(158.4705,-81.0646,-4.6E-02));
#10609 = VECTOR('',#10610,1.);
#10610 = DIRECTION('',(0.,0.,1.));
#10611 = ORIENTED_EDGE('',*,*,#9957,.F.);
#10612 = ORIENTED_EDGE('',*,*,#10606,.F.);
#10613 = CYLINDRICAL_SURFACE('',#10614,0.45);
#10614 = AXIS2_PLACEMENT_3D('',#10615,#10616,#10617);
#10615 = CARTESIAN_POINT('',(158.4705,-80.6146,-4.6E-02));
#10616 = DIRECTION('',(-0.,-0.,-1.));
#10617 = DIRECTION('',(-6.315935428979E-14,-1.,0.));
#10618 = ADVANCED_FACE('',(#10619),#10630,.F.);
#10619 = FACE_BOUND('',#10620,.T.);
#10620 = EDGE_LOOP('',(#10621,#10622,#10628,#10629));
#10621 = ORIENTED_EDGE('',*,*,#9501,.T.);
#10622 = ORIENTED_EDGE('',*,*,#10623,.T.);
#10623 = EDGE_CURVE('',#9502,#9969,#10624,.T.);
#10624 = LINE('',#10625,#10626);
#10625 = CARTESIAN_POINT('',(161.0105,-81.0646,-4.6E-02));
#10626 = VECTOR('',#10627,1.);
#10627 = DIRECTION('',(0.,0.,1.));
#10628 = ORIENTED_EDGE('',*,*,#9968,.F.);
#10629 = ORIENTED_EDGE('',*,*,#10623,.F.);
#10630 = CYLINDRICAL_SURFACE('',#10631,0.45);
#10631 = AXIS2_PLACEMENT_3D('',#10632,#10633,#10634);
#10632 = CARTESIAN_POINT('',(161.0105,-80.6146,-4.6E-02));
#10633 = DIRECTION('',(-0.,0.,-1.));
#10634 = DIRECTION('',(6.315935428978E-14,-1.,-0.));
#10635 = ADVANCED_FACE('',(#10636),#10647,.F.);
#10636 = FACE_BOUND('',#10637,.T.);
#10637 = EDGE_LOOP('',(#10638,#10644,#10645,#10646));
#10638 = ORIENTED_EDGE('',*,*,#10639,.T.);
#10639 = EDGE_CURVE('',#9513,#9980,#10640,.T.);
#10640 = LINE('',#10641,#10642);
#10641 = CARTESIAN_POINT('',(162.925515,-74.434574,0.));
#10642 = VECTOR('',#10643,1.);
#10643 = DIRECTION('',(0.,0.,1.));
#10644 = ORIENTED_EDGE('',*,*,#9979,.T.);
#10645 = ORIENTED_EDGE('',*,*,#10639,.F.);
#10646 = ORIENTED_EDGE('',*,*,#9512,.F.);
#10647 = CYLINDRICAL_SURFACE('',#10648,1.85);
#10648 = AXIS2_PLACEMENT_3D('',#10649,#10650,#10651);
#10649 = CARTESIAN_POINT('',(161.075515,-74.434574,0.));
#10650 = DIRECTION('',(-0.,-0.,-1.));
#10651 = DIRECTION('',(1.,0.,-0.));
#10652 = ADVANCED_FACE('',(#10653),#10664,.F.);
#10653 = FACE_BOUND('',#10654,.T.);
#10654 = EDGE_LOOP('',(#10655,#10656,#10662,#10663));
#10655 = ORIENTED_EDGE('',*,*,#9523,.T.);
#10656 = ORIENTED_EDGE('',*,*,#10657,.T.);
#10657 = EDGE_CURVE('',#9524,#9991,#10658,.T.);
#10658 = LINE('',#10659,#10660);
#10659 = CARTESIAN_POINT('',(180.0128,-102.2635,-4.6E-02));
#10660 = VECTOR('',#10661,1.);
#10661 = DIRECTION('',(0.,0.,1.));
#10662 = ORIENTED_EDGE('',*,*,#9990,.F.);
#10663 = ORIENTED_EDGE('',*,*,#10657,.F.);
#10664 = CYLINDRICAL_SURFACE('',#10665,2.3);
#10665 = AXIS2_PLACEMENT_3D('',#10666,#10667,#10668);
#10666 = CARTESIAN_POINT('',(180.0128,-99.9635,-4.6E-02));
#10667 = DIRECTION('',(-0.,-0.,-1.));
#10668 = DIRECTION('',(-0.,-1.,0.));
#10669 = ADVANCED_FACE('',(#10670),#10681,.F.);
#10670 = FACE_BOUND('',#10671,.T.);
#10671 = EDGE_LOOP('',(#10672,#10673,#10679,#10680));
#10672 = ORIENTED_EDGE('',*,*,#9534,.T.);
#10673 = ORIENTED_EDGE('',*,*,#10674,.T.);
#10674 = EDGE_CURVE('',#9535,#10002,#10675,.T.);
#10675 = LINE('',#10676,#10677);
#10676 = CARTESIAN_POINT('',(193.9828,-100.7235,-4.6E-02));
#10677 = VECTOR('',#10678,1.);
#10678 = DIRECTION('',(0.,0.,1.));
#10679 = ORIENTED_EDGE('',*,*,#10001,.F.);
#10680 = ORIENTED_EDGE('',*,*,#10674,.F.);
#10681 = CYLINDRICAL_SURFACE('',#10682,0.4);
#10682 = AXIS2_PLACEMENT_3D('',#10683,#10684,#10685);
#10683 = CARTESIAN_POINT('',(193.9828,-100.3235,-4.6E-02));
#10684 = DIRECTION('',(-0.,-0.,-1.));
#10685 = DIRECTION('',(-0.,-1.,0.));
#10686 = ADVANCED_FACE('',(#10687),#10698,.F.);
#10687 = FACE_BOUND('',#10688,.T.);
#10688 = EDGE_LOOP('',(#10689,#10690,#10696,#10697));
#10689 = ORIENTED_EDGE('',*,*,#9545,.T.);
#10690 = ORIENTED_EDGE('',*,*,#10691,.T.);
#10691 = EDGE_CURVE('',#9546,#10013,#10692,.T.);
#10692 = LINE('',#10693,#10694);
#10693 = CARTESIAN_POINT('',(191.434224,-98.177083,-4.6E-02));
#10694 = VECTOR('',#10695,1.);
#10695 = DIRECTION('',(0.,0.,1.));
#10696 = ORIENTED_EDGE('',*,*,#10012,.F.);
#10697 = ORIENTED_EDGE('',*,*,#10691,.F.);
#10698 = CYLINDRICAL_SURFACE('',#10699,0.4);
#10699 = AXIS2_PLACEMENT_3D('',#10700,#10701,#10702);
#10700 = CARTESIAN_POINT('',(191.434224,-97.777083,-4.6E-02));
#10701 = DIRECTION('',(-0.,-0.,-1.));
#10702 = DIRECTION('',(-0.,-1.,0.));
#10703 = ADVANCED_FACE('',(#10704),#10715,.F.);
#10704 = FACE_BOUND('',#10705,.T.);
#10705 = EDGE_LOOP('',(#10706,#10707,#10713,#10714));
#10706 = ORIENTED_EDGE('',*,*,#9556,.T.);
#10707 = ORIENTED_EDGE('',*,*,#10708,.T.);
#10708 = EDGE_CURVE('',#9557,#10024,#10709,.T.);
#10709 = LINE('',#10710,#10711);
#10710 = CARTESIAN_POINT('',(193.5128,-94.8635,-4.6E-02));
#10711 = VECTOR('',#10712,1.);
#10712 = DIRECTION('',(0.,0.,1.));
#10713 = ORIENTED_EDGE('',*,*,#10023,.F.);
#10714 = ORIENTED_EDGE('',*,*,#10708,.F.);
#10715 = CYLINDRICAL_SURFACE('',#10716,0.9);
#10716 = AXIS2_PLACEMENT_3D('',#10717,#10718,#10719);
#10717 = CARTESIAN_POINT('',(193.5128,-93.9635,-4.6E-02));
#10718 = DIRECTION('',(-0.,-0.,-1.));
#10719 = DIRECTION('',(-0.,-1.,0.));
#10720 = ADVANCED_FACE('',(#10721),#10732,.F.);
#10721 = FACE_BOUND('',#10722,.T.);
#10722 = EDGE_LOOP('',(#10723,#10724,#10730,#10731));
#10723 = ORIENTED_EDGE('',*,*,#9567,.T.);
#10724 = ORIENTED_EDGE('',*,*,#10725,.T.);
#10725 = EDGE_CURVE('',#9568,#10035,#10726,.T.);
#10726 = LINE('',#10727,#10728);
#10727 = CARTESIAN_POINT('',(191.434224,-90.557083,-4.6E-02));
#10728 = VECTOR('',#10729,1.);
#10729 = DIRECTION('',(0.,0.,1.));
#10730 = ORIENTED_EDGE('',*,*,#10034,.F.);
#10731 = ORIENTED_EDGE('',*,*,#10725,.F.);
#10732 = CYLINDRICAL_SURFACE('',#10733,0.4);
#10733 = AXIS2_PLACEMENT_3D('',#10734,#10735,#10736);
#10734 = CARTESIAN_POINT('',(191.434224,-90.157083,-4.6E-02));
#10735 = DIRECTION('',(-0.,-0.,-1.));
#10736 = DIRECTION('',(-0.,-1.,0.));
#10737 = ADVANCED_FACE('',(#10738),#10749,.F.);
#10738 = FACE_BOUND('',#10739,.T.);
#10739 = EDGE_LOOP('',(#10740,#10741,#10747,#10748));
#10740 = ORIENTED_EDGE('',*,*,#9578,.T.);
#10741 = ORIENTED_EDGE('',*,*,#10742,.T.);
#10742 = EDGE_CURVE('',#9579,#10046,#10743,.T.);
#10743 = LINE('',#10744,#10745);
#10744 = CARTESIAN_POINT('',(193.974224,-88.017083,-4.6E-02));
#10745 = VECTOR('',#10746,1.);
#10746 = DIRECTION('',(0.,0.,1.));
#10747 = ORIENTED_EDGE('',*,*,#10045,.F.);
#10748 = ORIENTED_EDGE('',*,*,#10742,.F.);
#10749 = CYLINDRICAL_SURFACE('',#10750,0.4);
#10750 = AXIS2_PLACEMENT_3D('',#10751,#10752,#10753);
#10751 = CARTESIAN_POINT('',(193.974224,-87.617083,-4.6E-02));
#10752 = DIRECTION('',(-0.,-0.,-1.));
#10753 = DIRECTION('',(-0.,-1.,0.));
#10754 = ADVANCED_FACE('',(#10755),#10766,.F.);
#10755 = FACE_BOUND('',#10756,.T.);
#10756 = EDGE_LOOP('',(#10757,#10758,#10764,#10765));
#10757 = ORIENTED_EDGE('',*,*,#9589,.T.);
#10758 = ORIENTED_EDGE('',*,*,#10759,.T.);
#10759 = EDGE_CURVE('',#9590,#10057,#10760,.T.);
#10760 = LINE('',#10761,#10762);
#10761 = CARTESIAN_POINT('',(180.0128,-84.7135,-4.6E-02));
#10762 = VECTOR('',#10763,1.);
#10763 = DIRECTION('',(0.,0.,1.));
#10764 = ORIENTED_EDGE('',*,*,#10056,.F.);
#10765 = ORIENTED_EDGE('',*,*,#10759,.F.);
#10766 = CYLINDRICAL_SURFACE('',#10767,1.5);
#10767 = AXIS2_PLACEMENT_3D('',#10768,#10769,#10770);
#10768 = CARTESIAN_POINT('',(180.0128,-83.2135,-4.6E-02));
#10769 = DIRECTION('',(-0.,-0.,-1.));
#10770 = DIRECTION('',(-0.,-1.,0.));
#10771 = ADVANCED_FACE('',(#10772),#10783,.F.);
#10772 = FACE_BOUND('',#10773,.T.);
#10773 = EDGE_LOOP('',(#10774,#10775,#10781,#10782));
#10774 = ORIENTED_EDGE('',*,*,#9600,.T.);
#10775 = ORIENTED_EDGE('',*,*,#10776,.T.);
#10776 = EDGE_CURVE('',#9601,#10068,#10777,.T.);
#10777 = LINE('',#10778,#10779);
#10778 = CARTESIAN_POINT('',(199.1255,-81.1346,-4.6E-02));
#10779 = VECTOR('',#10780,1.);
#10780 = DIRECTION('',(0.,0.,1.));
#10781 = ORIENTED_EDGE('',*,*,#10067,.F.);
#10782 = ORIENTED_EDGE('',*,*,#10776,.F.);
#10783 = CYLINDRICAL_SURFACE('',#10784,0.45);
#10784 = AXIS2_PLACEMENT_3D('',#10785,#10786,#10787);
#10785 = CARTESIAN_POINT('',(199.1255,-80.6846,-4.6E-02));
#10786 = DIRECTION('',(-0.,-0.,-1.));
#10787 = DIRECTION('',(-0.,-1.,0.));
#10788 = ADVANCED_FACE('',(#10789),#10800,.F.);
#10789 = FACE_BOUND('',#10790,.T.);
#10790 = EDGE_LOOP('',(#10791,#10792,#10798,#10799));
#10791 = ORIENTED_EDGE('',*,*,#9611,.T.);
#10792 = ORIENTED_EDGE('',*,*,#10793,.T.);
#10793 = EDGE_CURVE('',#9612,#10079,#10794,.T.);
#10794 = LINE('',#10795,#10796);
#10795 = CARTESIAN_POINT('',(201.6655,-81.1346,-4.6E-02));
#10796 = VECTOR('',#10797,1.);
#10797 = DIRECTION('',(0.,0.,1.));
#10798 = ORIENTED_EDGE('',*,*,#10078,.F.);
#10799 = ORIENTED_EDGE('',*,*,#10793,.F.);
#10800 = CYLINDRICAL_SURFACE('',#10801,0.45);
#10801 = AXIS2_PLACEMENT_3D('',#10802,#10803,#10804);
#10802 = CARTESIAN_POINT('',(201.6655,-80.6846,-4.6E-02));
#10803 = DIRECTION('',(-0.,-0.,-1.));
#10804 = DIRECTION('',(-0.,-1.,0.));
#10805 = ADVANCED_FACE('',(#10806),#10817,.F.);
#10806 = FACE_BOUND('',#10807,.T.);
#10807 = EDGE_LOOP('',(#10808,#10814,#10815,#10816));
#10808 = ORIENTED_EDGE('',*,*,#10809,.T.);
#10809 = EDGE_CURVE('',#9623,#10090,#10810,.T.);
#10810 = LINE('',#10811,#10812);
#10811 = CARTESIAN_POINT('',(208.745515,-82.494574,0.));
#10812 = VECTOR('',#10813,1.);
#10813 = DIRECTION('',(0.,0.,1.));
#10814 = ORIENTED_EDGE('',*,*,#10089,.T.);
#10815 = ORIENTED_EDGE('',*,*,#10809,.F.);
#10816 = ORIENTED_EDGE('',*,*,#9622,.F.);
#10817 = CYLINDRICAL_SURFACE('',#10818,1.85);
#10818 = AXIS2_PLACEMENT_3D('',#10819,#10820,#10821);
#10819 = CARTESIAN_POINT('',(206.895515,-82.494574,0.));
#10820 = DIRECTION('',(-0.,-0.,-1.));
#10821 = DIRECTION('',(1.,0.,-0.));
#10822 = ADVANCED_FACE('',(#10823),#10834,.F.);
#10823 = FACE_BOUND('',#10824,.T.);
#10824 = EDGE_LOOP('',(#10825,#10831,#10832,#10833));
#10825 = ORIENTED_EDGE('',*,*,#10826,.T.);
#10826 = EDGE_CURVE('',#9634,#10101,#10827,.T.);
#10827 = LINE('',#10828,#10829);
#10828 = CARTESIAN_POINT('',(200.615515,-74.454574,0.));
#10829 = VECTOR('',#10830,1.);
#10830 = DIRECTION('',(0.,0.,1.));
#10831 = ORIENTED_EDGE('',*,*,#10100,.T.);
#10832 = ORIENTED_EDGE('',*,*,#10826,.F.);
#10833 = ORIENTED_EDGE('',*,*,#9633,.F.);
#10834 = CYLINDRICAL_SURFACE('',#10835,1.85);
#10835 = AXIS2_PLACEMENT_3D('',#10836,#10837,#10838);
#10836 = CARTESIAN_POINT('',(198.765515,-74.454574,0.));
#10837 = DIRECTION('',(-0.,-0.,-1.));
#10838 = DIRECTION('',(1.,0.,-0.));
#10839 = ( GEOMETRIC_REPRESENTATION_CONTEXT(3) 
GLOBAL_UNCERTAINTY_ASSIGNED_CONTEXT((#10843)) 
GLOBAL_UNIT_ASSIGNED_CONTEXT((#10840,#10841,#10842)) 
REPRESENTATION_CONTEXT('Context #1',
  '3D Context with UNIT and UNCERTAINTY') );
#10840 = ( LENGTH_UNIT() NAMED_UNIT(*) SI_UNIT(.MILLI.,.METRE.) );
#10841 = ( NAMED_UNIT(*) PLANE_ANGLE_UNIT() SI_UNIT($,.RADIAN.) );
#10842 = ( NAMED_UNIT(*) SI_UNIT($,.STERADIAN.) SOLID_ANGLE_UNIT() );
#10843 = UNCERTAINTY_MEASURE_WITH_UNIT(LENGTH_MEASURE(1.E-07),#10840,
  'distance_accuracy_value','confusion accuracy');
#10844 = CONTEXT_DEPENDENT_SHAPE_REPRESENTATION(#10845,#10847);
#10845 = ( REPRESENTATION_RELATIONSHIP('','',#9074,#10) 
REPRESENTATION_RELATIONSHIP_WITH_TRANSFORMATION(#10846) 
SHAPE_REPRESENTATION_RELATIONSHIP() );
#10846 = ITEM_DEFINED_TRANSFORMATION('','',#11,#31);
#10847 = PRODUCT_DEFINITION_SHAPE('Placement','Placement of an item',
  #10848);
#10848 = NEXT_ASSEMBLY_USAGE_OCCURRENCE('5','=>[0:1:1:5]','',#5,#9069,$
  );
#10849 = PRODUCT_RELATED_PRODUCT_CATEGORY('part',$,(#9071));
#10850 = MECHANICAL_DESIGN_GEOMETRIC_PRESENTATION_REPRESENTATION('',(
    #10851,#10859,#10866,#10873,#10880,#10887,#10894,#10901,#10908,
    #10915,#10922,#10929,#10936,#10943,#10950,#10957,#10964,#10971,
    #10978,#10985,#10992,#10999,#11006,#11013,#11020,#11027,#11034,
    #11041,#11048,#11055,#11062,#11069,#11076,#11083,#11090,#11097,
    #11104,#11111,#11118,#11125,#11132,#11139,#11146,#11153,#11160,
    #11167,#11174,#11181,#11188,#11195,#11202,#11209,#11216,#11223,
    #11230,#11237,#11244,#11251,#11258,#11265,#11272,#11280,#11287,
    #11294,#11301,#11308,#11315,#11322,#11329,#11336,#11343,#11350,
    #11357,#11364,#11371,#11378,#11385,#11392,#11399,#11406,#11413,
    #11420,#11427,#11434,#11441,#11448,#11455,#11462,#11469,#11476,
    #11483,#11490,#11497,#11504,#11511,#11518,#11525,#11532,#11539,
    #11546,#11553,#11560,#11567,#11574,#11581,#11588,#11595,#11602,
    #11609,#11616,#11623,#11630,#11637,#11644,#11651,#11658,#11665,
    #11672,#11679,#11686,#11693,#11700,#11707,#11714,#11721,#11728,
    #11735,#11742,#11749,#11756,#11763,#11770,#11777,#11784,#11791,
    #11798,#11805,#11812,#11819,#11826,#11833,#11840,#11847,#11854,
    #11861,#11868,#11875,#11882,#11889,#11896,#11903,#11910,#11917,
    #11924,#11931,#11938,#11945,#11952,#11959,#11966,#11973,#11980,
    #11987,#11994,#12001,#12008,#12015,#12022,#12029,#12036,#12043,
    #12050,#12057,#12064,#12071,#12078,#12085,#12092,#12099,#12106,
    #12113,#12120,#12127,#12134,#12141,#12148,#12155,#12162,#12169,
    #12176,#12183,#12190,#12197,#12204,#12211,#12218,#12225,#12232,
    #12239,#12246,#12253,#12260,#12267,#12274,#12281,#12288,#12295,
    #12302,#12309,#12316,#12323,#12330,#12337,#12344,#12351,#12358,
    #12365,#12372,#12379,#12386,#12393,#12400,#12407,#12414,#12421,
    #12428,#12435,#12442,#12449,#12456,#12463,#12470,#12477,#12484,
    #12491,#12498,#12505,#12512,#12519,#12526,#12533,#12540,#12547,
    #12554,#12561,#12568,#12575,#12582,#12589,#12596,#12603,#12610,
    #12617,#12624,#12631,#12638,#12645,#12652,#12659,#12666,#12673,
    #12680,#12687,#12694,#12701,#12708,#12715,#12722,#12729,#12736,
    #12743,#12750,#12757,#12764,#12771,#12778,#12785,#12792,#12799,
    #12806,#12813,#12820),#8573);
#10851 = STYLED_ITEM('color',(#10852),#457);
#10852 = PRESENTATION_STYLE_ASSIGNMENT((#10853));
#10853 = SURFACE_STYLE_USAGE(.BOTH.,#10854);
#10854 = SURFACE_SIDE_STYLE('',(#10855));
#10855 = SURFACE_STYLE_FILL_AREA(#10856);
#10856 = FILL_AREA_STYLE('',(#10857));
#10857 = FILL_AREA_STYLE_COLOUR('',#10858);
#10858 = COLOUR_RGB('',0.894117649055,0.890196087049,0.811764731185);
#10859 = STYLED_ITEM('color',(#10860),#497);
#10860 = PRESENTATION_STYLE_ASSIGNMENT((#10861));
#10861 = SURFACE_STYLE_USAGE(.BOTH.,#10862);
#10862 = SURFACE_SIDE_STYLE('',(#10863));
#10863 = SURFACE_STYLE_FILL_AREA(#10864);
#10864 = FILL_AREA_STYLE('',(#10865));
#10865 = FILL_AREA_STYLE_COLOUR('',#10858);
#10866 = STYLED_ITEM('color',(#10867),#528);
#10867 = PRESENTATION_STYLE_ASSIGNMENT((#10868));
#10868 = SURFACE_STYLE_USAGE(.BOTH.,#10869);
#10869 = SURFACE_SIDE_STYLE('',(#10870));
#10870 = SURFACE_STYLE_FILL_AREA(#10871);
#10871 = FILL_AREA_STYLE('',(#10872));
#10872 = FILL_AREA_STYLE_COLOUR('',#10858);
#10873 = STYLED_ITEM('color',(#10874),#872);
#10874 = PRESENTATION_STYLE_ASSIGNMENT((#10875));
#10875 = SURFACE_STYLE_USAGE(.BOTH.,#10876);
#10876 = SURFACE_SIDE_STYLE('',(#10877));
#10877 = SURFACE_STYLE_FILL_AREA(#10878);
#10878 = FILL_AREA_STYLE('',(#10879));
#10879 = FILL_AREA_STYLE_COLOUR('',#10858);
#10880 = STYLED_ITEM('color',(#10881),#896);
#10881 = PRESENTATION_STYLE_ASSIGNMENT((#10882));
#10882 = SURFACE_STYLE_USAGE(.BOTH.,#10883);
#10883 = SURFACE_SIDE_STYLE('',(#10884));
#10884 = SURFACE_STYLE_FILL_AREA(#10885);
#10885 = FILL_AREA_STYLE('',(#10886));
#10886 = FILL_AREA_STYLE_COLOUR('',#10858);
#10887 = STYLED_ITEM('color',(#10888),#1313);
#10888 = PRESENTATION_STYLE_ASSIGNMENT((#10889));
#10889 = SURFACE_STYLE_USAGE(.BOTH.,#10890);
#10890 = SURFACE_SIDE_STYLE('',(#10891));
#10891 = SURFACE_STYLE_FILL_AREA(#10892);
#10892 = FILL_AREA_STYLE('',(#10893));
#10893 = FILL_AREA_STYLE_COLOUR('',#10858);
#10894 = STYLED_ITEM('color',(#10895),#2022);
#10895 = PRESENTATION_STYLE_ASSIGNMENT((#10896));
#10896 = SURFACE_STYLE_USAGE(.BOTH.,#10897);
#10897 = SURFACE_SIDE_STYLE('',(#10898));
#10898 = SURFACE_STYLE_FILL_AREA(#10899);
#10899 = FILL_AREA_STYLE('',(#10900));
#10900 = FILL_AREA_STYLE_COLOUR('',#10858);
#10901 = STYLED_ITEM('color',(#10902),#2044);
#10902 = PRESENTATION_STYLE_ASSIGNMENT((#10903));
#10903 = SURFACE_STYLE_USAGE(.BOTH.,#10904);
#10904 = SURFACE_SIDE_STYLE('',(#10905));
#10905 = SURFACE_STYLE_FILL_AREA(#10906);
#10906 = FILL_AREA_STYLE('',(#10907));
#10907 = FILL_AREA_STYLE_COLOUR('',#10858);
#10908 = STYLED_ITEM('color',(#10909),#2061);
#10909 = PRESENTATION_STYLE_ASSIGNMENT((#10910));
#10910 = SURFACE_STYLE_USAGE(.BOTH.,#10911);
#10911 = SURFACE_SIDE_STYLE('',(#10912));
#10912 = SURFACE_STYLE_FILL_AREA(#10913);
#10913 = FILL_AREA_STYLE('',(#10914));
#10914 = FILL_AREA_STYLE_COLOUR('',#10858);
#10915 = STYLED_ITEM('color',(#10916),#2112);
#10916 = PRESENTATION_STYLE_ASSIGNMENT((#10917));
#10917 = SURFACE_STYLE_USAGE(.BOTH.,#10918);
#10918 = SURFACE_SIDE_STYLE('',(#10919));
#10919 = SURFACE_STYLE_FILL_AREA(#10920);
#10920 = FILL_AREA_STYLE('',(#10921));
#10921 = FILL_AREA_STYLE_COLOUR('',#10858);
#10922 = STYLED_ITEM('color',(#10923),#2129);
#10923 = PRESENTATION_STYLE_ASSIGNMENT((#10924));
#10924 = SURFACE_STYLE_USAGE(.BOTH.,#10925);
#10925 = SURFACE_SIDE_STYLE('',(#10926));
#10926 = SURFACE_STYLE_FILL_AREA(#10927);
#10927 = FILL_AREA_STYLE('',(#10928));
#10928 = FILL_AREA_STYLE_COLOUR('',#10858);
#10929 = STYLED_ITEM('color',(#10930),#2180);
#10930 = PRESENTATION_STYLE_ASSIGNMENT((#10931));
#10931 = SURFACE_STYLE_USAGE(.BOTH.,#10932);
#10932 = SURFACE_SIDE_STYLE('',(#10933));
#10933 = SURFACE_STYLE_FILL_AREA(#10934);
#10934 = FILL_AREA_STYLE('',(#10935));
#10935 = FILL_AREA_STYLE_COLOUR('',#10858);
#10936 = STYLED_ITEM('color',(#10937),#2197);
#10937 = PRESENTATION_STYLE_ASSIGNMENT((#10938));
#10938 = SURFACE_STYLE_USAGE(.BOTH.,#10939);
#10939 = SURFACE_SIDE_STYLE('',(#10940));
#10940 = SURFACE_STYLE_FILL_AREA(#10941);
#10941 = FILL_AREA_STYLE('',(#10942));
#10942 = FILL_AREA_STYLE_COLOUR('',#10858);
#10943 = STYLED_ITEM('color',(#10944),#2248);
#10944 = PRESENTATION_STYLE_ASSIGNMENT((#10945));
#10945 = SURFACE_STYLE_USAGE(.BOTH.,#10946);
#10946 = SURFACE_SIDE_STYLE('',(#10947));
#10947 = SURFACE_STYLE_FILL_AREA(#10948);
#10948 = FILL_AREA_STYLE('',(#10949));
#10949 = FILL_AREA_STYLE_COLOUR('',#10858);
#10950 = STYLED_ITEM('color',(#10951),#2265);
#10951 = PRESENTATION_STYLE_ASSIGNMENT((#10952));
#10952 = SURFACE_STYLE_USAGE(.BOTH.,#10953);
#10953 = SURFACE_SIDE_STYLE('',(#10954));
#10954 = SURFACE_STYLE_FILL_AREA(#10955);
#10955 = FILL_AREA_STYLE('',(#10956));
#10956 = FILL_AREA_STYLE_COLOUR('',#10858);
#10957 = STYLED_ITEM('color',(#10958),#2316);
#10958 = PRESENTATION_STYLE_ASSIGNMENT((#10959));
#10959 = SURFACE_STYLE_USAGE(.BOTH.,#10960);
#10960 = SURFACE_SIDE_STYLE('',(#10961));
#10961 = SURFACE_STYLE_FILL_AREA(#10962);
#10962 = FILL_AREA_STYLE('',(#10963));
#10963 = FILL_AREA_STYLE_COLOUR('',#10858);
#10964 = STYLED_ITEM('color',(#10965),#2333);
#10965 = PRESENTATION_STYLE_ASSIGNMENT((#10966));
#10966 = SURFACE_STYLE_USAGE(.BOTH.,#10967);
#10967 = SURFACE_SIDE_STYLE('',(#10968));
#10968 = SURFACE_STYLE_FILL_AREA(#10969);
#10969 = FILL_AREA_STYLE('',(#10970));
#10970 = FILL_AREA_STYLE_COLOUR('',#10858);
#10971 = STYLED_ITEM('color',(#10972),#2384);
#10972 = PRESENTATION_STYLE_ASSIGNMENT((#10973));
#10973 = SURFACE_STYLE_USAGE(.BOTH.,#10974);
#10974 = SURFACE_SIDE_STYLE('',(#10975));
#10975 = SURFACE_STYLE_FILL_AREA(#10976);
#10976 = FILL_AREA_STYLE('',(#10977));
#10977 = FILL_AREA_STYLE_COLOUR('',#10858);
#10978 = STYLED_ITEM('color',(#10979),#2401);
#10979 = PRESENTATION_STYLE_ASSIGNMENT((#10980));
#10980 = SURFACE_STYLE_USAGE(.BOTH.,#10981);
#10981 = SURFACE_SIDE_STYLE('',(#10982));
#10982 = SURFACE_STYLE_FILL_AREA(#10983);
#10983 = FILL_AREA_STYLE('',(#10984));
#10984 = FILL_AREA_STYLE_COLOUR('',#10858);
#10985 = STYLED_ITEM('color',(#10986),#2452);
#10986 = PRESENTATION_STYLE_ASSIGNMENT((#10987));
#10987 = SURFACE_STYLE_USAGE(.BOTH.,#10988);
#10988 = SURFACE_SIDE_STYLE('',(#10989));
#10989 = SURFACE_STYLE_FILL_AREA(#10990);
#10990 = FILL_AREA_STYLE('',(#10991));
#10991 = FILL_AREA_STYLE_COLOUR('',#10858);
#10992 = STYLED_ITEM('color',(#10993),#2469);
#10993 = PRESENTATION_STYLE_ASSIGNMENT((#10994));
#10994 = SURFACE_STYLE_USAGE(.BOTH.,#10995);
#10995 = SURFACE_SIDE_STYLE('',(#10996));
#10996 = SURFACE_STYLE_FILL_AREA(#10997);
#10997 = FILL_AREA_STYLE('',(#10998));
#10998 = FILL_AREA_STYLE_COLOUR('',#10858);
#10999 = STYLED_ITEM('color',(#11000),#2520);
#11000 = PRESENTATION_STYLE_ASSIGNMENT((#11001));
#11001 = SURFACE_STYLE_USAGE(.BOTH.,#11002);
#11002 = SURFACE_SIDE_STYLE('',(#11003));
#11003 = SURFACE_STYLE_FILL_AREA(#11004);
#11004 = FILL_AREA_STYLE('',(#11005));
#11005 = FILL_AREA_STYLE_COLOUR('',#10858);
#11006 = STYLED_ITEM('color',(#11007),#2537);
#11007 = PRESENTATION_STYLE_ASSIGNMENT((#11008));
#11008 = SURFACE_STYLE_USAGE(.BOTH.,#11009);
#11009 = SURFACE_SIDE_STYLE('',(#11010));
#11010 = SURFACE_STYLE_FILL_AREA(#11011);
#11011 = FILL_AREA_STYLE('',(#11012));
#11012 = FILL_AREA_STYLE_COLOUR('',#10858);
#11013 = STYLED_ITEM('color',(#11014),#2588);
#11014 = PRESENTATION_STYLE_ASSIGNMENT((#11015));
#11015 = SURFACE_STYLE_USAGE(.BOTH.,#11016);
#11016 = SURFACE_SIDE_STYLE('',(#11017));
#11017 = SURFACE_STYLE_FILL_AREA(#11018);
#11018 = FILL_AREA_STYLE('',(#11019));
#11019 = FILL_AREA_STYLE_COLOUR('',#10858);
#11020 = STYLED_ITEM('color',(#11021),#2605);
#11021 = PRESENTATION_STYLE_ASSIGNMENT((#11022));
#11022 = SURFACE_STYLE_USAGE(.BOTH.,#11023);
#11023 = SURFACE_SIDE_STYLE('',(#11024));
#11024 = SURFACE_STYLE_FILL_AREA(#11025);
#11025 = FILL_AREA_STYLE('',(#11026));
#11026 = FILL_AREA_STYLE_COLOUR('',#10858);
#11027 = STYLED_ITEM('color',(#11028),#2656);
#11028 = PRESENTATION_STYLE_ASSIGNMENT((#11029));
#11029 = SURFACE_STYLE_USAGE(.BOTH.,#11030);
#11030 = SURFACE_SIDE_STYLE('',(#11031));
#11031 = SURFACE_STYLE_FILL_AREA(#11032);
#11032 = FILL_AREA_STYLE('',(#11033));
#11033 = FILL_AREA_STYLE_COLOUR('',#10858);
#11034 = STYLED_ITEM('color',(#11035),#2673);
#11035 = PRESENTATION_STYLE_ASSIGNMENT((#11036));
#11036 = SURFACE_STYLE_USAGE(.BOTH.,#11037);
#11037 = SURFACE_SIDE_STYLE('',(#11038));
#11038 = SURFACE_STYLE_FILL_AREA(#11039);
#11039 = FILL_AREA_STYLE('',(#11040));
#11040 = FILL_AREA_STYLE_COLOUR('',#10858);
#11041 = STYLED_ITEM('color',(#11042),#2724);
#11042 = PRESENTATION_STYLE_ASSIGNMENT((#11043));
#11043 = SURFACE_STYLE_USAGE(.BOTH.,#11044);
#11044 = SURFACE_SIDE_STYLE('',(#11045));
#11045 = SURFACE_STYLE_FILL_AREA(#11046);
#11046 = FILL_AREA_STYLE('',(#11047));
#11047 = FILL_AREA_STYLE_COLOUR('',#10858);
#11048 = STYLED_ITEM('color',(#11049),#2741);
#11049 = PRESENTATION_STYLE_ASSIGNMENT((#11050));
#11050 = SURFACE_STYLE_USAGE(.BOTH.,#11051);
#11051 = SURFACE_SIDE_STYLE('',(#11052));
#11052 = SURFACE_STYLE_FILL_AREA(#11053);
#11053 = FILL_AREA_STYLE('',(#11054));
#11054 = FILL_AREA_STYLE_COLOUR('',#10858);
#11055 = STYLED_ITEM('color',(#11056),#2792);
#11056 = PRESENTATION_STYLE_ASSIGNMENT((#11057));
#11057 = SURFACE_STYLE_USAGE(.BOTH.,#11058);
#11058 = SURFACE_SIDE_STYLE('',(#11059));
#11059 = SURFACE_STYLE_FILL_AREA(#11060);
#11060 = FILL_AREA_STYLE('',(#11061));
#11061 = FILL_AREA_STYLE_COLOUR('',#10858);
#11062 = STYLED_ITEM('color',(#11063),#2809);
#11063 = PRESENTATION_STYLE_ASSIGNMENT((#11064));
#11064 = SURFACE_STYLE_USAGE(.BOTH.,#11065);
#11065 = SURFACE_SIDE_STYLE('',(#11066));
#11066 = SURFACE_STYLE_FILL_AREA(#11067);
#11067 = FILL_AREA_STYLE('',(#11068));
#11068 = FILL_AREA_STYLE_COLOUR('',#10858);
#11069 = STYLED_ITEM('color',(#11070),#2860);
#11070 = PRESENTATION_STYLE_ASSIGNMENT((#11071));
#11071 = SURFACE_STYLE_USAGE(.BOTH.,#11072);
#11072 = SURFACE_SIDE_STYLE('',(#11073));
#11073 = SURFACE_STYLE_FILL_AREA(#11074);
#11074 = FILL_AREA_STYLE('',(#11075));
#11075 = FILL_AREA_STYLE_COLOUR('',#10858);
#11076 = STYLED_ITEM('color',(#11077),#2877);
#11077 = PRESENTATION_STYLE_ASSIGNMENT((#11078));
#11078 = SURFACE_STYLE_USAGE(.BOTH.,#11079);
#11079 = SURFACE_SIDE_STYLE('',(#11080));
#11080 = SURFACE_STYLE_FILL_AREA(#11081);
#11081 = FILL_AREA_STYLE('',(#11082));
#11082 = FILL_AREA_STYLE_COLOUR('',#10858);
#11083 = STYLED_ITEM('color',(#11084),#2928);
#11084 = PRESENTATION_STYLE_ASSIGNMENT((#11085));
#11085 = SURFACE_STYLE_USAGE(.BOTH.,#11086);
#11086 = SURFACE_SIDE_STYLE('',(#11087));
#11087 = SURFACE_STYLE_FILL_AREA(#11088);
#11088 = FILL_AREA_STYLE('',(#11089));
#11089 = FILL_AREA_STYLE_COLOUR('',#10858);
#11090 = STYLED_ITEM('color',(#11091),#2945);
#11091 = PRESENTATION_STYLE_ASSIGNMENT((#11092));
#11092 = SURFACE_STYLE_USAGE(.BOTH.,#11093);
#11093 = SURFACE_SIDE_STYLE('',(#11094));
#11094 = SURFACE_STYLE_FILL_AREA(#11095);
#11095 = FILL_AREA_STYLE('',(#11096));
#11096 = FILL_AREA_STYLE_COLOUR('',#10858);
#11097 = STYLED_ITEM('color',(#11098),#2996);
#11098 = PRESENTATION_STYLE_ASSIGNMENT((#11099));
#11099 = SURFACE_STYLE_USAGE(.BOTH.,#11100);
#11100 = SURFACE_SIDE_STYLE('',(#11101));
#11101 = SURFACE_STYLE_FILL_AREA(#11102);
#11102 = FILL_AREA_STYLE('',(#11103));
#11103 = FILL_AREA_STYLE_COLOUR('',#10858);
#11104 = STYLED_ITEM('color',(#11105),#3013);
#11105 = PRESENTATION_STYLE_ASSIGNMENT((#11106));
#11106 = SURFACE_STYLE_USAGE(.BOTH.,#11107);
#11107 = SURFACE_SIDE_STYLE('',(#11108));
#11108 = SURFACE_STYLE_FILL_AREA(#11109);
#11109 = FILL_AREA_STYLE('',(#11110));
#11110 = FILL_AREA_STYLE_COLOUR('',#10858);
#11111 = STYLED_ITEM('color',(#11112),#3064);
#11112 = PRESENTATION_STYLE_ASSIGNMENT((#11113));
#11113 = SURFACE_STYLE_USAGE(.BOTH.,#11114);
#11114 = SURFACE_SIDE_STYLE('',(#11115));
#11115 = SURFACE_STYLE_FILL_AREA(#11116);
#11116 = FILL_AREA_STYLE('',(#11117));
#11117 = FILL_AREA_STYLE_COLOUR('',#10858);
#11118 = STYLED_ITEM('color',(#11119),#3081);
#11119 = PRESENTATION_STYLE_ASSIGNMENT((#11120));
#11120 = SURFACE_STYLE_USAGE(.BOTH.,#11121);
#11121 = SURFACE_SIDE_STYLE('',(#11122));
#11122 = SURFACE_STYLE_FILL_AREA(#11123);
#11123 = FILL_AREA_STYLE('',(#11124));
#11124 = FILL_AREA_STYLE_COLOUR('',#10858);
#11125 = STYLED_ITEM('color',(#11126),#3132);
#11126 = PRESENTATION_STYLE_ASSIGNMENT((#11127));
#11127 = SURFACE_STYLE_USAGE(.BOTH.,#11128);
#11128 = SURFACE_SIDE_STYLE('',(#11129));
#11129 = SURFACE_STYLE_FILL_AREA(#11130);
#11130 = FILL_AREA_STYLE('',(#11131));
#11131 = FILL_AREA_STYLE_COLOUR('',#10858);
#11132 = STYLED_ITEM('color',(#11133),#3149);
#11133 = PRESENTATION_STYLE_ASSIGNMENT((#11134));
#11134 = SURFACE_STYLE_USAGE(.BOTH.,#11135);
#11135 = SURFACE_SIDE_STYLE('',(#11136));
#11136 = SURFACE_STYLE_FILL_AREA(#11137);
#11137 = FILL_AREA_STYLE('',(#11138));
#11138 = FILL_AREA_STYLE_COLOUR('',#10858);
#11139 = STYLED_ITEM('color',(#11140),#3200);
#11140 = PRESENTATION_STYLE_ASSIGNMENT((#11141));
#11141 = SURFACE_STYLE_USAGE(.BOTH.,#11142);
#11142 = SURFACE_SIDE_STYLE('',(#11143));
#11143 = SURFACE_STYLE_FILL_AREA(#11144);
#11144 = FILL_AREA_STYLE('',(#11145));
#11145 = FILL_AREA_STYLE_COLOUR('',#10858);
#11146 = STYLED_ITEM('color',(#11147),#3217);
#11147 = PRESENTATION_STYLE_ASSIGNMENT((#11148));
#11148 = SURFACE_STYLE_USAGE(.BOTH.,#11149);
#11149 = SURFACE_SIDE_STYLE('',(#11150));
#11150 = SURFACE_STYLE_FILL_AREA(#11151);
#11151 = FILL_AREA_STYLE('',(#11152));
#11152 = FILL_AREA_STYLE_COLOUR('',#10858);
#11153 = STYLED_ITEM('color',(#11154),#3268);
#11154 = PRESENTATION_STYLE_ASSIGNMENT((#11155));
#11155 = SURFACE_STYLE_USAGE(.BOTH.,#11156);
#11156 = SURFACE_SIDE_STYLE('',(#11157));
#11157 = SURFACE_STYLE_FILL_AREA(#11158);
#11158 = FILL_AREA_STYLE('',(#11159));
#11159 = FILL_AREA_STYLE_COLOUR('',#10858);
#11160 = STYLED_ITEM('color',(#11161),#3285);
#11161 = PRESENTATION_STYLE_ASSIGNMENT((#11162));
#11162 = SURFACE_STYLE_USAGE(.BOTH.,#11163);
#11163 = SURFACE_SIDE_STYLE('',(#11164));
#11164 = SURFACE_STYLE_FILL_AREA(#11165);
#11165 = FILL_AREA_STYLE('',(#11166));
#11166 = FILL_AREA_STYLE_COLOUR('',#10858);
#11167 = STYLED_ITEM('color',(#11168),#3331);
#11168 = PRESENTATION_STYLE_ASSIGNMENT((#11169));
#11169 = SURFACE_STYLE_USAGE(.BOTH.,#11170);
#11170 = SURFACE_SIDE_STYLE('',(#11171));
#11171 = SURFACE_STYLE_FILL_AREA(#11172);
#11172 = FILL_AREA_STYLE('',(#11173));
#11173 = FILL_AREA_STYLE_COLOUR('',#10858);
#11174 = STYLED_ITEM('color',(#11175),#3343);
#11175 = PRESENTATION_STYLE_ASSIGNMENT((#11176));
#11176 = SURFACE_STYLE_USAGE(.BOTH.,#11177);
#11177 = SURFACE_SIDE_STYLE('',(#11178));
#11178 = SURFACE_STYLE_FILL_AREA(#11179);
#11179 = FILL_AREA_STYLE('',(#11180));
#11180 = FILL_AREA_STYLE_COLOUR('',#10858);
#11181 = STYLED_ITEM('color',(#11182),#3408);
#11182 = PRESENTATION_STYLE_ASSIGNMENT((#11183));
#11183 = SURFACE_STYLE_USAGE(.BOTH.,#11184);
#11184 = SURFACE_SIDE_STYLE('',(#11185));
#11185 = SURFACE_STYLE_FILL_AREA(#11186);
#11186 = FILL_AREA_STYLE('',(#11187));
#11187 = FILL_AREA_STYLE_COLOUR('',#10858);
#11188 = STYLED_ITEM('color',(#11189),#3432);
#11189 = PRESENTATION_STYLE_ASSIGNMENT((#11190));
#11190 = SURFACE_STYLE_USAGE(.BOTH.,#11191);
#11191 = SURFACE_SIDE_STYLE('',(#11192));
#11192 = SURFACE_STYLE_FILL_AREA(#11193);
#11193 = FILL_AREA_STYLE('',(#11194));
#11194 = FILL_AREA_STYLE_COLOUR('',#10858);
#11195 = STYLED_ITEM('color',(#11196),#3456);
#11196 = PRESENTATION_STYLE_ASSIGNMENT((#11197));
#11197 = SURFACE_STYLE_USAGE(.BOTH.,#11198);
#11198 = SURFACE_SIDE_STYLE('',(#11199));
#11199 = SURFACE_STYLE_FILL_AREA(#11200);
#11200 = FILL_AREA_STYLE('',(#11201));
#11201 = FILL_AREA_STYLE_COLOUR('',#10858);
#11202 = STYLED_ITEM('color',(#11203),#3514);
#11203 = PRESENTATION_STYLE_ASSIGNMENT((#11204));
#11204 = SURFACE_STYLE_USAGE(.BOTH.,#11205);
#11205 = SURFACE_SIDE_STYLE('',(#11206));
#11206 = SURFACE_STYLE_FILL_AREA(#11207);
#11207 = FILL_AREA_STYLE('',(#11208));
#11208 = FILL_AREA_STYLE_COLOUR('',#10858);
#11209 = STYLED_ITEM('color',(#11210),#3579);
#11210 = PRESENTATION_STYLE_ASSIGNMENT((#11211));
#11211 = SURFACE_STYLE_USAGE(.BOTH.,#11212);
#11212 = SURFACE_SIDE_STYLE('',(#11213));
#11213 = SURFACE_STYLE_FILL_AREA(#11214);
#11214 = FILL_AREA_STYLE('',(#11215));
#11215 = FILL_AREA_STYLE_COLOUR('',#10858);
#11216 = STYLED_ITEM('color',(#11217),#3603);
#11217 = PRESENTATION_STYLE_ASSIGNMENT((#11218));
#11218 = SURFACE_STYLE_USAGE(.BOTH.,#11219);
#11219 = SURFACE_SIDE_STYLE('',(#11220));
#11220 = SURFACE_STYLE_FILL_AREA(#11221);
#11221 = FILL_AREA_STYLE('',(#11222));
#11222 = FILL_AREA_STYLE_COLOUR('',#10858);
#11223 = STYLED_ITEM('color',(#11224),#3627);
#11224 = PRESENTATION_STYLE_ASSIGNMENT((#11225));
#11225 = SURFACE_STYLE_USAGE(.BOTH.,#11226);
#11226 = SURFACE_SIDE_STYLE('',(#11227));
#11227 = SURFACE_STYLE_FILL_AREA(#11228);
#11228 = FILL_AREA_STYLE('',(#11229));
#11229 = FILL_AREA_STYLE_COLOUR('',#10858);
#11230 = STYLED_ITEM('color',(#11231),#3685);
#11231 = PRESENTATION_STYLE_ASSIGNMENT((#11232));
#11232 = SURFACE_STYLE_USAGE(.BOTH.,#11233);
#11233 = SURFACE_SIDE_STYLE('',(#11234));
#11234 = SURFACE_STYLE_FILL_AREA(#11235);
#11235 = FILL_AREA_STYLE('',(#11236));
#11236 = FILL_AREA_STYLE_COLOUR('',#10858);
#11237 = STYLED_ITEM('color',(#11238),#3702);
#11238 = PRESENTATION_STYLE_ASSIGNMENT((#11239));
#11239 = SURFACE_STYLE_USAGE(.BOTH.,#11240);
#11240 = SURFACE_SIDE_STYLE('',(#11241));
#11241 = SURFACE_STYLE_FILL_AREA(#11242);
#11242 = FILL_AREA_STYLE('',(#11243));
#11243 = FILL_AREA_STYLE_COLOUR('',#10858);
#11244 = STYLED_ITEM('color',(#11245),#3719);
#11245 = PRESENTATION_STYLE_ASSIGNMENT((#11246));
#11246 = SURFACE_STYLE_USAGE(.BOTH.,#11247);
#11247 = SURFACE_SIDE_STYLE('',(#11248));
#11248 = SURFACE_STYLE_FILL_AREA(#11249);
#11249 = FILL_AREA_STYLE('',(#11250));
#11250 = FILL_AREA_STYLE_COLOUR('',#10858);
#11251 = STYLED_ITEM('color',(#11252),#3741);
#11252 = PRESENTATION_STYLE_ASSIGNMENT((#11253));
#11253 = SURFACE_STYLE_USAGE(.BOTH.,#11254);
#11254 = SURFACE_SIDE_STYLE('',(#11255));
#11255 = SURFACE_STYLE_FILL_AREA(#11256);
#11256 = FILL_AREA_STYLE('',(#11257));
#11257 = FILL_AREA_STYLE_COLOUR('',#10858);
#11258 = STYLED_ITEM('color',(#11259),#3758);
#11259 = PRESENTATION_STYLE_ASSIGNMENT((#11260));
#11260 = SURFACE_STYLE_USAGE(.BOTH.,#11261);
#11261 = SURFACE_SIDE_STYLE('',(#11262));
#11262 = SURFACE_STYLE_FILL_AREA(#11263);
#11263 = FILL_AREA_STYLE('',(#11264));
#11264 = FILL_AREA_STYLE_COLOUR('',#10858);
#11265 = STYLED_ITEM('color',(#11266),#3775);
#11266 = PRESENTATION_STYLE_ASSIGNMENT((#11267));
#11267 = SURFACE_STYLE_USAGE(.BOTH.,#11268);
#11268 = SURFACE_SIDE_STYLE('',(#11269));
#11269 = SURFACE_STYLE_FILL_AREA(#11270);
#11270 = FILL_AREA_STYLE('',(#11271));
#11271 = FILL_AREA_STYLE_COLOUR('',#10858);
#11272 = STYLED_ITEM('color',(#11273),#3787);
#11273 = PRESENTATION_STYLE_ASSIGNMENT((#11274));
#11274 = SURFACE_STYLE_USAGE(.BOTH.,#11275);
#11275 = SURFACE_SIDE_STYLE('',(#11276));
#11276 = SURFACE_STYLE_FILL_AREA(#11277);
#11277 = FILL_AREA_STYLE('',(#11278));
#11278 = FILL_AREA_STYLE_COLOUR('',#11279);
#11279 = COLOUR_RGB('',0.823529417451,0.819607860991,0.780392170416);
#11280 = STYLED_ITEM('color',(#11281),#3818);
#11281 = PRESENTATION_STYLE_ASSIGNMENT((#11282));
#11282 = SURFACE_STYLE_USAGE(.BOTH.,#11283);
#11283 = SURFACE_SIDE_STYLE('',(#11284));
#11284 = SURFACE_STYLE_FILL_AREA(#11285);
#11285 = FILL_AREA_STYLE('',(#11286));
#11286 = FILL_AREA_STYLE_COLOUR('',#11279);
#11287 = STYLED_ITEM('color',(#11288),#3842);
#11288 = PRESENTATION_STYLE_ASSIGNMENT((#11289));
#11289 = SURFACE_STYLE_USAGE(.BOTH.,#11290);
#11290 = SURFACE_SIDE_STYLE('',(#11291));
#11291 = SURFACE_STYLE_FILL_AREA(#11292);
#11292 = FILL_AREA_STYLE('',(#11293));
#11293 = FILL_AREA_STYLE_COLOUR('',#11279);
#11294 = STYLED_ITEM('color',(#11295),#3866);
#11295 = PRESENTATION_STYLE_ASSIGNMENT((#11296));
#11296 = SURFACE_STYLE_USAGE(.BOTH.,#11297);
#11297 = SURFACE_SIDE_STYLE('',(#11298));
#11298 = SURFACE_STYLE_FILL_AREA(#11299);
#11299 = FILL_AREA_STYLE('',(#11300));
#11300 = FILL_AREA_STYLE_COLOUR('',#11279);
#11301 = STYLED_ITEM('color',(#11302),#3883);
#11302 = PRESENTATION_STYLE_ASSIGNMENT((#11303));
#11303 = SURFACE_STYLE_USAGE(.BOTH.,#11304);
#11304 = SURFACE_SIDE_STYLE('',(#11305));
#11305 = SURFACE_STYLE_FILL_AREA(#11306);
#11306 = FILL_AREA_STYLE('',(#11307));
#11307 = FILL_AREA_STYLE_COLOUR('',#11279);
#11308 = STYLED_ITEM('color',(#11309),#3914);
#11309 = PRESENTATION_STYLE_ASSIGNMENT((#11310));
#11310 = SURFACE_STYLE_USAGE(.BOTH.,#11311);
#11311 = SURFACE_SIDE_STYLE('',(#11312));
#11312 = SURFACE_STYLE_FILL_AREA(#11313);
#11313 = FILL_AREA_STYLE('',(#11314));
#11314 = FILL_AREA_STYLE_COLOUR('',#11279);
#11315 = STYLED_ITEM('color',(#11316),#3938);
#11316 = PRESENTATION_STYLE_ASSIGNMENT((#11317));
#11317 = SURFACE_STYLE_USAGE(.BOTH.,#11318);
#11318 = SURFACE_SIDE_STYLE('',(#11319));
#11319 = SURFACE_STYLE_FILL_AREA(#11320);
#11320 = FILL_AREA_STYLE('',(#11321));
#11321 = FILL_AREA_STYLE_COLOUR('',#11279);
#11322 = STYLED_ITEM('color',(#11323),#3962);
#11323 = PRESENTATION_STYLE_ASSIGNMENT((#11324));
#11324 = SURFACE_STYLE_USAGE(.BOTH.,#11325);
#11325 = SURFACE_SIDE_STYLE('',(#11326));
#11326 = SURFACE_STYLE_FILL_AREA(#11327);
#11327 = FILL_AREA_STYLE('',(#11328));
#11328 = FILL_AREA_STYLE_COLOUR('',#11279);
#11329 = STYLED_ITEM('color',(#11330),#3979);
#11330 = PRESENTATION_STYLE_ASSIGNMENT((#11331));
#11331 = SURFACE_STYLE_USAGE(.BOTH.,#11332);
#11332 = SURFACE_SIDE_STYLE('',(#11333));
#11333 = SURFACE_STYLE_FILL_AREA(#11334);
#11334 = FILL_AREA_STYLE('',(#11335));
#11335 = FILL_AREA_STYLE_COLOUR('',#10858);
#11336 = STYLED_ITEM('color',(#11337),#4001);
#11337 = PRESENTATION_STYLE_ASSIGNMENT((#11338));
#11338 = SURFACE_STYLE_USAGE(.BOTH.,#11339);
#11339 = SURFACE_SIDE_STYLE('',(#11340));
#11340 = SURFACE_STYLE_FILL_AREA(#11341);
#11341 = FILL_AREA_STYLE('',(#11342));
#11342 = FILL_AREA_STYLE_COLOUR('',#10858);
#11343 = STYLED_ITEM('color',(#11344),#4018);
#11344 = PRESENTATION_STYLE_ASSIGNMENT((#11345));
#11345 = SURFACE_STYLE_USAGE(.BOTH.,#11346);
#11346 = SURFACE_SIDE_STYLE('',(#11347));
#11347 = SURFACE_STYLE_FILL_AREA(#11348);
#11348 = FILL_AREA_STYLE('',(#11349));
#11349 = FILL_AREA_STYLE_COLOUR('',#10858);
#11350 = STYLED_ITEM('color',(#11351),#4035);
#11351 = PRESENTATION_STYLE_ASSIGNMENT((#11352));
#11352 = SURFACE_STYLE_USAGE(.BOTH.,#11353);
#11353 = SURFACE_SIDE_STYLE('',(#11354));
#11354 = SURFACE_STYLE_FILL_AREA(#11355);
#11355 = FILL_AREA_STYLE('',(#11356));
#11356 = FILL_AREA_STYLE_COLOUR('',#10858);
#11357 = STYLED_ITEM('color',(#11358),#4047);
#11358 = PRESENTATION_STYLE_ASSIGNMENT((#11359));
#11359 = SURFACE_STYLE_USAGE(.BOTH.,#11360);
#11360 = SURFACE_SIDE_STYLE('',(#11361));
#11361 = SURFACE_STYLE_FILL_AREA(#11362);
#11362 = FILL_AREA_STYLE('',(#11363));
#11363 = FILL_AREA_STYLE_COLOUR('',#10858);
#11364 = STYLED_ITEM('color',(#11365),#4069);
#11365 = PRESENTATION_STYLE_ASSIGNMENT((#11366));
#11366 = SURFACE_STYLE_USAGE(.BOTH.,#11367);
#11367 = SURFACE_SIDE_STYLE('',(#11368));
#11368 = SURFACE_STYLE_FILL_AREA(#11369);
#11369 = FILL_AREA_STYLE('',(#11370));
#11370 = FILL_AREA_STYLE_COLOUR('',#10858);
#11371 = STYLED_ITEM('color',(#11372),#4086);
#11372 = PRESENTATION_STYLE_ASSIGNMENT((#11373));
#11373 = SURFACE_STYLE_USAGE(.BOTH.,#11374);
#11374 = SURFACE_SIDE_STYLE('',(#11375));
#11375 = SURFACE_STYLE_FILL_AREA(#11376);
#11376 = FILL_AREA_STYLE('',(#11377));
#11377 = FILL_AREA_STYLE_COLOUR('',#10858);
#11378 = STYLED_ITEM('color',(#11379),#4103);
#11379 = PRESENTATION_STYLE_ASSIGNMENT((#11380));
#11380 = SURFACE_STYLE_USAGE(.BOTH.,#11381);
#11381 = SURFACE_SIDE_STYLE('',(#11382));
#11382 = SURFACE_STYLE_FILL_AREA(#11383);
#11383 = FILL_AREA_STYLE('',(#11384));
#11384 = FILL_AREA_STYLE_COLOUR('',#10858);
#11385 = STYLED_ITEM('color',(#11386),#4115);
#11386 = PRESENTATION_STYLE_ASSIGNMENT((#11387));
#11387 = SURFACE_STYLE_USAGE(.BOTH.,#11388);
#11388 = SURFACE_SIDE_STYLE('',(#11389));
#11389 = SURFACE_STYLE_FILL_AREA(#11390);
#11390 = FILL_AREA_STYLE('',(#11391));
#11391 = FILL_AREA_STYLE_COLOUR('',#11279);
#11392 = STYLED_ITEM('color',(#11393),#4146);
#11393 = PRESENTATION_STYLE_ASSIGNMENT((#11394));
#11394 = SURFACE_STYLE_USAGE(.BOTH.,#11395);
#11395 = SURFACE_SIDE_STYLE('',(#11396));
#11396 = SURFACE_STYLE_FILL_AREA(#11397);
#11397 = FILL_AREA_STYLE('',(#11398));
#11398 = FILL_AREA_STYLE_COLOUR('',#11279);
#11399 = STYLED_ITEM('color',(#11400),#4170);
#11400 = PRESENTATION_STYLE_ASSIGNMENT((#11401));
#11401 = SURFACE_STYLE_USAGE(.BOTH.,#11402);
#11402 = SURFACE_SIDE_STYLE('',(#11403));
#11403 = SURFACE_STYLE_FILL_AREA(#11404);
#11404 = FILL_AREA_STYLE('',(#11405));
#11405 = FILL_AREA_STYLE_COLOUR('',#11279);
#11406 = STYLED_ITEM('color',(#11407),#4194);
#11407 = PRESENTATION_STYLE_ASSIGNMENT((#11408));
#11408 = SURFACE_STYLE_USAGE(.BOTH.,#11409);
#11409 = SURFACE_SIDE_STYLE('',(#11410));
#11410 = SURFACE_STYLE_FILL_AREA(#11411);
#11411 = FILL_AREA_STYLE('',(#11412));
#11412 = FILL_AREA_STYLE_COLOUR('',#11279);
#11413 = STYLED_ITEM('color',(#11414),#4211);
#11414 = PRESENTATION_STYLE_ASSIGNMENT((#11415));
#11415 = SURFACE_STYLE_USAGE(.BOTH.,#11416);
#11416 = SURFACE_SIDE_STYLE('',(#11417));
#11417 = SURFACE_STYLE_FILL_AREA(#11418);
#11418 = FILL_AREA_STYLE('',(#11419));
#11419 = FILL_AREA_STYLE_COLOUR('',#10858);
#11420 = STYLED_ITEM('color',(#11421),#4233);
#11421 = PRESENTATION_STYLE_ASSIGNMENT((#11422));
#11422 = SURFACE_STYLE_USAGE(.BOTH.,#11423);
#11423 = SURFACE_SIDE_STYLE('',(#11424));
#11424 = SURFACE_STYLE_FILL_AREA(#11425);
#11425 = FILL_AREA_STYLE('',(#11426));
#11426 = FILL_AREA_STYLE_COLOUR('',#10858);
#11427 = STYLED_ITEM('color',(#11428),#4250);
#11428 = PRESENTATION_STYLE_ASSIGNMENT((#11429));
#11429 = SURFACE_STYLE_USAGE(.BOTH.,#11430);
#11430 = SURFACE_SIDE_STYLE('',(#11431));
#11431 = SURFACE_STYLE_FILL_AREA(#11432);
#11432 = FILL_AREA_STYLE('',(#11433));
#11433 = FILL_AREA_STYLE_COLOUR('',#10858);
#11434 = STYLED_ITEM('color',(#11435),#4267);
#11435 = PRESENTATION_STYLE_ASSIGNMENT((#11436));
#11436 = SURFACE_STYLE_USAGE(.BOTH.,#11437);
#11437 = SURFACE_SIDE_STYLE('',(#11438));
#11438 = SURFACE_STYLE_FILL_AREA(#11439);
#11439 = FILL_AREA_STYLE('',(#11440));
#11440 = FILL_AREA_STYLE_COLOUR('',#10858);
#11441 = STYLED_ITEM('color',(#11442),#4279);
#11442 = PRESENTATION_STYLE_ASSIGNMENT((#11443));
#11443 = SURFACE_STYLE_USAGE(.BOTH.,#11444);
#11444 = SURFACE_SIDE_STYLE('',(#11445));
#11445 = SURFACE_STYLE_FILL_AREA(#11446);
#11446 = FILL_AREA_STYLE('',(#11447));
#11447 = FILL_AREA_STYLE_COLOUR('',#10858);
#11448 = STYLED_ITEM('color',(#11449),#4301);
#11449 = PRESENTATION_STYLE_ASSIGNMENT((#11450));
#11450 = SURFACE_STYLE_USAGE(.BOTH.,#11451);
#11451 = SURFACE_SIDE_STYLE('',(#11452));
#11452 = SURFACE_STYLE_FILL_AREA(#11453);
#11453 = FILL_AREA_STYLE('',(#11454));
#11454 = FILL_AREA_STYLE_COLOUR('',#10858);
#11455 = STYLED_ITEM('color',(#11456),#4318);
#11456 = PRESENTATION_STYLE_ASSIGNMENT((#11457));
#11457 = SURFACE_STYLE_USAGE(.BOTH.,#11458);
#11458 = SURFACE_SIDE_STYLE('',(#11459));
#11459 = SURFACE_STYLE_FILL_AREA(#11460);
#11460 = FILL_AREA_STYLE('',(#11461));
#11461 = FILL_AREA_STYLE_COLOUR('',#10858);
#11462 = STYLED_ITEM('color',(#11463),#4335);
#11463 = PRESENTATION_STYLE_ASSIGNMENT((#11464));
#11464 = SURFACE_STYLE_USAGE(.BOTH.,#11465);
#11465 = SURFACE_SIDE_STYLE('',(#11466));
#11466 = SURFACE_STYLE_FILL_AREA(#11467);
#11467 = FILL_AREA_STYLE('',(#11468));
#11468 = FILL_AREA_STYLE_COLOUR('',#10858);
#11469 = STYLED_ITEM('color',(#11470),#4347);
#11470 = PRESENTATION_STYLE_ASSIGNMENT((#11471));
#11471 = SURFACE_STYLE_USAGE(.BOTH.,#11472);
#11472 = SURFACE_SIDE_STYLE('',(#11473));
#11473 = SURFACE_STYLE_FILL_AREA(#11474);
#11474 = FILL_AREA_STYLE('',(#11475));
#11475 = FILL_AREA_STYLE_COLOUR('',#11279);
#11476 = STYLED_ITEM('color',(#11477),#4378);
#11477 = PRESENTATION_STYLE_ASSIGNMENT((#11478));
#11478 = SURFACE_STYLE_USAGE(.BOTH.,#11479);
#11479 = SURFACE_SIDE_STYLE('',(#11480));
#11480 = SURFACE_STYLE_FILL_AREA(#11481);
#11481 = FILL_AREA_STYLE('',(#11482));
#11482 = FILL_AREA_STYLE_COLOUR('',#11279);
#11483 = STYLED_ITEM('color',(#11484),#4402);
#11484 = PRESENTATION_STYLE_ASSIGNMENT((#11485));
#11485 = SURFACE_STYLE_USAGE(.BOTH.,#11486);
#11486 = SURFACE_SIDE_STYLE('',(#11487));
#11487 = SURFACE_STYLE_FILL_AREA(#11488);
#11488 = FILL_AREA_STYLE('',(#11489));
#11489 = FILL_AREA_STYLE_COLOUR('',#11279);
#11490 = STYLED_ITEM('color',(#11491),#4426);
#11491 = PRESENTATION_STYLE_ASSIGNMENT((#11492));
#11492 = SURFACE_STYLE_USAGE(.BOTH.,#11493);
#11493 = SURFACE_SIDE_STYLE('',(#11494));
#11494 = SURFACE_STYLE_FILL_AREA(#11495);
#11495 = FILL_AREA_STYLE('',(#11496));
#11496 = FILL_AREA_STYLE_COLOUR('',#11279);
#11497 = STYLED_ITEM('color',(#11498),#4443);
#11498 = PRESENTATION_STYLE_ASSIGNMENT((#11499));
#11499 = SURFACE_STYLE_USAGE(.BOTH.,#11500);
#11500 = SURFACE_SIDE_STYLE('',(#11501));
#11501 = SURFACE_STYLE_FILL_AREA(#11502);
#11502 = FILL_AREA_STYLE('',(#11503));
#11503 = FILL_AREA_STYLE_COLOUR('',#11279);
#11504 = STYLED_ITEM('color',(#11505),#4474);
#11505 = PRESENTATION_STYLE_ASSIGNMENT((#11506));
#11506 = SURFACE_STYLE_USAGE(.BOTH.,#11507);
#11507 = SURFACE_SIDE_STYLE('',(#11508));
#11508 = SURFACE_STYLE_FILL_AREA(#11509);
#11509 = FILL_AREA_STYLE('',(#11510));
#11510 = FILL_AREA_STYLE_COLOUR('',#11279);
#11511 = STYLED_ITEM('color',(#11512),#4498);
#11512 = PRESENTATION_STYLE_ASSIGNMENT((#11513));
#11513 = SURFACE_STYLE_USAGE(.BOTH.,#11514);
#11514 = SURFACE_SIDE_STYLE('',(#11515));
#11515 = SURFACE_STYLE_FILL_AREA(#11516);
#11516 = FILL_AREA_STYLE('',(#11517));
#11517 = FILL_AREA_STYLE_COLOUR('',#11279);
#11518 = STYLED_ITEM('color',(#11519),#4522);
#11519 = PRESENTATION_STYLE_ASSIGNMENT((#11520));
#11520 = SURFACE_STYLE_USAGE(.BOTH.,#11521);
#11521 = SURFACE_SIDE_STYLE('',(#11522));
#11522 = SURFACE_STYLE_FILL_AREA(#11523);
#11523 = FILL_AREA_STYLE('',(#11524));
#11524 = FILL_AREA_STYLE_COLOUR('',#11279);
#11525 = STYLED_ITEM('color',(#11526),#4539);
#11526 = PRESENTATION_STYLE_ASSIGNMENT((#11527));
#11527 = SURFACE_STYLE_USAGE(.BOTH.,#11528);
#11528 = SURFACE_SIDE_STYLE('',(#11529));
#11529 = SURFACE_STYLE_FILL_AREA(#11530);
#11530 = FILL_AREA_STYLE('',(#11531));
#11531 = FILL_AREA_STYLE_COLOUR('',#11279);
#11532 = STYLED_ITEM('color',(#11533),#4570);
#11533 = PRESENTATION_STYLE_ASSIGNMENT((#11534));
#11534 = SURFACE_STYLE_USAGE(.BOTH.,#11535);
#11535 = SURFACE_SIDE_STYLE('',(#11536));
#11536 = SURFACE_STYLE_FILL_AREA(#11537);
#11537 = FILL_AREA_STYLE('',(#11538));
#11538 = FILL_AREA_STYLE_COLOUR('',#11279);
#11539 = STYLED_ITEM('color',(#11540),#4594);
#11540 = PRESENTATION_STYLE_ASSIGNMENT((#11541));
#11541 = SURFACE_STYLE_USAGE(.BOTH.,#11542);
#11542 = SURFACE_SIDE_STYLE('',(#11543));
#11543 = SURFACE_STYLE_FILL_AREA(#11544);
#11544 = FILL_AREA_STYLE('',(#11545));
#11545 = FILL_AREA_STYLE_COLOUR('',#11279);
#11546 = STYLED_ITEM('color',(#11547),#4618);
#11547 = PRESENTATION_STYLE_ASSIGNMENT((#11548));
#11548 = SURFACE_STYLE_USAGE(.BOTH.,#11549);
#11549 = SURFACE_SIDE_STYLE('',(#11550));
#11550 = SURFACE_STYLE_FILL_AREA(#11551);
#11551 = FILL_AREA_STYLE('',(#11552));
#11552 = FILL_AREA_STYLE_COLOUR('',#11279);
#11553 = STYLED_ITEM('color',(#11554),#4635);
#11554 = PRESENTATION_STYLE_ASSIGNMENT((#11555));
#11555 = SURFACE_STYLE_USAGE(.BOTH.,#11556);
#11556 = SURFACE_SIDE_STYLE('',(#11557));
#11557 = SURFACE_STYLE_FILL_AREA(#11558);
#11558 = FILL_AREA_STYLE('',(#11559));
#11559 = FILL_AREA_STYLE_COLOUR('',#10858);
#11560 = STYLED_ITEM('color',(#11561),#4657);
#11561 = PRESENTATION_STYLE_ASSIGNMENT((#11562));
#11562 = SURFACE_STYLE_USAGE(.BOTH.,#11563);
#11563 = SURFACE_SIDE_STYLE('',(#11564));
#11564 = SURFACE_STYLE_FILL_AREA(#11565);
#11565 = FILL_AREA_STYLE('',(#11566));
#11566 = FILL_AREA_STYLE_COLOUR('',#10858);
#11567 = STYLED_ITEM('color',(#11568),#4674);
#11568 = PRESENTATION_STYLE_ASSIGNMENT((#11569));
#11569 = SURFACE_STYLE_USAGE(.BOTH.,#11570);
#11570 = SURFACE_SIDE_STYLE('',(#11571));
#11571 = SURFACE_STYLE_FILL_AREA(#11572);
#11572 = FILL_AREA_STYLE('',(#11573));
#11573 = FILL_AREA_STYLE_COLOUR('',#10858);
#11574 = STYLED_ITEM('color',(#11575),#4691);
#11575 = PRESENTATION_STYLE_ASSIGNMENT((#11576));
#11576 = SURFACE_STYLE_USAGE(.BOTH.,#11577);
#11577 = SURFACE_SIDE_STYLE('',(#11578));
#11578 = SURFACE_STYLE_FILL_AREA(#11579);
#11579 = FILL_AREA_STYLE('',(#11580));
#11580 = FILL_AREA_STYLE_COLOUR('',#10858);
#11581 = STYLED_ITEM('color',(#11582),#4703);
#11582 = PRESENTATION_STYLE_ASSIGNMENT((#11583));
#11583 = SURFACE_STYLE_USAGE(.BOTH.,#11584);
#11584 = SURFACE_SIDE_STYLE('',(#11585));
#11585 = SURFACE_STYLE_FILL_AREA(#11586);
#11586 = FILL_AREA_STYLE('',(#11587));
#11587 = FILL_AREA_STYLE_COLOUR('',#10858);
#11588 = STYLED_ITEM('color',(#11589),#4725);
#11589 = PRESENTATION_STYLE_ASSIGNMENT((#11590));
#11590 = SURFACE_STYLE_USAGE(.BOTH.,#11591);
#11591 = SURFACE_SIDE_STYLE('',(#11592));
#11592 = SURFACE_STYLE_FILL_AREA(#11593);
#11593 = FILL_AREA_STYLE('',(#11594));
#11594 = FILL_AREA_STYLE_COLOUR('',#10858);
#11595 = STYLED_ITEM('color',(#11596),#4742);
#11596 = PRESENTATION_STYLE_ASSIGNMENT((#11597));
#11597 = SURFACE_STYLE_USAGE(.BOTH.,#11598);
#11598 = SURFACE_SIDE_STYLE('',(#11599));
#11599 = SURFACE_STYLE_FILL_AREA(#11600);
#11600 = FILL_AREA_STYLE('',(#11601));
#11601 = FILL_AREA_STYLE_COLOUR('',#10858);
#11602 = STYLED_ITEM('color',(#11603),#4759);
#11603 = PRESENTATION_STYLE_ASSIGNMENT((#11604));
#11604 = SURFACE_STYLE_USAGE(.BOTH.,#11605);
#11605 = SURFACE_SIDE_STYLE('',(#11606));
#11606 = SURFACE_STYLE_FILL_AREA(#11607);
#11607 = FILL_AREA_STYLE('',(#11608));
#11608 = FILL_AREA_STYLE_COLOUR('',#10858);
#11609 = STYLED_ITEM('color',(#11610),#4771);
#11610 = PRESENTATION_STYLE_ASSIGNMENT((#11611));
#11611 = SURFACE_STYLE_USAGE(.BOTH.,#11612);
#11612 = SURFACE_SIDE_STYLE('',(#11613));
#11613 = SURFACE_STYLE_FILL_AREA(#11614);
#11614 = FILL_AREA_STYLE('',(#11615));
#11615 = FILL_AREA_STYLE_COLOUR('',#11279);
#11616 = STYLED_ITEM('color',(#11617),#4802);
#11617 = PRESENTATION_STYLE_ASSIGNMENT((#11618));
#11618 = SURFACE_STYLE_USAGE(.BOTH.,#11619);
#11619 = SURFACE_SIDE_STYLE('',(#11620));
#11620 = SURFACE_STYLE_FILL_AREA(#11621);
#11621 = FILL_AREA_STYLE('',(#11622));
#11622 = FILL_AREA_STYLE_COLOUR('',#11279);
#11623 = STYLED_ITEM('color',(#11624),#4826);
#11624 = PRESENTATION_STYLE_ASSIGNMENT((#11625));
#11625 = SURFACE_STYLE_USAGE(.BOTH.,#11626);
#11626 = SURFACE_SIDE_STYLE('',(#11627));
#11627 = SURFACE_STYLE_FILL_AREA(#11628);
#11628 = FILL_AREA_STYLE('',(#11629));
#11629 = FILL_AREA_STYLE_COLOUR('',#11279);
#11630 = STYLED_ITEM('color',(#11631),#4850);
#11631 = PRESENTATION_STYLE_ASSIGNMENT((#11632));
#11632 = SURFACE_STYLE_USAGE(.BOTH.,#11633);
#11633 = SURFACE_SIDE_STYLE('',(#11634));
#11634 = SURFACE_STYLE_FILL_AREA(#11635);
#11635 = FILL_AREA_STYLE('',(#11636));
#11636 = FILL_AREA_STYLE_COLOUR('',#11279);
#11637 = STYLED_ITEM('color',(#11638),#4867);
#11638 = PRESENTATION_STYLE_ASSIGNMENT((#11639));
#11639 = SURFACE_STYLE_USAGE(.BOTH.,#11640);
#11640 = SURFACE_SIDE_STYLE('',(#11641));
#11641 = SURFACE_STYLE_FILL_AREA(#11642);
#11642 = FILL_AREA_STYLE('',(#11643));
#11643 = FILL_AREA_STYLE_COLOUR('',#11279);
#11644 = STYLED_ITEM('color',(#11645),#4898);
#11645 = PRESENTATION_STYLE_ASSIGNMENT((#11646));
#11646 = SURFACE_STYLE_USAGE(.BOTH.,#11647);
#11647 = SURFACE_SIDE_STYLE('',(#11648));
#11648 = SURFACE_STYLE_FILL_AREA(#11649);
#11649 = FILL_AREA_STYLE('',(#11650));
#11650 = FILL_AREA_STYLE_COLOUR('',#11279);
#11651 = STYLED_ITEM('color',(#11652),#4922);
#11652 = PRESENTATION_STYLE_ASSIGNMENT((#11653));
#11653 = SURFACE_STYLE_USAGE(.BOTH.,#11654);
#11654 = SURFACE_SIDE_STYLE('',(#11655));
#11655 = SURFACE_STYLE_FILL_AREA(#11656);
#11656 = FILL_AREA_STYLE('',(#11657));
#11657 = FILL_AREA_STYLE_COLOUR('',#11279);
#11658 = STYLED_ITEM('color',(#11659),#4946);
#11659 = PRESENTATION_STYLE_ASSIGNMENT((#11660));
#11660 = SURFACE_STYLE_USAGE(.BOTH.,#11661);
#11661 = SURFACE_SIDE_STYLE('',(#11662));
#11662 = SURFACE_STYLE_FILL_AREA(#11663);
#11663 = FILL_AREA_STYLE('',(#11664));
#11664 = FILL_AREA_STYLE_COLOUR('',#11279);
#11665 = STYLED_ITEM('color',(#11666),#4963);
#11666 = PRESENTATION_STYLE_ASSIGNMENT((#11667));
#11667 = SURFACE_STYLE_USAGE(.BOTH.,#11668);
#11668 = SURFACE_SIDE_STYLE('',(#11669));
#11669 = SURFACE_STYLE_FILL_AREA(#11670);
#11670 = FILL_AREA_STYLE('',(#11671));
#11671 = FILL_AREA_STYLE_COLOUR('',#10858);
#11672 = STYLED_ITEM('color',(#11673),#4985);
#11673 = PRESENTATION_STYLE_ASSIGNMENT((#11674));
#11674 = SURFACE_STYLE_USAGE(.BOTH.,#11675);
#11675 = SURFACE_SIDE_STYLE('',(#11676));
#11676 = SURFACE_STYLE_FILL_AREA(#11677);
#11677 = FILL_AREA_STYLE('',(#11678));
#11678 = FILL_AREA_STYLE_COLOUR('',#10858);
#11679 = STYLED_ITEM('color',(#11680),#5002);
#11680 = PRESENTATION_STYLE_ASSIGNMENT((#11681));
#11681 = SURFACE_STYLE_USAGE(.BOTH.,#11682);
#11682 = SURFACE_SIDE_STYLE('',(#11683));
#11683 = SURFACE_STYLE_FILL_AREA(#11684);
#11684 = FILL_AREA_STYLE('',(#11685));
#11685 = FILL_AREA_STYLE_COLOUR('',#10858);
#11686 = STYLED_ITEM('color',(#11687),#5019);
#11687 = PRESENTATION_STYLE_ASSIGNMENT((#11688));
#11688 = SURFACE_STYLE_USAGE(.BOTH.,#11689);
#11689 = SURFACE_SIDE_STYLE('',(#11690));
#11690 = SURFACE_STYLE_FILL_AREA(#11691);
#11691 = FILL_AREA_STYLE('',(#11692));
#11692 = FILL_AREA_STYLE_COLOUR('',#10858);
#11693 = STYLED_ITEM('color',(#11694),#5031);
#11694 = PRESENTATION_STYLE_ASSIGNMENT((#11695));
#11695 = SURFACE_STYLE_USAGE(.BOTH.,#11696);
#11696 = SURFACE_SIDE_STYLE('',(#11697));
#11697 = SURFACE_STYLE_FILL_AREA(#11698);
#11698 = FILL_AREA_STYLE('',(#11699));
#11699 = FILL_AREA_STYLE_COLOUR('',#11279);
#11700 = STYLED_ITEM('color',(#11701),#5062);
#11701 = PRESENTATION_STYLE_ASSIGNMENT((#11702));
#11702 = SURFACE_STYLE_USAGE(.BOTH.,#11703);
#11703 = SURFACE_SIDE_STYLE('',(#11704));
#11704 = SURFACE_STYLE_FILL_AREA(#11705);
#11705 = FILL_AREA_STYLE('',(#11706));
#11706 = FILL_AREA_STYLE_COLOUR('',#11279);
#11707 = STYLED_ITEM('color',(#11708),#5086);
#11708 = PRESENTATION_STYLE_ASSIGNMENT((#11709));
#11709 = SURFACE_STYLE_USAGE(.BOTH.,#11710);
#11710 = SURFACE_SIDE_STYLE('',(#11711));
#11711 = SURFACE_STYLE_FILL_AREA(#11712);
#11712 = FILL_AREA_STYLE('',(#11713));
#11713 = FILL_AREA_STYLE_COLOUR('',#11279);
#11714 = STYLED_ITEM('color',(#11715),#5110);
#11715 = PRESENTATION_STYLE_ASSIGNMENT((#11716));
#11716 = SURFACE_STYLE_USAGE(.BOTH.,#11717);
#11717 = SURFACE_SIDE_STYLE('',(#11718));
#11718 = SURFACE_STYLE_FILL_AREA(#11719);
#11719 = FILL_AREA_STYLE('',(#11720));
#11720 = FILL_AREA_STYLE_COLOUR('',#11279);
#11721 = STYLED_ITEM('color',(#11722),#5127);
#11722 = PRESENTATION_STYLE_ASSIGNMENT((#11723));
#11723 = SURFACE_STYLE_USAGE(.BOTH.,#11724);
#11724 = SURFACE_SIDE_STYLE('',(#11725));
#11725 = SURFACE_STYLE_FILL_AREA(#11726);
#11726 = FILL_AREA_STYLE('',(#11727));
#11727 = FILL_AREA_STYLE_COLOUR('',#10858);
#11728 = STYLED_ITEM('color',(#11729),#5149);
#11729 = PRESENTATION_STYLE_ASSIGNMENT((#11730));
#11730 = SURFACE_STYLE_USAGE(.BOTH.,#11731);
#11731 = SURFACE_SIDE_STYLE('',(#11732));
#11732 = SURFACE_STYLE_FILL_AREA(#11733);
#11733 = FILL_AREA_STYLE('',(#11734));
#11734 = FILL_AREA_STYLE_COLOUR('',#10858);
#11735 = STYLED_ITEM('color',(#11736),#5166);
#11736 = PRESENTATION_STYLE_ASSIGNMENT((#11737));
#11737 = SURFACE_STYLE_USAGE(.BOTH.,#11738);
#11738 = SURFACE_SIDE_STYLE('',(#11739));
#11739 = SURFACE_STYLE_FILL_AREA(#11740);
#11740 = FILL_AREA_STYLE('',(#11741));
#11741 = FILL_AREA_STYLE_COLOUR('',#10858);
#11742 = STYLED_ITEM('color',(#11743),#5183);
#11743 = PRESENTATION_STYLE_ASSIGNMENT((#11744));
#11744 = SURFACE_STYLE_USAGE(.BOTH.,#11745);
#11745 = SURFACE_SIDE_STYLE('',(#11746));
#11746 = SURFACE_STYLE_FILL_AREA(#11747);
#11747 = FILL_AREA_STYLE('',(#11748));
#11748 = FILL_AREA_STYLE_COLOUR('',#10858);
#11749 = STYLED_ITEM('color',(#11750),#5195);
#11750 = PRESENTATION_STYLE_ASSIGNMENT((#11751));
#11751 = SURFACE_STYLE_USAGE(.BOTH.,#11752);
#11752 = SURFACE_SIDE_STYLE('',(#11753));
#11753 = SURFACE_STYLE_FILL_AREA(#11754);
#11754 = FILL_AREA_STYLE('',(#11755));
#11755 = FILL_AREA_STYLE_COLOUR('',#11279);
#11756 = STYLED_ITEM('color',(#11757),#5226);
#11757 = PRESENTATION_STYLE_ASSIGNMENT((#11758));
#11758 = SURFACE_STYLE_USAGE(.BOTH.,#11759);
#11759 = SURFACE_SIDE_STYLE('',(#11760));
#11760 = SURFACE_STYLE_FILL_AREA(#11761);
#11761 = FILL_AREA_STYLE('',(#11762));
#11762 = FILL_AREA_STYLE_COLOUR('',#11279);
#11763 = STYLED_ITEM('color',(#11764),#5250);
#11764 = PRESENTATION_STYLE_ASSIGNMENT((#11765));
#11765 = SURFACE_STYLE_USAGE(.BOTH.,#11766);
#11766 = SURFACE_SIDE_STYLE('',(#11767));
#11767 = SURFACE_STYLE_FILL_AREA(#11768);
#11768 = FILL_AREA_STYLE('',(#11769));
#11769 = FILL_AREA_STYLE_COLOUR('',#11279);
#11770 = STYLED_ITEM('color',(#11771),#5274);
#11771 = PRESENTATION_STYLE_ASSIGNMENT((#11772));
#11772 = SURFACE_STYLE_USAGE(.BOTH.,#11773);
#11773 = SURFACE_SIDE_STYLE('',(#11774));
#11774 = SURFACE_STYLE_FILL_AREA(#11775);
#11775 = FILL_AREA_STYLE('',(#11776));
#11776 = FILL_AREA_STYLE_COLOUR('',#11279);
#11777 = STYLED_ITEM('color',(#11778),#5291);
#11778 = PRESENTATION_STYLE_ASSIGNMENT((#11779));
#11779 = SURFACE_STYLE_USAGE(.BOTH.,#11780);
#11780 = SURFACE_SIDE_STYLE('',(#11781));
#11781 = SURFACE_STYLE_FILL_AREA(#11782);
#11782 = FILL_AREA_STYLE('',(#11783));
#11783 = FILL_AREA_STYLE_COLOUR('',#11279);
#11784 = STYLED_ITEM('color',(#11785),#5322);
#11785 = PRESENTATION_STYLE_ASSIGNMENT((#11786));
#11786 = SURFACE_STYLE_USAGE(.BOTH.,#11787);
#11787 = SURFACE_SIDE_STYLE('',(#11788));
#11788 = SURFACE_STYLE_FILL_AREA(#11789);
#11789 = FILL_AREA_STYLE('',(#11790));
#11790 = FILL_AREA_STYLE_COLOUR('',#11279);
#11791 = STYLED_ITEM('color',(#11792),#5346);
#11792 = PRESENTATION_STYLE_ASSIGNMENT((#11793));
#11793 = SURFACE_STYLE_USAGE(.BOTH.,#11794);
#11794 = SURFACE_SIDE_STYLE('',(#11795));
#11795 = SURFACE_STYLE_FILL_AREA(#11796);
#11796 = FILL_AREA_STYLE('',(#11797));
#11797 = FILL_AREA_STYLE_COLOUR('',#11279);
#11798 = STYLED_ITEM('color',(#11799),#5370);
#11799 = PRESENTATION_STYLE_ASSIGNMENT((#11800));
#11800 = SURFACE_STYLE_USAGE(.BOTH.,#11801);
#11801 = SURFACE_SIDE_STYLE('',(#11802));
#11802 = SURFACE_STYLE_FILL_AREA(#11803);
#11803 = FILL_AREA_STYLE('',(#11804));
#11804 = FILL_AREA_STYLE_COLOUR('',#11279);
#11805 = STYLED_ITEM('color',(#11806),#5387);
#11806 = PRESENTATION_STYLE_ASSIGNMENT((#11807));
#11807 = SURFACE_STYLE_USAGE(.BOTH.,#11808);
#11808 = SURFACE_SIDE_STYLE('',(#11809));
#11809 = SURFACE_STYLE_FILL_AREA(#11810);
#11810 = FILL_AREA_STYLE('',(#11811));
#11811 = FILL_AREA_STYLE_COLOUR('',#11279);
#11812 = STYLED_ITEM('color',(#11813),#5418);
#11813 = PRESENTATION_STYLE_ASSIGNMENT((#11814));
#11814 = SURFACE_STYLE_USAGE(.BOTH.,#11815);
#11815 = SURFACE_SIDE_STYLE('',(#11816));
#11816 = SURFACE_STYLE_FILL_AREA(#11817);
#11817 = FILL_AREA_STYLE('',(#11818));
#11818 = FILL_AREA_STYLE_COLOUR('',#11279);
#11819 = STYLED_ITEM('color',(#11820),#5442);
#11820 = PRESENTATION_STYLE_ASSIGNMENT((#11821));
#11821 = SURFACE_STYLE_USAGE(.BOTH.,#11822);
#11822 = SURFACE_SIDE_STYLE('',(#11823));
#11823 = SURFACE_STYLE_FILL_AREA(#11824);
#11824 = FILL_AREA_STYLE('',(#11825));
#11825 = FILL_AREA_STYLE_COLOUR('',#11279);
#11826 = STYLED_ITEM('color',(#11827),#5466);
#11827 = PRESENTATION_STYLE_ASSIGNMENT((#11828));
#11828 = SURFACE_STYLE_USAGE(.BOTH.,#11829);
#11829 = SURFACE_SIDE_STYLE('',(#11830));
#11830 = SURFACE_STYLE_FILL_AREA(#11831);
#11831 = FILL_AREA_STYLE('',(#11832));
#11832 = FILL_AREA_STYLE_COLOUR('',#11279);
#11833 = STYLED_ITEM('color',(#11834),#5483);
#11834 = PRESENTATION_STYLE_ASSIGNMENT((#11835));
#11835 = SURFACE_STYLE_USAGE(.BOTH.,#11836);
#11836 = SURFACE_SIDE_STYLE('',(#11837));
#11837 = SURFACE_STYLE_FILL_AREA(#11838);
#11838 = FILL_AREA_STYLE('',(#11839));
#11839 = FILL_AREA_STYLE_COLOUR('',#11279);
#11840 = STYLED_ITEM('color',(#11841),#5514);
#11841 = PRESENTATION_STYLE_ASSIGNMENT((#11842));
#11842 = SURFACE_STYLE_USAGE(.BOTH.,#11843);
#11843 = SURFACE_SIDE_STYLE('',(#11844));
#11844 = SURFACE_STYLE_FILL_AREA(#11845);
#11845 = FILL_AREA_STYLE('',(#11846));
#11846 = FILL_AREA_STYLE_COLOUR('',#11279);
#11847 = STYLED_ITEM('color',(#11848),#5538);
#11848 = PRESENTATION_STYLE_ASSIGNMENT((#11849));
#11849 = SURFACE_STYLE_USAGE(.BOTH.,#11850);
#11850 = SURFACE_SIDE_STYLE('',(#11851));
#11851 = SURFACE_STYLE_FILL_AREA(#11852);
#11852 = FILL_AREA_STYLE('',(#11853));
#11853 = FILL_AREA_STYLE_COLOUR('',#11279);
#11854 = STYLED_ITEM('color',(#11855),#5562);
#11855 = PRESENTATION_STYLE_ASSIGNMENT((#11856));
#11856 = SURFACE_STYLE_USAGE(.BOTH.,#11857);
#11857 = SURFACE_SIDE_STYLE('',(#11858));
#11858 = SURFACE_STYLE_FILL_AREA(#11859);
#11859 = FILL_AREA_STYLE('',(#11860));
#11860 = FILL_AREA_STYLE_COLOUR('',#11279);
#11861 = STYLED_ITEM('color',(#11862),#5579);
#11862 = PRESENTATION_STYLE_ASSIGNMENT((#11863));
#11863 = SURFACE_STYLE_USAGE(.BOTH.,#11864);
#11864 = SURFACE_SIDE_STYLE('',(#11865));
#11865 = SURFACE_STYLE_FILL_AREA(#11866);
#11866 = FILL_AREA_STYLE('',(#11867));
#11867 = FILL_AREA_STYLE_COLOUR('',#11279);
#11868 = STYLED_ITEM('color',(#11869),#5610);
#11869 = PRESENTATION_STYLE_ASSIGNMENT((#11870));
#11870 = SURFACE_STYLE_USAGE(.BOTH.,#11871);
#11871 = SURFACE_SIDE_STYLE('',(#11872));
#11872 = SURFACE_STYLE_FILL_AREA(#11873);
#11873 = FILL_AREA_STYLE('',(#11874));
#11874 = FILL_AREA_STYLE_COLOUR('',#11279);
#11875 = STYLED_ITEM('color',(#11876),#5634);
#11876 = PRESENTATION_STYLE_ASSIGNMENT((#11877));
#11877 = SURFACE_STYLE_USAGE(.BOTH.,#11878);
#11878 = SURFACE_SIDE_STYLE('',(#11879));
#11879 = SURFACE_STYLE_FILL_AREA(#11880);
#11880 = FILL_AREA_STYLE('',(#11881));
#11881 = FILL_AREA_STYLE_COLOUR('',#11279);
#11882 = STYLED_ITEM('color',(#11883),#5658);
#11883 = PRESENTATION_STYLE_ASSIGNMENT((#11884));
#11884 = SURFACE_STYLE_USAGE(.BOTH.,#11885);
#11885 = SURFACE_SIDE_STYLE('',(#11886));
#11886 = SURFACE_STYLE_FILL_AREA(#11887);
#11887 = FILL_AREA_STYLE('',(#11888));
#11888 = FILL_AREA_STYLE_COLOUR('',#11279);
#11889 = STYLED_ITEM('color',(#11890),#5675);
#11890 = PRESENTATION_STYLE_ASSIGNMENT((#11891));
#11891 = SURFACE_STYLE_USAGE(.BOTH.,#11892);
#11892 = SURFACE_SIDE_STYLE('',(#11893));
#11893 = SURFACE_STYLE_FILL_AREA(#11894);
#11894 = FILL_AREA_STYLE('',(#11895));
#11895 = FILL_AREA_STYLE_COLOUR('',#11279);
#11896 = STYLED_ITEM('color',(#11897),#5706);
#11897 = PRESENTATION_STYLE_ASSIGNMENT((#11898));
#11898 = SURFACE_STYLE_USAGE(.BOTH.,#11899);
#11899 = SURFACE_SIDE_STYLE('',(#11900));
#11900 = SURFACE_STYLE_FILL_AREA(#11901);
#11901 = FILL_AREA_STYLE('',(#11902));
#11902 = FILL_AREA_STYLE_COLOUR('',#11279);
#11903 = STYLED_ITEM('color',(#11904),#5730);
#11904 = PRESENTATION_STYLE_ASSIGNMENT((#11905));
#11905 = SURFACE_STYLE_USAGE(.BOTH.,#11906);
#11906 = SURFACE_SIDE_STYLE('',(#11907));
#11907 = SURFACE_STYLE_FILL_AREA(#11908);
#11908 = FILL_AREA_STYLE('',(#11909));
#11909 = FILL_AREA_STYLE_COLOUR('',#11279);
#11910 = STYLED_ITEM('color',(#11911),#5754);
#11911 = PRESENTATION_STYLE_ASSIGNMENT((#11912));
#11912 = SURFACE_STYLE_USAGE(.BOTH.,#11913);
#11913 = SURFACE_SIDE_STYLE('',(#11914));
#11914 = SURFACE_STYLE_FILL_AREA(#11915);
#11915 = FILL_AREA_STYLE('',(#11916));
#11916 = FILL_AREA_STYLE_COLOUR('',#11279);
#11917 = STYLED_ITEM('color',(#11918),#5771);
#11918 = PRESENTATION_STYLE_ASSIGNMENT((#11919));
#11919 = SURFACE_STYLE_USAGE(.BOTH.,#11920);
#11920 = SURFACE_SIDE_STYLE('',(#11921));
#11921 = SURFACE_STYLE_FILL_AREA(#11922);
#11922 = FILL_AREA_STYLE('',(#11923));
#11923 = FILL_AREA_STYLE_COLOUR('',#11279);
#11924 = STYLED_ITEM('color',(#11925),#5802);
#11925 = PRESENTATION_STYLE_ASSIGNMENT((#11926));
#11926 = SURFACE_STYLE_USAGE(.BOTH.,#11927);
#11927 = SURFACE_SIDE_STYLE('',(#11928));
#11928 = SURFACE_STYLE_FILL_AREA(#11929);
#11929 = FILL_AREA_STYLE('',(#11930));
#11930 = FILL_AREA_STYLE_COLOUR('',#11279);
#11931 = STYLED_ITEM('color',(#11932),#5826);
#11932 = PRESENTATION_STYLE_ASSIGNMENT((#11933));
#11933 = SURFACE_STYLE_USAGE(.BOTH.,#11934);
#11934 = SURFACE_SIDE_STYLE('',(#11935));
#11935 = SURFACE_STYLE_FILL_AREA(#11936);
#11936 = FILL_AREA_STYLE('',(#11937));
#11937 = FILL_AREA_STYLE_COLOUR('',#11279);
#11938 = STYLED_ITEM('color',(#11939),#5850);
#11939 = PRESENTATION_STYLE_ASSIGNMENT((#11940));
#11940 = SURFACE_STYLE_USAGE(.BOTH.,#11941);
#11941 = SURFACE_SIDE_STYLE('',(#11942));
#11942 = SURFACE_STYLE_FILL_AREA(#11943);
#11943 = FILL_AREA_STYLE('',(#11944));
#11944 = FILL_AREA_STYLE_COLOUR('',#11279);
#11945 = STYLED_ITEM('color',(#11946),#5867);
#11946 = PRESENTATION_STYLE_ASSIGNMENT((#11947));
#11947 = SURFACE_STYLE_USAGE(.BOTH.,#11948);
#11948 = SURFACE_SIDE_STYLE('',(#11949));
#11949 = SURFACE_STYLE_FILL_AREA(#11950);
#11950 = FILL_AREA_STYLE('',(#11951));
#11951 = FILL_AREA_STYLE_COLOUR('',#11279);
#11952 = STYLED_ITEM('color',(#11953),#5898);
#11953 = PRESENTATION_STYLE_ASSIGNMENT((#11954));
#11954 = SURFACE_STYLE_USAGE(.BOTH.,#11955);
#11955 = SURFACE_SIDE_STYLE('',(#11956));
#11956 = SURFACE_STYLE_FILL_AREA(#11957);
#11957 = FILL_AREA_STYLE('',(#11958));
#11958 = FILL_AREA_STYLE_COLOUR('',#11279);
#11959 = STYLED_ITEM('color',(#11960),#5922);
#11960 = PRESENTATION_STYLE_ASSIGNMENT((#11961));
#11961 = SURFACE_STYLE_USAGE(.BOTH.,#11962);
#11962 = SURFACE_SIDE_STYLE('',(#11963));
#11963 = SURFACE_STYLE_FILL_AREA(#11964);
#11964 = FILL_AREA_STYLE('',(#11965));
#11965 = FILL_AREA_STYLE_COLOUR('',#11279);
#11966 = STYLED_ITEM('color',(#11967),#5946);
#11967 = PRESENTATION_STYLE_ASSIGNMENT((#11968));
#11968 = SURFACE_STYLE_USAGE(.BOTH.,#11969);
#11969 = SURFACE_SIDE_STYLE('',(#11970));
#11970 = SURFACE_STYLE_FILL_AREA(#11971);
#11971 = FILL_AREA_STYLE('',(#11972));
#11972 = FILL_AREA_STYLE_COLOUR('',#11279);
#11973 = STYLED_ITEM('color',(#11974),#5963);
#11974 = PRESENTATION_STYLE_ASSIGNMENT((#11975));
#11975 = SURFACE_STYLE_USAGE(.BOTH.,#11976);
#11976 = SURFACE_SIDE_STYLE('',(#11977));
#11977 = SURFACE_STYLE_FILL_AREA(#11978);
#11978 = FILL_AREA_STYLE('',(#11979));
#11979 = FILL_AREA_STYLE_COLOUR('',#11279);
#11980 = STYLED_ITEM('color',(#11981),#5994);
#11981 = PRESENTATION_STYLE_ASSIGNMENT((#11982));
#11982 = SURFACE_STYLE_USAGE(.BOTH.,#11983);
#11983 = SURFACE_SIDE_STYLE('',(#11984));
#11984 = SURFACE_STYLE_FILL_AREA(#11985);
#11985 = FILL_AREA_STYLE('',(#11986));
#11986 = FILL_AREA_STYLE_COLOUR('',#11279);
#11987 = STYLED_ITEM('color',(#11988),#6018);
#11988 = PRESENTATION_STYLE_ASSIGNMENT((#11989));
#11989 = SURFACE_STYLE_USAGE(.BOTH.,#11990);
#11990 = SURFACE_SIDE_STYLE('',(#11991));
#11991 = SURFACE_STYLE_FILL_AREA(#11992);
#11992 = FILL_AREA_STYLE('',(#11993));
#11993 = FILL_AREA_STYLE_COLOUR('',#11279);
#11994 = STYLED_ITEM('color',(#11995),#6042);
#11995 = PRESENTATION_STYLE_ASSIGNMENT((#11996));
#11996 = SURFACE_STYLE_USAGE(.BOTH.,#11997);
#11997 = SURFACE_SIDE_STYLE('',(#11998));
#11998 = SURFACE_STYLE_FILL_AREA(#11999);
#11999 = FILL_AREA_STYLE('',(#12000));
#12000 = FILL_AREA_STYLE_COLOUR('',#11279);
#12001 = STYLED_ITEM('color',(#12002),#6059);
#12002 = PRESENTATION_STYLE_ASSIGNMENT((#12003));
#12003 = SURFACE_STYLE_USAGE(.BOTH.,#12004);
#12004 = SURFACE_SIDE_STYLE('',(#12005));
#12005 = SURFACE_STYLE_FILL_AREA(#12006);
#12006 = FILL_AREA_STYLE('',(#12007));
#12007 = FILL_AREA_STYLE_COLOUR('',#11279);
#12008 = STYLED_ITEM('color',(#12009),#6090);
#12009 = PRESENTATION_STYLE_ASSIGNMENT((#12010));
#12010 = SURFACE_STYLE_USAGE(.BOTH.,#12011);
#12011 = SURFACE_SIDE_STYLE('',(#12012));
#12012 = SURFACE_STYLE_FILL_AREA(#12013);
#12013 = FILL_AREA_STYLE('',(#12014));
#12014 = FILL_AREA_STYLE_COLOUR('',#11279);
#12015 = STYLED_ITEM('color',(#12016),#6114);
#12016 = PRESENTATION_STYLE_ASSIGNMENT((#12017));
#12017 = SURFACE_STYLE_USAGE(.BOTH.,#12018);
#12018 = SURFACE_SIDE_STYLE('',(#12019));
#12019 = SURFACE_STYLE_FILL_AREA(#12020);
#12020 = FILL_AREA_STYLE('',(#12021));
#12021 = FILL_AREA_STYLE_COLOUR('',#11279);
#12022 = STYLED_ITEM('color',(#12023),#6138);
#12023 = PRESENTATION_STYLE_ASSIGNMENT((#12024));
#12024 = SURFACE_STYLE_USAGE(.BOTH.,#12025);
#12025 = SURFACE_SIDE_STYLE('',(#12026));
#12026 = SURFACE_STYLE_FILL_AREA(#12027);
#12027 = FILL_AREA_STYLE('',(#12028));
#12028 = FILL_AREA_STYLE_COLOUR('',#11279);
#12029 = STYLED_ITEM('color',(#12030),#6155);
#12030 = PRESENTATION_STYLE_ASSIGNMENT((#12031));
#12031 = SURFACE_STYLE_USAGE(.BOTH.,#12032);
#12032 = SURFACE_SIDE_STYLE('',(#12033));
#12033 = SURFACE_STYLE_FILL_AREA(#12034);
#12034 = FILL_AREA_STYLE('',(#12035));
#12035 = FILL_AREA_STYLE_COLOUR('',#11279);
#12036 = STYLED_ITEM('color',(#12037),#6186);
#12037 = PRESENTATION_STYLE_ASSIGNMENT((#12038));
#12038 = SURFACE_STYLE_USAGE(.BOTH.,#12039);
#12039 = SURFACE_SIDE_STYLE('',(#12040));
#12040 = SURFACE_STYLE_FILL_AREA(#12041);
#12041 = FILL_AREA_STYLE('',(#12042));
#12042 = FILL_AREA_STYLE_COLOUR('',#11279);
#12043 = STYLED_ITEM('color',(#12044),#6210);
#12044 = PRESENTATION_STYLE_ASSIGNMENT((#12045));
#12045 = SURFACE_STYLE_USAGE(.BOTH.,#12046);
#12046 = SURFACE_SIDE_STYLE('',(#12047));
#12047 = SURFACE_STYLE_FILL_AREA(#12048);
#12048 = FILL_AREA_STYLE('',(#12049));
#12049 = FILL_AREA_STYLE_COLOUR('',#11279);
#12050 = STYLED_ITEM('color',(#12051),#6234);
#12051 = PRESENTATION_STYLE_ASSIGNMENT((#12052));
#12052 = SURFACE_STYLE_USAGE(.BOTH.,#12053);
#12053 = SURFACE_SIDE_STYLE('',(#12054));
#12054 = SURFACE_STYLE_FILL_AREA(#12055);
#12055 = FILL_AREA_STYLE('',(#12056));
#12056 = FILL_AREA_STYLE_COLOUR('',#11279);
#12057 = STYLED_ITEM('color',(#12058),#6251);
#12058 = PRESENTATION_STYLE_ASSIGNMENT((#12059));
#12059 = SURFACE_STYLE_USAGE(.BOTH.,#12060);
#12060 = SURFACE_SIDE_STYLE('',(#12061));
#12061 = SURFACE_STYLE_FILL_AREA(#12062);
#12062 = FILL_AREA_STYLE('',(#12063));
#12063 = FILL_AREA_STYLE_COLOUR('',#10858);
#12064 = STYLED_ITEM('color',(#12065),#6269);
#12065 = PRESENTATION_STYLE_ASSIGNMENT((#12066));
#12066 = SURFACE_STYLE_USAGE(.BOTH.,#12067);
#12067 = SURFACE_SIDE_STYLE('',(#12068));
#12068 = SURFACE_STYLE_FILL_AREA(#12069);
#12069 = FILL_AREA_STYLE('',(#12070));
#12070 = FILL_AREA_STYLE_COLOUR('',#10858);
#12071 = STYLED_ITEM('color',(#12072),#6286);
#12072 = PRESENTATION_STYLE_ASSIGNMENT((#12073));
#12073 = SURFACE_STYLE_USAGE(.BOTH.,#12074);
#12074 = SURFACE_SIDE_STYLE('',(#12075));
#12075 = SURFACE_STYLE_FILL_AREA(#12076);
#12076 = FILL_AREA_STYLE('',(#12077));
#12077 = FILL_AREA_STYLE_COLOUR('',#10858);
#12078 = STYLED_ITEM('color',(#12079),#6303);
#12079 = PRESENTATION_STYLE_ASSIGNMENT((#12080));
#12080 = SURFACE_STYLE_USAGE(.BOTH.,#12081);
#12081 = SURFACE_SIDE_STYLE('',(#12082));
#12082 = SURFACE_STYLE_FILL_AREA(#12083);
#12083 = FILL_AREA_STYLE('',(#12084));
#12084 = FILL_AREA_STYLE_COLOUR('',#10858);
#12085 = STYLED_ITEM('color',(#12086),#6320);
#12086 = PRESENTATION_STYLE_ASSIGNMENT((#12087));
#12087 = SURFACE_STYLE_USAGE(.BOTH.,#12088);
#12088 = SURFACE_SIDE_STYLE('',(#12089));
#12089 = SURFACE_STYLE_FILL_AREA(#12090);
#12090 = FILL_AREA_STYLE('',(#12091));
#12091 = FILL_AREA_STYLE_COLOUR('',#10858);
#12092 = STYLED_ITEM('color',(#12093),#6332);
#12093 = PRESENTATION_STYLE_ASSIGNMENT((#12094));
#12094 = SURFACE_STYLE_USAGE(.BOTH.,#12095);
#12095 = SURFACE_SIDE_STYLE('',(#12096));
#12096 = SURFACE_STYLE_FILL_AREA(#12097);
#12097 = FILL_AREA_STYLE('',(#12098));
#12098 = FILL_AREA_STYLE_COLOUR('',#10858);
#12099 = STYLED_ITEM('color',(#12100),#6350);
#12100 = PRESENTATION_STYLE_ASSIGNMENT((#12101));
#12101 = SURFACE_STYLE_USAGE(.BOTH.,#12102);
#12102 = SURFACE_SIDE_STYLE('',(#12103));
#12103 = SURFACE_STYLE_FILL_AREA(#12104);
#12104 = FILL_AREA_STYLE('',(#12105));
#12105 = FILL_AREA_STYLE_COLOUR('',#10858);
#12106 = STYLED_ITEM('color',(#12107),#6367);
#12107 = PRESENTATION_STYLE_ASSIGNMENT((#12108));
#12108 = SURFACE_STYLE_USAGE(.BOTH.,#12109);
#12109 = SURFACE_SIDE_STYLE('',(#12110));
#12110 = SURFACE_STYLE_FILL_AREA(#12111);
#12111 = FILL_AREA_STYLE('',(#12112));
#12112 = FILL_AREA_STYLE_COLOUR('',#10858);
#12113 = STYLED_ITEM('color',(#12114),#6384);
#12114 = PRESENTATION_STYLE_ASSIGNMENT((#12115));
#12115 = SURFACE_STYLE_USAGE(.BOTH.,#12116);
#12116 = SURFACE_SIDE_STYLE('',(#12117));
#12117 = SURFACE_STYLE_FILL_AREA(#12118);
#12118 = FILL_AREA_STYLE('',(#12119));
#12119 = FILL_AREA_STYLE_COLOUR('',#10858);
#12120 = STYLED_ITEM('color',(#12121),#6401);
#12121 = PRESENTATION_STYLE_ASSIGNMENT((#12122));
#12122 = SURFACE_STYLE_USAGE(.BOTH.,#12123);
#12123 = SURFACE_SIDE_STYLE('',(#12124));
#12124 = SURFACE_STYLE_FILL_AREA(#12125);
#12125 = FILL_AREA_STYLE('',(#12126));
#12126 = FILL_AREA_STYLE_COLOUR('',#10858);
#12127 = STYLED_ITEM('color',(#12128),#6413);
#12128 = PRESENTATION_STYLE_ASSIGNMENT((#12129));
#12129 = SURFACE_STYLE_USAGE(.BOTH.,#12130);
#12130 = SURFACE_SIDE_STYLE('',(#12131));
#12131 = SURFACE_STYLE_FILL_AREA(#12132);
#12132 = FILL_AREA_STYLE('',(#12133));
#12133 = FILL_AREA_STYLE_COLOUR('',#11279);
#12134 = STYLED_ITEM('color',(#12135),#6444);
#12135 = PRESENTATION_STYLE_ASSIGNMENT((#12136));
#12136 = SURFACE_STYLE_USAGE(.BOTH.,#12137);
#12137 = SURFACE_SIDE_STYLE('',(#12138));
#12138 = SURFACE_STYLE_FILL_AREA(#12139);
#12139 = FILL_AREA_STYLE('',(#12140));
#12140 = FILL_AREA_STYLE_COLOUR('',#11279);
#12141 = STYLED_ITEM('color',(#12142),#6468);
#12142 = PRESENTATION_STYLE_ASSIGNMENT((#12143));
#12143 = SURFACE_STYLE_USAGE(.BOTH.,#12144);
#12144 = SURFACE_SIDE_STYLE('',(#12145));
#12145 = SURFACE_STYLE_FILL_AREA(#12146);
#12146 = FILL_AREA_STYLE('',(#12147));
#12147 = FILL_AREA_STYLE_COLOUR('',#11279);
#12148 = STYLED_ITEM('color',(#12149),#6492);
#12149 = PRESENTATION_STYLE_ASSIGNMENT((#12150));
#12150 = SURFACE_STYLE_USAGE(.BOTH.,#12151);
#12151 = SURFACE_SIDE_STYLE('',(#12152));
#12152 = SURFACE_STYLE_FILL_AREA(#12153);
#12153 = FILL_AREA_STYLE('',(#12154));
#12154 = FILL_AREA_STYLE_COLOUR('',#11279);
#12155 = STYLED_ITEM('color',(#12156),#6509);
#12156 = PRESENTATION_STYLE_ASSIGNMENT((#12157));
#12157 = SURFACE_STYLE_USAGE(.BOTH.,#12158);
#12158 = SURFACE_SIDE_STYLE('',(#12159));
#12159 = SURFACE_STYLE_FILL_AREA(#12160);
#12160 = FILL_AREA_STYLE('',(#12161));
#12161 = FILL_AREA_STYLE_COLOUR('',#11279);
#12162 = STYLED_ITEM('color',(#12163),#6540);
#12163 = PRESENTATION_STYLE_ASSIGNMENT((#12164));
#12164 = SURFACE_STYLE_USAGE(.BOTH.,#12165);
#12165 = SURFACE_SIDE_STYLE('',(#12166));
#12166 = SURFACE_STYLE_FILL_AREA(#12167);
#12167 = FILL_AREA_STYLE('',(#12168));
#12168 = FILL_AREA_STYLE_COLOUR('',#11279);
#12169 = STYLED_ITEM('color',(#12170),#6564);
#12170 = PRESENTATION_STYLE_ASSIGNMENT((#12171));
#12171 = SURFACE_STYLE_USAGE(.BOTH.,#12172);
#12172 = SURFACE_SIDE_STYLE('',(#12173));
#12173 = SURFACE_STYLE_FILL_AREA(#12174);
#12174 = FILL_AREA_STYLE('',(#12175));
#12175 = FILL_AREA_STYLE_COLOUR('',#11279);
#12176 = STYLED_ITEM('color',(#12177),#6588);
#12177 = PRESENTATION_STYLE_ASSIGNMENT((#12178));
#12178 = SURFACE_STYLE_USAGE(.BOTH.,#12179);
#12179 = SURFACE_SIDE_STYLE('',(#12180));
#12180 = SURFACE_STYLE_FILL_AREA(#12181);
#12181 = FILL_AREA_STYLE('',(#12182));
#12182 = FILL_AREA_STYLE_COLOUR('',#11279);
#12183 = STYLED_ITEM('color',(#12184),#6605);
#12184 = PRESENTATION_STYLE_ASSIGNMENT((#12185));
#12185 = SURFACE_STYLE_USAGE(.BOTH.,#12186);
#12186 = SURFACE_SIDE_STYLE('',(#12187));
#12187 = SURFACE_STYLE_FILL_AREA(#12188);
#12188 = FILL_AREA_STYLE('',(#12189));
#12189 = FILL_AREA_STYLE_COLOUR('',#11279);
#12190 = STYLED_ITEM('color',(#12191),#6636);
#12191 = PRESENTATION_STYLE_ASSIGNMENT((#12192));
#12192 = SURFACE_STYLE_USAGE(.BOTH.,#12193);
#12193 = SURFACE_SIDE_STYLE('',(#12194));
#12194 = SURFACE_STYLE_FILL_AREA(#12195);
#12195 = FILL_AREA_STYLE('',(#12196));
#12196 = FILL_AREA_STYLE_COLOUR('',#11279);
#12197 = STYLED_ITEM('color',(#12198),#6660);
#12198 = PRESENTATION_STYLE_ASSIGNMENT((#12199));
#12199 = SURFACE_STYLE_USAGE(.BOTH.,#12200);
#12200 = SURFACE_SIDE_STYLE('',(#12201));
#12201 = SURFACE_STYLE_FILL_AREA(#12202);
#12202 = FILL_AREA_STYLE('',(#12203));
#12203 = FILL_AREA_STYLE_COLOUR('',#11279);
#12204 = STYLED_ITEM('color',(#12205),#6684);
#12205 = PRESENTATION_STYLE_ASSIGNMENT((#12206));
#12206 = SURFACE_STYLE_USAGE(.BOTH.,#12207);
#12207 = SURFACE_SIDE_STYLE('',(#12208));
#12208 = SURFACE_STYLE_FILL_AREA(#12209);
#12209 = FILL_AREA_STYLE('',(#12210));
#12210 = FILL_AREA_STYLE_COLOUR('',#11279);
#12211 = STYLED_ITEM('color',(#12212),#6701);
#12212 = PRESENTATION_STYLE_ASSIGNMENT((#12213));
#12213 = SURFACE_STYLE_USAGE(.BOTH.,#12214);
#12214 = SURFACE_SIDE_STYLE('',(#12215));
#12215 = SURFACE_STYLE_FILL_AREA(#12216);
#12216 = FILL_AREA_STYLE('',(#12217));
#12217 = FILL_AREA_STYLE_COLOUR('',#11279);
#12218 = STYLED_ITEM('color',(#12219),#6732);
#12219 = PRESENTATION_STYLE_ASSIGNMENT((#12220));
#12220 = SURFACE_STYLE_USAGE(.BOTH.,#12221);
#12221 = SURFACE_SIDE_STYLE('',(#12222));
#12222 = SURFACE_STYLE_FILL_AREA(#12223);
#12223 = FILL_AREA_STYLE('',(#12224));
#12224 = FILL_AREA_STYLE_COLOUR('',#11279);
#12225 = STYLED_ITEM('color',(#12226),#6756);
#12226 = PRESENTATION_STYLE_ASSIGNMENT((#12227));
#12227 = SURFACE_STYLE_USAGE(.BOTH.,#12228);
#12228 = SURFACE_SIDE_STYLE('',(#12229));
#12229 = SURFACE_STYLE_FILL_AREA(#12230);
#12230 = FILL_AREA_STYLE('',(#12231));
#12231 = FILL_AREA_STYLE_COLOUR('',#11279);
#12232 = STYLED_ITEM('color',(#12233),#6780);
#12233 = PRESENTATION_STYLE_ASSIGNMENT((#12234));
#12234 = SURFACE_STYLE_USAGE(.BOTH.,#12235);
#12235 = SURFACE_SIDE_STYLE('',(#12236));
#12236 = SURFACE_STYLE_FILL_AREA(#12237);
#12237 = FILL_AREA_STYLE('',(#12238));
#12238 = FILL_AREA_STYLE_COLOUR('',#11279);
#12239 = STYLED_ITEM('color',(#12240),#6797);
#12240 = PRESENTATION_STYLE_ASSIGNMENT((#12241));
#12241 = SURFACE_STYLE_USAGE(.BOTH.,#12242);
#12242 = SURFACE_SIDE_STYLE('',(#12243));
#12243 = SURFACE_STYLE_FILL_AREA(#12244);
#12244 = FILL_AREA_STYLE('',(#12245));
#12245 = FILL_AREA_STYLE_COLOUR('',#11279);
#12246 = STYLED_ITEM('color',(#12247),#6828);
#12247 = PRESENTATION_STYLE_ASSIGNMENT((#12248));
#12248 = SURFACE_STYLE_USAGE(.BOTH.,#12249);
#12249 = SURFACE_SIDE_STYLE('',(#12250));
#12250 = SURFACE_STYLE_FILL_AREA(#12251);
#12251 = FILL_AREA_STYLE('',(#12252));
#12252 = FILL_AREA_STYLE_COLOUR('',#11279);
#12253 = STYLED_ITEM('color',(#12254),#6852);
#12254 = PRESENTATION_STYLE_ASSIGNMENT((#12255));
#12255 = SURFACE_STYLE_USAGE(.BOTH.,#12256);
#12256 = SURFACE_SIDE_STYLE('',(#12257));
#12257 = SURFACE_STYLE_FILL_AREA(#12258);
#12258 = FILL_AREA_STYLE('',(#12259));
#12259 = FILL_AREA_STYLE_COLOUR('',#11279);
#12260 = STYLED_ITEM('color',(#12261),#6876);
#12261 = PRESENTATION_STYLE_ASSIGNMENT((#12262));
#12262 = SURFACE_STYLE_USAGE(.BOTH.,#12263);
#12263 = SURFACE_SIDE_STYLE('',(#12264));
#12264 = SURFACE_STYLE_FILL_AREA(#12265);
#12265 = FILL_AREA_STYLE('',(#12266));
#12266 = FILL_AREA_STYLE_COLOUR('',#11279);
#12267 = STYLED_ITEM('color',(#12268),#6893);
#12268 = PRESENTATION_STYLE_ASSIGNMENT((#12269));
#12269 = SURFACE_STYLE_USAGE(.BOTH.,#12270);
#12270 = SURFACE_SIDE_STYLE('',(#12271));
#12271 = SURFACE_STYLE_FILL_AREA(#12272);
#12272 = FILL_AREA_STYLE('',(#12273));
#12273 = FILL_AREA_STYLE_COLOUR('',#11279);
#12274 = STYLED_ITEM('color',(#12275),#6924);
#12275 = PRESENTATION_STYLE_ASSIGNMENT((#12276));
#12276 = SURFACE_STYLE_USAGE(.BOTH.,#12277);
#12277 = SURFACE_SIDE_STYLE('',(#12278));
#12278 = SURFACE_STYLE_FILL_AREA(#12279);
#12279 = FILL_AREA_STYLE('',(#12280));
#12280 = FILL_AREA_STYLE_COLOUR('',#11279);
#12281 = STYLED_ITEM('color',(#12282),#6948);
#12282 = PRESENTATION_STYLE_ASSIGNMENT((#12283));
#12283 = SURFACE_STYLE_USAGE(.BOTH.,#12284);
#12284 = SURFACE_SIDE_STYLE('',(#12285));
#12285 = SURFACE_STYLE_FILL_AREA(#12286);
#12286 = FILL_AREA_STYLE('',(#12287));
#12287 = FILL_AREA_STYLE_COLOUR('',#11279);
#12288 = STYLED_ITEM('color',(#12289),#6972);
#12289 = PRESENTATION_STYLE_ASSIGNMENT((#12290));
#12290 = SURFACE_STYLE_USAGE(.BOTH.,#12291);
#12291 = SURFACE_SIDE_STYLE('',(#12292));
#12292 = SURFACE_STYLE_FILL_AREA(#12293);
#12293 = FILL_AREA_STYLE('',(#12294));
#12294 = FILL_AREA_STYLE_COLOUR('',#11279);
#12295 = STYLED_ITEM('color',(#12296),#6989);
#12296 = PRESENTATION_STYLE_ASSIGNMENT((#12297));
#12297 = SURFACE_STYLE_USAGE(.BOTH.,#12298);
#12298 = SURFACE_SIDE_STYLE('',(#12299));
#12299 = SURFACE_STYLE_FILL_AREA(#12300);
#12300 = FILL_AREA_STYLE('',(#12301));
#12301 = FILL_AREA_STYLE_COLOUR('',#11279);
#12302 = STYLED_ITEM('color',(#12303),#7020);
#12303 = PRESENTATION_STYLE_ASSIGNMENT((#12304));
#12304 = SURFACE_STYLE_USAGE(.BOTH.,#12305);
#12305 = SURFACE_SIDE_STYLE('',(#12306));
#12306 = SURFACE_STYLE_FILL_AREA(#12307);
#12307 = FILL_AREA_STYLE('',(#12308));
#12308 = FILL_AREA_STYLE_COLOUR('',#11279);
#12309 = STYLED_ITEM('color',(#12310),#7044);
#12310 = PRESENTATION_STYLE_ASSIGNMENT((#12311));
#12311 = SURFACE_STYLE_USAGE(.BOTH.,#12312);
#12312 = SURFACE_SIDE_STYLE('',(#12313));
#12313 = SURFACE_STYLE_FILL_AREA(#12314);
#12314 = FILL_AREA_STYLE('',(#12315));
#12315 = FILL_AREA_STYLE_COLOUR('',#11279);
#12316 = STYLED_ITEM('color',(#12317),#7068);
#12317 = PRESENTATION_STYLE_ASSIGNMENT((#12318));
#12318 = SURFACE_STYLE_USAGE(.BOTH.,#12319);
#12319 = SURFACE_SIDE_STYLE('',(#12320));
#12320 = SURFACE_STYLE_FILL_AREA(#12321);
#12321 = FILL_AREA_STYLE('',(#12322));
#12322 = FILL_AREA_STYLE_COLOUR('',#11279);
#12323 = STYLED_ITEM('color',(#12324),#7085);
#12324 = PRESENTATION_STYLE_ASSIGNMENT((#12325));
#12325 = SURFACE_STYLE_USAGE(.BOTH.,#12326);
#12326 = SURFACE_SIDE_STYLE('',(#12327));
#12327 = SURFACE_STYLE_FILL_AREA(#12328);
#12328 = FILL_AREA_STYLE('',(#12329));
#12329 = FILL_AREA_STYLE_COLOUR('',#11279);
#12330 = STYLED_ITEM('color',(#12331),#7116);
#12331 = PRESENTATION_STYLE_ASSIGNMENT((#12332));
#12332 = SURFACE_STYLE_USAGE(.BOTH.,#12333);
#12333 = SURFACE_SIDE_STYLE('',(#12334));
#12334 = SURFACE_STYLE_FILL_AREA(#12335);
#12335 = FILL_AREA_STYLE('',(#12336));
#12336 = FILL_AREA_STYLE_COLOUR('',#11279);
#12337 = STYLED_ITEM('color',(#12338),#7140);
#12338 = PRESENTATION_STYLE_ASSIGNMENT((#12339));
#12339 = SURFACE_STYLE_USAGE(.BOTH.,#12340);
#12340 = SURFACE_SIDE_STYLE('',(#12341));
#12341 = SURFACE_STYLE_FILL_AREA(#12342);
#12342 = FILL_AREA_STYLE('',(#12343));
#12343 = FILL_AREA_STYLE_COLOUR('',#11279);
#12344 = STYLED_ITEM('color',(#12345),#7164);
#12345 = PRESENTATION_STYLE_ASSIGNMENT((#12346));
#12346 = SURFACE_STYLE_USAGE(.BOTH.,#12347);
#12347 = SURFACE_SIDE_STYLE('',(#12348));
#12348 = SURFACE_STYLE_FILL_AREA(#12349);
#12349 = FILL_AREA_STYLE('',(#12350));
#12350 = FILL_AREA_STYLE_COLOUR('',#11279);
#12351 = STYLED_ITEM('color',(#12352),#7181);
#12352 = PRESENTATION_STYLE_ASSIGNMENT((#12353));
#12353 = SURFACE_STYLE_USAGE(.BOTH.,#12354);
#12354 = SURFACE_SIDE_STYLE('',(#12355));
#12355 = SURFACE_STYLE_FILL_AREA(#12356);
#12356 = FILL_AREA_STYLE('',(#12357));
#12357 = FILL_AREA_STYLE_COLOUR('',#11279);
#12358 = STYLED_ITEM('color',(#12359),#7212);
#12359 = PRESENTATION_STYLE_ASSIGNMENT((#12360));
#12360 = SURFACE_STYLE_USAGE(.BOTH.,#12361);
#12361 = SURFACE_SIDE_STYLE('',(#12362));
#12362 = SURFACE_STYLE_FILL_AREA(#12363);
#12363 = FILL_AREA_STYLE('',(#12364));
#12364 = FILL_AREA_STYLE_COLOUR('',#11279);
#12365 = STYLED_ITEM('color',(#12366),#7236);
#12366 = PRESENTATION_STYLE_ASSIGNMENT((#12367));
#12367 = SURFACE_STYLE_USAGE(.BOTH.,#12368);
#12368 = SURFACE_SIDE_STYLE('',(#12369));
#12369 = SURFACE_STYLE_FILL_AREA(#12370);
#12370 = FILL_AREA_STYLE('',(#12371));
#12371 = FILL_AREA_STYLE_COLOUR('',#11279);
#12372 = STYLED_ITEM('color',(#12373),#7260);
#12373 = PRESENTATION_STYLE_ASSIGNMENT((#12374));
#12374 = SURFACE_STYLE_USAGE(.BOTH.,#12375);
#12375 = SURFACE_SIDE_STYLE('',(#12376));
#12376 = SURFACE_STYLE_FILL_AREA(#12377);
#12377 = FILL_AREA_STYLE('',(#12378));
#12378 = FILL_AREA_STYLE_COLOUR('',#11279);
#12379 = STYLED_ITEM('color',(#12380),#7277);
#12380 = PRESENTATION_STYLE_ASSIGNMENT((#12381));
#12381 = SURFACE_STYLE_USAGE(.BOTH.,#12382);
#12382 = SURFACE_SIDE_STYLE('',(#12383));
#12383 = SURFACE_STYLE_FILL_AREA(#12384);
#12384 = FILL_AREA_STYLE('',(#12385));
#12385 = FILL_AREA_STYLE_COLOUR('',#11279);
#12386 = STYLED_ITEM('color',(#12387),#7308);
#12387 = PRESENTATION_STYLE_ASSIGNMENT((#12388));
#12388 = SURFACE_STYLE_USAGE(.BOTH.,#12389);
#12389 = SURFACE_SIDE_STYLE('',(#12390));
#12390 = SURFACE_STYLE_FILL_AREA(#12391);
#12391 = FILL_AREA_STYLE('',(#12392));
#12392 = FILL_AREA_STYLE_COLOUR('',#11279);
#12393 = STYLED_ITEM('color',(#12394),#7332);
#12394 = PRESENTATION_STYLE_ASSIGNMENT((#12395));
#12395 = SURFACE_STYLE_USAGE(.BOTH.,#12396);
#12396 = SURFACE_SIDE_STYLE('',(#12397));
#12397 = SURFACE_STYLE_FILL_AREA(#12398);
#12398 = FILL_AREA_STYLE('',(#12399));
#12399 = FILL_AREA_STYLE_COLOUR('',#11279);
#12400 = STYLED_ITEM('color',(#12401),#7356);
#12401 = PRESENTATION_STYLE_ASSIGNMENT((#12402));
#12402 = SURFACE_STYLE_USAGE(.BOTH.,#12403);
#12403 = SURFACE_SIDE_STYLE('',(#12404));
#12404 = SURFACE_STYLE_FILL_AREA(#12405);
#12405 = FILL_AREA_STYLE('',(#12406));
#12406 = FILL_AREA_STYLE_COLOUR('',#11279);
#12407 = STYLED_ITEM('color',(#12408),#7373);
#12408 = PRESENTATION_STYLE_ASSIGNMENT((#12409));
#12409 = SURFACE_STYLE_USAGE(.BOTH.,#12410);
#12410 = SURFACE_SIDE_STYLE('',(#12411));
#12411 = SURFACE_STYLE_FILL_AREA(#12412);
#12412 = FILL_AREA_STYLE('',(#12413));
#12413 = FILL_AREA_STYLE_COLOUR('',#11279);
#12414 = STYLED_ITEM('color',(#12415),#7404);
#12415 = PRESENTATION_STYLE_ASSIGNMENT((#12416));
#12416 = SURFACE_STYLE_USAGE(.BOTH.,#12417);
#12417 = SURFACE_SIDE_STYLE('',(#12418));
#12418 = SURFACE_STYLE_FILL_AREA(#12419);
#12419 = FILL_AREA_STYLE('',(#12420));
#12420 = FILL_AREA_STYLE_COLOUR('',#11279);
#12421 = STYLED_ITEM('color',(#12422),#7428);
#12422 = PRESENTATION_STYLE_ASSIGNMENT((#12423));
#12423 = SURFACE_STYLE_USAGE(.BOTH.,#12424);
#12424 = SURFACE_SIDE_STYLE('',(#12425));
#12425 = SURFACE_STYLE_FILL_AREA(#12426);
#12426 = FILL_AREA_STYLE('',(#12427));
#12427 = FILL_AREA_STYLE_COLOUR('',#11279);
#12428 = STYLED_ITEM('color',(#12429),#7452);
#12429 = PRESENTATION_STYLE_ASSIGNMENT((#12430));
#12430 = SURFACE_STYLE_USAGE(.BOTH.,#12431);
#12431 = SURFACE_SIDE_STYLE('',(#12432));
#12432 = SURFACE_STYLE_FILL_AREA(#12433);
#12433 = FILL_AREA_STYLE('',(#12434));
#12434 = FILL_AREA_STYLE_COLOUR('',#11279);
#12435 = STYLED_ITEM('color',(#12436),#7469);
#12436 = PRESENTATION_STYLE_ASSIGNMENT((#12437));
#12437 = SURFACE_STYLE_USAGE(.BOTH.,#12438);
#12438 = SURFACE_SIDE_STYLE('',(#12439));
#12439 = SURFACE_STYLE_FILL_AREA(#12440);
#12440 = FILL_AREA_STYLE('',(#12441));
#12441 = FILL_AREA_STYLE_COLOUR('',#11279);
#12442 = STYLED_ITEM('color',(#12443),#7500);
#12443 = PRESENTATION_STYLE_ASSIGNMENT((#12444));
#12444 = SURFACE_STYLE_USAGE(.BOTH.,#12445);
#12445 = SURFACE_SIDE_STYLE('',(#12446));
#12446 = SURFACE_STYLE_FILL_AREA(#12447);
#12447 = FILL_AREA_STYLE('',(#12448));
#12448 = FILL_AREA_STYLE_COLOUR('',#11279);
#12449 = STYLED_ITEM('color',(#12450),#7524);
#12450 = PRESENTATION_STYLE_ASSIGNMENT((#12451));
#12451 = SURFACE_STYLE_USAGE(.BOTH.,#12452);
#12452 = SURFACE_SIDE_STYLE('',(#12453));
#12453 = SURFACE_STYLE_FILL_AREA(#12454);
#12454 = FILL_AREA_STYLE('',(#12455));
#12455 = FILL_AREA_STYLE_COLOUR('',#11279);
#12456 = STYLED_ITEM('color',(#12457),#7548);
#12457 = PRESENTATION_STYLE_ASSIGNMENT((#12458));
#12458 = SURFACE_STYLE_USAGE(.BOTH.,#12459);
#12459 = SURFACE_SIDE_STYLE('',(#12460));
#12460 = SURFACE_STYLE_FILL_AREA(#12461);
#12461 = FILL_AREA_STYLE('',(#12462));
#12462 = FILL_AREA_STYLE_COLOUR('',#11279);
#12463 = STYLED_ITEM('color',(#12464),#7565);
#12464 = PRESENTATION_STYLE_ASSIGNMENT((#12465));
#12465 = SURFACE_STYLE_USAGE(.BOTH.,#12466);
#12466 = SURFACE_SIDE_STYLE('',(#12467));
#12467 = SURFACE_STYLE_FILL_AREA(#12468);
#12468 = FILL_AREA_STYLE('',(#12469));
#12469 = FILL_AREA_STYLE_COLOUR('',#11279);
#12470 = STYLED_ITEM('color',(#12471),#7596);
#12471 = PRESENTATION_STYLE_ASSIGNMENT((#12472));
#12472 = SURFACE_STYLE_USAGE(.BOTH.,#12473);
#12473 = SURFACE_SIDE_STYLE('',(#12474));
#12474 = SURFACE_STYLE_FILL_AREA(#12475);
#12475 = FILL_AREA_STYLE('',(#12476));
#12476 = FILL_AREA_STYLE_COLOUR('',#11279);
#12477 = STYLED_ITEM('color',(#12478),#7620);
#12478 = PRESENTATION_STYLE_ASSIGNMENT((#12479));
#12479 = SURFACE_STYLE_USAGE(.BOTH.,#12480);
#12480 = SURFACE_SIDE_STYLE('',(#12481));
#12481 = SURFACE_STYLE_FILL_AREA(#12482);
#12482 = FILL_AREA_STYLE('',(#12483));
#12483 = FILL_AREA_STYLE_COLOUR('',#11279);
#12484 = STYLED_ITEM('color',(#12485),#7644);
#12485 = PRESENTATION_STYLE_ASSIGNMENT((#12486));
#12486 = SURFACE_STYLE_USAGE(.BOTH.,#12487);
#12487 = SURFACE_SIDE_STYLE('',(#12488));
#12488 = SURFACE_STYLE_FILL_AREA(#12489);
#12489 = FILL_AREA_STYLE('',(#12490));
#12490 = FILL_AREA_STYLE_COLOUR('',#11279);
#12491 = STYLED_ITEM('color',(#12492),#7661);
#12492 = PRESENTATION_STYLE_ASSIGNMENT((#12493));
#12493 = SURFACE_STYLE_USAGE(.BOTH.,#12494);
#12494 = SURFACE_SIDE_STYLE('',(#12495));
#12495 = SURFACE_STYLE_FILL_AREA(#12496);
#12496 = FILL_AREA_STYLE('',(#12497));
#12497 = FILL_AREA_STYLE_COLOUR('',#11279);
#12498 = STYLED_ITEM('color',(#12499),#7692);
#12499 = PRESENTATION_STYLE_ASSIGNMENT((#12500));
#12500 = SURFACE_STYLE_USAGE(.BOTH.,#12501);
#12501 = SURFACE_SIDE_STYLE('',(#12502));
#12502 = SURFACE_STYLE_FILL_AREA(#12503);
#12503 = FILL_AREA_STYLE('',(#12504));
#12504 = FILL_AREA_STYLE_COLOUR('',#11279);
#12505 = STYLED_ITEM('color',(#12506),#7716);
#12506 = PRESENTATION_STYLE_ASSIGNMENT((#12507));
#12507 = SURFACE_STYLE_USAGE(.BOTH.,#12508);
#12508 = SURFACE_SIDE_STYLE('',(#12509));
#12509 = SURFACE_STYLE_FILL_AREA(#12510);
#12510 = FILL_AREA_STYLE('',(#12511));
#12511 = FILL_AREA_STYLE_COLOUR('',#11279);
#12512 = STYLED_ITEM('color',(#12513),#7740);
#12513 = PRESENTATION_STYLE_ASSIGNMENT((#12514));
#12514 = SURFACE_STYLE_USAGE(.BOTH.,#12515);
#12515 = SURFACE_SIDE_STYLE('',(#12516));
#12516 = SURFACE_STYLE_FILL_AREA(#12517);
#12517 = FILL_AREA_STYLE('',(#12518));
#12518 = FILL_AREA_STYLE_COLOUR('',#11279);
#12519 = STYLED_ITEM('color',(#12520),#7757);
#12520 = PRESENTATION_STYLE_ASSIGNMENT((#12521));
#12521 = SURFACE_STYLE_USAGE(.BOTH.,#12522);
#12522 = SURFACE_SIDE_STYLE('',(#12523));
#12523 = SURFACE_STYLE_FILL_AREA(#12524);
#12524 = FILL_AREA_STYLE('',(#12525));
#12525 = FILL_AREA_STYLE_COLOUR('',#11279);
#12526 = STYLED_ITEM('color',(#12527),#7788);
#12527 = PRESENTATION_STYLE_ASSIGNMENT((#12528));
#12528 = SURFACE_STYLE_USAGE(.BOTH.,#12529);
#12529 = SURFACE_SIDE_STYLE('',(#12530));
#12530 = SURFACE_STYLE_FILL_AREA(#12531);
#12531 = FILL_AREA_STYLE('',(#12532));
#12532 = FILL_AREA_STYLE_COLOUR('',#11279);
#12533 = STYLED_ITEM('color',(#12534),#7812);
#12534 = PRESENTATION_STYLE_ASSIGNMENT((#12535));
#12535 = SURFACE_STYLE_USAGE(.BOTH.,#12536);
#12536 = SURFACE_SIDE_STYLE('',(#12537));
#12537 = SURFACE_STYLE_FILL_AREA(#12538);
#12538 = FILL_AREA_STYLE('',(#12539));
#12539 = FILL_AREA_STYLE_COLOUR('',#11279);
#12540 = STYLED_ITEM('color',(#12541),#7836);
#12541 = PRESENTATION_STYLE_ASSIGNMENT((#12542));
#12542 = SURFACE_STYLE_USAGE(.BOTH.,#12543);
#12543 = SURFACE_SIDE_STYLE('',(#12544));
#12544 = SURFACE_STYLE_FILL_AREA(#12545);
#12545 = FILL_AREA_STYLE('',(#12546));
#12546 = FILL_AREA_STYLE_COLOUR('',#11279);
#12547 = STYLED_ITEM('color',(#12548),#7853);
#12548 = PRESENTATION_STYLE_ASSIGNMENT((#12549));
#12549 = SURFACE_STYLE_USAGE(.BOTH.,#12550);
#12550 = SURFACE_SIDE_STYLE('',(#12551));
#12551 = SURFACE_STYLE_FILL_AREA(#12552);
#12552 = FILL_AREA_STYLE('',(#12553));
#12553 = FILL_AREA_STYLE_COLOUR('',#11279);
#12554 = STYLED_ITEM('color',(#12555),#7884);
#12555 = PRESENTATION_STYLE_ASSIGNMENT((#12556));
#12556 = SURFACE_STYLE_USAGE(.BOTH.,#12557);
#12557 = SURFACE_SIDE_STYLE('',(#12558));
#12558 = SURFACE_STYLE_FILL_AREA(#12559);
#12559 = FILL_AREA_STYLE('',(#12560));
#12560 = FILL_AREA_STYLE_COLOUR('',#11279);
#12561 = STYLED_ITEM('color',(#12562),#7908);
#12562 = PRESENTATION_STYLE_ASSIGNMENT((#12563));
#12563 = SURFACE_STYLE_USAGE(.BOTH.,#12564);
#12564 = SURFACE_SIDE_STYLE('',(#12565));
#12565 = SURFACE_STYLE_FILL_AREA(#12566);
#12566 = FILL_AREA_STYLE('',(#12567));
#12567 = FILL_AREA_STYLE_COLOUR('',#11279);
#12568 = STYLED_ITEM('color',(#12569),#7932);
#12569 = PRESENTATION_STYLE_ASSIGNMENT((#12570));
#12570 = SURFACE_STYLE_USAGE(.BOTH.,#12571);
#12571 = SURFACE_SIDE_STYLE('',(#12572));
#12572 = SURFACE_STYLE_FILL_AREA(#12573);
#12573 = FILL_AREA_STYLE('',(#12574));
#12574 = FILL_AREA_STYLE_COLOUR('',#11279);
#12575 = STYLED_ITEM('color',(#12576),#7949);
#12576 = PRESENTATION_STYLE_ASSIGNMENT((#12577));
#12577 = SURFACE_STYLE_USAGE(.BOTH.,#12578);
#12578 = SURFACE_SIDE_STYLE('',(#12579));
#12579 = SURFACE_STYLE_FILL_AREA(#12580);
#12580 = FILL_AREA_STYLE('',(#12581));
#12581 = FILL_AREA_STYLE_COLOUR('',#11279);
#12582 = STYLED_ITEM('color',(#12583),#7980);
#12583 = PRESENTATION_STYLE_ASSIGNMENT((#12584));
#12584 = SURFACE_STYLE_USAGE(.BOTH.,#12585);
#12585 = SURFACE_SIDE_STYLE('',(#12586));
#12586 = SURFACE_STYLE_FILL_AREA(#12587);
#12587 = FILL_AREA_STYLE('',(#12588));
#12588 = FILL_AREA_STYLE_COLOUR('',#11279);
#12589 = STYLED_ITEM('color',(#12590),#8004);
#12590 = PRESENTATION_STYLE_ASSIGNMENT((#12591));
#12591 = SURFACE_STYLE_USAGE(.BOTH.,#12592);
#12592 = SURFACE_SIDE_STYLE('',(#12593));
#12593 = SURFACE_STYLE_FILL_AREA(#12594);
#12594 = FILL_AREA_STYLE('',(#12595));
#12595 = FILL_AREA_STYLE_COLOUR('',#11279);
#12596 = STYLED_ITEM('color',(#12597),#8028);
#12597 = PRESENTATION_STYLE_ASSIGNMENT((#12598));
#12598 = SURFACE_STYLE_USAGE(.BOTH.,#12599);
#12599 = SURFACE_SIDE_STYLE('',(#12600));
#12600 = SURFACE_STYLE_FILL_AREA(#12601);
#12601 = FILL_AREA_STYLE('',(#12602));
#12602 = FILL_AREA_STYLE_COLOUR('',#11279);
#12603 = STYLED_ITEM('color',(#12604),#8045);
#12604 = PRESENTATION_STYLE_ASSIGNMENT((#12605));
#12605 = SURFACE_STYLE_USAGE(.BOTH.,#12606);
#12606 = SURFACE_SIDE_STYLE('',(#12607));
#12607 = SURFACE_STYLE_FILL_AREA(#12608);
#12608 = FILL_AREA_STYLE('',(#12609));
#12609 = FILL_AREA_STYLE_COLOUR('',#11279);
#12610 = STYLED_ITEM('color',(#12611),#8076);
#12611 = PRESENTATION_STYLE_ASSIGNMENT((#12612));
#12612 = SURFACE_STYLE_USAGE(.BOTH.,#12613);
#12613 = SURFACE_SIDE_STYLE('',(#12614));
#12614 = SURFACE_STYLE_FILL_AREA(#12615);
#12615 = FILL_AREA_STYLE('',(#12616));
#12616 = FILL_AREA_STYLE_COLOUR('',#11279);
#12617 = STYLED_ITEM('color',(#12618),#8100);
#12618 = PRESENTATION_STYLE_ASSIGNMENT((#12619));
#12619 = SURFACE_STYLE_USAGE(.BOTH.,#12620);
#12620 = SURFACE_SIDE_STYLE('',(#12621));
#12621 = SURFACE_STYLE_FILL_AREA(#12622);
#12622 = FILL_AREA_STYLE('',(#12623));
#12623 = FILL_AREA_STYLE_COLOUR('',#11279);
#12624 = STYLED_ITEM('color',(#12625),#8124);
#12625 = PRESENTATION_STYLE_ASSIGNMENT((#12626));
#12626 = SURFACE_STYLE_USAGE(.BOTH.,#12627);
#12627 = SURFACE_SIDE_STYLE('',(#12628));
#12628 = SURFACE_STYLE_FILL_AREA(#12629);
#12629 = FILL_AREA_STYLE('',(#12630));
#12630 = FILL_AREA_STYLE_COLOUR('',#11279);
#12631 = STYLED_ITEM('color',(#12632),#8141);
#12632 = PRESENTATION_STYLE_ASSIGNMENT((#12633));
#12633 = SURFACE_STYLE_USAGE(.BOTH.,#12634);
#12634 = SURFACE_SIDE_STYLE('',(#12635));
#12635 = SURFACE_STYLE_FILL_AREA(#12636);
#12636 = FILL_AREA_STYLE('',(#12637));
#12637 = FILL_AREA_STYLE_COLOUR('',#11279);
#12638 = STYLED_ITEM('color',(#12639),#8172);
#12639 = PRESENTATION_STYLE_ASSIGNMENT((#12640));
#12640 = SURFACE_STYLE_USAGE(.BOTH.,#12641);
#12641 = SURFACE_SIDE_STYLE('',(#12642));
#12642 = SURFACE_STYLE_FILL_AREA(#12643);
#12643 = FILL_AREA_STYLE('',(#12644));
#12644 = FILL_AREA_STYLE_COLOUR('',#11279);
#12645 = STYLED_ITEM('color',(#12646),#8196);
#12646 = PRESENTATION_STYLE_ASSIGNMENT((#12647));
#12647 = SURFACE_STYLE_USAGE(.BOTH.,#12648);
#12648 = SURFACE_SIDE_STYLE('',(#12649));
#12649 = SURFACE_STYLE_FILL_AREA(#12650);
#12650 = FILL_AREA_STYLE('',(#12651));
#12651 = FILL_AREA_STYLE_COLOUR('',#11279);
#12652 = STYLED_ITEM('color',(#12653),#8220);
#12653 = PRESENTATION_STYLE_ASSIGNMENT((#12654));
#12654 = SURFACE_STYLE_USAGE(.BOTH.,#12655);
#12655 = SURFACE_SIDE_STYLE('',(#12656));
#12656 = SURFACE_STYLE_FILL_AREA(#12657);
#12657 = FILL_AREA_STYLE('',(#12658));
#12658 = FILL_AREA_STYLE_COLOUR('',#11279);
#12659 = STYLED_ITEM('color',(#12660),#8237);
#12660 = PRESENTATION_STYLE_ASSIGNMENT((#12661));
#12661 = SURFACE_STYLE_USAGE(.BOTH.,#12662);
#12662 = SURFACE_SIDE_STYLE('',(#12663));
#12663 = SURFACE_STYLE_FILL_AREA(#12664);
#12664 = FILL_AREA_STYLE('',(#12665));
#12665 = FILL_AREA_STYLE_COLOUR('',#11279);
#12666 = STYLED_ITEM('color',(#12667),#8268);
#12667 = PRESENTATION_STYLE_ASSIGNMENT((#12668));
#12668 = SURFACE_STYLE_USAGE(.BOTH.,#12669);
#12669 = SURFACE_SIDE_STYLE('',(#12670));
#12670 = SURFACE_STYLE_FILL_AREA(#12671);
#12671 = FILL_AREA_STYLE('',(#12672));
#12672 = FILL_AREA_STYLE_COLOUR('',#11279);
#12673 = STYLED_ITEM('color',(#12674),#8292);
#12674 = PRESENTATION_STYLE_ASSIGNMENT((#12675));
#12675 = SURFACE_STYLE_USAGE(.BOTH.,#12676);
#12676 = SURFACE_SIDE_STYLE('',(#12677));
#12677 = SURFACE_STYLE_FILL_AREA(#12678);
#12678 = FILL_AREA_STYLE('',(#12679));
#12679 = FILL_AREA_STYLE_COLOUR('',#11279);
#12680 = STYLED_ITEM('color',(#12681),#8316);
#12681 = PRESENTATION_STYLE_ASSIGNMENT((#12682));
#12682 = SURFACE_STYLE_USAGE(.BOTH.,#12683);
#12683 = SURFACE_SIDE_STYLE('',(#12684));
#12684 = SURFACE_STYLE_FILL_AREA(#12685);
#12685 = FILL_AREA_STYLE('',(#12686));
#12686 = FILL_AREA_STYLE_COLOUR('',#11279);
#12687 = STYLED_ITEM('color',(#12688),#8333);
#12688 = PRESENTATION_STYLE_ASSIGNMENT((#12689));
#12689 = SURFACE_STYLE_USAGE(.BOTH.,#12690);
#12690 = SURFACE_SIDE_STYLE('',(#12691));
#12691 = SURFACE_STYLE_FILL_AREA(#12692);
#12692 = FILL_AREA_STYLE('',(#12693));
#12693 = FILL_AREA_STYLE_COLOUR('',#11279);
#12694 = STYLED_ITEM('color',(#12695),#8345);
#12695 = PRESENTATION_STYLE_ASSIGNMENT((#12696));
#12696 = SURFACE_STYLE_USAGE(.BOTH.,#12697);
#12697 = SURFACE_SIDE_STYLE('',(#12698));
#12698 = SURFACE_STYLE_FILL_AREA(#12699);
#12699 = FILL_AREA_STYLE('',(#12700));
#12700 = FILL_AREA_STYLE_COLOUR('',#11279);
#12701 = STYLED_ITEM('color',(#12702),#8357);
#12702 = PRESENTATION_STYLE_ASSIGNMENT((#12703));
#12703 = SURFACE_STYLE_USAGE(.BOTH.,#12704);
#12704 = SURFACE_SIDE_STYLE('',(#12705));
#12705 = SURFACE_STYLE_FILL_AREA(#12706);
#12706 = FILL_AREA_STYLE('',(#12707));
#12707 = FILL_AREA_STYLE_COLOUR('',#11279);
#12708 = STYLED_ITEM('color',(#12709),#8369);
#12709 = PRESENTATION_STYLE_ASSIGNMENT((#12710));
#12710 = SURFACE_STYLE_USAGE(.BOTH.,#12711);
#12711 = SURFACE_SIDE_STYLE('',(#12712));
#12712 = SURFACE_STYLE_FILL_AREA(#12713);
#12713 = FILL_AREA_STYLE('',(#12714));
#12714 = FILL_AREA_STYLE_COLOUR('',#11279);
#12715 = STYLED_ITEM('color',(#12716),#8381);
#12716 = PRESENTATION_STYLE_ASSIGNMENT((#12717));
#12717 = SURFACE_STYLE_USAGE(.BOTH.,#12718);
#12718 = SURFACE_SIDE_STYLE('',(#12719));
#12719 = SURFACE_STYLE_FILL_AREA(#12720);
#12720 = FILL_AREA_STYLE('',(#12721));
#12721 = FILL_AREA_STYLE_COLOUR('',#11279);
#12722 = STYLED_ITEM('color',(#12723),#8393);
#12723 = PRESENTATION_STYLE_ASSIGNMENT((#12724));
#12724 = SURFACE_STYLE_USAGE(.BOTH.,#12725);
#12725 = SURFACE_SIDE_STYLE('',(#12726));
#12726 = SURFACE_STYLE_FILL_AREA(#12727);
#12727 = FILL_AREA_STYLE('',(#12728));
#12728 = FILL_AREA_STYLE_COLOUR('',#11279);
#12729 = STYLED_ITEM('color',(#12730),#8405);
#12730 = PRESENTATION_STYLE_ASSIGNMENT((#12731));
#12731 = SURFACE_STYLE_USAGE(.BOTH.,#12732);
#12732 = SURFACE_SIDE_STYLE('',(#12733));
#12733 = SURFACE_STYLE_FILL_AREA(#12734);
#12734 = FILL_AREA_STYLE('',(#12735));
#12735 = FILL_AREA_STYLE_COLOUR('',#11279);
#12736 = STYLED_ITEM('color',(#12737),#8417);
#12737 = PRESENTATION_STYLE_ASSIGNMENT((#12738));
#12738 = SURFACE_STYLE_USAGE(.BOTH.,#12739);
#12739 = SURFACE_SIDE_STYLE('',(#12740));
#12740 = SURFACE_STYLE_FILL_AREA(#12741);
#12741 = FILL_AREA_STYLE('',(#12742));
#12742 = FILL_AREA_STYLE_COLOUR('',#11279);
#12743 = STYLED_ITEM('color',(#12744),#8429);
#12744 = PRESENTATION_STYLE_ASSIGNMENT((#12745));
#12745 = SURFACE_STYLE_USAGE(.BOTH.,#12746);
#12746 = SURFACE_SIDE_STYLE('',(#12747));
#12747 = SURFACE_STYLE_FILL_AREA(#12748);
#12748 = FILL_AREA_STYLE('',(#12749));
#12749 = FILL_AREA_STYLE_COLOUR('',#11279);
#12750 = STYLED_ITEM('color',(#12751),#8441);
#12751 = PRESENTATION_STYLE_ASSIGNMENT((#12752));
#12752 = SURFACE_STYLE_USAGE(.BOTH.,#12753);
#12753 = SURFACE_SIDE_STYLE('',(#12754));
#12754 = SURFACE_STYLE_FILL_AREA(#12755);
#12755 = FILL_AREA_STYLE('',(#12756));
#12756 = FILL_AREA_STYLE_COLOUR('',#11279);
#12757 = STYLED_ITEM('color',(#12758),#8453);
#12758 = PRESENTATION_STYLE_ASSIGNMENT((#12759));
#12759 = SURFACE_STYLE_USAGE(.BOTH.,#12760);
#12760 = SURFACE_SIDE_STYLE('',(#12761));
#12761 = SURFACE_STYLE_FILL_AREA(#12762);
#12762 = FILL_AREA_STYLE('',(#12763));
#12763 = FILL_AREA_STYLE_COLOUR('',#11279);
#12764 = STYLED_ITEM('color',(#12765),#8465);
#12765 = PRESENTATION_STYLE_ASSIGNMENT((#12766));
#12766 = SURFACE_STYLE_USAGE(.BOTH.,#12767);
#12767 = SURFACE_SIDE_STYLE('',(#12768));
#12768 = SURFACE_STYLE_FILL_AREA(#12769);
#12769 = FILL_AREA_STYLE('',(#12770));
#12770 = FILL_AREA_STYLE_COLOUR('',#11279);
#12771 = STYLED_ITEM('color',(#12772),#8477);
#12772 = PRESENTATION_STYLE_ASSIGNMENT((#12773));
#12773 = SURFACE_STYLE_USAGE(.BOTH.,#12774);
#12774 = SURFACE_SIDE_STYLE('',(#12775));
#12775 = SURFACE_STYLE_FILL_AREA(#12776);
#12776 = FILL_AREA_STYLE('',(#12777));
#12777 = FILL_AREA_STYLE_COLOUR('',#11279);
#12778 = STYLED_ITEM('color',(#12779),#8489);
#12779 = PRESENTATION_STYLE_ASSIGNMENT((#12780));
#12780 = SURFACE_STYLE_USAGE(.BOTH.,#12781);
#12781 = SURFACE_SIDE_STYLE('',(#12782));
#12782 = SURFACE_STYLE_FILL_AREA(#12783);
#12783 = FILL_AREA_STYLE('',(#12784));
#12784 = FILL_AREA_STYLE_COLOUR('',#11279);
#12785 = STYLED_ITEM('color',(#12786),#8501);
#12786 = PRESENTATION_STYLE_ASSIGNMENT((#12787));
#12787 = SURFACE_STYLE_USAGE(.BOTH.,#12788);
#12788 = SURFACE_SIDE_STYLE('',(#12789));
#12789 = SURFACE_STYLE_FILL_AREA(#12790);
#12790 = FILL_AREA_STYLE('',(#12791));
#12791 = FILL_AREA_STYLE_COLOUR('',#11279);
#12792 = STYLED_ITEM('color',(#12793),#8513);
#12793 = PRESENTATION_STYLE_ASSIGNMENT((#12794));
#12794 = SURFACE_STYLE_USAGE(.BOTH.,#12795);
#12795 = SURFACE_SIDE_STYLE('',(#12796));
#12796 = SURFACE_STYLE_FILL_AREA(#12797);
#12797 = FILL_AREA_STYLE('',(#12798));
#12798 = FILL_AREA_STYLE_COLOUR('',#11279);
#12799 = STYLED_ITEM('color',(#12800),#8525);
#12800 = PRESENTATION_STYLE_ASSIGNMENT((#12801));
#12801 = SURFACE_STYLE_USAGE(.BOTH.,#12802);
#12802 = SURFACE_SIDE_STYLE('',(#12803));
#12803 = SURFACE_STYLE_FILL_AREA(#12804);
#12804 = FILL_AREA_STYLE('',(#12805));
#12805 = FILL_AREA_STYLE_COLOUR('',#11279);
#12806 = STYLED_ITEM('color',(#12807),#8537);
#12807 = PRESENTATION_STYLE_ASSIGNMENT((#12808));
#12808 = SURFACE_STYLE_USAGE(.BOTH.,#12809);
#12809 = SURFACE_SIDE_STYLE('',(#12810));
#12810 = SURFACE_STYLE_FILL_AREA(#12811);
#12811 = FILL_AREA_STYLE('',(#12812));
#12812 = FILL_AREA_STYLE_COLOUR('',#11279);
#12813 = STYLED_ITEM('color',(#12814),#8549);
#12814 = PRESENTATION_STYLE_ASSIGNMENT((#12815));
#12815 = SURFACE_STYLE_USAGE(.BOTH.,#12816);
#12816 = SURFACE_SIDE_STYLE('',(#12817));
#12817 = SURFACE_STYLE_FILL_AREA(#12818);
#12818 = FILL_AREA_STYLE('',(#12819));
#12819 = FILL_AREA_STYLE_COLOUR('',#11279);
#12820 = STYLED_ITEM('color',(#12821),#8561);
#12821 = PRESENTATION_STYLE_ASSIGNMENT((#12822));
#12822 = SURFACE_STYLE_USAGE(.BOTH.,#12823);
#12823 = SURFACE_SIDE_STYLE('',(#12824));
#12824 = SURFACE_STYLE_FILL_AREA(#12825);
#12825 = FILL_AREA_STYLE('',(#12826));
#12826 = FILL_AREA_STYLE_COLOUR('',#11279);
#12827 = MECHANICAL_DESIGN_GEOMETRIC_PRESENTATION_REPRESENTATION('',(
    #12828,#12836,#12843,#12850,#12857,#12864,#12871,#12879,#12886,
    #12893,#12900,#12907,#12914,#12921,#12928,#12935),#9051);
#12828 = STYLED_ITEM('color',(#12829),#8594);
#12829 = PRESENTATION_STYLE_ASSIGNMENT((#12830));
#12830 = SURFACE_STYLE_USAGE(.BOTH.,#12831);
#12831 = SURFACE_SIDE_STYLE('',(#12832));
#12832 = SURFACE_STYLE_FILL_AREA(#12833);
#12833 = FILL_AREA_STYLE('',(#12834));
#12834 = FILL_AREA_STYLE_COLOUR('',#12835);
#12835 = COLOUR_RGB('',0.699999984889,9.999999991362E-02,
  5.000000142576E-02);
#12836 = STYLED_ITEM('color',(#12837),#8621);
#12837 = PRESENTATION_STYLE_ASSIGNMENT((#12838));
#12838 = SURFACE_STYLE_USAGE(.BOTH.,#12839);
#12839 = SURFACE_SIDE_STYLE('',(#12840));
#12840 = SURFACE_STYLE_FILL_AREA(#12841);
#12841 = FILL_AREA_STYLE('',(#12842));
#12842 = FILL_AREA_STYLE_COLOUR('',#12835);
#12843 = STYLED_ITEM('color',(#12844),#8664);
#12844 = PRESENTATION_STYLE_ASSIGNMENT((#12845));
#12845 = SURFACE_STYLE_USAGE(.BOTH.,#12846);
#12846 = SURFACE_SIDE_STYLE('',(#12847));
#12847 = SURFACE_STYLE_FILL_AREA(#12848);
#12848 = FILL_AREA_STYLE('',(#12849));
#12849 = FILL_AREA_STYLE_COLOUR('',#12835);
#12850 = STYLED_ITEM('color',(#12851),#8706);
#12851 = PRESENTATION_STYLE_ASSIGNMENT((#12852));
#12852 = SURFACE_STYLE_USAGE(.BOTH.,#12853);
#12853 = SURFACE_SIDE_STYLE('',(#12854));
#12854 = SURFACE_STYLE_FILL_AREA(#12855);
#12855 = FILL_AREA_STYLE('',(#12856));
#12856 = FILL_AREA_STYLE_COLOUR('',#12835);
#12857 = STYLED_ITEM('color',(#12858),#8738);
#12858 = PRESENTATION_STYLE_ASSIGNMENT((#12859));
#12859 = SURFACE_STYLE_USAGE(.BOTH.,#12860);
#12860 = SURFACE_SIDE_STYLE('',(#12861));
#12861 = SURFACE_STYLE_FILL_AREA(#12862);
#12862 = FILL_AREA_STYLE('',(#12863));
#12863 = FILL_AREA_STYLE_COLOUR('',#12835);
#12864 = STYLED_ITEM('color',(#12865),#8757);
#12865 = PRESENTATION_STYLE_ASSIGNMENT((#12866));
#12866 = SURFACE_STYLE_USAGE(.BOTH.,#12867);
#12867 = SURFACE_SIDE_STYLE('',(#12868));
#12868 = SURFACE_STYLE_FILL_AREA(#12869);
#12869 = FILL_AREA_STYLE('',(#12870));
#12870 = FILL_AREA_STYLE_COLOUR('',#12835);
#12871 = STYLED_ITEM('color',(#12872),#8835);
#12872 = PRESENTATION_STYLE_ASSIGNMENT((#12873));
#12873 = SURFACE_STYLE_USAGE(.BOTH.,#12874);
#12874 = SURFACE_SIDE_STYLE('',(#12875));
#12875 = SURFACE_STYLE_FILL_AREA(#12876);
#12876 = FILL_AREA_STYLE('',(#12877));
#12877 = FILL_AREA_STYLE_COLOUR('',#12878);
#12878 = COLOUR_RGB('',0.823999987314,0.819999987296,0.781000009244);
#12879 = STYLED_ITEM('color',(#12880),#8866);
#12880 = PRESENTATION_STYLE_ASSIGNMENT((#12881));
#12881 = SURFACE_STYLE_USAGE(.BOTH.,#12882);
#12882 = SURFACE_SIDE_STYLE('',(#12883));
#12883 = SURFACE_STYLE_FILL_AREA(#12884);
#12884 = FILL_AREA_STYLE('',(#12885));
#12885 = FILL_AREA_STYLE_COLOUR('',#12878);
#12886 = STYLED_ITEM('color',(#12887),#8890);
#12887 = PRESENTATION_STYLE_ASSIGNMENT((#12888));
#12888 = SURFACE_STYLE_USAGE(.BOTH.,#12889);
#12889 = SURFACE_SIDE_STYLE('',(#12890));
#12890 = SURFACE_STYLE_FILL_AREA(#12891);
#12891 = FILL_AREA_STYLE('',(#12892));
#12892 = FILL_AREA_STYLE_COLOUR('',#12878);
#12893 = STYLED_ITEM('color',(#12894),#8914);
#12894 = PRESENTATION_STYLE_ASSIGNMENT((#12895));
#12895 = SURFACE_STYLE_USAGE(.BOTH.,#12896);
#12896 = SURFACE_SIDE_STYLE('',(#12897));
#12897 = SURFACE_STYLE_FILL_AREA(#12898);
#12898 = FILL_AREA_STYLE('',(#12899));
#12899 = FILL_AREA_STYLE_COLOUR('',#12878);
#12900 = STYLED_ITEM('color',(#12901),#8931);
#12901 = PRESENTATION_STYLE_ASSIGNMENT((#12902));
#12902 = SURFACE_STYLE_USAGE(.BOTH.,#12903);
#12903 = SURFACE_SIDE_STYLE('',(#12904));
#12904 = SURFACE_STYLE_FILL_AREA(#12905);
#12905 = FILL_AREA_STYLE('',(#12906));
#12906 = FILL_AREA_STYLE_COLOUR('',#12878);
#12907 = STYLED_ITEM('color',(#12908),#8962);
#12908 = PRESENTATION_STYLE_ASSIGNMENT((#12909));
#12909 = SURFACE_STYLE_USAGE(.BOTH.,#12910);
#12910 = SURFACE_SIDE_STYLE('',(#12911));
#12911 = SURFACE_STYLE_FILL_AREA(#12912);
#12912 = FILL_AREA_STYLE('',(#12913));
#12913 = FILL_AREA_STYLE_COLOUR('',#12878);
#12914 = STYLED_ITEM('color',(#12915),#8986);
#12915 = PRESENTATION_STYLE_ASSIGNMENT((#12916));
#12916 = SURFACE_STYLE_USAGE(.BOTH.,#12917);
#12917 = SURFACE_SIDE_STYLE('',(#12918));
#12918 = SURFACE_STYLE_FILL_AREA(#12919);
#12919 = FILL_AREA_STYLE('',(#12920));
#12920 = FILL_AREA_STYLE_COLOUR('',#12878);
#12921 = STYLED_ITEM('color',(#12922),#9010);
#12922 = PRESENTATION_STYLE_ASSIGNMENT((#12923));
#12923 = SURFACE_STYLE_USAGE(.BOTH.,#12924);
#12924 = SURFACE_SIDE_STYLE('',(#12925));
#12925 = SURFACE_STYLE_FILL_AREA(#12926);
#12926 = FILL_AREA_STYLE('',(#12927));
#12927 = FILL_AREA_STYLE_COLOUR('',#12878);
#12928 = STYLED_ITEM('color',(#12929),#9027);
#12929 = PRESENTATION_STYLE_ASSIGNMENT((#12930));
#12930 = SURFACE_STYLE_USAGE(.BOTH.,#12931);
#12931 = SURFACE_SIDE_STYLE('',(#12932));
#12932 = SURFACE_STYLE_FILL_AREA(#12933);
#12933 = FILL_AREA_STYLE('',(#12934));
#12934 = FILL_AREA_STYLE_COLOUR('',#12878);
#12935 = STYLED_ITEM('color',(#12936),#9039);
#12936 = PRESENTATION_STYLE_ASSIGNMENT((#12937));
#12937 = SURFACE_STYLE_USAGE(.BOTH.,#12938);
#12938 = SURFACE_SIDE_STYLE('',(#12939));
#12939 = SURFACE_STYLE_FILL_AREA(#12940);
#12940 = FILL_AREA_STYLE('',(#12941));
#12941 = FILL_AREA_STYLE_COLOUR('',#12878);
#12942 = MECHANICAL_DESIGN_GEOMETRIC_PRESENTATION_REPRESENTATION('',(
    #12943),#10839);
#12943 = STYLED_ITEM('color',(#12944),#9075);
#12944 = PRESENTATION_STYLE_ASSIGNMENT((#12945));
#12945 = SURFACE_STYLE_USAGE(.BOTH.,#12946);
#12946 = SURFACE_SIDE_STYLE('',(#12947));
#12947 = SURFACE_STYLE_FILL_AREA(#12948);
#12948 = FILL_AREA_STYLE('',(#12949));
#12949 = FILL_AREA_STYLE_COLOUR('',#12950);
#12950 = COLOUR_RGB('',0.313304153717,0.484529207832,0.410020903123);
#12951 = MECHANICAL_DESIGN_GEOMETRIC_PRESENTATION_REPRESENTATION('',(
    #12952,#12960,#12967,#12974,#12981,#12988,#12995,#13002,#13009,
    #13016,#13023,#13030,#13037,#13044,#13051,#13058,#13065),#436);
#12952 = STYLED_ITEM('color',(#12953),#51);
#12953 = PRESENTATION_STYLE_ASSIGNMENT((#12954));
#12954 = SURFACE_STYLE_USAGE(.BOTH.,#12955);
#12955 = SURFACE_SIDE_STYLE('',(#12956));
#12956 = SURFACE_STYLE_FILL_AREA(#12957);
#12957 = FILL_AREA_STYLE('',(#12958));
#12958 = FILL_AREA_STYLE_COLOUR('',#12959);
#12959 = COLOUR_RGB('',0.883000012551,0.711000022565,0.492000011028);
#12960 = STYLED_ITEM('color',(#12961),#84);
#12961 = PRESENTATION_STYLE_ASSIGNMENT((#12962));
#12962 = SURFACE_STYLE_USAGE(.BOTH.,#12963);
#12963 = SURFACE_SIDE_STYLE('',(#12964));
#12964 = SURFACE_STYLE_FILL_AREA(#12965);
#12965 = FILL_AREA_STYLE('',(#12966));
#12966 = FILL_AREA_STYLE_COLOUR('',#12959);
#12967 = STYLED_ITEM('color',(#12968),#110);
#12968 = PRESENTATION_STYLE_ASSIGNMENT((#12969));
#12969 = SURFACE_STYLE_USAGE(.BOTH.,#12970);
#12970 = SURFACE_SIDE_STYLE('',(#12971));
#12971 = SURFACE_STYLE_FILL_AREA(#12972);
#12972 = FILL_AREA_STYLE('',(#12973));
#12973 = FILL_AREA_STYLE_COLOUR('',#12959);
#12974 = STYLED_ITEM('color',(#12975),#130);
#12975 = PRESENTATION_STYLE_ASSIGNMENT((#12976));
#12976 = SURFACE_STYLE_USAGE(.BOTH.,#12977);
#12977 = SURFACE_SIDE_STYLE('',(#12978));
#12978 = SURFACE_STYLE_FILL_AREA(#12979);
#12979 = FILL_AREA_STYLE('',(#12980));
#12980 = FILL_AREA_STYLE_COLOUR('',#12959);
#12981 = STYLED_ITEM('color',(#12982),#150);
#12982 = PRESENTATION_STYLE_ASSIGNMENT((#12983));
#12983 = SURFACE_STYLE_USAGE(.BOTH.,#12984);
#12984 = SURFACE_SIDE_STYLE('',(#12985));
#12985 = SURFACE_STYLE_FILL_AREA(#12986);
#12986 = FILL_AREA_STYLE('',(#12987));
#12987 = FILL_AREA_STYLE_COLOUR('',#12959);
#12988 = STYLED_ITEM('color',(#12989),#175);
#12989 = PRESENTATION_STYLE_ASSIGNMENT((#12990));
#12990 = SURFACE_STYLE_USAGE(.BOTH.,#12991);
#12991 = SURFACE_SIDE_STYLE('',(#12992));
#12992 = SURFACE_STYLE_FILL_AREA(#12993);
#12993 = FILL_AREA_STYLE('',(#12994));
#12994 = FILL_AREA_STYLE_COLOUR('',#12878);
#12995 = STYLED_ITEM('color',(#12996),#200);
#12996 = PRESENTATION_STYLE_ASSIGNMENT((#12997));
#12997 = SURFACE_STYLE_USAGE(.BOTH.,#12998);
#12998 = SURFACE_SIDE_STYLE('',(#12999));
#12999 = SURFACE_STYLE_FILL_AREA(#13000);
#13000 = FILL_AREA_STYLE('',(#13001));
#13001 = FILL_AREA_STYLE_COLOUR('',#12959);
#13002 = STYLED_ITEM('color',(#13003),#220);
#13003 = PRESENTATION_STYLE_ASSIGNMENT((#13004));
#13004 = SURFACE_STYLE_USAGE(.BOTH.,#13005);
#13005 = SURFACE_SIDE_STYLE('',(#13006));
#13006 = SURFACE_STYLE_FILL_AREA(#13007);
#13007 = FILL_AREA_STYLE('',(#13008));
#13008 = FILL_AREA_STYLE_COLOUR('',#12878);
#13009 = STYLED_ITEM('color',(#13010),#229);
#13010 = PRESENTATION_STYLE_ASSIGNMENT((#13011));
#13011 = SURFACE_STYLE_USAGE(.BOTH.,#13012);
#13012 = SURFACE_SIDE_STYLE('',(#13013));
#13013 = SURFACE_STYLE_FILL_AREA(#13014);
#13014 = FILL_AREA_STYLE('',(#13015));
#13015 = FILL_AREA_STYLE_COLOUR('',#12959);
#13016 = STYLED_ITEM('color',(#13017),#254);
#13017 = PRESENTATION_STYLE_ASSIGNMENT((#13018));
#13018 = SURFACE_STYLE_USAGE(.BOTH.,#13019);
#13019 = SURFACE_SIDE_STYLE('',(#13020));
#13020 = SURFACE_STYLE_FILL_AREA(#13021);
#13021 = FILL_AREA_STYLE('',(#13022));
#13022 = FILL_AREA_STYLE_COLOUR('',#12959);
#13023 = STYLED_ITEM('color',(#13024),#280);
#13024 = PRESENTATION_STYLE_ASSIGNMENT((#13025));
#13025 = SURFACE_STYLE_USAGE(.BOTH.,#13026);
#13026 = SURFACE_SIDE_STYLE('',(#13027));
#13027 = SURFACE_STYLE_FILL_AREA(#13028);
#13028 = FILL_AREA_STYLE('',(#13029));
#13029 = FILL_AREA_STYLE_COLOUR('',#12959);
#13030 = STYLED_ITEM('color',(#13031),#300);
#13031 = PRESENTATION_STYLE_ASSIGNMENT((#13032));
#13032 = SURFACE_STYLE_USAGE(.BOTH.,#13033);
#13033 = SURFACE_SIDE_STYLE('',(#13034));
#13034 = SURFACE_STYLE_FILL_AREA(#13035);
#13035 = FILL_AREA_STYLE('',(#13036));
#13036 = FILL_AREA_STYLE_COLOUR('',#12878);
#13037 = STYLED_ITEM('color',(#13038),#325);
#13038 = PRESENTATION_STYLE_ASSIGNMENT((#13039));
#13039 = SURFACE_STYLE_USAGE(.BOTH.,#13040);
#13040 = SURFACE_SIDE_STYLE('',(#13041));
#13041 = SURFACE_STYLE_FILL_AREA(#13042);
#13042 = FILL_AREA_STYLE('',(#13043));
#13043 = FILL_AREA_STYLE_COLOUR('',#12878);
#13044 = STYLED_ITEM('color',(#13045),#351);
#13045 = PRESENTATION_STYLE_ASSIGNMENT((#13046));
#13046 = SURFACE_STYLE_USAGE(.BOTH.,#13047);
#13047 = SURFACE_SIDE_STYLE('',(#13048));
#13048 = SURFACE_STYLE_FILL_AREA(#13049);
#13049 = FILL_AREA_STYLE('',(#13050));
#13050 = FILL_AREA_STYLE_COLOUR('',#12878);
#13051 = STYLED_ITEM('color',(#13052),#376);
#13052 = PRESENTATION_STYLE_ASSIGNMENT((#13053));
#13053 = SURFACE_STYLE_USAGE(.BOTH.,#13054);
#13054 = SURFACE_SIDE_STYLE('',(#13055));
#13055 = SURFACE_STYLE_FILL_AREA(#13056);
#13056 = FILL_AREA_STYLE('',(#13057));
#13057 = FILL_AREA_STYLE_COLOUR('',#12878);
#13058 = STYLED_ITEM('color',(#13059),#402);
#13059 = PRESENTATION_STYLE_ASSIGNMENT((#13060));
#13060 = SURFACE_STYLE_USAGE(.BOTH.,#13061);
#13061 = SURFACE_SIDE_STYLE('',(#13062));
#13062 = SURFACE_STYLE_FILL_AREA(#13063);
#13063 = FILL_AREA_STYLE('',(#13064));
#13064 = FILL_AREA_STYLE_COLOUR('',#12878);
#13065 = STYLED_ITEM('color',(#13066),#427);
#13066 = PRESENTATION_STYLE_ASSIGNMENT((#13067));
#13067 = SURFACE_STYLE_USAGE(.BOTH.,#13068);
#13068 = SURFACE_SIDE_STYLE('',(#13069));
#13069 = SURFACE_STYLE_FILL_AREA(#13070);
#13070 = FILL_AREA_STYLE('',(#13071));
#13071 = FILL_AREA_STYLE_COLOUR('',#12878);
ENDSEC;
END-ISO-10303-21;
